,price_pln_mwh
2025-01-01 00:00:00,65.85
2025-01-01 01:00:00,9.36
2025-01-01 02:00:00,9.32
2025-01-01 03:00:00,7.22
2025-01-01 04:00:00,0.38
2025-01-01 05:00:00,4.96
2025-01-01 06:00:00,0.17
2025-01-01 07:00:00,0.34
2025-01-01 08:00:00,-21.11
2025-01-01 09:00:00,-214.76
2025-01-01 10:00:00,-311.89
2025-01-01 11:00:00,-254.54
2025-01-01 12:00:00,-206.21
2025-01-01 13:00:00,-21.11
2025-01-01 14:00:00,0.56
2025-01-01 15:00:00,99.35
2025-01-01 16:00:00,193.1
2025-01-01 17:00:00,200.96
2025-01-01 18:00:00,178.44
2025-01-01 19:00:00,168.27
2025-01-01 20:00:00,147.97
2025-01-01 21:00:00,59.05
2025-01-01 22:00:00,41.49
2025-01-01 23:00:00,0.17
2025-01-02 00:00:00,-64.61
2025-01-02 01:00:00,-36.02
2025-01-02 02:00:00,-89.9
2025-01-02 03:00:00,-45.12
2025-01-02 04:00:00,-45.64
2025-01-02 05:00:00,0.21
2025-01-02 06:00:00,171.26
2025-01-02 07:00:00,400.51
2025-01-02 08:00:00,459.82
2025-01-02 09:00:00,491.1
2025-01-02 10:00:00,511.86
2025-01-02 11:00:00,472.04
2025-01-02 12:00:00,414.27
2025-01-02 13:00:00,461.57
2025-01-02 14:00:00,485.2
2025-01-02 15:00:00,555.96
2025-01-02 16:00:00,582.97
2025-01-02 17:00:00,649.45
2025-01-02 18:00:00,652.06
2025-01-02 19:00:00,594.2
2025-01-02 20:00:00,550.11
2025-01-02 21:00:00,431.19
2025-01-02 22:00:00,432.73
2025-01-02 23:00:00,319.58
2025-01-03 00:00:00,380.3
2025-01-03 01:00:00,294.28
2025-01-03 02:00:00,311.78
2025-01-03 03:00:00,316.9
2025-01-03 04:00:00,227.34
2025-01-03 05:00:00,290.14
2025-01-03 06:00:00,416.14
2025-01-03 07:00:00,387.43
2025-01-03 08:00:00,426.25
2025-01-03 09:00:00,429.88
2025-01-03 10:00:00,353.8
2025-01-03 11:00:00,315.44
2025-01-03 12:00:00,380.51
2025-01-03 13:00:00,396.77
2025-01-03 14:00:00,401.16
2025-01-03 15:00:00,380.09
2025-01-03 16:00:00,429.2
2025-01-03 17:00:00,451.98
2025-01-03 18:00:00,465.04
2025-01-03 19:00:00,462.69
2025-01-03 20:00:00,376.29
2025-01-03 21:00:00,377.61
2025-01-03 22:00:00,380.09
2025-01-03 23:00:00,294.2
2025-01-04 00:00:00,244.99
2025-01-04 01:00:00,271.09
2025-01-04 02:00:00,251.35
2025-01-04 03:00:00,295.69
2025-01-04 04:00:00,353.02
2025-01-04 05:00:00,392.71
2025-01-04 06:00:00,452.64
2025-01-04 07:00:00,510.27
2025-01-04 08:00:00,548.46
2025-01-04 09:00:00,558.54
2025-01-04 10:00:00,556.79
2025-01-04 11:00:00,548.03
2025-01-04 12:00:00,555.46
2025-01-04 13:00:00,554.69
2025-01-04 14:00:00,586.77
2025-01-04 15:00:00,700.23
2025-01-04 16:00:00,613.3
2025-01-04 17:00:00,635.43
2025-01-04 18:00:00,603.73
2025-01-04 19:00:00,576.95
2025-01-04 20:00:00,546.11
2025-01-04 21:00:00,517.66
2025-01-04 22:00:00,498.78
2025-01-04 23:00:00,465.16
2025-01-05 00:00:00,484.81
2025-01-05 01:00:00,426.67
2025-01-05 02:00:00,402.02
2025-01-05 03:00:00,400.91
2025-01-05 04:00:00,385.23
2025-01-05 05:00:00,362.33
2025-01-05 06:00:00,366.01
2025-01-05 07:00:00,379.34
2025-01-05 08:00:00,422.35
2025-01-05 09:00:00,452.73
2025-01-05 10:00:00,452.81
2025-01-05 11:00:00,436.07
2025-01-05 12:00:00,447.3
2025-01-05 13:00:00,425.21
2025-01-05 14:00:00,492.15
2025-01-05 15:00:00,491.3
2025-01-05 16:00:00,471.01
2025-01-05 17:00:00,413.08
2025-01-05 18:00:00,413.64
2025-01-05 19:00:00,443.54
2025-01-05 20:00:00,379.34
2025-01-05 21:00:00,367.84
2025-01-05 22:00:00,307.48
2025-01-05 23:00:00,211.07
2025-01-06 00:00:00,182.62
2025-01-06 01:00:00,188.77
2025-01-06 02:00:00,146.57
2025-01-06 03:00:00,120.46
2025-01-06 04:00:00,132.6
2025-01-06 05:00:00,175.02
2025-01-06 06:00:00,240.16
2025-01-06 07:00:00,290.61
2025-01-06 08:00:00,339.48
2025-01-06 09:00:00,282.67
2025-01-06 10:00:00,243.28
2025-01-06 11:00:00,216.75
2025-01-06 12:00:00,215.3
2025-01-06 13:00:00,300.09
2025-01-06 14:00:00,360.24
2025-01-06 15:00:00,379.55
2025-01-06 16:00:00,381.26
2025-01-06 17:00:00,347.3
2025-01-06 18:00:00,332.09
2025-01-06 19:00:00,311.46
2025-01-06 20:00:00,305.43
2025-01-06 21:00:00,235.55
2025-01-06 22:00:00,228.28
2025-01-06 23:00:00,141.1
2025-01-07 00:00:00,103.68
2025-01-07 01:00:00,111.54
2025-01-07 02:00:00,111.58
2025-01-07 03:00:00,36.99
2025-01-07 04:00:00,117.86
2025-01-07 05:00:00,182.62
2025-01-07 06:00:00,423.93
2025-01-07 07:00:00,437.99
2025-01-07 08:00:00,497.66
2025-01-07 09:00:00,510.18
2025-01-07 10:00:00,435.42
2025-01-07 11:00:00,417.87
2025-01-07 12:00:00,420.39
2025-01-07 13:00:00,477.16
2025-01-07 14:00:00,484.59
2025-01-07 15:00:00,515.05
2025-01-07 16:00:00,557.85
2025-01-07 17:00:00,469.0
2025-01-07 18:00:00,483.95
2025-01-07 19:00:00,452.26
2025-01-07 20:00:00,399.37
2025-01-07 21:00:00,354.05
2025-01-07 22:00:00,338.45
2025-01-07 23:00:00,214.62
2025-01-08 00:00:00,305.34
2025-01-08 01:00:00,279.71
2025-01-08 02:00:00,238.0
2025-01-08 03:00:00,225.71
2025-01-08 04:00:00,227.41
2025-01-08 05:00:00,336.63
2025-01-08 06:00:00,444.79
2025-01-08 07:00:00,493.9
2025-01-08 08:00:00,554.35
2025-01-08 09:00:00,461.88
2025-01-08 10:00:00,408.06
2025-01-08 11:00:00,412.69
2025-01-08 12:00:00,391.35
2025-01-08 13:00:00,456.36
2025-01-08 14:00:00,504.02
2025-01-08 15:00:00,577.57
2025-01-08 16:00:00,617.02
2025-01-08 17:00:00,657.15
2025-01-08 18:00:00,632.96
2025-01-08 19:00:00,630.84
2025-01-08 20:00:00,581.18
2025-01-08 21:00:00,540.96
2025-01-08 22:00:00,493.34
2025-01-08 23:00:00,443.86
2025-01-09 00:00:00,440.76
2025-01-09 01:00:00,436.8
2025-01-09 02:00:00,429.76
2025-01-09 03:00:00,418.54
2025-01-09 04:00:00,434.2
2025-01-09 05:00:00,450.49
2025-01-09 06:00:00,556.4
2025-01-09 07:00:00,629.77
2025-01-09 08:00:00,692.18
2025-01-09 09:00:00,656.69
2025-01-09 10:00:00,621.07
2025-01-09 11:00:00,589.59
2025-01-09 12:00:00,541.01
2025-01-09 13:00:00,543.91
2025-01-09 14:00:00,574.66
2025-01-09 15:00:00,574.66
2025-01-09 16:00:00,632.08
2025-01-09 17:00:00,553.16
2025-01-09 18:00:00,569.16
2025-01-09 19:00:00,524.67
2025-01-09 20:00:00,494.98
2025-01-09 21:00:00,435.43
2025-01-09 22:00:00,428.31
2025-01-09 23:00:00,379.0
2025-01-10 00:00:00,341.32
2025-01-10 01:00:00,341.24
2025-01-10 02:00:00,235.15
2025-01-10 03:00:00,217.99
2025-01-10 04:00:00,283.21
2025-01-10 05:00:00,321.34
2025-01-10 06:00:00,406.03
2025-01-10 07:00:00,504.8
2025-01-10 08:00:00,594.49
2025-01-10 09:00:00,583.11
2025-01-10 10:00:00,528.81
2025-01-10 11:00:00,486.1
2025-01-10 12:00:00,459.74
2025-01-10 13:00:00,449.38
2025-01-10 14:00:00,470.78
2025-01-10 15:00:00,550.72
2025-01-10 16:00:00,571.43
2025-01-10 17:00:00,608.36
2025-01-10 18:00:00,615.46
2025-01-10 19:00:00,601.85
2025-01-10 20:00:00,576.78
2025-01-10 21:00:00,524.27
2025-01-10 22:00:00,510.75
2025-01-10 23:00:00,453.19
2025-01-11 00:00:00,437.53
2025-01-11 01:00:00,414.75
2025-01-11 02:00:00,398.5
2025-01-11 03:00:00,344.33
2025-01-11 04:00:00,342.02
2025-01-11 05:00:00,330.63
2025-01-11 06:00:00,318.61
2025-01-11 07:00:00,369.92
2025-01-11 08:00:00,448.37
2025-01-11 09:00:00,444.83
2025-01-11 10:00:00,437.53
2025-01-11 11:00:00,425.16
2025-01-11 12:00:00,412.83
2025-01-11 13:00:00,397.35
2025-01-11 14:00:00,412.88
2025-01-11 15:00:00,447.26
2025-01-11 16:00:00,469.7
2025-01-11 17:00:00,489.96
2025-01-11 18:00:00,488.34
2025-01-11 19:00:00,485.99
2025-01-11 20:00:00,458.65
2025-01-11 21:00:00,448.88
2025-01-11 22:00:00,443.89
2025-01-11 23:00:00,447.05
2025-01-12 00:00:00,368.34
2025-01-12 01:00:00,363.91
2025-01-12 02:00:00,356.1
2025-01-12 03:00:00,352.65
2025-01-12 04:00:00,362.58
2025-01-12 05:00:00,347.91
2025-01-12 06:00:00,362.67
2025-01-12 07:00:00,434.03
2025-01-12 08:00:00,466.5
2025-01-12 09:00:00,512.18
2025-01-12 10:00:00,502.37
2025-01-12 11:00:00,450.5
2025-01-12 12:00:00,439.32
2025-01-12 13:00:00,424.91
2025-01-12 14:00:00,447.98
2025-01-12 15:00:00,508.94
2025-01-12 16:00:00,571.09
2025-01-12 17:00:00,604.41
2025-01-12 18:00:00,625.61
2025-01-12 19:00:00,613.71
2025-01-12 20:00:00,577.11
2025-01-12 21:00:00,544.35
2025-01-12 22:00:00,517.56
2025-01-12 23:00:00,490.13
2025-01-13 00:00:00,479.42
2025-01-13 01:00:00,448.2
2025-01-13 02:00:00,445.6
2025-01-13 03:00:00,428.15
2025-01-13 04:00:00,426.57
2025-01-13 05:00:00,469.82
2025-01-13 06:00:00,598.44
2025-01-13 07:00:00,774.82
2025-01-13 08:00:00,948.78
2025-01-13 09:00:00,746.97
2025-01-13 10:00:00,607.05
2025-01-13 11:00:00,554.63
2025-01-13 12:00:00,556.93
2025-01-13 13:00:00,608.37
2025-01-13 14:00:00,630.51
2025-01-13 15:00:00,645.06
2025-01-13 16:00:00,595.02
2025-01-13 17:00:00,632.09
2025-01-13 18:00:00,636.27
2025-01-13 19:00:00,600.65
2025-01-13 20:00:00,522.42
2025-01-13 21:00:00,503.35
2025-01-13 22:00:00,487.01
2025-01-13 23:00:00,442.65
2025-01-14 00:00:00,461.54
2025-01-14 01:00:00,449.23
2025-01-14 02:00:00,430.14
2025-01-14 03:00:00,424.93
2025-01-14 04:00:00,439.79
2025-01-14 05:00:00,460.38
2025-01-14 06:00:00,524.2
2025-01-14 07:00:00,674.17
2025-01-14 08:00:00,786.6
2025-01-14 09:00:00,648.93
2025-01-14 10:00:00,527.06
2025-01-14 11:00:00,499.68
2025-01-14 12:00:00,476.19
2025-01-14 13:00:00,499.94
2025-01-14 14:00:00,505.4
2025-01-14 15:00:00,533.34
2025-01-14 16:00:00,582.08
2025-01-14 17:00:00,674.0
2025-01-14 18:00:00,702.66
2025-01-14 19:00:00,668.02
2025-01-14 20:00:00,535.82
2025-01-14 21:00:00,471.57
2025-01-14 22:00:00,481.06
2025-01-14 23:00:00,477.04
2025-01-15 00:00:00,463.65
2025-01-15 01:00:00,450.66
2025-01-15 02:00:00,462.37
2025-01-15 03:00:00,457.41
2025-01-15 04:00:00,462.07
2025-01-15 05:00:00,484.72
2025-01-15 06:00:00,544.26
2025-01-15 07:00:00,736.49
2025-01-15 08:00:00,1028.42
2025-01-15 09:00:00,1223.26
2025-01-15 10:00:00,1028.29
2025-01-15 11:00:00,1028.64
2025-01-15 12:00:00,1042.01
2025-01-15 13:00:00,1170.27
2025-01-15 14:00:00,1128.9
2025-01-15 15:00:00,1206.55
2025-01-15 16:00:00,1392.93
2025-01-15 17:00:00,1389.59
2025-01-15 18:00:00,1202.36
2025-01-15 19:00:00,1165.05
2025-01-15 20:00:00,775.38
2025-01-15 21:00:00,544.43
2025-01-15 22:00:00,545.2
2025-01-15 23:00:00,529.51
2025-01-16 00:00:00,537.79
2025-01-16 01:00:00,506.05
2025-01-16 02:00:00,497.65
2025-01-16 03:00:00,484.19
2025-01-16 04:00:00,484.87
2025-01-16 05:00:00,517.85
2025-01-16 06:00:00,575.59
2025-01-16 07:00:00,728.35
2025-01-16 08:00:00,847.49
2025-01-16 09:00:00,745.69
2025-01-16 10:00:00,647.26
2025-01-16 11:00:00,599.28
2025-01-16 12:00:00,564.38
2025-01-16 13:00:00,569.71
2025-01-16 14:00:00,597.53
2025-01-16 15:00:00,691.36
2025-01-16 16:00:00,748.33
2025-01-16 17:00:00,719.74
2025-01-16 18:00:00,766.87
2025-01-16 19:00:00,709.73
2025-01-16 20:00:00,574.61
2025-01-16 21:00:00,590.2
2025-01-16 22:00:00,524.88
2025-01-16 23:00:00,485.72
2025-01-17 00:00:00,489.87
2025-01-17 01:00:00,476.88
2025-01-17 02:00:00,471.25
2025-01-17 03:00:00,480.54
2025-01-17 04:00:00,488.38
2025-01-17 05:00:00,515.57
2025-01-17 06:00:00,600.09
2025-01-17 07:00:00,745.89
2025-01-17 08:00:00,875.67
2025-01-17 09:00:00,747.3
2025-01-17 10:00:00,650.81
2025-01-17 11:00:00,525.29
2025-01-17 12:00:00,521.07
2025-01-17 13:00:00,522.9
2025-01-17 14:00:00,559.43
2025-01-17 15:00:00,648.55
2025-01-17 16:00:00,716.78
2025-01-17 17:00:00,699.56
2025-01-17 18:00:00,766.82
2025-01-17 19:00:00,742.53
2025-01-17 20:00:00,634.95
2025-01-17 21:00:00,577.5
2025-01-17 22:00:00,596.55
2025-01-17 23:00:00,523.2
2025-01-18 00:00:00,521.85
2025-01-18 01:00:00,514.3
2025-01-18 02:00:00,510.41
2025-01-18 03:00:00,506.61
2025-01-18 04:00:00,489.58
2025-01-18 05:00:00,510.5
2025-01-18 06:00:00,509.73
2025-01-18 07:00:00,537.69
2025-01-18 08:00:00,617.31
2025-01-18 09:00:00,615.18
2025-01-18 10:00:00,522.11
2025-01-18 11:00:00,515.79
2025-01-18 12:00:00,507.47
2025-01-18 13:00:00,490.99
2025-01-18 14:00:00,509.65
2025-01-18 15:00:00,570.27
2025-01-18 16:00:00,618.68
2025-01-18 17:00:00,693.47
2025-01-18 18:00:00,715.37
2025-01-18 19:00:00,716.57
2025-01-18 20:00:00,666.49
2025-01-18 21:00:00,612.27
2025-01-18 22:00:00,582.31
2025-01-18 23:00:00,552.25
2025-01-19 00:00:00,551.57
2025-01-19 01:00:00,519.72
2025-01-19 02:00:00,516.77
2025-01-19 03:00:00,517.59
2025-01-19 04:00:00,513.06
2025-01-19 05:00:00,512.29
2025-01-19 06:00:00,517.5
2025-01-19 07:00:00,516.39
2025-01-19 08:00:00,526.55
2025-01-19 09:00:00,521.51
2025-01-19 10:00:00,516.65
2025-01-19 11:00:00,483.05
2025-01-19 12:00:00,479.21
2025-01-19 13:00:00,458.97
2025-01-19 14:00:00,498.67
2025-01-19 15:00:00,541.32
2025-01-19 16:00:00,597.59
2025-01-19 17:00:00,629.78
2025-01-19 18:00:00,674.39
2025-01-19 19:00:00,660.64
2025-01-19 20:00:00,627.0
2025-01-19 21:00:00,569.71
2025-01-19 22:00:00,515.24
2025-01-19 23:00:00,511.31
2025-01-20 00:00:00,519.12
2025-01-20 01:00:00,504.74
2025-01-20 02:00:00,497.01
2025-01-20 03:00:00,488.43
2025-01-20 04:00:00,492.87
2025-01-20 05:00:00,528.3
2025-01-20 06:00:00,653.21
2025-01-20 07:00:00,772.02
2025-01-20 08:00:00,752.04
2025-01-20 09:00:00,651.76
2025-01-20 10:00:00,600.36
2025-01-20 11:00:00,734.88
2025-01-20 12:00:00,708.03
2025-01-20 13:00:00,631.61
2025-01-20 14:00:00,603.65
2025-01-20 15:00:00,802.16
2025-01-20 16:00:00,719.22
2025-01-20 17:00:00,695.86
2025-01-20 18:00:00,601.22
2025-01-20 19:00:00,633.49
2025-01-20 20:00:00,565.53
2025-01-20 21:00:00,546.49
2025-01-20 22:00:00,561.17
2025-01-20 23:00:00,526.94
2025-01-21 00:00:00,529.65
2025-01-21 01:00:00,490.39
2025-01-21 02:00:00,488.0
2025-01-21 03:00:00,479.87
2025-01-21 04:00:00,472.08
2025-01-21 05:00:00,501.72
2025-01-21 06:00:00,575.27
2025-01-21 07:00:00,744.72
2025-01-21 08:00:00,844.71
2025-01-21 09:00:00,701.41
2025-01-21 10:00:00,579.69
2025-01-21 11:00:00,559.98
2025-01-21 12:00:00,596.77
2025-01-21 13:00:00,585.15
2025-01-21 14:00:00,614.96
2025-01-21 15:00:00,797.78
2025-01-21 16:00:00,882.87
2025-01-21 17:00:00,1050.28
2025-01-21 18:00:00,925.33
2025-01-21 19:00:00,858.77
2025-01-21 20:00:00,740.25
2025-01-21 21:00:00,534.0
2025-01-21 22:00:00,587.7
2025-01-21 23:00:00,528.76
2025-01-22 00:00:00,549.16
2025-01-22 01:00:00,533.63
2025-01-22 02:00:00,521.46
2025-01-22 03:00:00,518.14
2025-01-22 04:00:00,524.61
2025-01-22 05:00:00,544.27
2025-01-22 06:00:00,592.18
2025-01-22 07:00:00,856.31
2025-01-22 08:00:00,1000.02
2025-01-22 09:00:00,719.42
2025-01-22 10:00:00,486.09
2025-01-22 11:00:00,464.77
2025-01-22 12:00:00,472.22
2025-01-22 13:00:00,506.48
2025-01-22 14:00:00,463.37
2025-01-22 15:00:00,710.1
2025-01-22 16:00:00,718.31
2025-01-22 17:00:00,575.93
2025-01-22 18:00:00,519.84
2025-01-22 19:00:00,595.59
2025-01-22 20:00:00,535.33
2025-01-22 21:00:00,495.63
2025-01-22 22:00:00,487.97
2025-01-22 23:00:00,474.22
2025-01-23 00:00:00,475.52
2025-01-23 01:00:00,454.71
2025-01-23 02:00:00,454.04
2025-01-23 03:00:00,439.39
2025-01-23 04:00:00,428.3
2025-01-23 05:00:00,451.15
2025-01-23 06:00:00,491.4
2025-01-23 07:00:00,577.77
2025-01-23 08:00:00,652.03
2025-01-23 09:00:00,602.9
2025-01-23 10:00:00,496.71
2025-01-23 11:00:00,465.03
2025-01-23 12:00:00,415.27
2025-01-23 13:00:00,459.22
2025-01-23 14:00:00,474.54
2025-01-23 15:00:00,479.26
2025-01-23 16:00:00,497.18
2025-01-23 17:00:00,496.54
2025-01-23 18:00:00,499.13
2025-01-23 19:00:00,482.1
2025-01-23 20:00:00,433.57
2025-01-23 21:00:00,396.16
2025-01-23 22:00:00,394.04
2025-01-23 23:00:00,395.44
2025-01-24 00:00:00,350.32
2025-01-24 01:00:00,353.95
2025-01-24 02:00:00,348.34
2025-01-24 03:00:00,360.11
2025-01-24 04:00:00,413.13
2025-01-24 05:00:00,448.27
2025-01-24 06:00:00,493.78
2025-01-24 07:00:00,534.4
2025-01-24 08:00:00,607.72
2025-01-24 09:00:00,580.64
2025-01-24 10:00:00,534.45
2025-01-24 11:00:00,474.8
2025-01-24 12:00:00,461.34
2025-01-24 13:00:00,461.09
2025-01-24 14:00:00,461.43
2025-01-24 15:00:00,534.4
2025-01-24 16:00:00,553.64
2025-01-24 17:00:00,515.84
2025-01-24 18:00:00,454.89
2025-01-24 19:00:00,427.47
2025-01-24 20:00:00,403.72
2025-01-24 21:00:00,343.36
2025-01-24 22:00:00,346.86
2025-01-24 23:00:00,254.57
2025-01-25 00:00:00,320.0
2025-01-25 01:00:00,329.18
2025-01-25 02:00:00,324.68
2025-01-25 03:00:00,322.23
2025-01-25 04:00:00,346.95
2025-01-25 05:00:00,364.67
2025-01-25 06:00:00,376.75
2025-01-25 07:00:00,398.98
2025-01-25 08:00:00,415.15
2025-01-25 09:00:00,408.16
2025-01-25 10:00:00,381.59
2025-01-25 11:00:00,373.34
2025-01-25 12:00:00,356.33
2025-01-25 13:00:00,352.38
2025-01-25 14:00:00,393.21
2025-01-25 15:00:00,470.8
2025-01-25 16:00:00,556.9
2025-01-25 17:00:00,612.93
2025-01-25 18:00:00,634.15
2025-01-25 19:00:00,617.1
2025-01-25 20:00:00,575.04
2025-01-25 21:00:00,541.28
2025-01-25 22:00:00,539.55
2025-01-25 23:00:00,516.15
2025-01-26 00:00:00,536.94
2025-01-26 01:00:00,492.19
2025-01-26 02:00:00,475.9
2025-01-26 03:00:00,455.06
2025-01-26 04:00:00,451.31
2025-01-26 05:00:00,461.08
2025-01-26 06:00:00,472.4
2025-01-26 07:00:00,502.51
2025-01-26 08:00:00,532.06
2025-01-26 09:00:00,517.91
2025-01-26 10:00:00,452.32
2025-01-26 11:00:00,434.3
2025-01-26 12:00:00,408.5
2025-01-26 13:00:00,414.77
2025-01-26 14:00:00,426.14
2025-01-26 15:00:00,478.59
2025-01-26 16:00:00,540.65
2025-01-26 17:00:00,567.59
2025-01-26 18:00:00,522.21
2025-01-26 19:00:00,462.85
2025-01-26 20:00:00,456.24
2025-01-26 21:00:00,394.77
2025-01-26 22:00:00,393.13
2025-01-26 23:00:00,396.41
2025-01-27 00:00:00,219.47
2025-01-27 01:00:00,198.88
2025-01-27 02:00:00,200.69
2025-01-27 03:00:00,229.11
2025-01-27 04:00:00,298.99
2025-01-27 05:00:00,379.07
2025-01-27 06:00:00,465.88
2025-01-27 07:00:00,516.44
2025-01-27 08:00:00,507.52
2025-01-27 09:00:00,421.38
2025-01-27 10:00:00,319.79
2025-01-27 11:00:00,310.53
2025-01-27 12:00:00,307.92
2025-01-27 13:00:00,332.76
2025-01-27 14:00:00,398.35
2025-01-27 15:00:00,498.21
2025-01-27 16:00:00,523.3
2025-01-27 17:00:00,546.79
2025-01-27 18:00:00,527.56
2025-01-27 19:00:00,513.45
2025-01-27 20:00:00,471.39
2025-01-27 21:00:00,407.23
2025-01-27 22:00:00,418.18
2025-01-27 23:00:00,361.55
2025-01-28 00:00:00,347.36
2025-01-28 01:00:00,354.74
2025-01-28 02:00:00,382.28
2025-01-28 03:00:00,425.09
2025-01-28 04:00:00,448.37
2025-01-28 05:00:00,430.11
2025-01-28 06:00:00,523.11
2025-01-28 07:00:00,570.81
2025-01-28 08:00:00,622.43
2025-01-28 09:00:00,562.12
2025-01-28 10:00:00,524.29
2025-01-28 11:00:00,505.06
2025-01-28 12:00:00,495.95
2025-01-28 13:00:00,509.91
2025-01-28 14:00:00,527.37
2025-01-28 15:00:00,577.43
2025-01-28 16:00:00,619.27
2025-01-28 17:00:00,641.92
2025-01-28 18:00:00,592.74
2025-01-28 19:00:00,562.75
2025-01-28 20:00:00,497.34
2025-01-28 21:00:00,412.9
2025-01-28 22:00:00,426.19
2025-01-28 23:00:00,398.48
2025-01-29 00:00:00,369.61
2025-01-29 01:00:00,357.53
2025-01-29 02:00:00,338.8
2025-01-29 03:00:00,331.94
2025-01-29 04:00:00,352.82
2025-01-29 05:00:00,403.75
2025-01-29 06:00:00,487.97
2025-01-29 07:00:00,599.05
2025-01-29 08:00:00,605.33
2025-01-29 09:00:00,558.22
2025-01-29 10:00:00,451.23
2025-01-29 11:00:00,382.15
2025-01-29 12:00:00,359.59
2025-01-29 13:00:00,361.57
2025-01-29 14:00:00,389.73
2025-01-29 15:00:00,485.45
2025-01-29 16:00:00,550.56
2025-01-29 17:00:00,618.42
2025-01-29 18:00:00,612.27
2025-01-29 19:00:00,561.04
2025-01-29 20:00:00,449.16
2025-01-29 21:00:00,380.85
2025-01-29 22:00:00,423.07
2025-01-29 23:00:00,391.54
2025-01-30 00:00:00,402.21
2025-01-30 01:00:00,401.54
2025-01-30 02:00:00,400.78
2025-01-30 03:00:00,404.44
2025-01-30 04:00:00,402.89
2025-01-30 05:00:00,465.88
2025-01-30 06:00:00,587.27
2025-01-30 07:00:00,644.33
2025-01-30 08:00:00,674.49
2025-01-30 09:00:00,637.93
2025-01-30 10:00:00,520.11
2025-01-30 11:00:00,518.6
2025-01-30 12:00:00,476.44
2025-01-30 13:00:00,476.73
2025-01-30 14:00:00,545.91
2025-01-30 15:00:00,646.6
2025-01-30 16:00:00,679.16
2025-01-30 17:00:00,754.61
2025-01-30 18:00:00,737.48
2025-01-30 19:00:00,678.66
2025-01-30 20:00:00,633.43
2025-01-30 21:00:00,565.73
2025-01-30 22:00:00,532.15
2025-01-30 23:00:00,505.77
2025-01-31 00:00:00,504.47
2025-01-31 01:00:00,491.98
2025-01-31 02:00:00,478.66
2025-01-31 03:00:00,474.83
2025-01-31 04:00:00,489.67
2025-01-31 05:00:00,508.8
2025-01-31 06:00:00,594.1
2025-01-31 07:00:00,667.79
2025-01-31 08:00:00,688.18
2025-01-31 09:00:00,650.85
2025-01-31 10:00:00,546.93
2025-01-31 11:00:00,530.53
2025-01-31 12:00:00,504.72
2025-01-31 13:00:00,509.47
2025-01-31 14:00:00,503.88
2025-01-31 15:00:00,635.25
2025-01-31 16:00:00,708.78
2025-01-31 17:00:00,779.07
2025-01-31 18:00:00,775.54
2025-01-31 19:00:00,752.46
2025-01-31 20:00:00,683.81
2025-01-31 21:00:00,641.94
2025-01-31 22:00:00,545.33
2025-01-31 23:00:00,525.36
2025-02-01 00:00:00,555.65
2025-02-01 01:00:00,529.53
2025-02-01 02:00:00,510.91
2025-02-01 03:00:00,502.02
2025-02-01 04:00:00,501.89
2025-02-01 05:00:00,508.85
2025-02-01 06:00:00,535.73
2025-02-01 07:00:00,609.79
2025-02-01 08:00:00,646.53
2025-02-01 09:00:00,600.1
2025-02-01 10:00:00,540.95
2025-02-01 11:00:00,505.9
2025-02-01 12:00:00,500.63
2025-02-01 13:00:00,509.98
2025-02-01 14:00:00,504.21
2025-02-01 15:00:00,546.93
2025-02-01 16:00:00,652.68
2025-02-01 17:00:00,708.37
2025-02-01 18:00:00,705.47
2025-02-01 19:00:00,686.63
2025-02-01 20:00:00,659.76
2025-02-01 21:00:00,611.9
2025-02-01 22:00:00,597.11
2025-02-01 23:00:00,555.02
2025-02-02 00:00:00,561.42
2025-02-02 01:00:00,534.67
2025-02-02 02:00:00,518.16
2025-02-02 03:00:00,508.34
2025-02-02 04:00:00,515.42
2025-02-02 05:00:00,519.93
2025-02-02 06:00:00,539.64
2025-02-02 07:00:00,572.55
2025-02-02 08:00:00,578.44
2025-02-02 09:00:00,580.13
2025-02-02 10:00:00,547.86
2025-02-02 11:00:00,544.87
2025-02-02 12:00:00,515.0
2025-02-02 13:00:00,504.13
2025-02-02 14:00:00,491.24
2025-02-02 15:00:00,542.26
2025-02-02 16:00:00,643.54
2025-02-02 17:00:00,695.19
2025-02-02 18:00:00,726.15
2025-02-02 19:00:00,732.85
2025-02-02 20:00:00,697.25
2025-02-02 21:00:00,656.26
2025-02-02 22:00:00,625.38
2025-02-02 23:00:00,561.34
2025-02-03 00:00:00,545.75
2025-02-03 01:00:00,533.49
2025-02-03 02:00:00,525.45
2025-02-03 03:00:00,505.73
2025-02-03 04:00:00,519.21
2025-02-03 05:00:00,538.3
2025-02-03 06:00:00,670.63
2025-02-03 07:00:00,861.26
2025-02-03 08:00:00,867.2
2025-02-03 09:00:00,642.27
2025-02-03 10:00:00,558.18
2025-02-03 11:00:00,531.39
2025-02-03 12:00:00,494.06
2025-02-03 13:00:00,486.73
2025-02-03 14:00:00,523.97
2025-02-03 15:00:00,620.24
2025-02-03 16:00:00,715.58
2025-02-03 17:00:00,906.05
2025-02-03 18:00:00,845.68
2025-02-03 19:00:00,847.23
2025-02-03 20:00:00,706.69
2025-02-03 21:00:00,586.91
2025-02-03 22:00:00,607.56
2025-02-03 23:00:00,572.17
2025-02-04 00:00:00,560.12
2025-02-04 01:00:00,531.1
2025-02-04 02:00:00,521.11
2025-02-04 03:00:00,524.54
2025-02-04 04:00:00,521.41
2025-02-04 05:00:00,539.94
2025-02-04 06:00:00,657.38
2025-02-04 07:00:00,809.63
2025-02-04 08:00:00,896.82
2025-02-04 09:00:00,644.9
2025-02-04 10:00:00,535.12
2025-02-04 11:00:00,515.74
2025-02-04 12:00:00,496.75
2025-02-04 13:00:00,478.81
2025-02-04 14:00:00,508.04
2025-02-04 15:00:00,579.83
2025-02-04 16:00:00,749.26
2025-02-04 17:00:00,829.01
2025-02-04 18:00:00,740.34
2025-02-04 19:00:00,770.63
2025-02-04 20:00:00,698.03
2025-02-04 21:00:00,558.3
2025-02-04 22:00:00,552.04
2025-02-04 23:00:00,518.53
2025-02-05 00:00:00,485.27
2025-02-05 01:00:00,490.3
2025-02-05 02:00:00,493.51
2025-02-05 03:00:00,498.62
2025-02-05 04:00:00,499.59
2025-02-05 05:00:00,517.47
2025-02-05 06:00:00,642.4
2025-02-05 07:00:00,722.16
2025-02-05 08:00:00,763.9
2025-02-05 09:00:00,500.52
2025-02-05 10:00:00,530.82
2025-02-05 11:00:00,513.75
2025-02-05 12:00:00,493.21
2025-02-05 13:00:00,504.33
2025-02-05 14:00:00,544.38
2025-02-05 15:00:00,608.89
2025-02-05 16:00:00,677.76
2025-02-05 17:00:00,748.57
2025-02-05 18:00:00,802.31
2025-02-05 19:00:00,801.17
2025-02-05 20:00:00,718.23
2025-02-05 21:00:00,617.81
2025-02-05 22:00:00,607.12
2025-02-05 23:00:00,564.45
2025-02-06 00:00:00,562.2
2025-02-06 01:00:00,545.76
2025-02-06 02:00:00,529.65
2025-02-06 03:00:00,525.74
2025-02-06 04:00:00,525.78
2025-02-06 05:00:00,566.28
2025-02-06 06:00:00,652.71
2025-02-06 07:00:00,757.44
2025-02-06 08:00:00,921.68
2025-02-06 09:00:00,752.69
2025-02-06 10:00:00,674.42
2025-02-06 11:00:00,635.93
2025-02-06 12:00:00,615.2
2025-02-06 13:00:00,603.38
2025-02-06 14:00:00,584.2
2025-02-06 15:00:00,632.1
2025-02-06 16:00:00,770.48
2025-02-06 17:00:00,770.48
2025-02-06 18:00:00,720.47
2025-02-06 19:00:00,700.45
2025-02-06 20:00:00,613.47
2025-02-06 21:00:00,541.34
2025-02-06 22:00:00,544.33
2025-02-06 23:00:00,512.91
2025-02-07 00:00:00,530.33
2025-02-07 01:00:00,505.68
2025-02-07 02:00:00,501.89
2025-02-07 03:00:00,501.01
2025-02-07 04:00:00,511.36
2025-02-07 05:00:00,502.39
2025-02-07 06:00:00,659.96
2025-02-07 07:00:00,799.68
2025-02-07 08:00:00,699.42
2025-02-07 09:00:00,633.83
2025-02-07 10:00:00,656.17
2025-02-07 11:00:00,605.51
2025-02-07 12:00:00,549.01
2025-02-07 13:00:00,534.58
2025-02-07 14:00:00,525.87
2025-02-07 15:00:00,524.31
2025-02-07 16:00:00,625.63
2025-02-07 17:00:00,625.46
2025-02-07 18:00:00,610.02
2025-02-07 19:00:00,591.34
2025-02-07 20:00:00,515.52
2025-02-07 21:00:00,410.25
2025-02-07 22:00:00,423.34
2025-02-07 23:00:00,425.44
2025-02-08 00:00:00,349.05
2025-02-08 01:00:00,360.24
2025-02-08 02:00:00,361.16
2025-02-08 03:00:00,367.91
2025-02-08 04:00:00,375.78
2025-02-08 05:00:00,381.23
2025-02-08 06:00:00,379.43
2025-02-08 07:00:00,398.95
2025-02-08 08:00:00,468.71
2025-02-08 09:00:00,396.82
2025-02-08 10:00:00,280.55
2025-02-08 11:00:00,230.06
2025-02-08 12:00:00,240.24
2025-02-08 13:00:00,330.58
2025-02-08 14:00:00,384.71
2025-02-08 15:00:00,494.4
2025-02-08 16:00:00,583.26
2025-02-08 17:00:00,618.83
2025-02-08 18:00:00,672.38
2025-02-08 19:00:00,673.59
2025-02-08 20:00:00,653.19
2025-02-08 21:00:00,624.28
2025-02-08 22:00:00,602.87
2025-02-08 23:00:00,570.27
2025-02-09 00:00:00,565.62
2025-02-09 01:00:00,538.81
2025-02-09 02:00:00,524.14
2025-02-09 03:00:00,499.84
2025-02-09 04:00:00,489.37
2025-02-09 05:00:00,490.21
2025-02-09 06:00:00,490.21
2025-02-09 07:00:00,559.05
2025-02-09 08:00:00,573.04
2025-02-09 09:00:00,507.43
2025-02-09 10:00:00,464.65
2025-02-09 11:00:00,432.81
2025-02-09 12:00:00,364.43
2025-02-09 13:00:00,408.09
2025-02-09 14:00:00,460.46
2025-02-09 15:00:00,504.45
2025-02-09 16:00:00,588.04
2025-02-09 17:00:00,613.01
2025-02-09 18:00:00,669.99
2025-02-09 19:00:00,649.38
2025-02-09 20:00:00,623.27
2025-02-09 21:00:00,597.76
2025-02-09 22:00:00,599.14
2025-02-09 23:00:00,537.97
2025-02-10 00:00:00,500.18
2025-02-10 01:00:00,476.21
2025-02-10 02:00:00,465.07
2025-02-10 03:00:00,450.19
2025-02-10 04:00:00,448.48
2025-02-10 05:00:00,498.96
2025-02-10 06:00:00,644.73
2025-02-10 07:00:00,730.2
2025-02-10 08:00:00,720.31
2025-02-10 09:00:00,523.18
2025-02-10 10:00:00,457.9
2025-02-10 11:00:00,379.01
2025-02-10 12:00:00,355.8
2025-02-10 13:00:00,386.47
2025-02-10 14:00:00,397.53
2025-02-10 15:00:00,589.92
2025-02-10 16:00:00,607.9
2025-02-10 17:00:00,658.18
2025-02-10 18:00:00,626.17
2025-02-10 19:00:00,632.79
2025-02-10 20:00:00,597.84
2025-02-10 21:00:00,429.5
2025-02-10 22:00:00,480.95
2025-02-10 23:00:00,397.95
2025-02-11 00:00:00,482.41
2025-02-11 01:00:00,452.39
2025-02-11 02:00:00,441.92
2025-02-11 03:00:00,445.31
2025-02-11 04:00:00,497.23
2025-02-11 05:00:00,521.26
2025-02-11 06:00:00,625.44
2025-02-11 07:00:00,796.49
2025-02-11 08:00:00,659.99
2025-02-11 09:00:00,460.93
2025-02-11 10:00:00,350.47
2025-02-11 11:00:00,347.16
2025-02-11 12:00:00,364.08
2025-02-11 13:00:00,465.91
2025-02-11 14:00:00,475.88
2025-02-11 15:00:00,567.91
2025-02-11 16:00:00,614.76
2025-02-11 17:00:00,653.45
2025-02-11 18:00:00,670.08
2025-02-11 19:00:00,695.03
2025-02-11 20:00:00,675.6
2025-02-11 21:00:00,611.0
2025-02-11 22:00:00,553.59
2025-02-11 23:00:00,527.0
2025-02-12 00:00:00,539.54
2025-02-12 01:00:00,532.86
2025-02-12 02:00:00,529.89
2025-02-12 03:00:00,528.93
2025-02-12 04:00:00,537.91
2025-02-12 05:00:00,545.77
2025-02-12 06:00:00,620.1
2025-02-12 07:00:00,721.8
2025-02-12 08:00:00,650.31
2025-02-12 09:00:00,413.9
2025-02-12 10:00:00,523.88
2025-02-12 11:00:00,406.76
2025-02-12 12:00:00,406.47
2025-02-12 13:00:00,450.71
2025-02-12 14:00:00,458.48
2025-02-12 15:00:00,499.43
2025-02-12 16:00:00,658.79
2025-02-12 17:00:00,677.72
2025-02-12 18:00:00,635.85
2025-02-12 19:00:00,636.81
2025-02-12 20:00:00,605.81
2025-02-12 21:00:00,558.18
2025-02-12 22:00:00,615.88
2025-02-12 23:00:00,583.29
2025-02-13 00:00:00,578.13
2025-02-13 01:00:00,535.36
2025-02-13 02:00:00,514.71
2025-02-13 03:00:00,518.01
2025-02-13 04:00:00,538.08
2025-02-13 05:00:00,582.26
2025-02-13 06:00:00,637.33
2025-02-13 07:00:00,1149.62
2025-02-13 08:00:00,1076.9
2025-02-13 09:00:00,964.17
2025-02-13 10:00:00,754.11
2025-02-13 11:00:00,726.7
2025-02-13 12:00:00,739.92
2025-02-13 13:00:00,768.67
2025-02-13 14:00:00,795.24
2025-02-13 15:00:00,870.63
2025-02-13 16:00:00,874.05
2025-02-13 17:00:00,900.09
2025-02-13 18:00:00,860.66
2025-02-13 19:00:00,819.9
2025-02-13 20:00:00,737.75
2025-02-13 21:00:00,640.13
2025-02-13 22:00:00,638.83
2025-02-13 23:00:00,577.29
2025-02-14 00:00:00,581.38
2025-02-14 01:00:00,521.94
2025-02-14 02:00:00,513.65
2025-02-14 03:00:00,510.28
2025-02-14 04:00:00,537.73
2025-02-14 05:00:00,583.21
2025-02-14 06:00:00,667.1
2025-02-14 07:00:00,940.09
2025-02-14 08:00:00,1058.54
2025-02-14 09:00:00,842.74
2025-02-14 10:00:00,699.67
2025-02-14 11:00:00,681.26
2025-02-14 12:00:00,624.82
2025-02-14 13:00:00,621.53
2025-02-14 14:00:00,624.16
2025-02-14 15:00:00,673.97
2025-02-14 16:00:00,843.49
2025-02-14 17:00:00,1250.14
2025-02-14 18:00:00,1213.86
2025-02-14 19:00:00,942.08
2025-02-14 20:00:00,764.52
2025-02-14 21:00:00,681.76
2025-02-14 22:00:00,637.28
2025-02-14 23:00:00,583.25
2025-02-15 00:00:00,564.41
2025-02-15 01:00:00,543.76
2025-02-15 02:00:00,500.38
2025-02-15 03:00:00,493.71
2025-02-15 04:00:00,494.8
2025-02-15 05:00:00,502.71
2025-02-15 06:00:00,559.37
2025-02-15 07:00:00,620.73
2025-02-15 08:00:00,626.85
2025-02-15 09:00:00,570.52
2025-02-15 10:00:00,518.69
2025-02-15 11:00:00,492.76
2025-02-15 12:00:00,467.9
2025-02-15 13:00:00,457.99
2025-02-15 14:00:00,487.76
2025-02-15 15:00:00,589.76
2025-02-15 16:00:00,604.87
2025-02-15 17:00:00,681.27
2025-02-15 18:00:00,728.73
2025-02-15 19:00:00,679.14
2025-02-15 20:00:00,606.99
2025-02-15 21:00:00,519.69
2025-02-15 22:00:00,545.8
2025-02-15 23:00:00,513.74
2025-02-16 00:00:00,558.33
2025-02-16 01:00:00,536.64
2025-02-16 02:00:00,514.45
2025-02-16 03:00:00,499.17
2025-02-16 04:00:00,497.79
2025-02-16 05:00:00,499.96
2025-02-16 06:00:00,497.34
2025-02-16 07:00:00,526.15
2025-02-16 08:00:00,530.23
2025-02-16 09:00:00,535.89
2025-02-16 10:00:00,507.49
2025-02-16 11:00:00,490.13
2025-02-16 12:00:00,499.75
2025-02-16 13:00:00,502.5
2025-02-16 14:00:00,512.07
2025-02-16 15:00:00,537.47
2025-02-16 16:00:00,634.47
2025-02-16 17:00:00,797.5
2025-02-16 18:00:00,724.44
2025-02-16 19:00:00,759.41
2025-02-16 20:00:00,675.6
2025-02-16 21:00:00,606.62
2025-02-16 22:00:00,565.95
2025-02-16 23:00:00,547.5
2025-02-17 00:00:00,529.52
2025-02-17 01:00:00,504.0
2025-02-17 02:00:00,501.0
2025-02-17 03:00:00,524.02
2025-02-17 04:00:00,538.72
2025-02-17 05:00:00,540.55
2025-02-17 06:00:00,661.7
2025-02-17 07:00:00,881.27
2025-02-17 08:00:00,701.0
2025-02-17 09:00:00,593.76
2025-02-17 10:00:00,485.93
2025-02-17 11:00:00,480.31
2025-02-17 12:00:00,429.43
2025-02-17 13:00:00,444.05
2025-02-17 14:00:00,488.38
2025-02-17 15:00:00,568.44
2025-02-17 16:00:00,785.05
2025-02-17 17:00:00,949.38
2025-02-17 18:00:00,1132.47
2025-02-17 19:00:00,908.41
2025-02-17 20:00:00,753.12
2025-02-17 21:00:00,641.51
2025-02-17 22:00:00,571.36
2025-02-17 23:00:00,531.56
2025-02-18 00:00:00,533.26
2025-02-18 01:00:00,487.71
2025-02-18 02:00:00,483.67
2025-02-18 03:00:00,484.51
2025-02-18 04:00:00,475.51
2025-02-18 05:00:00,490.63
2025-02-18 06:00:00,616.57
2025-02-18 07:00:00,860.55
2025-02-18 08:00:00,701.3
2025-02-18 09:00:00,588.18
2025-02-18 10:00:00,496.41
2025-02-18 11:00:00,439.67
2025-02-18 12:00:00,383.42
2025-02-18 13:00:00,373.55
2025-02-18 14:00:00,431.38
2025-02-18 15:00:00,502.78
2025-02-18 16:00:00,850.23
2025-02-18 17:00:00,870.59
2025-02-18 18:00:00,759.76
2025-02-18 19:00:00,690.14
2025-02-18 20:00:00,612.24
2025-02-18 21:00:00,553.75
2025-02-18 22:00:00,518.61
2025-02-18 23:00:00,464.44
2025-02-19 00:00:00,445.09
2025-02-19 01:00:00,420.35
2025-02-19 02:00:00,425.76
2025-02-19 03:00:00,420.06
2025-02-19 04:00:00,441.89
2025-02-19 05:00:00,497.72
2025-02-19 06:00:00,670.09
2025-02-19 07:00:00,964.48
2025-02-19 08:00:00,719.98
2025-02-19 09:00:00,552.1
2025-02-19 10:00:00,458.06
2025-02-19 11:00:00,397.53
2025-02-19 12:00:00,378.28
2025-02-19 13:00:00,384.93
2025-02-19 14:00:00,432.0
2025-02-19 15:00:00,509.03
2025-02-19 16:00:00,900.58
2025-02-19 17:00:00,974.87
2025-02-19 18:00:00,894.46
2025-02-19 19:00:00,848.15
2025-02-19 20:00:00,793.65
2025-02-19 21:00:00,600.74
2025-02-19 22:00:00,533.06
2025-02-19 23:00:00,468.04
2025-02-20 00:00:00,463.39
2025-02-20 01:00:00,455.36
2025-02-20 02:00:00,457.94
2025-02-20 03:00:00,459.48
2025-02-20 04:00:00,460.98
2025-02-20 05:00:00,498.11
2025-02-20 06:00:00,614.33
2025-02-20 07:00:00,654.0
2025-02-20 08:00:00,527.18
2025-02-20 09:00:00,438.57
2025-02-20 10:00:00,354.2
2025-02-20 11:00:00,302.01
2025-02-20 12:00:00,269.7
2025-02-20 13:00:00,363.76
2025-02-20 14:00:00,380.27
2025-02-20 15:00:00,434.32
2025-02-20 16:00:00,518.82
2025-02-20 17:00:00,621.4
2025-02-20 18:00:00,523.27
2025-02-20 19:00:00,514.08
2025-02-20 20:00:00,495.2
2025-02-20 21:00:00,430.12
2025-02-20 22:00:00,423.76
2025-02-20 23:00:00,360.85
2025-02-21 00:00:00,310.04
2025-02-21 01:00:00,306.5
2025-02-21 02:00:00,329.49
2025-02-21 03:00:00,338.5
2025-02-21 04:00:00,345.76
2025-02-21 05:00:00,407.09
2025-02-21 06:00:00,613.79
2025-02-21 07:00:00,729.28
2025-02-21 08:00:00,625.8
2025-02-21 09:00:00,455.99
2025-02-21 10:00:00,388.82
2025-02-21 11:00:00,336.75
2025-02-21 12:00:00,329.07
2025-02-21 13:00:00,351.47
2025-02-21 14:00:00,456.62
2025-02-21 15:00:00,594.26
2025-02-21 16:00:00,550.2
2025-02-21 17:00:00,670.24
2025-02-21 18:00:00,543.61
2025-02-21 19:00:00,504.6
2025-02-21 20:00:00,455.16
2025-02-21 21:00:00,485.86
2025-02-21 22:00:00,486.41
2025-02-21 23:00:00,447.1
2025-02-22 00:00:00,388.27
2025-02-22 01:00:00,370.26
2025-02-22 02:00:00,373.51
2025-02-22 03:00:00,379.35
2025-02-22 04:00:00,374.47
2025-02-22 05:00:00,371.72
2025-02-22 06:00:00,413.34
2025-02-22 07:00:00,420.8
2025-02-22 08:00:00,348.24
2025-02-22 09:00:00,265.37
2025-02-22 10:00:00,200.1
2025-02-22 11:00:00,137.17
2025-02-22 12:00:00,85.95
2025-02-22 13:00:00,195.01
2025-02-22 14:00:00,283.89
2025-02-22 15:00:00,346.36
2025-02-22 16:00:00,451.79
2025-02-22 17:00:00,437.44
2025-02-22 18:00:00,417.05
2025-02-22 19:00:00,433.73
2025-02-22 20:00:00,424.43
2025-02-22 21:00:00,413.92
2025-02-22 22:00:00,364.5
2025-02-22 23:00:00,341.44
2025-02-23 00:00:00,365.21
2025-02-23 01:00:00,334.27
2025-02-23 02:00:00,343.32
2025-02-23 03:00:00,333.26
2025-02-23 04:00:00,343.48
2025-02-23 05:00:00,346.9
2025-02-23 06:00:00,415.26
2025-02-23 07:00:00,453.5
2025-02-23 08:00:00,471.52
2025-02-23 09:00:00,418.8
2025-02-23 10:00:00,351.03
2025-02-23 11:00:00,353.32
2025-02-23 12:00:00,346.9
2025-02-23 13:00:00,431.48
2025-02-23 14:00:00,485.24
2025-02-23 15:00:00,455.29
2025-02-23 16:00:00,550.3
2025-02-23 17:00:00,664.9
2025-02-23 18:00:00,673.83
2025-02-23 19:00:00,751.9
2025-02-23 20:00:00,771.75
2025-02-23 21:00:00,635.92
2025-02-23 22:00:00,526.36
2025-02-23 23:00:00,476.9
2025-02-24 00:00:00,366.17
2025-02-24 01:00:00,352.53
2025-02-24 02:00:00,290.35
2025-02-24 03:00:00,272.25
2025-02-24 04:00:00,329.05
2025-02-24 05:00:00,438.53
2025-02-24 06:00:00,788.68
2025-02-24 07:00:00,1001.3
2025-02-24 08:00:00,833.89
2025-02-24 09:00:00,616.07
2025-02-24 10:00:00,563.81
2025-02-24 11:00:00,461.26
2025-02-24 12:00:00,426.64
2025-02-24 13:00:00,469.31
2025-02-24 14:00:00,421.43
2025-02-24 15:00:00,548.38
2025-02-24 16:00:00,629.2
2025-02-24 17:00:00,702.48
2025-02-24 18:00:00,604.6
2025-02-24 19:00:00,569.36
2025-02-24 20:00:00,492.37
2025-02-24 21:00:00,435.28
2025-02-24 22:00:00,445.28
2025-02-24 23:00:00,432.44
2025-02-25 00:00:00,363.04
2025-02-25 01:00:00,378.31
2025-02-25 02:00:00,377.1
2025-02-25 03:00:00,379.89
2025-02-25 04:00:00,398.32
2025-02-25 05:00:00,427.66
2025-02-25 06:00:00,549.11
2025-02-25 07:00:00,608.2
2025-02-25 08:00:00,714.55
2025-02-25 09:00:00,642.86
2025-02-25 10:00:00,587.89
2025-02-25 11:00:00,530.56
2025-02-25 12:00:00,523.15
2025-02-25 13:00:00,529.64
2025-02-25 14:00:00,566.3
2025-02-25 15:00:00,625.47
2025-02-25 16:00:00,660.38
2025-02-25 17:00:00,769.81
2025-02-25 18:00:00,873.0
2025-02-25 19:00:00,693.0
2025-02-25 20:00:00,604.7
2025-02-25 21:00:00,573.04
2025-02-25 22:00:00,527.14
2025-02-25 23:00:00,475.92
2025-02-26 00:00:00,511.16
2025-02-26 01:00:00,499.66
2025-02-26 02:00:00,486.6
2025-02-26 03:00:00,483.34
2025-02-26 04:00:00,485.53
2025-02-26 05:00:00,483.13
2025-02-26 06:00:00,597.64
2025-02-26 07:00:00,740.55
2025-02-26 08:00:00,736.58
2025-02-26 09:00:00,661.55
2025-02-26 10:00:00,526.37
2025-02-26 11:00:00,528.11
2025-02-26 12:00:00,497.68
2025-02-26 13:00:00,497.35
2025-02-26 14:00:00,521.62
2025-02-26 15:00:00,557.46
2025-02-26 16:00:00,621.95
2025-02-26 17:00:00,649.85
2025-02-26 18:00:00,693.96
2025-02-26 19:00:00,662.87
2025-02-26 20:00:00,597.06
2025-02-26 21:00:00,478.54
2025-02-26 22:00:00,500.04
2025-02-26 23:00:00,463.41
2025-02-27 00:00:00,485.01
2025-02-27 01:00:00,471.73
2025-02-27 02:00:00,446.27
2025-02-27 03:00:00,455.42
2025-02-27 04:00:00,498.67
2025-02-27 05:00:00,493.79
2025-02-27 06:00:00,583.61
2025-02-27 07:00:00,683.79
2025-02-27 08:00:00,655.06
2025-02-27 09:00:00,589.24
2025-02-27 10:00:00,538.41
2025-02-27 11:00:00,449.83
2025-02-27 12:00:00,489.82
2025-02-27 13:00:00,514.98
2025-02-27 14:00:00,527.07
2025-02-27 15:00:00,619.79
2025-02-27 16:00:00,749.81
2025-02-27 17:00:00,796.3
2025-02-27 18:00:00,720.09
2025-02-27 19:00:00,675.18
2025-02-27 20:00:00,677.91
2025-02-27 21:00:00,575.21
2025-02-27 22:00:00,510.47
2025-02-27 23:00:00,475.53
2025-02-28 00:00:00,473.7
2025-02-28 01:00:00,457.32
2025-02-28 02:00:00,452.52
2025-02-28 03:00:00,449.41
2025-02-28 04:00:00,464.43
2025-02-28 05:00:00,466.04
2025-02-28 06:00:00,564.22
2025-02-28 07:00:00,680.06
2025-02-28 08:00:00,673.35
2025-02-28 09:00:00,604.51
2025-02-28 10:00:00,530.79
2025-02-28 11:00:00,482.1
2025-02-28 12:00:00,453.51
2025-02-28 13:00:00,450.32
2025-02-28 14:00:00,461.87
2025-02-28 15:00:00,519.87
2025-02-28 16:00:00,563.56
2025-02-28 17:00:00,680.93
2025-02-28 18:00:00,662.64
2025-02-28 19:00:00,655.23
2025-02-28 20:00:00,566.12
2025-02-28 21:00:00,534.64
2025-02-28 22:00:00,521.65
2025-02-28 23:00:00,490.58
2025-03-01 00:00:00,533.57
2025-03-01 01:00:00,500.9
2025-03-01 02:00:00,487.05
2025-03-01 03:00:00,467.39
2025-03-01 04:00:00,457.08
2025-03-01 05:00:00,476.78
2025-03-01 06:00:00,502.02
2025-03-01 07:00:00,566.38
2025-03-01 08:00:00,578.39
2025-03-01 09:00:00,574.9
2025-03-01 10:00:00,523.06
2025-03-01 11:00:00,498.82
2025-03-01 12:00:00,500.98
2025-03-01 13:00:00,540.77
2025-03-01 14:00:00,532.7
2025-03-01 15:00:00,505.22
2025-03-01 16:00:00,512.54
2025-03-01 17:00:00,573.98
2025-03-01 18:00:00,624.21
2025-03-01 19:00:00,596.27
2025-03-01 20:00:00,557.81
2025-03-01 21:00:00,529.75
2025-03-01 22:00:00,513.91
2025-03-01 23:00:00,498.57
2025-03-02 00:00:00,513.66
2025-03-02 01:00:00,438.37
2025-03-02 02:00:00,408.72
2025-03-02 03:00:00,377.92
2025-03-02 04:00:00,378.58
2025-03-02 05:00:00,375.21
2025-03-02 06:00:00,371.81
2025-03-02 07:00:00,407.31
2025-03-02 08:00:00,422.82
2025-03-02 09:00:00,370.02
2025-03-02 10:00:00,283.96
2025-03-02 11:00:00,203.72
2025-03-02 12:00:00,114.33
2025-03-02 13:00:00,41.24
2025-03-02 14:00:00,100.99
2025-03-02 15:00:00,246.83
2025-03-02 16:00:00,389.27
2025-03-02 17:00:00,510.0
2025-03-02 18:00:00,583.09
2025-03-02 19:00:00,594.61
2025-03-02 20:00:00,534.86
2025-03-02 21:00:00,476.7
2025-03-02 22:00:00,498.53
2025-03-02 23:00:00,456.08
2025-03-03 00:00:00,349.56
2025-03-03 01:00:00,357.84
2025-03-03 02:00:00,362.91
2025-03-03 03:00:00,363.45
2025-03-03 04:00:00,380.7
2025-03-03 05:00:00,446.97
2025-03-03 06:00:00,575.94
2025-03-03 07:00:00,677.67
2025-03-03 08:00:00,613.69
2025-03-03 09:00:00,447.6
2025-03-03 10:00:00,219.81
2025-03-03 11:00:00,56.17
2025-03-03 12:00:00,120.48
2025-03-03 13:00:00,6.9
2025-03-03 14:00:00,300.96
2025-03-03 15:00:00,341.91
2025-03-03 16:00:00,462.73
2025-03-03 17:00:00,597.64
2025-03-03 18:00:00,694.43
2025-03-03 19:00:00,724.03
2025-03-03 20:00:00,616.31
2025-03-03 21:00:00,457.91
2025-03-03 22:00:00,465.27
2025-03-03 23:00:00,447.39
2025-03-04 00:00:00,413.71
2025-03-04 01:00:00,377.66
2025-03-04 02:00:00,377.66
2025-03-04 03:00:00,396.27
2025-03-04 04:00:00,374.64
2025-03-04 05:00:00,354.11
2025-03-04 06:00:00,510.83
2025-03-04 07:00:00,690.81
2025-03-04 08:00:00,593.73
2025-03-04 09:00:00,424.08
2025-03-04 10:00:00,182.07
2025-03-04 11:00:00,5.02
2025-03-04 12:00:00,-43.29
2025-03-04 13:00:00,-70.27
2025-03-04 14:00:00,29.61
2025-03-04 15:00:00,306.22
2025-03-04 16:00:00,417.27
2025-03-04 17:00:00,606.12
2025-03-04 18:00:00,705.87
2025-03-04 19:00:00,664.34
2025-03-04 20:00:00,494.77
2025-03-04 21:00:00,384.98
2025-03-04 22:00:00,406.1
2025-03-04 23:00:00,379.12
2025-03-05 00:00:00,261.71
2025-03-05 01:00:00,234.32
2025-03-05 02:00:00,160.0
2025-03-05 03:00:00,163.53
2025-03-05 04:00:00,231.74
2025-03-05 05:00:00,263.92
2025-03-05 06:00:00,400.09
2025-03-05 07:00:00,433.89
2025-03-05 08:00:00,205.47
2025-03-05 09:00:00,-49.63
2025-03-05 10:00:00,-50.01
2025-03-05 11:00:00,-80.89
2025-03-05 12:00:00,-83.76
2025-03-05 13:00:00,-50.01
2025-03-05 14:00:00,-50.01
2025-03-05 15:00:00,110.53
2025-03-05 16:00:00,354.08
2025-03-05 17:00:00,545.54
2025-03-05 18:00:00,571.93
2025-03-05 19:00:00,585.28
2025-03-05 20:00:00,457.71
2025-03-05 21:00:00,350.0
2025-03-05 22:00:00,403.79
2025-03-05 23:00:00,340.32
2025-03-06 00:00:00,298.04
2025-03-06 01:00:00,304.61
2025-03-06 02:00:00,307.68
2025-03-06 03:00:00,330.03
2025-03-06 04:00:00,357.99
2025-03-06 05:00:00,371.95
2025-03-06 06:00:00,556.87
2025-03-06 07:00:00,632.15
2025-03-06 08:00:00,450.76
2025-03-06 09:00:00,314.62
2025-03-06 10:00:00,119.9
2025-03-06 11:00:00,11.84
2025-03-06 12:00:00,2.45
2025-03-06 13:00:00,1.12
2025-03-06 14:00:00,54.67
2025-03-06 15:00:00,368.71
2025-03-06 16:00:00,491.93
2025-03-06 17:00:00,609.01
2025-03-06 18:00:00,653.71
2025-03-06 19:00:00,583.37
2025-03-06 20:00:00,517.82
2025-03-06 21:00:00,399.58
2025-03-06 22:00:00,382.17
2025-03-06 23:00:00,336.85
2025-03-07 00:00:00,410.23
2025-03-07 01:00:00,416.45
2025-03-07 02:00:00,412.82
2025-03-07 03:00:00,411.02
2025-03-07 04:00:00,418.87
2025-03-07 05:00:00,487.33
2025-03-07 06:00:00,692.61
2025-03-07 07:00:00,626.99
2025-03-07 08:00:00,513.81
2025-03-07 09:00:00,363.91
2025-03-07 10:00:00,273.4
2025-03-07 11:00:00,132.86
2025-03-07 12:00:00,53.42
2025-03-07 13:00:00,256.74
2025-03-07 14:00:00,348.87
2025-03-07 15:00:00,421.46
2025-03-07 16:00:00,542.62
2025-03-07 17:00:00,743.31
2025-03-07 18:00:00,910.5
2025-03-07 19:00:00,770.54
2025-03-07 20:00:00,643.53
2025-03-07 21:00:00,563.97
2025-03-07 22:00:00,506.58
2025-03-07 23:00:00,470.95
2025-03-08 00:00:00,524.09
2025-03-08 01:00:00,480.03
2025-03-08 02:00:00,497.82
2025-03-08 03:00:00,492.14
2025-03-08 04:00:00,499.66
2025-03-08 05:00:00,512.06
2025-03-08 06:00:00,537.79
2025-03-08 07:00:00,505.34
2025-03-08 08:00:00,409.42
2025-03-08 09:00:00,302.93
2025-03-08 10:00:00,75.38
2025-03-08 11:00:00,8.89
2025-03-08 12:00:00,0.08
2025-03-08 13:00:00,-0.25
2025-03-08 14:00:00,0.29
2025-03-08 15:00:00,390.58
2025-03-08 16:00:00,746.5
2025-03-08 17:00:00,633.58
2025-03-08 18:00:00,733.14
2025-03-08 19:00:00,572.7
2025-03-08 20:00:00,498.61
2025-03-08 21:00:00,464.2
2025-03-08 22:00:00,493.23
2025-03-08 23:00:00,492.81
2025-03-09 00:00:00,389.7
2025-03-09 01:00:00,399.52
2025-03-09 02:00:00,399.85
2025-03-09 03:00:00,412.0
2025-03-09 04:00:00,421.57
2025-03-09 05:00:00,434.22
2025-03-09 06:00:00,429.13
2025-03-09 07:00:00,395.13
2025-03-09 08:00:00,276.7
2025-03-09 09:00:00,122.23
2025-03-09 10:00:00,42.18
2025-03-09 11:00:00,2.96
2025-03-09 12:00:00,-4.89
2025-03-09 13:00:00,-5.85
2025-03-09 14:00:00,1.38
2025-03-09 15:00:00,270.1
2025-03-09 16:00:00,383.57
2025-03-09 17:00:00,532.36
2025-03-09 18:00:00,566.68
2025-03-09 19:00:00,566.72
2025-03-09 20:00:00,538.95
2025-03-09 21:00:00,509.1
2025-03-09 22:00:00,471.76
2025-03-09 23:00:00,447.0
2025-03-10 00:00:00,405.78
2025-03-10 01:00:00,398.56
2025-03-10 02:00:00,405.16
2025-03-10 03:00:00,405.87
2025-03-10 04:00:00,398.6
2025-03-10 05:00:00,447.83
2025-03-10 06:00:00,624.77
2025-03-10 07:00:00,667.32
2025-03-10 08:00:00,559.25
2025-03-10 09:00:00,413.01
2025-03-10 10:00:00,330.53
2025-03-10 11:00:00,311.36
2025-03-10 12:00:00,317.46
2025-03-10 13:00:00,322.89
2025-03-10 14:00:00,351.95
2025-03-10 15:00:00,411.17
2025-03-10 16:00:00,538.62
2025-03-10 17:00:00,617.55
2025-03-10 18:00:00,751.97
2025-03-10 19:00:00,668.49
2025-03-10 20:00:00,593.16
2025-03-10 21:00:00,531.19
2025-03-10 22:00:00,447.63
2025-03-10 23:00:00,410.08
2025-03-11 00:00:00,439.21
2025-03-11 01:00:00,428.53
2025-03-11 02:00:00,418.74
2025-03-11 03:00:00,422.5
2025-03-11 04:00:00,432.47
2025-03-11 05:00:00,467.12
2025-03-11 06:00:00,616.05
2025-03-11 07:00:00,636.35
2025-03-11 08:00:00,538.07
2025-03-11 09:00:00,440.46
2025-03-11 10:00:00,426.94
2025-03-11 11:00:00,409.07
2025-03-11 12:00:00,405.18
2025-03-11 13:00:00,414.22
2025-03-11 14:00:00,431.46
2025-03-11 15:00:00,476.33
2025-03-11 16:00:00,565.11
2025-03-11 17:00:00,710.94
2025-03-11 18:00:00,847.44
2025-03-11 19:00:00,754.47
2025-03-11 20:00:00,625.39
2025-03-11 21:00:00,558.46
2025-03-11 22:00:00,509.78
2025-03-11 23:00:00,449.46
2025-03-12 00:00:00,427.49
2025-03-12 01:00:00,420.99
2025-03-12 02:00:00,410.95
2025-03-12 03:00:00,409.57
2025-03-12 04:00:00,429.68
2025-03-12 05:00:00,467.12
2025-03-12 06:00:00,601.19
2025-03-12 07:00:00,670.29
2025-03-12 08:00:00,585.87
2025-03-12 09:00:00,524.71
2025-03-12 10:00:00,428.12
2025-03-12 11:00:00,418.09
2025-03-12 12:00:00,411.63
2025-03-12 13:00:00,418.17
2025-03-12 14:00:00,426.44
2025-03-12 15:00:00,479.46
2025-03-12 16:00:00,588.1
2025-03-12 17:00:00,652.41
2025-03-12 18:00:00,856.96
2025-03-12 19:00:00,755.33
2025-03-12 20:00:00,622.27
2025-03-12 21:00:00,554.05
2025-03-12 22:00:00,503.72
2025-03-12 23:00:00,461.37
2025-03-13 00:00:00,454.79
2025-03-13 01:00:00,414.33
2025-03-13 02:00:00,388.2
2025-03-13 03:00:00,383.32
2025-03-13 04:00:00,402.23
2025-03-13 05:00:00,445.09
2025-03-13 06:00:00,559.2
2025-03-13 07:00:00,677.73
2025-03-13 08:00:00,676.68
2025-03-13 09:00:00,686.89
2025-03-13 10:00:00,535.09
2025-03-13 11:00:00,479.29
2025-03-13 12:00:00,479.83
2025-03-13 13:00:00,461.05
2025-03-13 14:00:00,462.06
2025-03-13 15:00:00,463.15
2025-03-13 16:00:00,511.22
2025-03-13 17:00:00,599.54
2025-03-13 18:00:00,669.75
2025-03-13 19:00:00,649.75
2025-03-13 20:00:00,562.78
2025-03-13 21:00:00,566.56
2025-03-13 22:00:00,504.12
2025-03-13 23:00:00,461.05
2025-03-14 00:00:00,457.74
2025-03-14 01:00:00,444.78
2025-03-14 02:00:00,444.36
2025-03-14 03:00:00,435.67
2025-03-14 04:00:00,441.84
2025-03-14 05:00:00,478.55
2025-03-14 06:00:00,600.66
2025-03-14 07:00:00,652.23
2025-03-14 08:00:00,663.68
2025-03-14 09:00:00,564.82
2025-03-14 10:00:00,480.61
2025-03-14 11:00:00,458.04
2025-03-14 12:00:00,447.04
2025-03-14 13:00:00,447.38
2025-03-14 14:00:00,455.39
2025-03-14 15:00:00,460.89
2025-03-14 16:00:00,527.31
2025-03-14 17:00:00,611.02
2025-03-14 18:00:00,649.79
2025-03-14 19:00:00,634.65
2025-03-14 20:00:00,545.52
2025-03-14 21:00:00,467.39
2025-03-14 22:00:00,478.34
2025-03-14 23:00:00,441.29
2025-03-15 00:00:00,532.86
2025-03-15 01:00:00,514.89
2025-03-15 02:00:00,490.28
2025-03-15 03:00:00,483.59
2025-03-15 04:00:00,483.43
2025-03-15 05:00:00,494.25
2025-03-15 06:00:00,520.54
2025-03-15 07:00:00,538.46
2025-03-15 08:00:00,438.8
2025-03-15 09:00:00,370.18
2025-03-15 10:00:00,296.08
2025-03-15 11:00:00,232.94
2025-03-15 12:00:00,237.16
2025-03-15 13:00:00,202.89
2025-03-15 14:00:00,284.42
2025-03-15 15:00:00,411.84
2025-03-15 16:00:00,624.09
2025-03-15 17:00:00,581.84
2025-03-15 18:00:00,662.41
2025-03-15 19:00:00,555.64
2025-03-15 20:00:00,507.58
2025-03-15 21:00:00,465.33
2025-03-15 22:00:00,545.9
2025-03-15 23:00:00,499.56
2025-03-16 00:00:00,427.18
2025-03-16 01:00:00,427.14
2025-03-16 02:00:00,420.28
2025-03-16 03:00:00,429.52
2025-03-16 04:00:00,426.97
2025-03-16 05:00:00,435.03
2025-03-16 06:00:00,450.5
2025-03-16 07:00:00,342.97
2025-03-16 08:00:00,325.75
2025-03-16 09:00:00,70.08
2025-03-16 10:00:00,-0.75
2025-03-16 11:00:00,-100.09
2025-03-16 12:00:00,-50.11
2025-03-16 13:00:00,-50.11
2025-03-16 14:00:00,-75.1
2025-03-16 15:00:00,129.55
2025-03-16 16:00:00,385.35
2025-03-16 17:00:00,574.24
2025-03-16 18:00:00,550.5
2025-03-16 19:00:00,585.06
2025-03-16 20:00:00,525.17
2025-03-16 21:00:00,452.0
2025-03-16 22:00:00,423.12
2025-03-16 23:00:00,336.74
2025-03-17 00:00:00,331.1
2025-03-17 01:00:00,333.9
2025-03-17 02:00:00,330.85
2025-03-17 03:00:00,338.12
2025-03-17 04:00:00,358.77
2025-03-17 05:00:00,431.69
2025-03-17 06:00:00,564.92
2025-03-17 07:00:00,638.84
2025-03-17 08:00:00,567.51
2025-03-17 09:00:00,380.87
2025-03-17 10:00:00,120.15
2025-03-17 11:00:00,-69.83
2025-03-17 12:00:00,-15.0
2025-03-17 13:00:00,151.91
2025-03-17 14:00:00,209.83
2025-03-17 15:00:00,344.93
2025-03-17 16:00:00,422.46
2025-03-17 17:00:00,612.47
2025-03-17 18:00:00,738.68
2025-03-17 19:00:00,710.43
2025-03-17 20:00:00,591.33
2025-03-17 21:00:00,497.89
2025-03-17 22:00:00,451.62
2025-03-17 23:00:00,390.74
2025-03-18 00:00:00,484.11
2025-03-18 01:00:00,422.24
2025-03-18 02:00:00,403.02
2025-03-18 03:00:00,374.95
2025-03-18 04:00:00,402.4
2025-03-18 05:00:00,467.28
2025-03-18 06:00:00,584.96
2025-03-18 07:00:00,571.01
2025-03-18 08:00:00,413.05
2025-03-18 09:00:00,261.98
2025-03-18 10:00:00,49.97
2025-03-18 11:00:00,0.0
2025-03-18 12:00:00,-28.32
2025-03-18 13:00:00,-35.34
2025-03-18 14:00:00,0.92
2025-03-18 15:00:00,182.86
2025-03-18 16:00:00,406.45
2025-03-18 17:00:00,600.88
2025-03-18 18:00:00,718.94
2025-03-18 19:00:00,698.51
2025-03-18 20:00:00,606.48
2025-03-18 21:00:00,516.57
2025-03-18 22:00:00,488.71
2025-03-18 23:00:00,472.54
2025-03-19 00:00:00,453.44
2025-03-19 01:00:00,423.57
2025-03-19 02:00:00,416.46
2025-03-19 03:00:00,428.12
2025-03-19 04:00:00,447.71
2025-03-19 05:00:00,518.69
2025-03-19 06:00:00,667.5
2025-03-19 07:00:00,618.74
2025-03-19 08:00:00,455.86
2025-03-19 09:00:00,191.63
2025-03-19 10:00:00,-71.77
2025-03-19 11:00:00,-19.89
2025-03-19 12:00:00,-26.11
2025-03-19 13:00:00,-19.97
2025-03-19 14:00:00,-31.88
2025-03-19 15:00:00,275.97
2025-03-19 16:00:00,470.61
2025-03-19 17:00:00,719.3
2025-03-19 18:00:00,1061.95
2025-03-19 19:00:00,925.88
2025-03-19 20:00:00,742.11
2025-03-19 21:00:00,592.47
2025-03-19 22:00:00,531.77
2025-03-19 23:00:00,468.73
2025-03-20 00:00:00,503.17
2025-03-20 01:00:00,439.46
2025-03-20 02:00:00,424.19
2025-03-20 03:00:00,428.3
2025-03-20 04:00:00,443.65
2025-03-20 05:00:00,512.74
2025-03-20 06:00:00,621.79
2025-03-20 07:00:00,594.86
2025-03-20 08:00:00,420.62
2025-03-20 09:00:00,332.04
2025-03-20 10:00:00,161.74
2025-03-20 11:00:00,14.35
2025-03-20 12:00:00,1.8
2025-03-20 13:00:00,2.73
2025-03-20 14:00:00,70.38
2025-03-20 15:00:00,335.1
2025-03-20 16:00:00,508.79
2025-03-20 17:00:00,682.82
2025-03-20 18:00:00,1174.46
2025-03-20 19:00:00,1064.44
2025-03-20 20:00:00,708.2
2025-03-20 21:00:00,579.64
2025-03-20 22:00:00,533.2
2025-03-20 23:00:00,489.71
2025-03-21 00:00:00,531.7
2025-03-21 01:00:00,491.83
2025-03-21 02:00:00,488.93
2025-03-21 03:00:00,492.08
2025-03-21 04:00:00,483.35
2025-03-21 05:00:00,555.42
2025-03-21 06:00:00,692.92
2025-03-21 07:00:00,623.12
2025-03-21 08:00:00,466.81
2025-03-21 09:00:00,313.45
2025-03-21 10:00:00,183.59
2025-03-21 11:00:00,30.93
2025-03-21 12:00:00,4.99
2025-03-21 13:00:00,0.42
2025-03-21 14:00:00,126.04
2025-03-21 15:00:00,412.96
2025-03-21 16:00:00,524.15
2025-03-21 17:00:00,753.57
2025-03-21 18:00:00,820.34
2025-03-21 19:00:00,638.02
2025-03-21 20:00:00,489.27
2025-03-21 21:00:00,370.19
2025-03-21 22:00:00,436.13
2025-03-21 23:00:00,419.47
2025-03-22 00:00:00,431.96
2025-03-22 01:00:00,429.95
2025-03-22 02:00:00,390.03
2025-03-22 03:00:00,368.11
2025-03-22 04:00:00,373.49
2025-03-22 05:00:00,379.66
2025-03-22 06:00:00,371.01
2025-03-22 07:00:00,156.08
2025-03-22 08:00:00,-34.17
2025-03-22 09:00:00,-21.2
2025-03-22 10:00:00,-6.76
2025-03-22 11:00:00,-81.98
2025-03-22 12:00:00,-77.54
2025-03-22 13:00:00,-50.04
2025-03-22 14:00:00,-115.99
2025-03-22 15:00:00,-40.01
2025-03-22 16:00:00,87.44
2025-03-22 17:00:00,383.69
2025-03-22 18:00:00,415.89
2025-03-22 19:00:00,412.4
2025-03-22 20:00:00,328.23
2025-03-22 21:00:00,261.4
2025-03-22 22:00:00,212.62
2025-03-22 23:00:00,78.04
2025-03-23 00:00:00,13.73
2025-03-23 01:00:00,17.59
2025-03-23 02:00:00,12.51
2025-03-23 03:00:00,18.64
2025-03-23 04:00:00,38.54
2025-03-23 05:00:00,37.91
2025-03-23 06:00:00,20.99
2025-03-23 07:00:00,16.25
2025-03-23 08:00:00,24.39
2025-03-23 09:00:00,97.94
2025-03-23 10:00:00,57.85
2025-03-23 11:00:00,40.3
2025-03-23 12:00:00,56.63
2025-03-23 13:00:00,21.03
2025-03-23 14:00:00,141.6
2025-03-23 15:00:00,360.05
2025-03-23 16:00:00,446.03
2025-03-23 17:00:00,530.24
2025-03-23 18:00:00,594.46
2025-03-23 19:00:00,600.09
2025-03-23 20:00:00,593.83
2025-03-23 21:00:00,548.25
2025-03-23 22:00:00,530.15
2025-03-23 23:00:00,479.57
2025-03-24 00:00:00,467.14
2025-03-24 01:00:00,449.6
2025-03-24 02:00:00,427.26
2025-03-24 03:00:00,414.42
2025-03-24 04:00:00,427.01
2025-03-24 05:00:00,502.07
2025-03-24 06:00:00,594.84
2025-03-24 07:00:00,690.3
2025-03-24 08:00:00,680.73
2025-03-24 09:00:00,568.35
2025-03-24 10:00:00,467.23
2025-03-24 11:00:00,454.93
2025-03-24 12:00:00,433.52
2025-03-24 13:00:00,437.3
2025-03-24 14:00:00,465.67
2025-03-24 15:00:00,502.07
2025-03-24 16:00:00,557.31
2025-03-24 17:00:00,650.59
2025-03-24 18:00:00,922.53
2025-03-24 19:00:00,813.47
2025-03-24 20:00:00,679.72
2025-03-24 21:00:00,582.84
2025-03-24 22:00:00,527.93
2025-03-24 23:00:00,483.47
2025-03-25 00:00:00,428.99
2025-03-25 01:00:00,426.44
2025-03-25 02:00:00,419.7
2025-03-25 03:00:00,433.38
2025-03-25 04:00:00,431.2
2025-03-25 05:00:00,453.38
2025-03-25 06:00:00,575.48
2025-03-25 07:00:00,597.11
2025-03-25 08:00:00,532.98
2025-03-25 09:00:00,414.51
2025-03-25 10:00:00,306.46
2025-03-25 11:00:00,189.88
2025-03-25 12:00:00,163.69
2025-03-25 13:00:00,170.09
2025-03-25 14:00:00,295.21
2025-03-25 15:00:00,395.61
2025-03-25 16:00:00,459.69
2025-03-25 17:00:00,610.54
2025-03-25 18:00:00,814.51
2025-03-25 19:00:00,761.84
2025-03-25 20:00:00,621.62
2025-03-25 21:00:00,498.85
2025-03-25 22:00:00,482.53
2025-03-25 23:00:00,426.9
2025-03-26 00:00:00,420.89
2025-03-26 01:00:00,409.22
2025-03-26 02:00:00,407.14
2025-03-26 03:00:00,404.39
2025-03-26 04:00:00,409.06
2025-03-26 05:00:00,415.35
2025-03-26 06:00:00,534.72
2025-03-26 07:00:00,595.17
2025-03-26 08:00:00,572.46
2025-03-26 09:00:00,466.01
2025-03-26 10:00:00,416.52
2025-03-26 11:00:00,402.43
2025-03-26 12:00:00,415.77
2025-03-26 13:00:00,421.43
2025-03-26 14:00:00,451.22
2025-03-26 15:00:00,437.39
2025-03-26 16:00:00,512.8
2025-03-26 17:00:00,576.63
2025-03-26 18:00:00,685.87
2025-03-26 19:00:00,711.29
2025-03-26 20:00:00,646.71
2025-03-26 21:00:00,543.34
2025-03-26 22:00:00,508.55
2025-03-26 23:00:00,457.1
2025-03-27 00:00:00,437.33
2025-03-27 01:00:00,412.69
2025-03-27 02:00:00,407.56
2025-03-27 03:00:00,411.77
2025-03-27 04:00:00,405.73
2025-03-27 05:00:00,437.91
2025-03-27 06:00:00,543.79
2025-03-27 07:00:00,584.02
2025-03-27 08:00:00,514.82
2025-03-27 09:00:00,463.72
2025-03-27 10:00:00,429.82
2025-03-27 11:00:00,396.31
2025-03-27 12:00:00,363.13
2025-03-27 13:00:00,364.84
2025-03-27 14:00:00,364.46
2025-03-27 15:00:00,411.77
2025-03-27 16:00:00,399.81
2025-03-27 17:00:00,543.67
2025-03-27 18:00:00,669.1
2025-03-27 19:00:00,718.37
2025-03-27 20:00:00,591.52
2025-03-27 21:00:00,519.57
2025-03-27 22:00:00,472.3
2025-03-27 23:00:00,420.74
2025-03-28 00:00:00,524.46
2025-03-28 01:00:00,469.97
2025-03-28 02:00:00,470.01
2025-03-28 03:00:00,450.52
2025-03-28 04:00:00,476.59
2025-03-28 05:00:00,497.51
2025-03-28 06:00:00,545.92
2025-03-28 07:00:00,551.95
2025-03-28 08:00:00,427.85
2025-03-28 09:00:00,310.87
2025-03-28 10:00:00,-45.94
2025-03-28 11:00:00,-137.89
2025-03-28 12:00:00,-119.16
2025-03-28 13:00:00,-104.28
2025-03-28 14:00:00,-93.97
2025-03-28 15:00:00,291.46
2025-03-28 16:00:00,436.4
2025-03-28 17:00:00,554.93
2025-03-28 18:00:00,698.98
2025-03-28 19:00:00,697.35
2025-03-28 20:00:00,625.01
2025-03-28 21:00:00,527.94
2025-03-28 22:00:00,497.13
2025-03-28 23:00:00,462.89
2025-03-29 00:00:00,482.26
2025-03-29 01:00:00,440.4
2025-03-29 02:00:00,409.45
2025-03-29 03:00:00,408.4
2025-03-29 04:00:00,408.11
2025-03-29 05:00:00,391.34
2025-03-29 06:00:00,416.89
2025-03-29 07:00:00,417.02
2025-03-29 08:00:00,366.75
2025-03-29 09:00:00,297.25
2025-03-29 10:00:00,11.67
2025-03-29 11:00:00,4.52
2025-03-29 12:00:00,21.91
2025-03-29 13:00:00,-79.96
2025-03-29 14:00:00,64.82
2025-03-29 15:00:00,343.5
2025-03-29 16:00:00,573.13
2025-03-29 17:00:00,578.4
2025-03-29 18:00:00,625.32
2025-03-29 19:00:00,647.61
2025-03-29 20:00:00,574.51
2025-03-29 21:00:00,575.3
2025-03-29 22:00:00,600.31
2025-03-29 23:00:00,422.5
2025-03-30 00:00:00,450.18
2025-03-30 01:00:00,428.14
2025-03-30 02:00:00,425.445
2025-03-30 03:00:00,422.75
2025-03-30 04:00:00,419.78
2025-03-30 05:00:00,408.91
2025-03-30 06:00:00,413.09
2025-03-30 07:00:00,422.33
2025-03-30 08:00:00,346.01
2025-03-30 09:00:00,93.21
2025-03-30 10:00:00,-9.37
2025-03-30 11:00:00,-27.06
2025-03-30 12:00:00,-72.31
2025-03-30 13:00:00,-103.17
2025-03-30 14:00:00,-38.68
2025-03-30 15:00:00,130.73
2025-03-30 16:00:00,370.06
2025-03-30 17:00:00,498.65
2025-03-30 18:00:00,570.24
2025-03-30 19:00:00,625.19
2025-03-30 20:00:00,675.46
2025-03-30 21:00:00,623.9
2025-03-30 22:00:00,500.16
2025-03-30 23:00:00,418.44
2025-03-31 00:00:00,344.17
2025-03-31 01:00:00,328.95
2025-03-31 02:00:00,350.11
2025-03-31 03:00:00,374.03
2025-03-31 04:00:00,344.42
2025-03-31 05:00:00,422.71
2025-03-31 06:00:00,645.06
2025-03-31 07:00:00,901.28
2025-03-31 08:00:00,750.48
2025-03-31 09:00:00,564.85
2025-03-31 10:00:00,467.58
2025-03-31 11:00:00,423.79
2025-03-31 12:00:00,376.04
2025-03-31 13:00:00,367.76
2025-03-31 14:00:00,345.47
2025-03-31 15:00:00,333.42
2025-03-31 16:00:00,341.08
2025-03-31 17:00:00,446.25
2025-03-31 18:00:00,574.93
2025-03-31 19:00:00,864.32
2025-03-31 20:00:00,781.76
2025-03-31 21:00:00,566.56
2025-03-31 22:00:00,483.13
2025-03-31 23:00:00,428.18
2025-04-01 00:00:00,426.76
2025-04-01 01:00:00,400.65
2025-04-01 02:00:00,392.12
2025-04-01 03:00:00,407.26
2025-04-01 04:00:00,410.78
2025-04-01 05:00:00,426.26
2025-04-01 06:00:00,546.92
2025-04-01 07:00:00,748.46
2025-04-01 08:00:00,666.79
2025-04-01 09:00:00,597.46
2025-04-01 10:00:00,410.11
2025-04-01 11:00:00,415.42
2025-04-01 12:00:00,416.38
2025-04-01 13:00:00,399.9
2025-04-01 14:00:00,410.27
2025-04-01 15:00:00,416.88
2025-04-01 16:00:00,449.94
2025-04-01 17:00:00,544.45
2025-04-01 18:00:00,539.56
2025-04-01 19:00:00,680.3
2025-04-01 20:00:00,586.54
2025-04-01 21:00:00,471.61
2025-04-01 22:00:00,431.57
2025-04-01 23:00:00,420.23
2025-04-02 00:00:00,455.48
2025-04-02 01:00:00,449.46
2025-04-02 02:00:00,423.99
2025-04-02 03:00:00,423.24
2025-04-02 04:00:00,451.84
2025-04-02 05:00:00,439.38
2025-04-02 06:00:00,500.02
2025-04-02 07:00:00,637.52
2025-04-02 08:00:00,524.1
2025-04-02 09:00:00,353.15
2025-04-02 10:00:00,175.18
2025-04-02 11:00:00,-141.97
2025-04-02 12:00:00,-90.16
2025-04-02 13:00:00,-72.89
2025-04-02 14:00:00,-32.62
2025-04-02 15:00:00,-48.34
2025-04-02 16:00:00,70.84
2025-04-02 17:00:00,389.45
2025-04-02 18:00:00,541.58
2025-04-02 19:00:00,697.69
2025-04-02 20:00:00,613.64
2025-04-02 21:00:00,452.68
2025-04-02 22:00:00,422.07
2025-04-02 23:00:00,448.5
2025-04-03 00:00:00,450.08
2025-04-03 01:00:00,430.48
2025-04-03 02:00:00,433.74
2025-04-03 03:00:00,442.47
2025-04-03 04:00:00,458.31
2025-04-03 05:00:00,450.08
2025-04-03 06:00:00,574.37
2025-04-03 07:00:00,686.72
2025-04-03 08:00:00,557.11
2025-04-03 09:00:00,330.63
2025-04-03 10:00:00,170.94
2025-04-03 11:00:00,-15.42
2025-04-03 12:00:00,-6.1
2025-04-03 13:00:00,-33.89
2025-04-03 14:00:00,-22.49
2025-04-03 15:00:00,-2.42
2025-04-03 16:00:00,375.77
2025-04-03 17:00:00,637.73
2025-04-03 18:00:00,596.9
2025-04-03 19:00:00,940.82
2025-04-03 20:00:00,882.94
2025-04-03 21:00:00,591.01
2025-04-03 22:00:00,481.63
2025-04-03 23:00:00,441.39
2025-04-04 00:00:00,458.49
2025-04-04 01:00:00,437.05
2025-04-04 02:00:00,437.76
2025-04-04 03:00:00,438.89
2025-04-04 04:00:00,451.3
2025-04-04 05:00:00,475.96
2025-04-04 06:00:00,643.66
2025-04-04 07:00:00,758.88
2025-04-04 08:00:00,587.37
2025-04-04 09:00:00,401.86
2025-04-04 10:00:00,271.47
2025-04-04 11:00:00,32.68
2025-04-04 12:00:00,0.0
2025-04-04 13:00:00,-5.31
2025-04-04 14:00:00,-4.76
2025-04-04 15:00:00,-3.39
2025-04-04 16:00:00,295.13
2025-04-04 17:00:00,471.95
2025-04-04 18:00:00,535.72
2025-04-04 19:00:00,721.9
2025-04-04 20:00:00,672.84
2025-04-04 21:00:00,510.44
2025-04-04 22:00:00,439.81
2025-04-04 23:00:00,405.83
2025-04-05 00:00:00,469.32
2025-04-05 01:00:00,440.06
2025-04-05 02:00:00,426.87
2025-04-05 03:00:00,428.23
2025-04-05 04:00:00,424.07
2025-04-05 05:00:00,420.13
2025-04-05 06:00:00,446.08
2025-04-05 07:00:00,457.15
2025-04-05 08:00:00,424.75
2025-04-05 09:00:00,243.35
2025-04-05 10:00:00,2.8
2025-04-05 11:00:00,-3.69
2025-04-05 12:00:00,-91.84
2025-04-05 13:00:00,-207.86
2025-04-05 14:00:00,-218.33
2025-04-05 15:00:00,-123.77
2025-04-05 16:00:00,-3.1
2025-04-05 17:00:00,77.17
2025-04-05 18:00:00,325.61
2025-04-05 19:00:00,464.1
2025-04-05 20:00:00,431.07
2025-04-05 21:00:00,357.29
2025-04-05 22:00:00,334.94
2025-04-05 23:00:00,291.52
2025-04-06 00:00:00,298.73
2025-04-06 01:00:00,260.23
2025-04-06 02:00:00,265.02
2025-04-06 03:00:00,287.32
2025-04-06 04:00:00,300.93
2025-04-06 05:00:00,330.28
2025-04-06 06:00:00,330.66
2025-04-06 07:00:00,337.36
2025-04-06 08:00:00,179.7
2025-04-06 09:00:00,0.42
2025-04-06 10:00:00,-8.48
2025-04-06 11:00:00,-116.95
2025-04-06 12:00:00,-254.29
2025-04-06 13:00:00,-392.65
2025-04-06 14:00:00,-341.98
2025-04-06 15:00:00,-195.27
2025-04-06 16:00:00,-46.47
2025-04-06 17:00:00,138.91
2025-04-06 18:00:00,530.21
2025-04-06 19:00:00,678.32
2025-04-06 20:00:00,586.05
2025-04-06 21:00:00,523.3
2025-04-06 22:00:00,479.32
2025-04-06 23:00:00,428.52
2025-04-07 00:00:00,373.99
2025-04-07 01:00:00,367.55
2025-04-07 02:00:00,352.88
2025-04-07 03:00:00,361.36
2025-04-07 04:00:00,368.99
2025-04-07 05:00:00,424.84
2025-04-07 06:00:00,559.55
2025-04-07 07:00:00,775.25
2025-04-07 08:00:00,612.85
2025-04-07 09:00:00,457.27
2025-04-07 10:00:00,356.48
2025-04-07 11:00:00,276.21
2025-04-07 12:00:00,265.15
2025-04-07 13:00:00,293.85
2025-04-07 14:00:00,335.41
2025-04-07 15:00:00,307.93
2025-04-07 16:00:00,353.81
2025-04-07 17:00:00,458.59
2025-04-07 18:00:00,608.74
2025-04-07 19:00:00,759.01
2025-04-07 20:00:00,754.73
2025-04-07 21:00:00,603.1
2025-04-07 22:00:00,519.95
2025-04-07 23:00:00,452.61
2025-04-08 00:00:00,408.13
2025-04-08 01:00:00,380.93
2025-04-08 02:00:00,386.73
2025-04-08 03:00:00,391.67
2025-04-08 04:00:00,399.28
2025-04-08 05:00:00,465.03
2025-04-08 06:00:00,632.42
2025-04-08 07:00:00,780.17
2025-04-08 08:00:00,587.77
2025-04-08 09:00:00,392.28
2025-04-08 10:00:00,313.59
2025-04-08 11:00:00,148.26
2025-04-08 12:00:00,-29.31
2025-04-08 13:00:00,-49.98
2025-04-08 14:00:00,8.51
2025-04-08 15:00:00,191.93
2025-04-08 16:00:00,322.4
2025-04-08 17:00:00,407.75
2025-04-08 18:00:00,539.72
2025-04-08 19:00:00,899.51
2025-04-08 20:00:00,977.42
2025-04-08 21:00:00,624.81
2025-04-08 22:00:00,526.44
2025-04-08 23:00:00,462.41
2025-04-09 00:00:00,468.54
2025-04-09 01:00:00,429.03
2025-04-09 02:00:00,417.52
2025-04-09 03:00:00,418.72
2025-04-09 04:00:00,422.59
2025-04-09 05:00:00,491.6
2025-04-09 06:00:00,676.57
2025-04-09 07:00:00,762.98
2025-04-09 08:00:00,563.88
2025-04-09 09:00:00,422.37
2025-04-09 10:00:00,357.91
2025-04-09 11:00:00,228.64
2025-04-09 12:00:00,51.41
2025-04-09 13:00:00,50.72
2025-04-09 14:00:00,156.54
2025-04-09 15:00:00,281.81
2025-04-09 16:00:00,331.41
2025-04-09 17:00:00,398.41
2025-04-09 18:00:00,497.44
2025-04-09 19:00:00,572.51
2025-04-09 20:00:00,632.68
2025-04-09 21:00:00,485.63
2025-04-09 22:00:00,431.26
2025-04-09 23:00:00,407.86
2025-04-10 00:00:00,405.7
2025-04-10 01:00:00,389.64
2025-04-10 02:00:00,387.63
2025-04-10 03:00:00,384.42
2025-04-10 04:00:00,393.8
2025-04-10 05:00:00,428.14
2025-04-10 06:00:00,595.38
2025-04-10 07:00:00,741.35
2025-04-10 08:00:00,584.81
2025-04-10 09:00:00,441.84
2025-04-10 10:00:00,373.89
2025-04-10 11:00:00,290.91
2025-04-10 12:00:00,147.59
2025-04-10 13:00:00,8.86
2025-04-10 14:00:00,0.34
2025-04-10 15:00:00,6.72
2025-04-10 16:00:00,236.36
2025-04-10 17:00:00,406.34
2025-04-10 18:00:00,484.53
2025-04-10 19:00:00,768.28
2025-04-10 20:00:00,882.26
2025-04-10 21:00:00,595.08
2025-04-10 22:00:00,420.09
2025-04-10 23:00:00,375.81
2025-04-11 00:00:00,303.03
2025-04-11 01:00:00,284.86
2025-04-11 02:00:00,263.45
2025-04-11 03:00:00,266.14
2025-04-11 04:00:00,266.87
2025-04-11 05:00:00,327.29
2025-04-11 06:00:00,425.08
2025-04-11 07:00:00,475.61
2025-04-11 08:00:00,372.32
2025-04-11 09:00:00,387.68
2025-04-11 10:00:00,394.37
2025-04-11 11:00:00,390.58
2025-04-11 12:00:00,408.27
2025-04-11 13:00:00,435.48
2025-04-11 14:00:00,474.71
2025-04-11 15:00:00,515.65
2025-04-11 16:00:00,542.77
2025-04-11 17:00:00,666.99
2025-04-11 18:00:00,545.16
2025-04-11 19:00:00,707.59
2025-04-11 20:00:00,754.16
2025-04-11 21:00:00,630.41
2025-04-11 22:00:00,554.5
2025-04-11 23:00:00,459.36
2025-04-12 00:00:00,467.36
2025-04-12 01:00:00,452.88
2025-04-12 02:00:00,437.63
2025-04-12 03:00:00,426.71
2025-04-12 04:00:00,430.41
2025-04-12 05:00:00,431.01
2025-04-12 06:00:00,456.19
2025-04-12 07:00:00,436.17
2025-04-12 08:00:00,414.85
2025-04-12 09:00:00,323.15
2025-04-12 10:00:00,219.16
2025-04-12 11:00:00,0.0
2025-04-12 12:00:00,-37.39
2025-04-12 13:00:00,-140.35
2025-04-12 14:00:00,-103.43
2025-04-12 15:00:00,17.36
2025-04-12 16:00:00,275.79
2025-04-12 17:00:00,469.04
2025-04-12 18:00:00,499.76
2025-04-12 19:00:00,696.92
2025-04-12 20:00:00,899.75
2025-04-12 21:00:00,602.34
2025-04-12 22:00:00,449.96
2025-04-12 23:00:00,352.89
2025-04-13 00:00:00,372.18
2025-04-13 01:00:00,328.13
2025-04-13 02:00:00,304.37
2025-04-13 03:00:00,302.57
2025-04-13 04:00:00,300.25
2025-04-13 05:00:00,317.39
2025-04-13 06:00:00,232.82
2025-04-13 07:00:00,230.93
2025-04-13 08:00:00,54.62
2025-04-13 09:00:00,36.23
2025-04-13 10:00:00,0.0
2025-04-13 11:00:00,-0.09
2025-04-13 12:00:00,-13.62
2025-04-13 13:00:00,-80.96
2025-04-13 14:00:00,-109.06
2025-04-13 15:00:00,-42.67
2025-04-13 16:00:00,-0.04
2025-04-13 17:00:00,224.31
2025-04-13 18:00:00,444.98
2025-04-13 19:00:00,575.65
2025-04-13 20:00:00,521.16
2025-04-13 21:00:00,542.48
2025-04-13 22:00:00,449.27
2025-04-13 23:00:00,413.61
2025-04-14 00:00:00,384.69
2025-04-14 01:00:00,362.98
2025-04-14 02:00:00,360.15
2025-04-14 03:00:00,384.38
2025-04-14 04:00:00,388.17
2025-04-14 05:00:00,428.86
2025-04-14 06:00:00,537.41
2025-04-14 07:00:00,656.1
2025-04-14 08:00:00,619.31
2025-04-14 09:00:00,433.72
2025-04-14 10:00:00,345.97
2025-04-14 11:00:00,288.9
2025-04-14 12:00:00,237.16
2025-04-14 13:00:00,236.3
2025-04-14 14:00:00,266.51
2025-04-14 15:00:00,345.19
2025-04-14 16:00:00,397.19
2025-04-14 17:00:00,442.35
2025-04-14 18:00:00,553.48
2025-04-14 19:00:00,986.21
2025-04-14 20:00:00,942.93
2025-04-14 21:00:00,461.99
2025-04-14 22:00:00,374.11
2025-04-14 23:00:00,341.46
2025-04-15 00:00:00,336.26
2025-04-15 01:00:00,350.34
2025-04-15 02:00:00,380.36
2025-04-15 03:00:00,386.31
2025-04-15 04:00:00,390.84
2025-04-15 05:00:00,341.14
2025-04-15 06:00:00,490.43
2025-04-15 07:00:00,491.15
2025-04-15 08:00:00,439.44
2025-04-15 09:00:00,404.66
2025-04-15 10:00:00,283.39
2025-04-15 11:00:00,41.45
2025-04-15 12:00:00,5.0
2025-04-15 13:00:00,10.18
2025-04-15 14:00:00,148.6
2025-04-15 15:00:00,320.05
2025-04-15 16:00:00,397.82
2025-04-15 17:00:00,399.66
2025-04-15 18:00:00,462.62
2025-04-15 19:00:00,590.48
2025-04-15 20:00:00,622.73
2025-04-15 21:00:00,483.33
2025-04-15 22:00:00,453.21
2025-04-15 23:00:00,398.29
2025-04-16 00:00:00,382.12
2025-04-16 01:00:00,357.87
2025-04-16 02:00:00,359.5
2025-04-16 03:00:00,360.01
2025-04-16 04:00:00,403.38
2025-04-16 05:00:00,438.32
2025-04-16 06:00:00,527.23
2025-04-16 07:00:00,580.39
2025-04-16 08:00:00,601.26
2025-04-16 09:00:00,363.86
2025-04-16 10:00:00,211.31
2025-04-16 11:00:00,140.36
2025-04-16 12:00:00,74.41
2025-04-16 13:00:00,44.52
2025-04-16 14:00:00,49.57
2025-04-16 15:00:00,198.48
2025-04-16 16:00:00,401.03
2025-04-16 17:00:00,574.96
2025-04-16 18:00:00,508.41
2025-04-16 19:00:00,849.78
2025-04-16 20:00:00,874.97
2025-04-16 21:00:00,520.56
2025-04-16 22:00:00,470.39
2025-04-16 23:00:00,425.62
2025-04-17 00:00:00,413.5
2025-04-17 01:00:00,401.84
2025-04-17 02:00:00,385.88
2025-04-17 03:00:00,390.52
2025-04-17 04:00:00,411.74
2025-04-17 05:00:00,397.88
2025-04-17 06:00:00,588.43
2025-04-17 07:00:00,533.95
2025-04-17 08:00:00,539.81
2025-04-17 09:00:00,402.49
2025-04-17 10:00:00,283.11
2025-04-17 11:00:00,49.83
2025-04-17 12:00:00,-51.3
2025-04-17 13:00:00,-78.15
2025-04-17 14:00:00,44.32
2025-04-17 15:00:00,314.57
2025-04-17 16:00:00,372.28
2025-04-17 17:00:00,428.78
2025-04-17 18:00:00,491.14
2025-04-17 19:00:00,564.21
2025-04-17 20:00:00,533.82
2025-04-17 21:00:00,491.95
2025-04-17 22:00:00,448.02
2025-04-17 23:00:00,416.09
2025-04-18 00:00:00,388.27
2025-04-18 01:00:00,348.65
2025-04-18 02:00:00,337.54
2025-04-18 03:00:00,333.98
2025-04-18 04:00:00,400.96
2025-04-18 05:00:00,410.74
2025-04-18 06:00:00,394.23
2025-04-18 07:00:00,372.62
2025-04-18 08:00:00,382.52
2025-04-18 09:00:00,385.57
2025-04-18 10:00:00,383.08
2025-04-18 11:00:00,369.53
2025-04-18 12:00:00,332.83
2025-04-18 13:00:00,287.8
2025-04-18 14:00:00,300.28
2025-04-18 15:00:00,398.95
2025-04-18 16:00:00,452.37
2025-04-18 17:00:00,392.21
2025-04-18 18:00:00,453.19
2025-04-18 19:00:00,547.78
2025-04-18 20:00:00,626.76
2025-04-18 21:00:00,507.56
2025-04-18 22:00:00,464.94
2025-04-18 23:00:00,434.32
2025-04-19 00:00:00,520.47
2025-04-19 01:00:00,445.02
2025-04-19 02:00:00,426.22
2025-04-19 03:00:00,405.66
2025-04-19 04:00:00,420.05
2025-04-19 05:00:00,395.68
2025-04-19 06:00:00,436.79
2025-04-19 07:00:00,457.61
2025-04-19 08:00:00,525.05
2025-04-19 09:00:00,405.96
2025-04-19 10:00:00,325.84
2025-04-19 11:00:00,152.06
2025-04-19 12:00:00,0.0
2025-04-19 13:00:00,-11.95
2025-04-19 14:00:00,37.98
2025-04-19 15:00:00,188.85
2025-04-19 16:00:00,339.59
2025-04-19 17:00:00,550.15
2025-04-19 18:00:00,625.56
2025-04-19 19:00:00,559.87
2025-04-19 20:00:00,661.74
2025-04-19 21:00:00,559.27
2025-04-19 22:00:00,481.54
2025-04-19 23:00:00,450.07
2025-04-20 00:00:00,433.71
2025-04-20 01:00:00,433.88
2025-04-20 02:00:00,419.97
2025-04-20 03:00:00,420.69
2025-04-20 04:00:00,423.48
2025-04-20 05:00:00,448.06
2025-04-20 06:00:00,449.86
2025-04-20 07:00:00,378.3
2025-04-20 08:00:00,277.75
2025-04-20 09:00:00,29.38
2025-04-20 10:00:00,-2.87
2025-04-20 11:00:00,-122.39
2025-04-20 12:00:00,-324.34
2025-04-20 13:00:00,-345.07
2025-04-20 14:00:00,-220.07
2025-04-20 15:00:00,-31.35
2025-04-20 16:00:00,0.0
2025-04-20 17:00:00,297.32
2025-04-20 18:00:00,516.87
2025-04-20 19:00:00,650.18
2025-04-20 20:00:00,613.82
2025-04-20 21:00:00,577.81
2025-04-20 22:00:00,521.54
2025-04-20 23:00:00,474.86
2025-04-21 00:00:00,463.43
2025-04-21 01:00:00,421.34
2025-04-21 02:00:00,411.44
2025-04-21 03:00:00,412.6
2025-04-21 04:00:00,421.38
2025-04-21 05:00:00,421.94
2025-04-21 06:00:00,411.44
2025-04-21 07:00:00,385.45
2025-04-21 08:00:00,345.2
2025-04-21 09:00:00,213.77
2025-04-21 10:00:00,94.72
2025-04-21 11:00:00,46.68
2025-04-21 12:00:00,-57.34
2025-04-21 13:00:00,-91.08
2025-04-21 14:00:00,-1.84
2025-04-21 15:00:00,40.98
2025-04-21 16:00:00,206.02
2025-04-21 17:00:00,365.15
2025-04-21 18:00:00,486.9
2025-04-21 19:00:00,520.94
2025-04-21 20:00:00,599.95
2025-04-21 21:00:00,565.69
2025-04-21 22:00:00,525.74
2025-04-21 23:00:00,456.11
2025-04-22 00:00:00,413.63
2025-04-22 01:00:00,381.85
2025-04-22 02:00:00,376.16
2025-04-22 03:00:00,365.62
2025-04-22 04:00:00,363.95
2025-04-22 05:00:00,422.02
2025-04-22 06:00:00,523.43
2025-04-22 07:00:00,650.05
2025-04-22 08:00:00,612.97
2025-04-22 09:00:00,460.3
2025-04-22 10:00:00,394.31
2025-04-22 11:00:00,352.82
2025-04-22 12:00:00,329.57
2025-04-22 13:00:00,287.09
2025-04-22 14:00:00,307.21
2025-04-22 15:00:00,337.02
2025-04-22 16:00:00,360.57
2025-04-22 17:00:00,436.02
2025-04-22 18:00:00,627.27
2025-04-22 19:00:00,959.75
2025-04-22 20:00:00,1178.36
2025-04-22 21:00:00,673.52
2025-04-22 22:00:00,528.48
2025-04-22 23:00:00,480.3
2025-04-23 00:00:00,465.42
2025-04-23 01:00:00,431.48
2025-04-23 02:00:00,423.6
2025-04-23 03:00:00,423.13
2025-04-23 04:00:00,441.36
2025-04-23 05:00:00,478.17
2025-04-23 06:00:00,588.86
2025-04-23 07:00:00,651.17
2025-04-23 08:00:00,524.31
2025-04-23 09:00:00,427.92
2025-04-23 10:00:00,371.13
2025-04-23 11:00:00,343.05
2025-04-23 12:00:00,329.57
2025-04-23 13:00:00,335.43
2025-04-23 14:00:00,370.91
2025-04-23 15:00:00,403.87
2025-04-23 16:00:00,431.39
2025-04-23 17:00:00,470.81
2025-04-23 18:00:00,575.42
2025-04-23 19:00:00,732.71
2025-04-23 20:00:00,920.35
2025-04-23 21:00:00,543.1
2025-04-23 22:00:00,464.01
2025-04-23 23:00:00,422.4
2025-04-24 00:00:00,410.1
2025-04-24 01:00:00,389.51
2025-04-24 02:00:00,373.9
2025-04-24 03:00:00,368.97
2025-04-24 04:00:00,364.08
2025-04-24 05:00:00,391.7
2025-04-24 06:00:00,475.17
2025-04-24 07:00:00,511.24
2025-04-24 08:00:00,504.89
2025-04-24 09:00:00,436.99
2025-04-24 10:00:00,405.17
2025-04-24 11:00:00,377.37
2025-04-24 12:00:00,345.63
2025-04-24 13:00:00,331.01
2025-04-24 14:00:00,334.14
2025-04-24 15:00:00,342.2
2025-04-24 16:00:00,390.5
2025-04-24 17:00:00,417.13
2025-04-24 18:00:00,468.43
2025-04-24 19:00:00,501.59
2025-04-24 20:00:00,561.73
2025-04-24 21:00:00,491.04
2025-04-24 22:00:00,456.94
2025-04-24 23:00:00,399.33
2025-04-25 00:00:00,397.34
2025-04-25 01:00:00,357.2
2025-04-25 02:00:00,353.27
2025-04-25 03:00:00,359.43
2025-04-25 04:00:00,375.69
2025-04-25 05:00:00,410.26
2025-04-25 06:00:00,448.9
2025-04-25 07:00:00,485.18
2025-04-25 08:00:00,465.84
2025-04-25 09:00:00,409.58
2025-04-25 10:00:00,409.32
2025-04-25 11:00:00,397.25
2025-04-25 12:00:00,368.41
2025-04-25 13:00:00,336.84
2025-04-25 14:00:00,344.41
2025-04-25 15:00:00,368.67
2025-04-25 16:00:00,397.25
2025-04-25 17:00:00,401.75
2025-04-25 18:00:00,427.42
2025-04-25 19:00:00,497.34
2025-04-25 20:00:00,528.44
2025-04-25 21:00:00,469.1
2025-04-25 22:00:00,429.47
2025-04-25 23:00:00,394.04
2025-04-26 00:00:00,469.7
2025-04-26 01:00:00,444.34
2025-04-26 02:00:00,435.55
2025-04-26 03:00:00,415.57
2025-04-26 04:00:00,439.39
2025-04-26 05:00:00,435.55
2025-04-26 06:00:00,406.69
2025-04-26 07:00:00,369.0
2025-04-26 08:00:00,305.56
2025-04-26 09:00:00,147.06
2025-04-26 10:00:00,10.89
2025-04-26 11:00:00,-0.04
2025-04-26 12:00:00,-67.4
2025-04-26 13:00:00,-100.1
2025-04-26 14:00:00,-55.67
2025-04-26 15:00:00,-14.09
2025-04-26 16:00:00,-0.26
2025-04-26 17:00:00,277.47
2025-04-26 18:00:00,469.7
2025-04-26 19:00:00,427.82
2025-04-26 20:00:00,473.54
2025-04-26 21:00:00,412.32
2025-04-26 22:00:00,445.88
2025-04-26 23:00:00,450.7
2025-04-27 00:00:00,405.66
2025-04-27 01:00:00,425.13
2025-04-27 02:00:00,424.53
2025-04-27 03:00:00,432.17
2025-04-27 04:00:00,440.11
2025-04-27 05:00:00,432.17
2025-04-27 06:00:00,405.75
2025-04-27 07:00:00,270.13
2025-04-27 08:00:00,149.11
2025-04-27 09:00:00,0.17
2025-04-27 10:00:00,-12.81
2025-04-27 11:00:00,-139.63
2025-04-27 12:00:00,-411.09
2025-04-27 13:00:00,-531.81
2025-04-27 14:00:00,-486.34
2025-04-27 15:00:00,-214.17
2025-04-27 16:00:00,-22.07
2025-04-27 17:00:00,277.47
2025-04-27 18:00:00,494.28
2025-04-27 19:00:00,473.03
2025-04-27 20:00:00,541.28
2025-04-27 21:00:00,465.85
2025-04-27 22:00:00,422.61
2025-04-27 23:00:00,400.5
2025-04-28 00:00:00,395.72
2025-04-28 01:00:00,371.51
2025-04-28 02:00:00,355.42
2025-04-28 03:00:00,366.52
2025-04-28 04:00:00,390.68
2025-04-28 05:00:00,425.9
2025-04-28 06:00:00,597.76
2025-04-28 07:00:00,559.6
2025-04-28 08:00:00,404.17
2025-04-28 09:00:00,287.59
2025-04-28 10:00:00,41.58
2025-04-28 11:00:00,-0.04
2025-04-28 12:00:00,-15.97
2025-04-28 13:00:00,-25.19
2025-04-28 14:00:00,-26.38
2025-04-28 15:00:00,-6.57
2025-04-28 16:00:00,180.06
2025-04-28 17:00:00,308.29
2025-04-28 18:00:00,447.97
2025-04-28 19:00:00,680.02
2025-04-28 20:00:00,920.48
2025-04-28 21:00:00,556.31
2025-04-28 22:00:00,453.69
2025-04-28 23:00:00,413.31
2025-04-29 00:00:00,389.56
2025-04-29 01:00:00,375.91
2025-04-29 02:00:00,351.71
2025-04-29 03:00:00,340.97
2025-04-29 04:00:00,344.69
2025-04-29 05:00:00,388.06
2025-04-29 06:00:00,455.89
2025-04-29 07:00:00,482.7
2025-04-29 08:00:00,391.91
2025-04-29 09:00:00,282.73
2025-04-29 10:00:00,20.83
2025-04-29 11:00:00,0.0
2025-04-29 12:00:00,-3.25
2025-04-29 13:00:00,-8.13
2025-04-29 14:00:00,-7.18
2025-04-29 15:00:00,-0.04
2025-04-29 16:00:00,130.82
2025-04-29 17:00:00,361.8
2025-04-29 18:00:00,434.42
2025-04-29 19:00:00,615.74
2025-04-29 20:00:00,797.24
2025-04-29 21:00:00,569.94
2025-04-29 22:00:00,467.09
2025-04-29 23:00:00,419.53
2025-04-30 00:00:00,405.14
2025-04-30 01:00:00,383.9
2025-04-30 02:00:00,375.5
2025-04-30 03:00:00,378.06
2025-04-30 04:00:00,392.22
2025-04-30 05:00:00,410.43
2025-04-30 06:00:00,491.45
2025-04-30 07:00:00,512.95
2025-04-30 08:00:00,404.33
2025-04-30 09:00:00,300.14
2025-04-30 10:00:00,30.19
2025-04-30 11:00:00,0.0
2025-04-30 12:00:00,-4.26
2025-04-30 13:00:00,-26.48
2025-04-30 14:00:00,-12.79
2025-04-30 15:00:00,-0.09
2025-04-30 16:00:00,84.52
2025-04-30 17:00:00,373.88
2025-04-30 18:00:00,439.08
2025-04-30 19:00:00,566.98
2025-04-30 20:00:00,759.44
2025-04-30 21:00:00,545.95
2025-04-30 22:00:00,462.37
2025-04-30 23:00:00,421.98
2025-05-01 00:00:00,468.38
2025-05-01 01:00:00,450.37
2025-05-01 02:00:00,421.19
2025-05-01 03:00:00,401.73
2025-05-01 04:00:00,439.63
2025-05-01 05:00:00,446.17
2025-05-01 06:00:00,374.91
2025-05-01 07:00:00,327.98
2025-05-01 08:00:00,254.83
2025-05-01 09:00:00,0.0
2025-05-01 10:00:00,-12.83
2025-05-01 11:00:00,-171.54
2025-05-01 12:00:00,-352.41
2025-05-01 13:00:00,-550.72
2025-05-01 14:00:00,-505.72
2025-05-01 15:00:00,-213.85
2025-05-01 16:00:00,-22.12
2025-05-01 17:00:00,371.4
2025-05-01 18:00:00,577.42
2025-05-01 19:00:00,556.41
2025-05-01 20:00:00,704.13
2025-05-01 21:00:00,528.01
2025-05-01 22:00:00,483.09
2025-05-01 23:00:00,397.41
2025-05-02 00:00:00,385.0
2025-05-02 01:00:00,322.29
2025-05-02 02:00:00,294.01
2025-05-02 03:00:00,287.3
2025-05-02 04:00:00,284.77
2025-05-02 05:00:00,319.81
2025-05-02 06:00:00,371.78
2025-05-02 07:00:00,373.37
2025-05-02 08:00:00,332.13
2025-05-02 09:00:00,49.02
2025-05-02 10:00:00,3.64
2025-05-02 11:00:00,-0.04
2025-05-02 12:00:00,-3.42
2025-05-02 13:00:00,-12.83
2025-05-02 14:00:00,-17.11
2025-05-02 15:00:00,0.0
2025-05-02 16:00:00,26.61
2025-05-02 17:00:00,421.75
2025-05-02 18:00:00,662.16
2025-05-02 19:00:00,515.05
2025-05-02 20:00:00,649.46
2025-05-02 21:00:00,520.69
2025-05-02 22:00:00,458.84
2025-05-02 23:00:00,414.9
2025-05-03 00:00:00,419.16
2025-05-03 01:00:00,399.97
2025-05-03 02:00:00,395.31
2025-05-03 03:00:00,394.54
2025-05-03 04:00:00,391.42
2025-05-03 05:00:00,394.07
2025-05-03 06:00:00,437.33
2025-05-03 07:00:00,388.08
2025-05-03 08:00:00,305.49
2025-05-03 09:00:00,57.84
2025-05-03 10:00:00,0.04
2025-05-03 11:00:00,-0.04
2025-05-03 12:00:00,-4.96
2025-05-03 13:00:00,-13.0
2025-05-03 14:00:00,-11.5
2025-05-03 15:00:00,-0.13
2025-05-03 16:00:00,0.0
2025-05-03 17:00:00,332.38
2025-05-03 18:00:00,617.18
2025-05-03 19:00:00,560.07
2025-05-03 20:00:00,431.22
2025-05-03 21:00:00,500.13
2025-05-03 22:00:00,520.22
2025-05-03 23:00:00,502.74
2025-05-04 00:00:00,378.64
2025-05-04 01:00:00,484.91
2025-05-04 02:00:00,463.11
2025-05-04 03:00:00,409.72
2025-05-04 04:00:00,376.8
2025-05-04 05:00:00,336.36
2025-05-04 06:00:00,277.62
2025-05-04 07:00:00,228.07
2025-05-04 08:00:00,12.53
2025-05-04 09:00:00,0.0
2025-05-04 10:00:00,-0.04
2025-05-04 11:00:00,-0.04
2025-05-04 12:00:00,-0.09
2025-05-04 13:00:00,-8.55
2025-05-04 14:00:00,-21.42
2025-05-04 15:00:00,-6.8
2025-05-04 16:00:00,-0.04
2025-05-04 17:00:00,43.69
2025-05-04 18:00:00,347.0
2025-05-04 19:00:00,414.29
2025-05-04 20:00:00,468.54
2025-05-04 21:00:00,475.25
2025-05-04 22:00:00,434.25
2025-05-04 23:00:00,394.67
2025-05-05 00:00:00,314.77
2025-05-05 01:00:00,302.88
2025-05-05 02:00:00,300.53
2025-05-05 03:00:00,311.95
2025-05-05 04:00:00,349.27
2025-05-05 05:00:00,395.69
2025-05-05 06:00:00,469.57
2025-05-05 07:00:00,532.54
2025-05-05 08:00:00,465.46
2025-05-05 09:00:00,400.18
2025-05-05 10:00:00,227.73
2025-05-05 11:00:00,126.92
2025-05-05 12:00:00,121.54
2025-05-05 13:00:00,99.95
2025-05-05 14:00:00,252.7
2025-05-05 15:00:00,299.81
2025-05-05 16:00:00,399.71
2025-05-05 17:00:00,449.05
2025-05-05 18:00:00,445.16
2025-05-05 19:00:00,580.76
2025-05-05 20:00:00,1233.89
2025-05-05 21:00:00,679.73
2025-05-05 22:00:00,517.15
2025-05-05 23:00:00,409.93
2025-05-06 00:00:00,375.69
2025-05-06 01:00:00,349.22
2025-05-06 02:00:00,343.88
2025-05-06 03:00:00,344.26
2025-05-06 04:00:00,355.85
2025-05-06 05:00:00,418.19
2025-05-06 06:00:00,493.15
2025-05-06 07:00:00,519.53
2025-05-06 08:00:00,469.98
2025-05-06 09:00:00,369.36
2025-05-06 10:00:00,248.82
2025-05-06 11:00:00,162.19
2025-05-06 12:00:00,163.51
2025-05-06 13:00:00,135.34
2025-05-06 14:00:00,188.49
2025-05-06 15:00:00,301.29
2025-05-06 16:00:00,349.91
2025-05-06 17:00:00,399.34
2025-05-06 18:00:00,473.52
2025-05-06 19:00:00,601.72
2025-05-06 20:00:00,727.01
2025-05-06 21:00:00,578.54
2025-05-06 22:00:00,498.2
2025-05-06 23:00:00,432.6
2025-05-07 00:00:00,413.04
2025-05-07 01:00:00,420.14
2025-05-07 02:00:00,400.62
2025-05-07 03:00:00,401.48
2025-05-07 04:00:00,419.88
2025-05-07 05:00:00,458.92
2025-05-07 06:00:00,558.36
2025-05-07 07:00:00,612.34
2025-05-07 08:00:00,528.05
2025-05-07 09:00:00,412.65
2025-05-07 10:00:00,315.52
2025-05-07 11:00:00,300.67
2025-05-07 12:00:00,265.18
2025-05-07 13:00:00,263.0
2025-05-07 14:00:00,298.36
2025-05-07 15:00:00,341.55
2025-05-07 16:00:00,364.07
2025-05-07 17:00:00,421.77
2025-05-07 18:00:00,473.31
2025-05-07 19:00:00,562.21
2025-05-07 20:00:00,679.67
2025-05-07 21:00:00,534.82
2025-05-07 22:00:00,468.38
2025-05-07 23:00:00,418.09
2025-05-08 00:00:00,415.38
2025-05-08 01:00:00,406.7
2025-05-08 02:00:00,406.45
2025-05-08 03:00:00,405.59
2025-05-08 04:00:00,411.37
2025-05-08 05:00:00,472.34
2025-05-08 06:00:00,535.53
2025-05-08 07:00:00,589.41
2025-05-08 08:00:00,524.41
2025-05-08 09:00:00,441.77
2025-05-08 10:00:00,385.71
2025-05-08 11:00:00,333.21
2025-05-08 12:00:00,282.84
2025-05-08 13:00:00,280.31
2025-05-08 14:00:00,308.45
2025-05-08 15:00:00,348.34
2025-05-08 16:00:00,438.77
2025-05-08 17:00:00,526.47
2025-05-08 18:00:00,507.4
2025-05-08 19:00:00,623.7
2025-05-08 20:00:00,833.03
2025-05-08 21:00:00,630.97
2025-05-08 22:00:00,523.9
2025-05-08 23:00:00,477.08
2025-05-09 00:00:00,436.67
2025-05-09 01:00:00,416.38
2025-05-09 02:00:00,404.25
2025-05-09 03:00:00,409.97
2025-05-09 04:00:00,429.28
2025-05-09 05:00:00,480.23
2025-05-09 06:00:00,599.79
2025-05-09 07:00:00,572.32
2025-05-09 08:00:00,418.43
2025-05-09 09:00:00,356.15
2025-05-09 10:00:00,304.42
2025-05-09 11:00:00,314.03
2025-05-09 12:00:00,334.15
2025-05-09 13:00:00,369.69
2025-05-09 14:00:00,436.67
2025-05-09 15:00:00,392.46
2025-05-09 16:00:00,436.45
2025-05-09 17:00:00,436.71
2025-05-09 18:00:00,459.82
2025-05-09 19:00:00,643.23
2025-05-09 20:00:00,838.65
2025-05-09 21:00:00,600.56
2025-05-09 22:00:00,508.81
2025-05-09 23:00:00,430.73
2025-05-10 00:00:00,465.49
2025-05-10 01:00:00,437.67
2025-05-10 02:00:00,420.2
2025-05-10 03:00:00,409.68
2025-05-10 04:00:00,429.48
2025-05-10 05:00:00,427.53
2025-05-10 06:00:00,427.66
2025-05-10 07:00:00,488.95
2025-05-10 08:00:00,501.59
2025-05-10 09:00:00,471.69
2025-05-10 10:00:00,500.19
2025-05-10 11:00:00,378.46
2025-05-10 12:00:00,377.53
2025-05-10 13:00:00,419.69
2025-05-10 14:00:00,377.91
2025-05-10 15:00:00,388.72
2025-05-10 16:00:00,395.6
2025-05-10 17:00:00,447.59
2025-05-10 18:00:00,600.33
2025-05-10 19:00:00,530.39
2025-05-10 20:00:00,748.1
2025-05-10 21:00:00,557.96
2025-05-10 22:00:00,501.59
2025-05-10 23:00:00,500.32
2025-05-11 00:00:00,416.25
2025-05-11 01:00:00,407.09
2025-05-11 02:00:00,414.17
2025-05-11 03:00:00,412.01
2025-05-11 04:00:00,434.32
2025-05-11 05:00:00,408.96
2025-05-11 06:00:00,384.4
2025-05-11 07:00:00,363.7
2025-05-11 08:00:00,21.04
2025-05-11 09:00:00,-0.38
2025-05-11 10:00:00,-48.18
2025-05-11 11:00:00,-197.01
2025-05-11 12:00:00,-149.98
2025-05-11 13:00:00,-95.26
2025-05-11 14:00:00,-84.87
2025-05-11 15:00:00,-67.57
2025-05-11 16:00:00,117.19
2025-05-11 17:00:00,429.99
2025-05-11 18:00:00,462.86
2025-05-11 19:00:00,556.56
2025-05-11 20:00:00,709.67
2025-05-11 21:00:00,585.74
2025-05-11 22:00:00,471.22
2025-05-11 23:00:00,420.07
2025-05-12 00:00:00,369.72
2025-05-12 01:00:00,349.45
2025-05-12 02:00:00,347.88
2025-05-12 03:00:00,350.21
2025-05-12 04:00:00,364.0
2025-05-12 05:00:00,424.14
2025-05-12 06:00:00,606.56
2025-05-12 07:00:00,623.44
2025-05-12 08:00:00,473.13
2025-05-12 09:00:00,317.3
2025-05-12 10:00:00,74.61
2025-05-12 11:00:00,40.68
2025-05-12 12:00:00,43.98
2025-05-12 13:00:00,219.92
2025-05-12 14:00:00,269.97
2025-05-12 15:00:00,275.65
2025-05-12 16:00:00,327.56
2025-05-12 17:00:00,355.81
2025-05-12 18:00:00,462.1
2025-05-12 19:00:00,697.33
2025-05-12 20:00:00,1199.98
2025-05-12 21:00:00,759.8
2025-05-12 22:00:00,457.9
2025-05-12 23:00:00,407.43
2025-05-13 00:00:00,443.44
2025-05-13 01:00:00,385.14
2025-05-13 02:00:00,383.87
2025-05-13 03:00:00,401.52
2025-05-13 04:00:00,413.55
2025-05-13 05:00:00,476.38
2025-05-13 06:00:00,582.6
2025-05-13 07:00:00,544.37
2025-05-13 08:00:00,424.77
2025-05-13 09:00:00,341.07
2025-05-13 10:00:00,87.72
2025-05-13 11:00:00,10.67
2025-05-13 12:00:00,24.64
2025-05-13 13:00:00,14.01
2025-05-13 14:00:00,35.14
2025-05-13 15:00:00,218.84
2025-05-13 16:00:00,346.49
2025-05-13 17:00:00,455.55
2025-05-13 18:00:00,474.51
2025-05-13 19:00:00,699.83
2025-05-13 20:00:00,1499.92
2025-05-13 21:00:00,691.49
2025-05-13 22:00:00,503.26
2025-05-13 23:00:00,440.14
2025-05-14 00:00:00,438.99
2025-05-14 01:00:00,416.83
2025-05-14 02:00:00,409.09
2025-05-14 03:00:00,419.0
2025-05-14 04:00:00,422.02
2025-05-14 05:00:00,441.71
2025-05-14 06:00:00,531.82
2025-05-14 07:00:00,520.46
2025-05-14 08:00:00,435.84
2025-05-14 09:00:00,311.84
2025-05-14 10:00:00,16.46
2025-05-14 11:00:00,15.14
2025-05-14 12:00:00,-24.96
2025-05-14 13:00:00,-37.12
2025-05-14 14:00:00,45.93
2025-05-14 15:00:00,276.37
2025-05-14 16:00:00,399.95
2025-05-14 17:00:00,500.73
2025-05-14 18:00:00,660.46
2025-05-14 19:00:00,433.71
2025-05-14 20:00:00,759.96
2025-05-14 21:00:00,574.98
2025-05-14 22:00:00,489.85
2025-05-14 23:00:00,440.18
2025-05-15 00:00:00,425.02
2025-05-15 01:00:00,417.88
2025-05-15 02:00:00,414.36
2025-05-15 03:00:00,414.36
2025-05-15 04:00:00,405.87
2025-05-15 05:00:00,426.38
2025-05-15 06:00:00,549.58
2025-05-15 07:00:00,591.27
2025-05-15 08:00:00,514.34
2025-05-15 09:00:00,450.53
2025-05-15 10:00:00,309.33
2025-05-15 11:00:00,222.34
2025-05-15 12:00:00,211.0
2025-05-15 13:00:00,151.99
2025-05-15 14:00:00,88.6
2025-05-15 15:00:00,229.47
2025-05-15 16:00:00,291.45
2025-05-15 17:00:00,347.49
2025-05-15 18:00:00,558.24
2025-05-15 19:00:00,561.51
2025-05-15 20:00:00,784.74
2025-05-15 21:00:00,535.23
2025-05-15 22:00:00,469.72
2025-05-15 23:00:00,449.85
2025-05-16 00:00:00,404.33
2025-05-16 01:00:00,376.23
2025-05-16 02:00:00,362.76
2025-05-16 03:00:00,361.57
2025-05-16 04:00:00,377.63
2025-05-16 05:00:00,412.93
2025-05-16 06:00:00,477.43
2025-05-16 07:00:00,498.28
2025-05-16 08:00:00,451.62
2025-05-16 09:00:00,358.09
2025-05-16 10:00:00,326.44
2025-05-16 11:00:00,320.0
2025-05-16 12:00:00,326.27
2025-05-16 13:00:00,387.25
2025-05-16 14:00:00,396.02
2025-05-16 15:00:00,395.39
2025-05-16 16:00:00,428.06
2025-05-16 17:00:00,480.14
2025-05-16 18:00:00,478.49
2025-05-16 19:00:00,600.54
2025-05-16 20:00:00,710.26
2025-05-16 21:00:00,622.41
2025-05-16 22:00:00,491.92
2025-05-16 23:00:00,448.7
2025-05-17 00:00:00,394.33
2025-05-17 01:00:00,395.98
2025-05-17 02:00:00,376.44
2025-05-17 03:00:00,376.61
2025-05-17 04:00:00,381.02
2025-05-17 05:00:00,397.21
2025-05-17 06:00:00,400.65
2025-05-17 07:00:00,447.74
2025-05-17 08:00:00,447.74
2025-05-17 09:00:00,483.65
2025-05-17 10:00:00,483.65
2025-05-17 11:00:00,447.7
2025-05-17 12:00:00,419.51
2025-05-17 13:00:00,357.79
2025-05-17 14:00:00,425.4
2025-05-17 15:00:00,367.67
2025-05-17 16:00:00,447.7
2025-05-17 17:00:00,475.55
2025-05-17 18:00:00,574.33
2025-05-17 19:00:00,476.02
2025-05-17 20:00:00,625.54
2025-05-17 21:00:00,588.19
2025-05-17 22:00:00,571.74
2025-05-17 23:00:00,505.36
2025-05-18 00:00:00,508.28
2025-05-18 01:00:00,430.15
2025-05-18 02:00:00,417.82
2025-05-18 03:00:00,412.86
2025-05-18 04:00:00,416.88
2025-05-18 05:00:00,415.36
2025-05-18 06:00:00,386.78
2025-05-18 07:00:00,407.18
2025-05-18 08:00:00,407.22
2025-05-18 09:00:00,363.17
2025-05-18 10:00:00,364.32
2025-05-18 11:00:00,377.97
2025-05-18 12:00:00,377.88
2025-05-18 13:00:00,377.29
2025-05-18 14:00:00,346.26
2025-05-18 15:00:00,329.13
2025-05-18 16:00:00,386.83
2025-05-18 17:00:00,510.06
2025-05-18 18:00:00,537.49
2025-05-18 19:00:00,482.76
2025-05-18 20:00:00,558.51
2025-05-18 21:00:00,554.32
2025-05-18 22:00:00,502.98
2025-05-18 23:00:00,441.13
2025-05-19 00:00:00,470.98
2025-05-19 01:00:00,440.58
2025-05-19 02:00:00,412.18
2025-05-19 03:00:00,398.82
2025-05-19 04:00:00,426.51
2025-05-19 05:00:00,474.88
2025-05-19 06:00:00,565.13
2025-05-19 07:00:00,580.22
2025-05-19 08:00:00,485.13
2025-05-19 09:00:00,401.28
2025-05-19 10:00:00,328.16
2025-05-19 11:00:00,388.86
2025-05-19 12:00:00,412.35
2025-05-19 13:00:00,407.51
2025-05-19 14:00:00,383.14
2025-05-19 15:00:00,347.7
2025-05-19 16:00:00,372.92
2025-05-19 17:00:00,422.18
2025-05-19 18:00:00,496.88
2025-05-19 19:00:00,635.67
2025-05-19 20:00:00,1017.24
2025-05-19 21:00:00,658.6
2025-05-19 22:00:00,550.42
2025-05-19 23:00:00,485.13
2025-05-20 00:00:00,500.8
2025-05-20 01:00:00,464.0
2025-05-20 02:00:00,459.21
2025-05-20 03:00:00,458.91
2025-05-20 04:00:00,485.61
2025-05-20 05:00:00,526.73
2025-05-20 06:00:00,617.09
2025-05-20 07:00:00,565.62
2025-05-20 08:00:00,549.49
2025-05-20 09:00:00,405.86
2025-05-20 10:00:00,268.48
2025-05-20 11:00:00,67.99
2025-05-20 12:00:00,0.94
2025-05-20 13:00:00,0.6
2025-05-20 14:00:00,16.43
2025-05-20 15:00:00,18.48
2025-05-20 16:00:00,323.93
2025-05-20 17:00:00,432.43
2025-05-20 18:00:00,569.43
2025-05-20 19:00:00,691.28
2025-05-20 20:00:00,929.03
2025-05-20 21:00:00,663.55
2025-05-20 22:00:00,530.41
2025-05-20 23:00:00,471.06
2025-05-21 00:00:00,470.74
2025-05-21 01:00:00,450.47
2025-05-21 02:00:00,442.78
2025-05-21 03:00:00,450.13
2025-05-21 04:00:00,455.31
2025-05-21 05:00:00,411.71
2025-05-21 06:00:00,436.7
2025-05-21 07:00:00,412.52
2025-05-21 08:00:00,398.62
2025-05-21 09:00:00,111.26
2025-05-21 10:00:00,-168.63
2025-05-21 11:00:00,-122.18
2025-05-21 12:00:00,0.0
2025-05-21 13:00:00,0.13
2025-05-21 14:00:00,0.38
2025-05-21 15:00:00,-35.02
2025-05-21 16:00:00,285.11
2025-05-21 17:00:00,378.14
2025-05-21 18:00:00,700.14
2025-05-21 19:00:00,900.0
2025-05-21 20:00:00,1301.43
2025-05-21 21:00:00,900.0
2025-05-21 22:00:00,508.26
2025-05-21 23:00:00,450.51
2025-05-22 00:00:00,457.95
2025-05-22 01:00:00,440.91
2025-05-22 02:00:00,439.68
2025-05-22 03:00:00,452.36
2025-05-22 04:00:00,457.87
2025-05-22 05:00:00,405.58
2025-05-22 06:00:00,474.74
2025-05-22 07:00:00,486.4
2025-05-22 08:00:00,461.18
2025-05-22 09:00:00,448.71
2025-05-22 10:00:00,429.75
2025-05-22 11:00:00,437.26
2025-05-22 12:00:00,439.25
2025-05-22 13:00:00,439.21
2025-05-22 14:00:00,439.17
2025-05-22 15:00:00,458.63
2025-05-22 16:00:00,458.04
2025-05-22 17:00:00,550.09
2025-05-22 18:00:00,679.64
2025-05-22 19:00:00,642.24
2025-05-22 20:00:00,958.73
2025-05-22 21:00:00,560.4
2025-05-22 22:00:00,504.77
2025-05-22 23:00:00,452.74
2025-05-23 00:00:00,508.26
2025-05-23 01:00:00,436.86
2025-05-23 02:00:00,418.1
2025-05-23 03:00:00,415.13
2025-05-23 04:00:00,437.2
2025-05-23 05:00:00,492.85
2025-05-23 06:00:00,560.51
2025-05-23 07:00:00,674.44
2025-05-23 08:00:00,508.52
2025-05-23 09:00:00,378.37
2025-05-23 10:00:00,320.73
2025-05-23 11:00:00,253.66
2025-05-23 12:00:00,130.91
2025-05-23 13:00:00,234.35
2025-05-23 14:00:00,319.58
2025-05-23 15:00:00,357.74
2025-05-23 16:00:00,437.16
2025-05-23 17:00:00,599.39
2025-05-23 18:00:00,611.41
2025-05-23 19:00:00,753.82
2025-05-23 20:00:00,1175.44
2025-05-23 21:00:00,664.51
2025-05-23 22:00:00,543.19
2025-05-23 23:00:00,478.67
2025-05-24 00:00:00,517.04
2025-05-24 01:00:00,492.33
2025-05-24 02:00:00,499.35
2025-05-24 03:00:00,499.52
2025-05-24 04:00:00,506.49
2025-05-24 05:00:00,530.49
2025-05-24 06:00:00,525.08
2025-05-24 07:00:00,514.53
2025-05-24 08:00:00,434.0
2025-05-24 09:00:00,306.0
2025-05-24 10:00:00,91.63
2025-05-24 11:00:00,5.74
2025-05-24 12:00:00,4.98
2025-05-24 13:00:00,78.11
2025-05-24 14:00:00,201.9
2025-05-24 15:00:00,325.91
2025-05-24 16:00:00,403.2
2025-05-24 17:00:00,506.45
2025-05-24 18:00:00,599.57
2025-05-24 19:00:00,534.53
2025-05-24 20:00:00,824.19
2025-05-24 21:00:00,656.54
2025-05-24 22:00:00,559.24
2025-05-24 23:00:00,494.58
2025-05-25 00:00:00,559.46
2025-05-25 01:00:00,450.34
2025-05-25 02:00:00,423.54
2025-05-25 03:00:00,427.28
2025-05-25 04:00:00,433.41
2025-05-25 05:00:00,383.51
2025-05-25 06:00:00,304.13
2025-05-25 07:00:00,5.28
2025-05-25 08:00:00,0.0
2025-05-25 09:00:00,-0.04
2025-05-25 10:00:00,0.0
2025-05-25 11:00:00,-1.11
2025-05-25 12:00:00,-3.02
2025-05-25 13:00:00,-25.27
2025-05-25 14:00:00,-29.4
2025-05-25 15:00:00,-23.7
2025-05-25 16:00:00,-9.4
2025-05-25 17:00:00,427.07
2025-05-25 18:00:00,561.54
2025-05-25 19:00:00,406.31
2025-05-25 20:00:00,530.7
2025-05-25 21:00:00,488.88
2025-05-25 22:00:00,438.94
2025-05-25 23:00:00,533.63
2025-05-26 00:00:00,385.25
2025-05-26 01:00:00,346.92
2025-05-26 02:00:00,333.69
2025-05-26 03:00:00,334.54
2025-05-26 04:00:00,351.77
2025-05-26 05:00:00,383.21
2025-05-26 06:00:00,510.07
2025-05-26 07:00:00,624.93
2025-05-26 08:00:00,559.88
2025-05-26 09:00:00,402.18
2025-05-26 10:00:00,330.59
2025-05-26 11:00:00,343.77
2025-05-26 12:00:00,330.59
2025-05-26 13:00:00,330.59
2025-05-26 14:00:00,299.62
2025-05-26 15:00:00,319.27
2025-05-26 16:00:00,350.33
2025-05-26 17:00:00,476.8
2025-05-26 18:00:00,606.85
2025-05-26 19:00:00,897.96
2025-05-26 20:00:00,1340.98
2025-05-26 21:00:00,833.08
2025-05-26 22:00:00,624.76
2025-05-26 23:00:00,501.9
2025-05-27 00:00:00,499.96
2025-05-27 01:00:00,464.98
2025-05-27 02:00:00,467.4
2025-05-27 03:00:00,467.48
2025-05-27 04:00:00,475.35
2025-05-27 05:00:00,526.24
2025-05-27 06:00:00,650.97
2025-05-27 07:00:00,460.26
2025-05-27 08:00:00,405.63
2025-05-27 09:00:00,220.69
2025-05-27 10:00:00,18.71
2025-05-27 11:00:00,11.99
2025-05-27 12:00:00,0.51
2025-05-27 13:00:00,4.08
2025-05-27 14:00:00,11.05
2025-05-27 15:00:00,296.92
2025-05-27 16:00:00,349.21
2025-05-27 17:00:00,426.03
2025-05-27 18:00:00,530.49
2025-05-27 19:00:00,674.95
2025-05-27 20:00:00,1180.53
2025-05-27 21:00:00,779.15
2025-05-27 22:00:00,579.76
2025-05-27 23:00:00,488.15
2025-05-28 00:00:00,436.81
2025-05-28 01:00:00,417.87
2025-05-28 02:00:00,400.45
2025-05-28 03:00:00,403.59
2025-05-28 04:00:00,431.71
2025-05-28 05:00:00,438.55
2025-05-28 06:00:00,402.4
2025-05-28 07:00:00,437.7
2025-05-28 08:00:00,493.56
2025-05-28 09:00:00,387.37
2025-05-28 10:00:00,331.85
2025-05-28 11:00:00,349.86
2025-05-28 12:00:00,410.73
2025-05-28 13:00:00,446.45
2025-05-28 14:00:00,437.36
2025-05-28 15:00:00,498.49
2025-05-28 16:00:00,600.1
2025-05-28 17:00:00,527.63
2025-05-28 18:00:00,650.31
2025-05-28 19:00:00,674.69
2025-05-28 20:00:00,869.59
2025-05-28 21:00:00,594.11
2025-05-28 22:00:00,521.77
2025-05-28 23:00:00,448.07
2025-05-29 00:00:00,513.1
2025-05-29 01:00:00,466.58
2025-05-29 02:00:00,438.1
2025-05-29 03:00:00,437.97
2025-05-29 04:00:00,410.55
2025-05-29 05:00:00,412.75
2025-05-29 06:00:00,521.72
2025-05-29 07:00:00,549.73
2025-05-29 08:00:00,478.55
2025-05-29 09:00:00,377.52
2025-05-29 10:00:00,80.44
2025-05-29 11:00:00,26.1
2025-05-29 12:00:00,2.42
2025-05-29 13:00:00,15.49
2025-05-29 14:00:00,7.3
2025-05-29 15:00:00,31.67
2025-05-29 16:00:00,44.65
2025-05-29 17:00:00,339.83
2025-05-29 18:00:00,585.39
2025-05-29 19:00:00,549.9
2025-05-29 20:00:00,875.3
2025-05-29 21:00:00,725.12
2025-05-29 22:00:00,534.58
2025-05-29 23:00:00,478.97
2025-05-30 00:00:00,471.65
2025-05-30 01:00:00,455.13
2025-05-30 02:00:00,446.36
2025-05-30 03:00:00,449.83
2025-05-30 04:00:00,446.78
2025-05-30 05:00:00,436.99
2025-05-30 06:00:00,449.66
2025-05-30 07:00:00,509.44
2025-05-30 08:00:00,520.8
2025-05-30 09:00:00,497.16
2025-05-30 10:00:00,433.56
2025-05-30 11:00:00,424.96
2025-05-30 12:00:00,430.64
2025-05-30 13:00:00,432.12
2025-05-30 14:00:00,440.3
2025-05-30 15:00:00,441.48
2025-05-30 16:00:00,441.06
2025-05-30 17:00:00,542.54
2025-05-30 18:00:00,541.35
2025-05-30 19:00:00,622.65
2025-05-30 20:00:00,768.23
2025-05-30 21:00:00,621.98
2025-05-30 22:00:00,551.6
2025-05-30 23:00:00,458.43
2025-05-31 00:00:00,541.07
2025-05-31 01:00:00,517.48
2025-05-31 02:00:00,549.66
2025-05-31 03:00:00,534.06
2025-05-31 04:00:00,556.67
2025-05-31 05:00:00,520.97
2025-05-31 06:00:00,511.32
2025-05-31 07:00:00,487.73
2025-05-31 08:00:00,450.15
2025-05-31 09:00:00,14.66
2025-05-31 10:00:00,-0.09
2025-05-31 11:00:00,-4.25
2025-05-31 12:00:00,-13.05
2025-05-31 13:00:00,-55.98
2025-05-31 14:00:00,-32.94
2025-05-31 15:00:00,-2.42
2025-05-31 16:00:00,-0.21
2025-05-31 17:00:00,426.26
2025-05-31 18:00:00,682.02
2025-05-31 19:00:00,559.73
2025-05-31 20:00:00,918.02
2025-05-31 21:00:00,855.84
2025-05-31 22:00:00,566.75
2025-05-31 23:00:00,474.72
2025-06-01 00:00:00,407.17
2025-06-01 01:00:00,402.07
2025-06-01 02:00:00,384.18
2025-06-01 03:00:00,391.36
2025-06-01 04:00:00,411.13
2025-06-01 05:00:00,446.75
2025-06-01 06:00:00,449.26
2025-06-01 07:00:00,419.8
2025-06-01 08:00:00,120.55
2025-06-01 09:00:00,-0.04
2025-06-01 10:00:00,-2.55
2025-06-01 11:00:00,-8.97
2025-06-01 12:00:00,-23.29
2025-06-01 13:00:00,0.0
2025-06-01 14:00:00,-0.04
2025-06-01 15:00:00,0.04
2025-06-01 16:00:00,360.33
2025-06-01 17:00:00,516.16
2025-06-01 18:00:00,506.3
2025-06-01 19:00:00,508.85
2025-06-01 20:00:00,503.75
2025-06-01 21:00:00,488.79
2025-06-01 22:00:00,501.67
2025-06-01 23:00:00,511.02
2025-06-02 00:00:00,448.24
2025-06-02 01:00:00,404.24
2025-06-02 02:00:00,366.07
2025-06-02 03:00:00,414.74
2025-06-02 04:00:00,432.98
2025-06-02 05:00:00,406.75
2025-06-02 06:00:00,464.43
2025-06-02 07:00:00,488.58
2025-06-02 08:00:00,434.46
2025-06-02 09:00:00,411.68
2025-06-02 10:00:00,248.24
2025-06-02 11:00:00,141.17
2025-06-02 12:00:00,85.01
2025-06-02 13:00:00,63.85
2025-06-02 14:00:00,270.22
2025-06-02 15:00:00,395.74
2025-06-02 16:00:00,384.05
2025-06-02 17:00:00,406.2
2025-06-02 18:00:00,735.12
2025-06-02 19:00:00,1128.18
2025-06-02 20:00:00,1818.28
2025-06-02 21:00:00,1092.39
2025-06-02 22:00:00,607.77
2025-06-02 23:00:00,483.47
2025-06-03 00:00:00,485.99
2025-06-03 01:00:00,476.32
2025-06-03 02:00:00,442.17
2025-06-03 03:00:00,430.93
2025-06-03 04:00:00,424.76
2025-06-03 05:00:00,489.65
2025-06-03 06:00:00,571.27
2025-06-03 07:00:00,512.0
2025-06-03 08:00:00,448.35
2025-06-03 09:00:00,477.77
2025-06-03 10:00:00,395.98
2025-06-03 11:00:00,322.61
2025-06-03 12:00:00,280.42
2025-06-03 13:00:00,258.96
2025-06-03 14:00:00,257.77
2025-06-03 15:00:00,322.74
2025-06-03 16:00:00,335.68
2025-06-03 17:00:00,382.39
2025-06-03 18:00:00,493.18
2025-06-03 19:00:00,849.39
2025-06-03 20:00:00,1463.24
2025-06-03 21:00:00,799.44
2025-06-03 22:00:00,445.03
2025-06-03 23:00:00,397.72
2025-06-04 00:00:00,459.08
2025-06-04 01:00:00,428.36
2025-06-04 02:00:00,434.39
2025-06-04 03:00:00,428.36
2025-06-04 04:00:00,418.37
2025-06-04 05:00:00,385.47
2025-06-04 06:00:00,460.23
2025-06-04 07:00:00,485.18
2025-06-04 08:00:00,451.18
2025-06-04 09:00:00,278.8
2025-06-04 10:00:00,-10.04
2025-06-04 11:00:00,-68.23
2025-06-04 12:00:00,-5.25
2025-06-04 13:00:00,41.4
2025-06-04 14:00:00,75.7
2025-06-04 15:00:00,200.19
2025-06-04 16:00:00,334.68
2025-06-04 17:00:00,438.83
2025-06-04 18:00:00,524.44
2025-06-04 19:00:00,689.82
2025-06-04 20:00:00,953.06
2025-06-04 21:00:00,645.94
2025-06-04 22:00:00,503.25
2025-06-04 23:00:00,414.69
2025-06-05 00:00:00,458.62
2025-06-05 01:00:00,442.28
2025-06-05 02:00:00,433.77
2025-06-05 03:00:00,427.95
2025-06-05 04:00:00,429.92
2025-06-05 05:00:00,427.95
2025-06-05 06:00:00,487.8
2025-06-05 07:00:00,540.63
2025-06-05 08:00:00,485.87
2025-06-05 09:00:00,455.89
2025-06-05 10:00:00,367.33
2025-06-05 11:00:00,269.93
2025-06-05 12:00:00,261.12
2025-06-05 13:00:00,261.5
2025-06-05 14:00:00,328.62
2025-06-05 15:00:00,427.95
2025-06-05 16:00:00,455.8
2025-06-05 17:00:00,446.13
2025-06-05 18:00:00,499.9
2025-06-05 19:00:00,649.84
2025-06-05 20:00:00,932.69
2025-06-05 21:00:00,690.09
2025-06-05 22:00:00,474.79
2025-06-05 23:00:00,437.32
2025-06-06 00:00:00,457.48
2025-06-06 01:00:00,451.96
2025-06-06 02:00:00,451.87
2025-06-06 03:00:00,448.02
2025-06-06 04:00:00,438.22
2025-06-06 05:00:00,429.71
2025-06-06 06:00:00,421.92
2025-06-06 07:00:00,363.77
2025-06-06 08:00:00,364.58
2025-06-06 09:00:00,278.14
2025-06-06 10:00:00,0.09
2025-06-06 11:00:00,2.14
2025-06-06 12:00:00,12.79
2025-06-06 13:00:00,4.54
2025-06-06 14:00:00,1.03
2025-06-06 15:00:00,0.64
2025-06-06 16:00:00,59.91
2025-06-06 17:00:00,382.29
2025-06-06 18:00:00,632.96
2025-06-06 19:00:00,620.43
2025-06-06 20:00:00,839.0
2025-06-06 21:00:00,616.53
2025-06-06 22:00:00,536.86
2025-06-06 23:00:00,451.74
2025-06-07 00:00:00,497.76
2025-06-07 01:00:00,481.73
2025-06-07 02:00:00,472.98
2025-06-07 03:00:00,452.82
2025-06-07 04:00:00,402.1
2025-06-07 05:00:00,403.38
2025-06-07 06:00:00,447.38
2025-06-07 07:00:00,439.83
2025-06-07 08:00:00,405.48
2025-06-07 09:00:00,273.8
2025-06-07 10:00:00,126.41
2025-06-07 11:00:00,40.48
2025-06-07 12:00:00,5.1
2025-06-07 13:00:00,103.6
2025-06-07 14:00:00,355.01
2025-06-07 15:00:00,430.1
2025-06-07 16:00:00,439.83
2025-06-07 17:00:00,509.94
2025-06-07 18:00:00,373.67
2025-06-07 19:00:00,511.78
2025-06-07 20:00:00,601.49
2025-06-07 21:00:00,530.95
2025-06-07 22:00:00,458.18
2025-06-07 23:00:00,392.53
2025-06-08 00:00:00,405.05
2025-06-08 01:00:00,364.15
2025-06-08 02:00:00,363.8
2025-06-08 03:00:00,331.21
2025-06-08 04:00:00,303.17
2025-06-08 05:00:00,304.5
2025-06-08 06:00:00,278.68
2025-06-08 07:00:00,280.87
2025-06-08 08:00:00,10.46
2025-06-08 09:00:00,-2.14
2025-06-08 10:00:00,-8.58
2025-06-08 11:00:00,-23.93
2025-06-08 12:00:00,-78.99
2025-06-08 13:00:00,-80.44
2025-06-08 14:00:00,-50.47
2025-06-08 15:00:00,-97.17
2025-06-08 16:00:00,-66.21
2025-06-08 17:00:00,178.64
2025-06-08 18:00:00,374.27
2025-06-08 19:00:00,359.21
2025-06-08 20:00:00,487.6
2025-06-08 21:00:00,345.96
2025-06-08 22:00:00,393.69
2025-06-08 23:00:00,275.68
2025-06-09 00:00:00,20.37
2025-06-09 01:00:00,34.91
2025-06-09 02:00:00,0.0
2025-06-09 03:00:00,0.99
2025-06-09 04:00:00,28.56
2025-06-09 05:00:00,108.7
2025-06-09 06:00:00,279.46
2025-06-09 07:00:00,250.77
2025-06-09 08:00:00,105.44
2025-06-09 09:00:00,0.26
2025-06-09 10:00:00,0.21
2025-06-09 11:00:00,0.09
2025-06-09 12:00:00,-9.91
2025-06-09 13:00:00,-41.08
2025-06-09 14:00:00,-47.64
2025-06-09 15:00:00,-6.86
2025-06-09 16:00:00,-17.2
2025-06-09 17:00:00,141.34
2025-06-09 18:00:00,441.46
2025-06-09 19:00:00,557.28
2025-06-09 20:00:00,833.52
2025-06-09 21:00:00,656.81
2025-06-09 22:00:00,540.6
2025-06-09 23:00:00,441.76
2025-06-10 00:00:00,438.76
2025-06-10 01:00:00,453.21
2025-06-10 02:00:00,402.1
2025-06-10 03:00:00,392.35
2025-06-10 04:00:00,363.65
2025-06-10 05:00:00,367.88
2025-06-10 06:00:00,332.3
2025-06-10 07:00:00,358.69
2025-06-10 08:00:00,444.44
2025-06-10 09:00:00,386.96
2025-06-10 10:00:00,216.73
2025-06-10 11:00:00,247.26
2025-06-10 12:00:00,327.51
2025-06-10 13:00:00,337.9
2025-06-10 14:00:00,372.67
2025-06-10 15:00:00,444.57
2025-06-10 16:00:00,432.81
2025-06-10 17:00:00,457.62
2025-06-10 18:00:00,663.78
2025-06-10 19:00:00,821.69
2025-06-10 20:00:00,963.95
2025-06-10 21:00:00,639.78
2025-06-10 22:00:00,425.37
2025-06-10 23:00:00,376.91
2025-06-11 00:00:00,458.49
2025-06-11 01:00:00,462.63
2025-06-11 02:00:00,442.13
2025-06-11 03:00:00,400.33
2025-06-11 04:00:00,377.11
2025-06-11 05:00:00,400.12
2025-06-11 06:00:00,511.8
2025-06-11 07:00:00,519.43
2025-06-11 08:00:00,482.27
2025-06-11 09:00:00,453.59
2025-06-11 10:00:00,300.88
2025-06-11 11:00:00,233.17
2025-06-11 12:00:00,32.43
2025-06-11 13:00:00,15.47
2025-06-11 14:00:00,18.28
2025-06-11 15:00:00,52.37
2025-06-11 16:00:00,147.69
2025-06-11 17:00:00,360.49
2025-06-11 18:00:00,435.1
2025-06-11 19:00:00,602.31
2025-06-11 20:00:00,937.02
2025-06-11 21:00:00,770.07
2025-06-11 22:00:00,518.19
2025-06-11 23:00:00,465.91
2025-06-12 00:00:00,421.7
2025-06-12 01:00:00,444.0
2025-06-12 02:00:00,444.38
2025-06-12 03:00:00,431.21
2025-06-12 04:00:00,402.68
2025-06-12 05:00:00,405.28
2025-06-12 06:00:00,489.2
2025-06-12 07:00:00,441.57
2025-06-12 08:00:00,357.65
2025-06-12 09:00:00,154.92
2025-06-12 10:00:00,0.0
2025-06-12 11:00:00,3.5
2025-06-12 12:00:00,-11.6
2025-06-12 13:00:00,-37.31
2025-06-12 14:00:00,0.43
2025-06-12 15:00:00,22.39
2025-06-12 16:00:00,49.55
2025-06-12 17:00:00,317.99
2025-06-12 18:00:00,382.0
2025-06-12 19:00:00,625.15
2025-06-12 20:00:00,993.2
2025-06-12 21:00:00,800.92
2025-06-12 22:00:00,524.68
2025-06-12 23:00:00,445.49
2025-06-13 00:00:00,450.31
2025-06-13 01:00:00,452.66
2025-06-13 02:00:00,450.18
2025-06-13 03:00:00,450.01
2025-06-13 04:00:00,450.23
2025-06-13 05:00:00,444.22
2025-06-13 06:00:00,453.12
2025-06-13 07:00:00,447.11
2025-06-13 08:00:00,448.44
2025-06-13 09:00:00,249.99
2025-06-13 10:00:00,18.2
2025-06-13 11:00:00,1.36
2025-06-13 12:00:00,0.0
2025-06-13 13:00:00,0.6
2025-06-13 14:00:00,0.04
2025-06-13 15:00:00,167.71
2025-06-13 16:00:00,350.0
2025-06-13 17:00:00,454.23
2025-06-13 18:00:00,497.89
2025-06-13 19:00:00,651.83
2025-06-13 20:00:00,1044.03
2025-06-13 21:00:00,840.64
2025-06-13 22:00:00,528.67
2025-06-13 23:00:00,451.93
2025-06-14 00:00:00,542.46
2025-06-14 01:00:00,483.72
2025-06-14 02:00:00,451.64
2025-06-14 03:00:00,451.64
2025-06-14 04:00:00,455.18
2025-06-14 05:00:00,500.21
2025-06-14 06:00:00,462.06
2025-06-14 07:00:00,486.75
2025-06-14 08:00:00,189.93
2025-06-14 09:00:00,0.0
2025-06-14 10:00:00,-8.76
2025-06-14 11:00:00,-40.46
2025-06-14 12:00:00,-113.42
2025-06-14 13:00:00,-123.2
2025-06-14 14:00:00,-103.98
2025-06-14 15:00:00,-27.64
2025-06-14 16:00:00,-1.11
2025-06-14 17:00:00,466.63
2025-06-14 18:00:00,705.26
2025-06-14 19:00:00,576.25
2025-06-14 20:00:00,814.37
2025-06-14 21:00:00,768.66
2025-06-14 22:00:00,547.2
2025-06-14 23:00:00,499.61
2025-06-15 00:00:00,395.33
2025-06-15 01:00:00,396.44
2025-06-15 02:00:00,437.5
2025-06-15 03:00:00,437.88
2025-06-15 04:00:00,391.44
2025-06-15 05:00:00,392.08
2025-06-15 06:00:00,365.64
2025-06-15 07:00:00,272.94
2025-06-15 08:00:00,95.48
2025-06-15 09:00:00,-3.29
2025-06-15 10:00:00,0.0
2025-06-15 11:00:00,-0.09
2025-06-15 12:00:00,-5.94
2025-06-15 13:00:00,-24.52
2025-06-15 14:00:00,-21.36
2025-06-15 15:00:00,-8.54
2025-06-15 16:00:00,-0.04
2025-06-15 17:00:00,334.88
2025-06-15 18:00:00,729.74
2025-06-15 19:00:00,555.62
2025-06-15 20:00:00,821.33
2025-06-15 21:00:00,657.16
2025-06-15 22:00:00,565.7
2025-06-15 23:00:00,463.85
2025-06-16 00:00:00,446.98
2025-06-16 01:00:00,390.76
2025-06-16 02:00:00,373.2
2025-06-16 03:00:00,374.1
2025-06-16 04:00:00,356.03
2025-06-16 05:00:00,402.42
2025-06-16 06:00:00,476.54
2025-06-16 07:00:00,526.91
2025-06-16 08:00:00,570.27
2025-06-16 09:00:00,381.96
2025-06-16 10:00:00,265.12
2025-06-16 11:00:00,155.5
2025-06-16 12:00:00,205.78
2025-06-16 13:00:00,149.95
2025-06-16 14:00:00,121.28
2025-06-16 15:00:00,245.0
2025-06-16 16:00:00,361.97
2025-06-16 17:00:00,374.23
2025-06-16 18:00:00,423.95
2025-06-16 19:00:00,519.09
2025-06-16 20:00:00,796.64
2025-06-16 21:00:00,813.69
2025-06-16 22:00:00,541.39
2025-06-16 23:00:00,447.02
2025-06-17 00:00:00,461.57
2025-06-17 01:00:00,457.57
2025-06-17 02:00:00,403.32
2025-06-17 03:00:00,412.31
2025-06-17 04:00:00,434.64
2025-06-17 05:00:00,457.57
2025-06-17 06:00:00,541.34
2025-06-17 07:00:00,489.53
2025-06-17 08:00:00,414.4
2025-06-17 09:00:00,254.86
2025-06-17 10:00:00,13.89
2025-06-17 11:00:00,10.1
2025-06-17 12:00:00,5.41
2025-06-17 13:00:00,8.91
2025-06-17 14:00:00,4.35
2025-06-17 15:00:00,2.0
2025-06-17 16:00:00,62.21
2025-06-17 17:00:00,371.15
2025-06-17 18:00:00,861.53
2025-06-17 19:00:00,799.23
2025-06-17 20:00:00,1142.94
2025-06-17 21:00:00,1101.22
2025-06-17 22:00:00,589.75
2025-06-17 23:00:00,499.46
2025-06-18 00:00:00,484.96
2025-06-18 01:00:00,482.69
2025-06-18 02:00:00,482.01
2025-06-18 03:00:00,481.88
2025-06-18 04:00:00,479.87
2025-06-18 05:00:00,483.12
2025-06-18 06:00:00,512.53
2025-06-18 07:00:00,560.37
2025-06-18 08:00:00,517.66
2025-06-18 09:00:00,308.48
2025-06-18 10:00:00,90.46
2025-06-18 11:00:00,5.0
2025-06-18 12:00:00,0.68
2025-06-18 13:00:00,0.51
2025-06-18 14:00:00,0.34
2025-06-18 15:00:00,3.55
2025-06-18 16:00:00,91.23
2025-06-18 17:00:00,371.11
2025-06-18 18:00:00,528.48
2025-06-18 19:00:00,667.71
2025-06-18 20:00:00,939.73
2025-06-18 21:00:00,768.39
2025-06-18 22:00:00,570.8
2025-06-18 23:00:00,491.75
2025-06-19 00:00:00,481.68
2025-06-19 01:00:00,474.76
2025-06-19 02:00:00,494.45
2025-06-19 03:00:00,499.53
2025-06-19 04:00:00,428.28
2025-06-19 05:00:00,421.96
2025-06-19 06:00:00,429.18
2025-06-19 07:00:00,374.5
2025-06-19 08:00:00,155.06
2025-06-19 09:00:00,12.09
2025-06-19 10:00:00,-1.03
2025-06-19 11:00:00,-209.66
2025-06-19 12:00:00,-401.03
2025-06-19 13:00:00,-395.39
2025-06-19 14:00:00,-567.92
2025-06-19 15:00:00,-442.85
2025-06-19 16:00:00,-341.1
2025-06-19 17:00:00,-1.03
2025-06-19 18:00:00,53.87
2025-06-19 19:00:00,375.4
2025-06-19 20:00:00,579.63
2025-06-19 21:00:00,595.01
2025-06-19 22:00:00,548.06
2025-06-19 23:00:00,462.16
2025-06-20 00:00:00,470.87
2025-06-20 01:00:00,441.44
2025-06-20 02:00:00,446.09
2025-06-20 03:00:00,450.58
2025-06-20 04:00:00,447.12
2025-06-20 05:00:00,453.06
2025-06-20 06:00:00,515.3
2025-06-20 07:00:00,501.24
2025-06-20 08:00:00,435.97
2025-06-20 09:00:00,64.5
2025-06-20 10:00:00,14.99
2025-06-20 11:00:00,0.0
2025-06-20 12:00:00,-7.52
2025-06-20 13:00:00,-2.78
2025-06-20 14:00:00,-0.51
2025-06-20 15:00:00,0.34
2025-06-20 16:00:00,50.49
2025-06-20 17:00:00,359.81
2025-06-20 18:00:00,527.81
2025-06-20 19:00:00,589.54
2025-06-20 20:00:00,904.83
2025-06-20 21:00:00,794.15
2025-06-20 22:00:00,585.44
2025-06-20 23:00:00,518.5
2025-06-21 00:00:00,509.82
2025-06-21 01:00:00,471.85
2025-06-21 02:00:00,461.9
2025-06-21 03:00:00,456.35
2025-06-21 04:00:00,465.78
2025-06-21 05:00:00,461.0
2025-06-21 06:00:00,430.12
2025-06-21 07:00:00,435.25
2025-06-21 08:00:00,324.29
2025-06-21 09:00:00,99.94
2025-06-21 10:00:00,0.0
2025-06-21 11:00:00,-10.16
2025-06-21 12:00:00,-66.28
2025-06-21 13:00:00,-96.74
2025-06-21 14:00:00,-75.64
2025-06-21 15:00:00,-8.41
2025-06-21 16:00:00,0.04
2025-06-21 17:00:00,286.28
2025-06-21 18:00:00,691.29
2025-06-21 19:00:00,558.46
2025-06-21 20:00:00,685.14
2025-06-21 21:00:00,727.68
2025-06-21 22:00:00,601.64
2025-06-21 23:00:00,514.09
2025-06-22 00:00:00,463.48
2025-06-22 01:00:00,431.83
2025-06-22 02:00:00,414.88
2025-06-22 03:00:00,395.4
2025-06-22 04:00:00,385.41
2025-06-22 05:00:00,377.85
2025-06-22 06:00:00,309.51
2025-06-22 07:00:00,112.92
2025-06-22 08:00:00,0.0
2025-06-22 09:00:00,-0.38
2025-06-22 10:00:00,-47.45
2025-06-22 11:00:00,-161.01
2025-06-22 12:00:00,-274.45
2025-06-22 13:00:00,-391.6
2025-06-22 14:00:00,-315.36
2025-06-22 15:00:00,-152.6
2025-06-22 16:00:00,-22.21
2025-06-22 17:00:00,45.31
2025-06-22 18:00:00,403.22
2025-06-22 19:00:00,560.94
2025-06-22 20:00:00,668.4
2025-06-22 21:00:00,617.36
2025-06-22 22:00:00,540.31
2025-06-22 23:00:00,434.05
2025-06-23 00:00:00,383.7
2025-06-23 01:00:00,305.16
2025-06-23 02:00:00,285.68
2025-06-23 03:00:00,285.38
2025-06-23 04:00:00,326.08
2025-06-23 05:00:00,384.12
2025-06-23 06:00:00,483.89
2025-06-23 07:00:00,419.15
2025-06-23 08:00:00,355.17
2025-06-23 09:00:00,396.68
2025-06-23 10:00:00,37.63
2025-06-23 11:00:00,25.2
2025-06-23 12:00:00,44.5
2025-06-23 13:00:00,18.92
2025-06-23 14:00:00,1.37
2025-06-23 15:00:00,40.57
2025-06-23 16:00:00,322.62
2025-06-23 17:00:00,420.21
2025-06-23 18:00:00,491.03
2025-06-23 19:00:00,531.64
2025-06-23 20:00:00,485.47
2025-06-23 21:00:00,408.21
2025-06-23 22:00:00,414.92
2025-06-23 23:00:00,376.44
2025-06-24 00:00:00,332.67
2025-06-24 01:00:00,296.53
2025-06-24 02:00:00,289.35
2025-06-24 03:00:00,271.4
2025-06-24 04:00:00,282.38
2025-06-24 05:00:00,321.18
2025-06-24 06:00:00,412.02
2025-06-24 07:00:00,411.97
2025-06-24 08:00:00,74.94
2025-06-24 09:00:00,-3.5
2025-06-24 10:00:00,0.43
2025-06-24 11:00:00,0.09
2025-06-24 12:00:00,0.51
2025-06-24 13:00:00,0.51
2025-06-24 14:00:00,5.04
2025-06-24 15:00:00,0.13
2025-06-24 16:00:00,36.06
2025-06-24 17:00:00,186.89
2025-06-24 18:00:00,430.9
2025-06-24 19:00:00,708.29
2025-06-24 20:00:00,649.54
2025-06-24 21:00:00,543.27
2025-06-24 22:00:00,526.74
2025-06-24 23:00:00,493.75
2025-06-25 00:00:00,456.93
2025-06-25 01:00:00,323.96
2025-06-25 02:00:00,232.32
2025-06-25 03:00:00,174.8
2025-06-25 04:00:00,165.73
2025-06-25 05:00:00,276.88
2025-06-25 06:00:00,451.47
2025-06-25 07:00:00,476.99
2025-06-25 08:00:00,416.67
2025-06-25 09:00:00,301.85
2025-06-25 10:00:00,18.92
2025-06-25 11:00:00,18.15
2025-06-25 12:00:00,39.41
2025-06-25 13:00:00,23.26
2025-06-25 14:00:00,4.98
2025-06-25 15:00:00,14.95
2025-06-25 16:00:00,53.26
2025-06-25 17:00:00,281.48
2025-06-25 18:00:00,437.97
2025-06-25 19:00:00,659.34
2025-06-25 20:00:00,855.96
2025-06-25 21:00:00,1037.41
2025-06-25 22:00:00,740.03
2025-06-25 23:00:00,545.46
2025-06-26 00:00:00,509.54
2025-06-26 01:00:00,459.37
2025-06-26 02:00:00,439.53
2025-06-26 03:00:00,425.04
2025-06-26 04:00:00,425.55
2025-06-26 05:00:00,444.67
2025-06-26 06:00:00,511.91
2025-06-26 07:00:00,514.0
2025-06-26 08:00:00,453.63
2025-06-26 09:00:00,411.2
2025-06-26 10:00:00,375.51
2025-06-26 11:00:00,314.0
2025-06-26 12:00:00,299.35
2025-06-26 13:00:00,202.54
2025-06-26 14:00:00,150.08
2025-06-26 15:00:00,288.52
2025-06-26 16:00:00,349.26
2025-06-26 17:00:00,498.28
2025-06-26 18:00:00,805.53
2025-06-26 19:00:00,1299.14
2025-06-26 20:00:00,1499.34
2025-06-26 21:00:00,1149.18
2025-06-26 22:00:00,513.95
2025-06-26 23:00:00,405.08
2025-06-27 00:00:00,513.44
2025-06-27 01:00:00,438.21
2025-06-27 02:00:00,433.54
2025-06-27 03:00:00,391.83
2025-06-27 04:00:00,349.98
2025-06-27 05:00:00,391.83
2025-06-27 06:00:00,499.89
2025-06-27 07:00:00,480.86
2025-06-27 08:00:00,457.5
2025-06-27 09:00:00,386.73
2025-06-27 10:00:00,336.18
2025-06-27 11:00:00,286.52
2025-06-27 12:00:00,229.51
2025-06-27 13:00:00,68.18
2025-06-27 14:00:00,14.15
2025-06-27 15:00:00,46.13
2025-06-27 16:00:00,189.33
2025-06-27 17:00:00,332.82
2025-06-27 18:00:00,426.32
2025-06-27 19:00:00,455.59
2025-06-27 20:00:00,582.13
2025-06-27 21:00:00,576.86
2025-06-27 22:00:00,535.53
2025-06-27 23:00:00,466.72
2025-06-28 00:00:00,392.23
2025-06-28 01:00:00,395.7
2025-06-28 02:00:00,395.53
2025-06-28 03:00:00,402.1
2025-06-28 04:00:00,379.78
2025-06-28 05:00:00,367.28
2025-06-28 06:00:00,350.33
2025-06-28 07:00:00,339.91
2025-06-28 08:00:00,117.77
2025-06-28 09:00:00,9.91
2025-06-28 10:00:00,0.04
2025-06-28 11:00:00,0.17
2025-06-28 12:00:00,-2.29
2025-06-28 13:00:00,-4.45
2025-06-28 14:00:00,20.04
2025-06-28 15:00:00,133.31
2025-06-28 16:00:00,353.77
2025-06-28 17:00:00,500.76
2025-06-28 18:00:00,688.76
2025-06-28 19:00:00,540.03
2025-06-28 20:00:00,557.82
2025-06-28 21:00:00,544.56
2025-06-28 22:00:00,507.84
2025-06-28 23:00:00,438.45
2025-06-29 00:00:00,449.88
2025-06-29 01:00:00,378.8
2025-06-29 02:00:00,379.82
2025-06-29 03:00:00,367.79
2025-06-29 04:00:00,361.35
2025-06-29 05:00:00,361.35
2025-06-29 06:00:00,365.92
2025-06-29 07:00:00,322.42
2025-06-29 08:00:00,202.96
2025-06-29 09:00:00,8.73
2025-06-29 10:00:00,0.0
2025-06-29 11:00:00,-1.06
2025-06-29 12:00:00,-21.44
2025-06-29 13:00:00,-83.83
2025-06-29 14:00:00,-99.8
2025-06-29 15:00:00,-55.28
2025-06-29 16:00:00,-2.67
2025-06-29 17:00:00,0.42
2025-06-29 18:00:00,312.29
2025-06-29 19:00:00,432.69
2025-06-29 20:00:00,474.37
2025-06-29 21:00:00,500.17
2025-06-29 22:00:00,481.78
2025-06-29 23:00:00,427.86
2025-06-30 00:00:00,418.24
2025-06-30 01:00:00,377.15
2025-06-30 02:00:00,360.2
2025-06-30 03:00:00,356.39
2025-06-30 04:00:00,366.26
2025-06-30 05:00:00,410.61
2025-06-30 06:00:00,484.79
2025-06-30 07:00:00,473.52
2025-06-30 08:00:00,447.0
2025-06-30 09:00:00,350.42
2025-06-30 10:00:00,215.88
2025-06-30 11:00:00,0.0
2025-06-30 12:00:00,-89.13
2025-06-30 13:00:00,0.0
2025-06-30 14:00:00,-10.17
2025-06-30 15:00:00,89.85
2025-06-30 16:00:00,288.49
2025-06-30 17:00:00,409.3
2025-06-30 18:00:00,468.74
2025-06-30 19:00:00,758.03
2025-06-30 20:00:00,1206.05
2025-06-30 21:00:00,1011.56
2025-06-30 22:00:00,665.08
2025-06-30 23:00:00,519.57
2025-07-01 00:00:00,472.04
2025-07-01 01:00:00,414.56
2025-07-01 02:00:00,377.95
2025-07-01 03:00:00,374.56
2025-07-01 04:00:00,381.81
2025-07-01 05:00:00,421.43
2025-07-01 06:00:00,487.69
2025-07-01 07:00:00,511.28
2025-07-01 08:00:00,470.98
2025-07-01 09:00:00,304.14
2025-07-01 10:00:00,178.46
2025-07-01 11:00:00,69.23
2025-07-01 12:00:00,50.1
2025-07-01 13:00:00,30.97
2025-07-01 14:00:00,123.4
2025-07-01 15:00:00,328.83
2025-07-01 16:00:00,385.16
2025-07-01 17:00:00,435.9
2025-07-01 18:00:00,645.28
2025-07-01 19:00:00,1293.14
2025-07-01 20:00:00,1999.17
2025-07-01 21:00:00,1696.04
2025-07-01 22:00:00,1034.3
2025-07-01 23:00:00,618.94
2025-07-02 00:00:00,505.97
2025-07-02 01:00:00,436.41
2025-07-02 02:00:00,392.51
2025-07-02 03:00:00,390.56
2025-07-02 04:00:00,399.68
2025-07-02 05:00:00,424.19
2025-07-02 06:00:00,490.19
2025-07-02 07:00:00,467.24
2025-07-02 08:00:00,443.32
2025-07-02 09:00:00,382.92
2025-07-02 10:00:00,289.4
2025-07-02 11:00:00,104.34
2025-07-02 12:00:00,31.18
2025-07-02 13:00:00,86.06
2025-07-02 14:00:00,113.5
2025-07-02 15:00:00,294.78
2025-07-02 16:00:00,350.39
2025-07-02 17:00:00,450.79
2025-07-02 18:00:00,822.55
2025-07-02 19:00:00,1286.4
2025-07-02 20:00:00,1589.42
2025-07-02 21:00:00,836.42
2025-07-02 22:00:00,575.4
2025-07-02 23:00:00,497.74
2025-07-03 00:00:00,503.67
2025-07-03 01:00:00,429.72
2025-07-03 02:00:00,363.42
2025-07-03 03:00:00,374.21
2025-07-03 04:00:00,363.42
2025-07-03 05:00:00,402.82
2025-07-03 06:00:00,444.64
2025-07-03 07:00:00,457.17
2025-07-03 08:00:00,445.83
2025-07-03 09:00:00,384.41
2025-07-03 10:00:00,319.01
2025-07-03 11:00:00,243.74
2025-07-03 12:00:00,179.18
2025-07-03 13:00:00,114.92
2025-07-03 14:00:00,96.73
2025-07-03 15:00:00,214.71
2025-07-03 16:00:00,318.75
2025-07-03 17:00:00,412.34
2025-07-03 18:00:00,665.34
2025-07-03 19:00:00,656.16
2025-07-03 20:00:00,859.56
2025-07-03 21:00:00,715.83
2025-07-03 22:00:00,568.74
2025-07-03 23:00:00,484.37
2025-07-04 00:00:00,471.02
2025-07-04 01:00:00,446.93
2025-07-04 02:00:00,435.98
2025-07-04 03:00:00,420.16
2025-07-04 04:00:00,443.01
2025-07-04 05:00:00,458.87
2025-07-04 06:00:00,523.97
2025-07-04 07:00:00,497.33
2025-07-04 08:00:00,426.34
2025-07-04 09:00:00,461.98
2025-07-04 10:00:00,333.87
2025-07-04 11:00:00,321.38
2025-07-04 12:00:00,152.84
2025-07-04 13:00:00,98.02
2025-07-04 14:00:00,112.04
2025-07-04 15:00:00,133.79
2025-07-04 16:00:00,270.85
2025-07-04 17:00:00,399.74
2025-07-04 18:00:00,475.24
2025-07-04 19:00:00,711.99
2025-07-04 20:00:00,941.32
2025-07-04 21:00:00,699.28
2025-07-04 22:00:00,554.41
2025-07-04 23:00:00,471.53
2025-07-05 00:00:00,515.75
2025-07-05 01:00:00,500.06
2025-07-05 02:00:00,457.67
2025-07-05 03:00:00,440.63
2025-07-05 04:00:00,409.12
2025-07-05 05:00:00,425.06
2025-07-05 06:00:00,421.2
2025-07-05 07:00:00,434.16
2025-07-05 08:00:00,349.22
2025-07-05 09:00:00,14.2
2025-07-05 10:00:00,0.0
2025-07-05 11:00:00,-0.38
2025-07-05 12:00:00,-5.14
2025-07-05 13:00:00,-2.25
2025-07-05 14:00:00,-9.18
2025-07-05 15:00:00,15.99
2025-07-05 16:00:00,297.86
2025-07-05 17:00:00,478.55
2025-07-05 18:00:00,512.86
2025-07-05 19:00:00,671.91
2025-07-05 20:00:00,793.07
2025-07-05 21:00:00,621.74
2025-07-05 22:00:00,491.77
2025-07-05 23:00:00,458.27
2025-07-06 00:00:00,439.65
2025-07-06 01:00:00,397.13
2025-07-06 02:00:00,390.54
2025-07-06 03:00:00,408.57
2025-07-06 04:00:00,380.08
2025-07-06 05:00:00,373.15
2025-07-06 06:00:00,385.87
2025-07-06 07:00:00,413.12
2025-07-06 08:00:00,295.69
2025-07-06 09:00:00,156.67
2025-07-06 10:00:00,81.16
2025-07-06 11:00:00,43.03
2025-07-06 12:00:00,25.85
2025-07-06 13:00:00,24.19
2025-07-06 14:00:00,35.03
2025-07-06 15:00:00,121.3
2025-07-06 16:00:00,319.63
2025-07-06 17:00:00,442.96
2025-07-06 18:00:00,491.81
2025-07-06 19:00:00,625.52
2025-07-06 20:00:00,753.54
2025-07-06 21:00:00,699.67
2025-07-06 22:00:00,560.77
2025-07-06 23:00:00,470.98
2025-07-07 00:00:00,506.82
2025-07-07 01:00:00,455.0
2025-07-07 02:00:00,433.14
2025-07-07 03:00:00,420.81
2025-07-07 04:00:00,430.76
2025-07-07 05:00:00,469.2
2025-07-07 06:00:00,573.02
2025-07-07 07:00:00,611.58
2025-07-07 08:00:00,636.79
2025-07-07 09:00:00,563.92
2025-07-07 10:00:00,468.05
2025-07-07 11:00:00,465.2
2025-07-07 12:00:00,385.99
2025-07-07 13:00:00,362.02
2025-07-07 14:00:00,385.74
2025-07-07 15:00:00,458.82
2025-07-07 16:00:00,531.52
2025-07-07 17:00:00,632.54
2025-07-07 18:00:00,751.07
2025-07-07 19:00:00,1111.04
2025-07-07 20:00:00,1202.75
2025-07-07 21:00:00,824.32
2025-07-07 22:00:00,511.12
2025-07-07 23:00:00,422.13
2025-07-08 00:00:00,476.14
2025-07-08 01:00:00,438.55
2025-07-08 02:00:00,420.95
2025-07-08 03:00:00,430.05
2025-07-08 04:00:00,432.04
2025-07-08 05:00:00,436.38
2025-07-08 06:00:00,520.11
2025-07-08 07:00:00,506.16
2025-07-08 08:00:00,495.32
2025-07-08 09:00:00,390.46
2025-07-08 10:00:00,374.51
2025-07-08 11:00:00,378.89
2025-07-08 12:00:00,383.99
2025-07-08 13:00:00,400.66
2025-07-08 14:00:00,411.8
2025-07-08 15:00:00,430.77
2025-07-08 16:00:00,470.1
2025-07-08 17:00:00,549.28
2025-07-08 18:00:00,561.78
2025-07-08 19:00:00,655.59
2025-07-08 20:00:00,626.46
2025-07-08 21:00:00,531.76
2025-07-08 22:00:00,502.72
2025-07-08 23:00:00,427.96
2025-07-09 00:00:00,411.13
2025-07-09 01:00:00,434.14
2025-07-09 02:00:00,429.98
2025-07-09 03:00:00,431.98
2025-07-09 04:00:00,410.96
2025-07-09 05:00:00,429.6
2025-07-09 06:00:00,505.0
2025-07-09 07:00:00,518.76
2025-07-09 08:00:00,509.8
2025-07-09 09:00:00,449.98
2025-07-09 10:00:00,427.82
2025-07-09 11:00:00,448.88
2025-07-09 12:00:00,436.95
2025-07-09 13:00:00,501.95
2025-07-09 14:00:00,501.95
2025-07-09 15:00:00,509.97
2025-07-09 16:00:00,500.29
2025-07-09 17:00:00,501.61
2025-07-09 18:00:00,501.61
2025-07-09 19:00:00,526.27
2025-07-09 20:00:00,638.01
2025-07-09 21:00:00,610.25
2025-07-09 22:00:00,502.07
2025-07-09 23:00:00,443.7
2025-07-10 00:00:00,427.85
2025-07-10 01:00:00,425.81
2025-07-10 02:00:00,425.81
2025-07-10 03:00:00,409.83
2025-07-10 04:00:00,390.96
2025-07-10 05:00:00,417.67
2025-07-10 06:00:00,455.79
2025-07-10 07:00:00,457.95
2025-07-10 08:00:00,447.61
2025-07-10 09:00:00,375.78
2025-07-10 10:00:00,331.52
2025-07-10 11:00:00,254.35
2025-07-10 12:00:00,191.22
2025-07-10 13:00:00,165.23
2025-07-10 14:00:00,166.63
2025-07-10 15:00:00,239.3
2025-07-10 16:00:00,324.73
2025-07-10 17:00:00,372.77
2025-07-10 18:00:00,435.86
2025-07-10 19:00:00,504.29
2025-07-10 20:00:00,599.9
2025-07-10 21:00:00,589.52
2025-07-10 22:00:00,511.97
2025-07-10 23:00:00,450.02
2025-07-11 00:00:00,430.2
2025-07-11 01:00:00,410.33
2025-07-11 02:00:00,390.5
2025-07-11 03:00:00,382.26
2025-07-11 04:00:00,385.96
2025-07-11 05:00:00,411.69
2025-07-11 06:00:00,444.94
2025-07-11 07:00:00,437.34
2025-07-11 08:00:00,432.71
2025-07-11 09:00:00,392.16
2025-07-11 10:00:00,349.86
2025-07-11 11:00:00,394.7
2025-07-11 12:00:00,428.12
2025-07-11 13:00:00,454.87
2025-07-11 14:00:00,472.37
2025-07-11 15:00:00,468.08
2025-07-11 16:00:00,449.86
2025-07-11 17:00:00,425.57
2025-07-11 18:00:00,503.33
2025-07-11 19:00:00,512.88
2025-07-11 20:00:00,539.97
2025-07-11 21:00:00,528.17
2025-07-11 22:00:00,501.84
2025-07-11 23:00:00,438.27
2025-07-12 00:00:00,473.81
2025-07-12 01:00:00,443.63
2025-07-12 02:00:00,440.4
2025-07-12 03:00:00,428.14
2025-07-12 04:00:00,431.29
2025-07-12 05:00:00,425.03
2025-07-12 06:00:00,466.06
2025-07-12 07:00:00,518.67
2025-07-12 08:00:00,527.74
2025-07-12 09:00:00,495.22
2025-07-12 10:00:00,435.16
2025-07-12 11:00:00,400.05
2025-07-12 12:00:00,388.47
2025-07-12 13:00:00,388.64
2025-07-12 14:00:00,423.63
2025-07-12 15:00:00,424.82
2025-07-12 16:00:00,423.03
2025-07-12 17:00:00,455.25
2025-07-12 18:00:00,508.67
2025-07-12 19:00:00,470.58
2025-07-12 20:00:00,519.4
2025-07-12 21:00:00,540.04
2025-07-12 22:00:00,532.76
2025-07-12 23:00:00,492.45
2025-07-13 00:00:00,490.5
2025-07-13 01:00:00,463.04
2025-07-13 02:00:00,460.32
2025-07-13 03:00:00,456.74
2025-07-13 04:00:00,444.95
2025-07-13 05:00:00,428.69
2025-07-13 06:00:00,406.56
2025-07-13 07:00:00,391.41
2025-07-13 08:00:00,345.87
2025-07-13 09:00:00,165.91
2025-07-13 10:00:00,18.22
2025-07-13 11:00:00,0.21
2025-07-13 12:00:00,0.0
2025-07-13 13:00:00,0.0
2025-07-13 14:00:00,0.0
2025-07-13 15:00:00,49.97
2025-07-13 16:00:00,347.48
2025-07-13 17:00:00,473.6
2025-07-13 18:00:00,523.52
2025-07-13 19:00:00,515.78
2025-07-13 20:00:00,537.91
2025-07-13 21:00:00,548.55
2025-07-13 22:00:00,540.29
2025-07-13 23:00:00,494.28
2025-07-14 00:00:00,484.96
2025-07-14 01:00:00,439.51
2025-07-14 02:00:00,415.12
2025-07-14 03:00:00,399.37
2025-07-14 04:00:00,415.76
2025-07-14 05:00:00,463.0
2025-07-14 06:00:00,504.8
2025-07-14 07:00:00,512.12
2025-07-14 08:00:00,450.57
2025-07-14 09:00:00,377.75
2025-07-14 10:00:00,346.68
2025-07-14 11:00:00,331.23
2025-07-14 12:00:00,305.99
2025-07-14 13:00:00,276.4
2025-07-14 14:00:00,303.35
2025-07-14 15:00:00,377.75
2025-07-14 16:00:00,379.15
2025-07-14 17:00:00,436.23
2025-07-14 18:00:00,655.56
2025-07-14 19:00:00,1031.81
2025-07-14 20:00:00,1261.78
2025-07-14 21:00:00,937.79
2025-07-14 22:00:00,575.79
2025-07-14 23:00:00,490.71
2025-07-15 00:00:00,484.05
2025-07-15 01:00:00,450.17
2025-07-15 02:00:00,395.54
2025-07-15 03:00:00,385.49
2025-07-15 04:00:00,383.53
2025-07-15 05:00:00,401.47
2025-07-15 06:00:00,474.68
2025-07-15 07:00:00,482.73
2025-07-15 08:00:00,455.07
2025-07-15 09:00:00,384.68
2025-07-15 10:00:00,325.06
2025-07-15 11:00:00,273.88
2025-07-15 12:00:00,260.54
2025-07-15 13:00:00,325.06
2025-07-15 14:00:00,320.41
2025-07-15 15:00:00,345.6
2025-07-15 16:00:00,401.98
2025-07-15 17:00:00,439.48
2025-07-15 18:00:00,648.88
2025-07-15 19:00:00,860.12
2025-07-15 20:00:00,897.96
2025-07-15 21:00:00,674.66
2025-07-15 22:00:00,514.61
2025-07-15 23:00:00,472.97
2025-07-16 00:00:00,426.78
2025-07-16 01:00:00,400.03
2025-07-16 02:00:00,388.63
2025-07-16 03:00:00,399.86
2025-07-16 04:00:00,396.2
2025-07-16 05:00:00,392.41
2025-07-16 06:00:00,452.22
2025-07-16 07:00:00,480.72
2025-07-16 08:00:00,475.28
2025-07-16 09:00:00,439.08
2025-07-16 10:00:00,358.72
2025-07-16 11:00:00,297.77
2025-07-16 12:00:00,276.45
2025-07-16 13:00:00,274.88
2025-07-16 14:00:00,273.65
2025-07-16 15:00:00,330.69
2025-07-16 16:00:00,349.88
2025-07-16 17:00:00,383.86
2025-07-16 18:00:00,485.32
2025-07-16 19:00:00,699.75
2025-07-16 20:00:00,819.03
2025-07-16 21:00:00,658.15
2025-07-16 22:00:00,532.62
2025-07-16 23:00:00,482.93
2025-07-17 00:00:00,460.6
2025-07-17 01:00:00,443.05
2025-07-17 02:00:00,406.86
2025-07-17 03:00:00,423.85
2025-07-17 04:00:00,428.75
2025-07-17 05:00:00,446.16
2025-07-17 06:00:00,518.26
2025-07-17 07:00:00,525.37
2025-07-17 08:00:00,451.06
2025-07-17 09:00:00,500.76
2025-07-17 10:00:00,472.61
2025-07-17 11:00:00,462.35
2025-07-17 12:00:00,436.58
2025-07-17 13:00:00,454.89
2025-07-17 14:00:00,474.87
2025-07-17 15:00:00,487.9
2025-07-17 16:00:00,483.6
2025-07-17 17:00:00,505.78
2025-07-17 18:00:00,648.44
2025-07-17 19:00:00,727.91
2025-07-17 20:00:00,776.62
2025-07-17 21:00:00,600.19
2025-07-17 22:00:00,532.61
2025-07-17 23:00:00,486.24
2025-07-18 00:00:00,472.62
2025-07-18 01:00:00,431.72
2025-07-18 02:00:00,420.14
2025-07-18 03:00:00,413.8
2025-07-18 04:00:00,417.08
2025-07-18 05:00:00,458.28
2025-07-18 06:00:00,514.96
2025-07-18 07:00:00,493.09
2025-07-18 08:00:00,465.6
2025-07-18 09:00:00,416.23
2025-07-18 10:00:00,371.58
2025-07-18 11:00:00,357.37
2025-07-18 12:00:00,345.83
2025-07-18 13:00:00,363.24
2025-07-18 14:00:00,373.16
2025-07-18 15:00:00,389.88
2025-07-18 16:00:00,402.69
2025-07-18 17:00:00,405.59
2025-07-18 18:00:00,500.79
2025-07-18 19:00:00,559.4
2025-07-18 20:00:00,659.58
2025-07-18 21:00:00,632.64
2025-07-18 22:00:00,541.86
2025-07-18 23:00:00,495.6
2025-07-19 00:00:00,479.76
2025-07-19 01:00:00,453.36
2025-07-19 02:00:00,445.11
2025-07-19 03:00:00,441.75
2025-07-19 04:00:00,420.12
2025-07-19 05:00:00,417.14
2025-07-19 06:00:00,414.93
2025-07-19 07:00:00,391.17
2025-07-19 08:00:00,372.25
2025-07-19 09:00:00,339.73
2025-07-19 10:00:00,118.73
2025-07-19 11:00:00,163.23
2025-07-19 12:00:00,62.66
2025-07-19 13:00:00,100.62
2025-07-19 14:00:00,118.69
2025-07-19 15:00:00,339.43
2025-07-19 16:00:00,372.29
2025-07-19 17:00:00,402.35
2025-07-19 18:00:00,487.83
2025-07-19 19:00:00,528.85
2025-07-19 20:00:00,569.54
2025-07-19 21:00:00,648.98
2025-07-19 22:00:00,525.03
2025-07-19 23:00:00,490.55
2025-07-20 00:00:00,486.13
2025-07-20 01:00:00,433.38
2025-07-20 02:00:00,436.27
2025-07-20 03:00:00,424.83
2025-07-20 04:00:00,425.81
2025-07-20 05:00:00,415.87
2025-07-20 06:00:00,406.81
2025-07-20 07:00:00,457.61
2025-07-20 08:00:00,368.6
2025-07-20 09:00:00,175.65
2025-07-20 10:00:00,33.28
2025-07-20 11:00:00,8.46
2025-07-20 12:00:00,0.0
2025-07-20 13:00:00,-0.04
2025-07-20 14:00:00,0.0
2025-07-20 15:00:00,36.98
2025-07-20 16:00:00,296.71
2025-07-20 17:00:00,403.11
2025-07-20 18:00:00,474.15
2025-07-20 19:00:00,516.36
2025-07-20 20:00:00,628.71
2025-07-20 21:00:00,700.21
2025-07-20 22:00:00,556.78
2025-07-20 23:00:00,469.26
2025-07-21 00:00:00,448.21
2025-07-21 01:00:00,426.79
2025-07-21 02:00:00,398.18
2025-07-21 03:00:00,399.84
2025-07-21 04:00:00,393.85
2025-07-21 05:00:00,410.08
2025-07-21 06:00:00,501.69
2025-07-21 07:00:00,532.55
2025-07-21 08:00:00,513.0
2025-07-21 09:00:00,451.66
2025-07-21 10:00:00,422.07
2025-07-21 11:00:00,402.6
2025-07-21 12:00:00,360.52
2025-07-21 13:00:00,354.36
2025-07-21 14:00:00,355.89
2025-07-21 15:00:00,364.56
2025-07-21 16:00:00,410.55
2025-07-21 17:00:00,450.85
2025-07-21 18:00:00,578.33
2025-07-21 19:00:00,702.89
2025-07-21 20:00:00,732.86
2025-07-21 21:00:00,561.5
2025-07-21 22:00:00,487.11
2025-07-21 23:00:00,431.59
2025-07-22 00:00:00,429.97
2025-07-22 01:00:00,433.7
2025-07-22 02:00:00,431.5
2025-07-22 03:00:00,432.81
2025-07-22 04:00:00,434.47
2025-07-22 05:00:00,427.97
2025-07-22 06:00:00,465.88
2025-07-22 07:00:00,465.49
2025-07-22 08:00:00,429.42
2025-07-22 09:00:00,399.96
2025-07-22 10:00:00,351.11
2025-07-22 11:00:00,294.99
2025-07-22 12:00:00,102.97
2025-07-22 13:00:00,35.99
2025-07-22 14:00:00,50.81
2025-07-22 15:00:00,124.19
2025-07-22 16:00:00,319.61
2025-07-22 17:00:00,401.49
2025-07-22 18:00:00,458.58
2025-07-22 19:00:00,604.97
2025-07-22 20:00:00,718.08
2025-07-22 21:00:00,602.97
2025-07-22 22:00:00,477.51
2025-07-22 23:00:00,430.6
2025-07-23 00:00:00,375.85
2025-07-23 01:00:00,395.84
2025-07-23 02:00:00,381.84
2025-07-23 03:00:00,395.84
2025-07-23 04:00:00,395.84
2025-07-23 05:00:00,381.72
2025-07-23 06:00:00,415.06
2025-07-23 07:00:00,437.81
2025-07-23 08:00:00,410.42
2025-07-23 09:00:00,332.85
2025-07-23 10:00:00,247.87
2025-07-23 11:00:00,165.96
2025-07-23 12:00:00,90.0
2025-07-23 13:00:00,94.38
2025-07-23 14:00:00,197.56
2025-07-23 15:00:00,317.58
2025-07-23 16:00:00,363.64
2025-07-23 17:00:00,377.72
2025-07-23 18:00:00,486.3
2025-07-23 19:00:00,811.15
2025-07-23 20:00:00,799.92
2025-07-23 21:00:00,652.55
2025-07-23 22:00:00,488.89
2025-07-23 23:00:00,437.81
2025-07-24 00:00:00,416.8
2025-07-24 01:00:00,403.57
2025-07-24 02:00:00,395.87
2025-07-24 03:00:00,393.79
2025-07-24 04:00:00,403.53
2025-07-24 05:00:00,405.27
2025-07-24 06:00:00,471.52
2025-07-24 07:00:00,495.08
2025-07-24 08:00:00,467.77
2025-07-24 09:00:00,410.0
2025-07-24 10:00:00,381.53
2025-07-24 11:00:00,361.28
2025-07-24 12:00:00,348.48
2025-07-24 13:00:00,321.08
2025-07-24 14:00:00,332.86
2025-07-24 15:00:00,299.68
2025-07-24 16:00:00,356.35
2025-07-24 17:00:00,475.85
2025-07-24 18:00:00,614.51
2025-07-24 19:00:00,858.92
2025-07-24 20:00:00,973.49
2025-07-24 21:00:00,706.66
2025-07-24 22:00:00,565.71
2025-07-24 23:00:00,479.85
2025-07-25 00:00:00,477.81
2025-07-25 01:00:00,443.34
2025-07-25 02:00:00,419.49
2025-07-25 03:00:00,409.07
2025-07-25 04:00:00,421.36
2025-07-25 05:00:00,433.3
2025-07-25 06:00:00,475.6
2025-07-25 07:00:00,480.71
2025-07-25 08:00:00,472.67
2025-07-25 09:00:00,477.01
2025-07-25 10:00:00,420.93
2025-07-25 11:00:00,391.04
2025-07-25 12:00:00,363.32
2025-07-25 13:00:00,382.88
2025-07-25 14:00:00,403.29
2025-07-25 15:00:00,402.86
2025-07-25 16:00:00,415.87
2025-07-25 17:00:00,433.52
2025-07-25 18:00:00,639.79
2025-07-25 19:00:00,831.53
2025-07-25 20:00:00,952.7
2025-07-25 21:00:00,727.24
2025-07-25 22:00:00,569.05
2025-07-25 23:00:00,483.21
2025-07-26 00:00:00,509.85
2025-07-26 01:00:00,476.11
2025-07-26 02:00:00,449.86
2025-07-26 03:00:00,473.98
2025-07-26 04:00:00,451.86
2025-07-26 05:00:00,478.62
2025-07-26 06:00:00,481.13
2025-07-26 07:00:00,483.85
2025-07-26 08:00:00,428.55
2025-07-26 09:00:00,368.56
2025-07-26 10:00:00,342.48
2025-07-26 11:00:00,323.76
2025-07-26 12:00:00,285.6
2025-07-26 13:00:00,199.96
2025-07-26 14:00:00,225.78
2025-07-26 15:00:00,306.66
2025-07-26 16:00:00,410.25
2025-07-26 17:00:00,519.93
2025-07-26 18:00:00,627.82
2025-07-26 19:00:00,544.78
2025-07-26 20:00:00,641.73
2025-07-26 21:00:00,611.27
2025-07-26 22:00:00,513.42
2025-07-26 23:00:00,490.06
2025-07-27 00:00:00,436.97
2025-07-27 01:00:00,413.06
2025-07-27 02:00:00,393.02
2025-07-27 03:00:00,382.26
2025-07-27 04:00:00,386.04
2025-07-27 05:00:00,381.41
2025-07-27 06:00:00,378.98
2025-07-27 07:00:00,375.71
2025-07-27 08:00:00,416.76
2025-07-27 09:00:00,405.74
2025-07-27 10:00:00,411.91
2025-07-27 11:00:00,410.17
2025-07-27 12:00:00,406.0
2025-07-27 13:00:00,409.57
2025-07-27 14:00:00,445.1
2025-07-27 15:00:00,418.42
2025-07-27 16:00:00,475.43
2025-07-27 17:00:00,455.05
2025-07-27 18:00:00,455.82
2025-07-27 19:00:00,453.73
2025-07-27 20:00:00,552.94
2025-07-27 21:00:00,582.17
2025-07-27 22:00:00,539.59
2025-07-27 23:00:00,465.01
2025-07-28 00:00:00,416.72
2025-07-28 01:00:00,372.0
2025-07-28 02:00:00,391.66
2025-07-28 03:00:00,390.6
2025-07-28 04:00:00,406.0
2025-07-28 05:00:00,382.94
2025-07-28 06:00:00,461.6
2025-07-28 07:00:00,508.1
2025-07-28 08:00:00,504.4
2025-07-28 09:00:00,549.2
2025-07-28 10:00:00,452.58
2025-07-28 11:00:00,440.29
2025-07-28 12:00:00,406.0
2025-07-28 13:00:00,359.67
2025-07-28 14:00:00,352.56
2025-07-28 15:00:00,355.24
2025-07-28 16:00:00,353.97
2025-07-28 17:00:00,396.13
2025-07-28 18:00:00,470.32
2025-07-28 19:00:00,528.44
2025-07-28 20:00:00,574.09
2025-07-28 21:00:00,548.95
2025-07-28 22:00:00,469.05
2025-07-28 23:00:00,394.0
2025-07-29 00:00:00,374.32
2025-07-29 01:00:00,364.82
2025-07-29 02:00:00,359.5
2025-07-29 03:00:00,356.65
2025-07-29 04:00:00,365.8
2025-07-29 05:00:00,405.13
2025-07-29 06:00:00,433.1
2025-07-29 07:00:00,464.43
2025-07-29 08:00:00,415.14
2025-07-29 09:00:00,348.18
2025-07-29 10:00:00,291.1
2025-07-29 11:00:00,229.55
2025-07-29 12:00:00,99.94
2025-07-29 13:00:00,31.84
2025-07-29 14:00:00,57.85
2025-07-29 15:00:00,105.05
2025-07-29 16:00:00,300.81
2025-07-29 17:00:00,393.17
2025-07-29 18:00:00,479.24
2025-07-29 19:00:00,622.47
2025-07-29 20:00:00,810.61
2025-07-29 21:00:00,583.74
2025-07-29 22:00:00,491.5
2025-07-29 23:00:00,442.89
2025-07-30 00:00:00,409.85
2025-07-30 01:00:00,392.54
2025-07-30 02:00:00,399.46
2025-07-30 03:00:00,404.68
2025-07-30 04:00:00,399.8
2025-07-30 05:00:00,413.48
2025-07-30 06:00:00,440.7
2025-07-30 07:00:00,424.55
2025-07-30 08:00:00,392.24
2025-07-30 09:00:00,315.48
2025-07-30 10:00:00,250.4
2025-07-30 11:00:00,172.83
2025-07-30 12:00:00,105.95
2025-07-30 13:00:00,75.6
2025-07-30 14:00:00,199.75
2025-07-30 15:00:00,183.6
2025-07-30 16:00:00,254.63
2025-07-30 17:00:00,351.64
2025-07-30 18:00:00,497.33
2025-07-30 19:00:00,662.81
2025-07-30 20:00:00,822.22
2025-07-30 21:00:00,658.71
2025-07-30 22:00:00,496.6
2025-07-30 23:00:00,445.19
2025-07-31 00:00:00,454.37
2025-07-31 01:00:00,434.03
2025-07-31 02:00:00,416.04
2025-07-31 03:00:00,416.04
2025-07-31 04:00:00,406.98
2025-07-31 05:00:00,414.16
2025-07-31 06:00:00,461.93
2025-07-31 07:00:00,432.53
2025-07-31 08:00:00,401.68
2025-07-31 09:00:00,390.06
2025-07-31 10:00:00,315.02
2025-07-31 11:00:00,305.53
2025-07-31 12:00:00,265.71
2025-07-31 13:00:00,258.53
2025-07-31 14:00:00,342.03
2025-07-31 15:00:00,401.77
2025-07-31 16:00:00,414.8
2025-07-31 17:00:00,389.8
2025-07-31 18:00:00,480.22
2025-07-31 19:00:00,585.3
2025-07-31 20:00:00,664.53
2025-07-31 21:00:00,572.61
2025-07-31 22:00:00,528.34
2025-07-31 23:00:00,440.23
2025-08-01 00:00:00,449.73
2025-08-01 01:00:00,421.11
2025-08-01 02:00:00,392.52
2025-08-01 03:00:00,378.49
2025-08-01 04:00:00,402.12
2025-08-01 05:00:00,431.0
2025-08-01 06:00:00,455.58
2025-08-01 07:00:00,470.59
2025-08-01 08:00:00,453.15
2025-08-01 09:00:00,421.87
2025-08-01 10:00:00,333.61
2025-08-01 11:00:00,311.55
2025-08-01 12:00:00,307.8
2025-08-01 13:00:00,324.61
2025-08-01 14:00:00,339.79
2025-08-01 15:00:00,376.06
2025-08-01 16:00:00,358.27
2025-08-01 17:00:00,387.06
2025-08-01 18:00:00,499.69
2025-08-01 19:00:00,617.05
2025-08-01 20:00:00,655.53
2025-08-01 21:00:00,609.37
2025-08-01 22:00:00,500.8
2025-08-01 23:00:00,448.15
2025-08-02 00:00:00,457.24
2025-08-02 01:00:00,435.79
2025-08-02 02:00:00,420.25
2025-08-02 03:00:00,424.96
2025-08-02 04:00:00,424.96
2025-08-02 05:00:00,390.41
2025-08-02 06:00:00,384.38
2025-08-02 07:00:00,399.96
2025-08-02 08:00:00,450.05
2025-08-02 09:00:00,264.46
2025-08-02 10:00:00,135.37
2025-08-02 11:00:00,24.32
2025-08-02 12:00:00,12.63
2025-08-02 13:00:00,0.0
2025-08-02 14:00:00,5.05
2025-08-02 15:00:00,347.94
2025-08-02 16:00:00,434.25
2025-08-02 17:00:00,495.73
2025-08-02 18:00:00,474.97
2025-08-02 19:00:00,539.06
2025-08-02 20:00:00,616.72
2025-08-02 21:00:00,513.67
2025-08-02 22:00:00,467.0
2025-08-02 23:00:00,409.72
2025-08-03 00:00:00,376.33
2025-08-03 01:00:00,332.61
2025-08-03 02:00:00,307.53
2025-08-03 03:00:00,296.52
2025-08-03 04:00:00,284.15
2025-08-03 05:00:00,320.16
2025-08-03 06:00:00,325.34
2025-08-03 07:00:00,414.04
2025-08-03 08:00:00,423.12
2025-08-03 09:00:00,380.31
2025-08-03 10:00:00,322.34
2025-08-03 11:00:00,227.08
2025-08-03 12:00:00,278.28
2025-08-03 13:00:00,327.01
2025-08-03 14:00:00,390.63
2025-08-03 15:00:00,391.74
2025-08-03 16:00:00,384.08
2025-08-03 17:00:00,409.46
2025-08-03 18:00:00,370.29
2025-08-03 19:00:00,411.09
2025-08-03 20:00:00,489.91
2025-08-03 21:00:00,450.48
2025-08-03 22:00:00,436.82
2025-08-03 23:00:00,364.3
2025-08-04 00:00:00,353.38
2025-08-04 01:00:00,333.0
2025-08-04 02:00:00,300.46
2025-08-04 03:00:00,319.3
2025-08-04 04:00:00,324.09
2025-08-04 05:00:00,357.36
2025-08-04 06:00:00,410.71
2025-08-04 07:00:00,438.66
2025-08-04 08:00:00,425.0
2025-08-04 09:00:00,440.8
2025-08-04 10:00:00,372.6
2025-08-04 11:00:00,345.37
2025-08-04 12:00:00,364.0
2025-08-04 13:00:00,361.56
2025-08-04 14:00:00,357.7
2025-08-04 15:00:00,360.66
2025-08-04 16:00:00,364.81
2025-08-04 17:00:00,398.25
2025-08-04 18:00:00,531.14
2025-08-04 19:00:00,701.28
2025-08-04 20:00:00,811.73
2025-08-04 21:00:00,617.02
2025-08-04 22:00:00,447.18
2025-08-04 23:00:00,435.41
2025-08-05 00:00:00,360.89
2025-08-05 01:00:00,371.53
2025-08-05 02:00:00,357.94
2025-08-05 03:00:00,349.74
2025-08-05 04:00:00,349.74
2025-08-05 05:00:00,363.24
2025-08-05 06:00:00,401.87
2025-08-05 07:00:00,407.47
2025-08-05 08:00:00,398.28
2025-08-05 09:00:00,331.74
2025-08-05 10:00:00,274.18
2025-08-05 11:00:00,169.18
2025-08-05 12:00:00,295.55
2025-08-05 13:00:00,370.12
2025-08-05 14:00:00,384.86
2025-08-05 15:00:00,407.3
2025-08-05 16:00:00,420.2
2025-08-05 17:00:00,477.64
2025-08-05 18:00:00,580.54
2025-08-05 19:00:00,706.01
2025-08-05 20:00:00,727.59
2025-08-05 21:00:00,494.01
2025-08-05 22:00:00,434.9
2025-08-05 23:00:00,363.5
2025-08-06 00:00:00,489.25
2025-08-06 01:00:00,467.01
2025-08-06 02:00:00,425.79
2025-08-06 03:00:00,407.06
2025-08-06 04:00:00,405.95
2025-08-06 05:00:00,419.42
2025-08-06 06:00:00,493.87
2025-08-06 07:00:00,485.92
2025-08-06 08:00:00,358.7
2025-08-06 09:00:00,118.67
2025-08-06 10:00:00,-0.04
2025-08-06 11:00:00,-2.95
2025-08-06 12:00:00,-10.48
2025-08-06 13:00:00,-18.73
2025-08-06 14:00:00,-8.3
2025-08-06 15:00:00,41.99
2025-08-06 16:00:00,96.35
2025-08-06 17:00:00,363.78
2025-08-06 18:00:00,490.02
2025-08-06 19:00:00,523.33
2025-08-06 20:00:00,752.12
2025-08-06 21:00:00,674.71
2025-08-06 22:00:00,470.39
2025-08-06 23:00:00,434.94
2025-08-07 00:00:00,418.61
2025-08-07 01:00:00,420.02
2025-08-07 02:00:00,402.94
2025-08-07 03:00:00,402.94
2025-08-07 04:00:00,397.41
2025-08-07 05:00:00,408.42
2025-08-07 06:00:00,474.92
2025-08-07 07:00:00,455.01
2025-08-07 08:00:00,449.91
2025-08-07 09:00:00,224.98
2025-08-07 10:00:00,30.96
2025-08-07 11:00:00,0.0
2025-08-07 12:00:00,-0.6
2025-08-07 13:00:00,-11.18
2025-08-07 14:00:00,0.51
2025-08-07 15:00:00,278.37
2025-08-07 16:00:00,370.99
2025-08-07 17:00:00,369.41
2025-08-07 18:00:00,499.92
2025-08-07 19:00:00,598.37
2025-08-07 20:00:00,684.82
2025-08-07 21:00:00,552.55
2025-08-07 22:00:00,471.02
2025-08-07 23:00:00,433.68
2025-08-08 00:00:00,404.1
2025-08-08 01:00:00,386.25
2025-08-08 02:00:00,371.12
2025-08-08 03:00:00,358.08
2025-08-08 04:00:00,350.75
2025-08-08 05:00:00,390.85
2025-08-08 06:00:00,432.49
2025-08-08 07:00:00,441.65
2025-08-08 08:00:00,403.93
2025-08-08 09:00:00,442.84
2025-08-08 10:00:00,330.16
2025-08-08 11:00:00,300.24
2025-08-08 12:00:00,276.89
2025-08-08 13:00:00,199.45
2025-08-08 14:00:00,219.57
2025-08-08 15:00:00,274.76
2025-08-08 16:00:00,361.53
2025-08-08 17:00:00,386.16
2025-08-08 18:00:00,486.48
2025-08-08 19:00:00,639.95
2025-08-08 20:00:00,811.75
2025-08-08 21:00:00,679.8
2025-08-08 22:00:00,527.87
2025-08-08 23:00:00,465.73
2025-08-09 00:00:00,440.43
2025-08-09 01:00:00,440.43
2025-08-09 02:00:00,437.71
2025-08-09 03:00:00,429.87
2025-08-09 04:00:00,427.92
2025-08-09 05:00:00,427.92
2025-08-09 06:00:00,424.51
2025-08-09 07:00:00,403.91
2025-08-09 08:00:00,400.89
2025-08-09 09:00:00,99.99
2025-08-09 10:00:00,-0.09
2025-08-09 11:00:00,-4.26
2025-08-09 12:00:00,-35.63
2025-08-09 13:00:00,-67.94
2025-08-09 14:00:00,-65.38
2025-08-09 15:00:00,-14.81
2025-08-09 16:00:00,311.92
2025-08-09 17:00:00,463.37
2025-08-09 18:00:00,460.56
2025-08-09 19:00:00,584.3
2025-08-09 20:00:00,622.91
2025-08-09 21:00:00,531.73
2025-08-09 22:00:00,474.87
2025-08-09 23:00:00,431.79
2025-08-10 00:00:00,361.77
2025-08-10 01:00:00,356.15
2025-08-10 02:00:00,356.66
2025-08-10 03:00:00,350.11
2025-08-10 04:00:00,351.6
2025-08-10 05:00:00,360.75
2025-08-10 06:00:00,353.64
2025-08-10 07:00:00,308.65
2025-08-10 08:00:00,112.29
2025-08-10 09:00:00,-0.04
2025-08-10 10:00:00,-14.0
2025-08-10 11:00:00,-66.4
2025-08-10 12:00:00,-167.88
2025-08-10 13:00:00,-261.87
2025-08-10 14:00:00,-224.02
2025-08-10 15:00:00,-89.9
2025-08-10 16:00:00,-10.56
2025-08-10 17:00:00,2.6
2025-08-10 18:00:00,365.81
2025-08-10 19:00:00,480.49
2025-08-10 20:00:00,535.61
2025-08-10 21:00:00,517.43
2025-08-10 22:00:00,457.07
2025-08-10 23:00:00,422.21
2025-08-11 00:00:00,434.09
2025-08-11 01:00:00,399.06
2025-08-11 02:00:00,378.11
2025-08-11 03:00:00,368.2
2025-08-11 04:00:00,403.1
2025-08-11 05:00:00,451.45
2025-08-11 06:00:00,567.02
2025-08-11 07:00:00,565.87
2025-08-11 08:00:00,446.94
2025-08-11 09:00:00,261.1
2025-08-11 10:00:00,103.48
2025-08-11 11:00:00,10.81
2025-08-11 12:00:00,0.0
2025-08-11 13:00:00,0.0
2025-08-11 14:00:00,0.0
2025-08-11 15:00:00,44.44
2025-08-11 16:00:00,301.54
2025-08-11 17:00:00,406.08
2025-08-11 18:00:00,516.37
2025-08-11 19:00:00,793.22
2025-08-11 20:00:00,1100.29
2025-08-11 21:00:00,605.29
2025-08-11 22:00:00,463.42
2025-08-11 23:00:00,408.63
2025-08-12 00:00:00,395.56
2025-08-12 01:00:00,381.39
2025-08-12 02:00:00,363.27
2025-08-12 03:00:00,363.1
2025-08-12 04:00:00,370.59
2025-08-12 05:00:00,404.02
2025-08-12 06:00:00,461.31
2025-08-12 07:00:00,448.13
2025-08-12 08:00:00,417.67
2025-08-12 09:00:00,364.89
2025-08-12 10:00:00,179.62
2025-08-12 11:00:00,103.65
2025-08-12 12:00:00,35.64
2025-08-12 13:00:00,12.76
2025-08-12 14:00:00,21.9
2025-08-12 15:00:00,149.08
2025-08-12 16:00:00,362.17
2025-08-12 17:00:00,428.14
2025-08-12 18:00:00,583.68
2025-08-12 19:00:00,944.87
2025-08-12 20:00:00,1251.19
2025-08-12 21:00:00,670.15
2025-08-12 22:00:00,486.02
2025-08-12 23:00:00,416.65
2025-08-13 00:00:00,413.81
2025-08-13 01:00:00,383.63
2025-08-13 02:00:00,377.88
2025-08-13 03:00:00,371.53
2025-08-13 04:00:00,375.07
2025-08-13 05:00:00,400.68
2025-08-13 06:00:00,465.01
2025-08-13 07:00:00,459.85
2025-08-13 08:00:00,447.27
2025-08-13 09:00:00,332.06
2025-08-13 10:00:00,200.85
2025-08-13 11:00:00,171.87
2025-08-13 12:00:00,100.77
2025-08-13 13:00:00,78.77
2025-08-13 14:00:00,176.56
2025-08-13 15:00:00,302.22
2025-08-13 16:00:00,364.37
2025-08-13 17:00:00,411.94
2025-08-13 18:00:00,590.11
2025-08-13 19:00:00,970.17
2025-08-13 20:00:00,1112.2
2025-08-13 21:00:00,660.15
2025-08-13 22:00:00,525.19
2025-08-13 23:00:00,452.99
2025-08-14 00:00:00,417.77
2025-08-14 01:00:00,407.8
2025-08-14 02:00:00,403.8
2025-08-14 03:00:00,403.8
2025-08-14 04:00:00,403.63
2025-08-14 05:00:00,419.77
2025-08-14 06:00:00,476.92
2025-08-14 07:00:00,470.36
2025-08-14 08:00:00,426.5
2025-08-14 09:00:00,390.81
2025-08-14 10:00:00,334.13
2025-08-14 11:00:00,286.82
2025-08-14 12:00:00,224.98
2025-08-14 13:00:00,177.07
2025-08-14 14:00:00,233.8
2025-08-14 15:00:00,295.67
2025-08-14 16:00:00,407.76
2025-08-14 17:00:00,460.87
2025-08-14 18:00:00,649.27
2025-08-14 19:00:00,1064.99
2025-08-14 20:00:00,1214.85
2025-08-14 21:00:00,663.58
2025-08-14 22:00:00,515.33
2025-08-14 23:00:00,451.2
2025-08-15 00:00:00,425.54
2025-08-15 01:00:00,422.72
2025-08-15 02:00:00,399.7
2025-08-15 03:00:00,403.11
2025-08-15 04:00:00,391.26
2025-08-15 05:00:00,412.11
2025-08-15 06:00:00,431.93
2025-08-15 07:00:00,430.57
2025-08-15 08:00:00,408.82
2025-08-15 09:00:00,326.79
2025-08-15 10:00:00,136.49
2025-08-15 11:00:00,12.79
2025-08-15 12:00:00,0.34
2025-08-15 13:00:00,0.0
2025-08-15 14:00:00,0.0
2025-08-15 15:00:00,7.25
2025-08-15 16:00:00,110.61
2025-08-15 17:00:00,429.72
2025-08-15 18:00:00,500.16
2025-08-15 19:00:00,523.52
2025-08-15 20:00:00,578.65
2025-08-15 21:00:00,483.7
2025-08-15 22:00:00,451.72
2025-08-15 23:00:00,434.53
2025-08-16 00:00:00,409.63
2025-08-16 01:00:00,403.24
2025-08-16 02:00:00,393.77
2025-08-16 03:00:00,375.22
2025-08-16 04:00:00,367.72
2025-08-16 05:00:00,372.92
2025-08-16 06:00:00,387.63
2025-08-16 07:00:00,383.54
2025-08-16 08:00:00,341.71
2025-08-16 09:00:00,284.1
2025-08-16 10:00:00,108.39
2025-08-16 11:00:00,16.2
2025-08-16 12:00:00,0.72
2025-08-16 13:00:00,-0.04
2025-08-16 14:00:00,-0.04
2025-08-16 15:00:00,-0.09
2025-08-16 16:00:00,-23.49
2025-08-16 17:00:00,330.15
2025-08-16 18:00:00,348.57
2025-08-16 19:00:00,447.84
2025-08-16 20:00:00,480.54
2025-08-16 21:00:00,451.63
2025-08-16 22:00:00,409.63
2025-08-16 23:00:00,383.79
2025-08-17 00:00:00,394.5
2025-08-17 01:00:00,375.22
2025-08-17 02:00:00,368.61
2025-08-17 03:00:00,367.33
2025-08-17 04:00:00,371.22
2025-08-17 05:00:00,380.13
2025-08-17 06:00:00,379.19
2025-08-17 07:00:00,401.23
2025-08-17 08:00:00,320.18
2025-08-17 09:00:00,117.9
2025-08-17 10:00:00,20.42
2025-08-17 11:00:00,1.02
2025-08-17 12:00:00,-0.47
2025-08-17 13:00:00,-3.54
2025-08-17 14:00:00,-5.24
2025-08-17 15:00:00,2.77
2025-08-17 16:00:00,43.36
2025-08-17 17:00:00,302.65
2025-08-17 18:00:00,470.65
2025-08-17 19:00:00,469.67
2025-08-17 20:00:00,474.23
2025-08-17 21:00:00,469.67
2025-08-17 22:00:00,448.01
2025-08-17 23:00:00,436.88
2025-08-18 00:00:00,390.45
2025-08-18 01:00:00,370.92
2025-08-18 02:00:00,358.04
2025-08-18 03:00:00,354.46
2025-08-18 04:00:00,376.97
2025-08-18 05:00:00,422.3
2025-08-18 06:00:00,501.9
2025-08-18 07:00:00,557.63
2025-08-18 08:00:00,466.56
2025-08-18 09:00:00,398.72
2025-08-18 10:00:00,398.25
2025-08-18 11:00:00,382.13
2025-08-18 12:00:00,392.24
2025-08-18 13:00:00,389.89
2025-08-18 14:00:00,414.24
2025-08-18 15:00:00,450.44
2025-08-18 16:00:00,416.92
2025-08-18 17:00:00,399.1
2025-08-18 18:00:00,475.77
2025-08-18 19:00:00,824.0
2025-08-18 20:00:00,1035.06
2025-08-18 21:00:00,539.72
2025-08-18 22:00:00,457.86
2025-08-18 23:00:00,433.25
2025-08-19 00:00:00,429.62
2025-08-19 01:00:00,402.98
2025-08-19 02:00:00,374.81
2025-08-19 03:00:00,366.89
2025-08-19 04:00:00,382.6
2025-08-19 05:00:00,435.58
2025-08-19 06:00:00,472.48
2025-08-19 07:00:00,466.95
2025-08-19 08:00:00,417.28
2025-08-19 09:00:00,376.94
2025-08-19 10:00:00,296.37
2025-08-19 11:00:00,183.98
2025-08-19 12:00:00,108.52
2025-08-19 13:00:00,212.7
2025-08-19 14:00:00,294.8
2025-08-19 15:00:00,331.91
2025-08-19 16:00:00,414.86
2025-08-19 17:00:00,410.68
2025-08-19 18:00:00,660.59
2025-08-19 19:00:00,940.62
2025-08-19 20:00:00,1018.07
2025-08-19 21:00:00,536.02
2025-08-19 22:00:00,445.11
2025-08-19 23:00:00,418.17
2025-08-20 00:00:00,414.02
2025-08-20 01:00:00,394.68
2025-08-20 02:00:00,371.43
2025-08-20 03:00:00,363.24
2025-08-20 04:00:00,380.42
2025-08-20 05:00:00,419.28
2025-08-20 06:00:00,464.33
2025-08-20 07:00:00,465.69
2025-08-20 08:00:00,436.84
2025-08-20 09:00:00,373.93
2025-08-20 10:00:00,327.48
2025-08-20 11:00:00,277.34
2025-08-20 12:00:00,206.2
2025-08-20 13:00:00,148.47
2025-08-20 14:00:00,177.82
2025-08-20 15:00:00,307.67
2025-08-20 16:00:00,343.35
2025-08-20 17:00:00,441.3
2025-08-20 18:00:00,485.07
2025-08-20 19:00:00,577.93
2025-08-20 20:00:00,649.75
2025-08-20 21:00:00,507.72
2025-08-20 22:00:00,447.28
2025-08-20 23:00:00,419.96
2025-08-21 00:00:00,414.61
2025-08-21 01:00:00,380.16
2025-08-21 02:00:00,368.3
2025-08-21 03:00:00,381.65
2025-08-21 04:00:00,387.18
2025-08-21 05:00:00,458.54
2025-08-21 06:00:00,487.28
2025-08-21 07:00:00,492.6
2025-08-21 08:00:00,455.26
2025-08-21 09:00:00,420.05
2025-08-21 10:00:00,372.94
2025-08-21 11:00:00,339.13
2025-08-21 12:00:00,303.92
2025-08-21 13:00:00,295.07
2025-08-21 14:00:00,328.67
2025-08-21 15:00:00,405.64
2025-08-21 16:00:00,379.95
2025-08-21 17:00:00,464.19
2025-08-21 18:00:00,600.27
2025-08-21 19:00:00,755.18
2025-08-21 20:00:00,764.92
2025-08-21 21:00:00,511.22
2025-08-21 22:00:00,456.07
2025-08-21 23:00:00,407.08
2025-08-22 00:00:00,411.77
2025-08-22 01:00:00,417.81
2025-08-22 02:00:00,400.76
2025-08-22 03:00:00,405.82
2025-08-22 04:00:00,399.82
2025-08-22 05:00:00,405.82
2025-08-22 06:00:00,446.64
2025-08-22 07:00:00,453.57
2025-08-22 08:00:00,437.12
2025-08-22 09:00:00,390.81
2025-08-22 10:00:00,311.72
2025-08-22 11:00:00,175.23
2025-08-22 12:00:00,58.08
2025-08-22 13:00:00,14.58
2025-08-22 14:00:00,-0.6
2025-08-22 15:00:00,17.14
2025-08-22 16:00:00,229.91
2025-08-22 17:00:00,361.6
2025-08-22 18:00:00,434.1
2025-08-22 19:00:00,447.92
2025-08-22 20:00:00,482.57
2025-08-22 21:00:00,457.19
2025-08-22 22:00:00,438.14
2025-08-22 23:00:00,420.96
2025-08-23 00:00:00,406.77
2025-08-23 01:00:00,381.13
2025-08-23 02:00:00,374.26
2025-08-23 03:00:00,363.38
2025-08-23 04:00:00,364.79
2025-08-23 05:00:00,365.04
2025-08-23 06:00:00,374.94
2025-08-23 07:00:00,392.99
2025-08-23 08:00:00,355.78
2025-08-23 09:00:00,238.23
2025-08-23 10:00:00,49.67
2025-08-23 11:00:00,14.12
2025-08-23 12:00:00,5.55
2025-08-23 13:00:00,4.99
2025-08-23 14:00:00,58.84
2025-08-23 15:00:00,124.98
2025-08-23 16:00:00,309.95
2025-08-23 17:00:00,465.4
2025-08-23 18:00:00,529.58
2025-08-23 19:00:00,493.73
2025-08-23 20:00:00,543.74
2025-08-23 21:00:00,513.66
2025-08-23 22:00:00,474.32
2025-08-23 23:00:00,454.9
2025-08-24 00:00:00,428.83
2025-08-24 01:00:00,405.88
2025-08-24 02:00:00,402.25
2025-08-24 03:00:00,392.39
2025-08-24 04:00:00,388.34
2025-08-24 05:00:00,387.7
2025-08-24 06:00:00,384.03
2025-08-24 07:00:00,362.4
2025-08-24 08:00:00,233.02
2025-08-24 09:00:00,-9.39
2025-08-24 10:00:00,-0.04
2025-08-24 11:00:00,-0.3
2025-08-24 12:00:00,-8.45
2025-08-24 13:00:00,-31.79
2025-08-24 14:00:00,-31.58
2025-08-24 15:00:00,-0.43
2025-08-24 16:00:00,0.0
2025-08-24 17:00:00,277.36
2025-08-24 18:00:00,429.6
2025-08-24 19:00:00,471.97
2025-08-24 20:00:00,500.31
2025-08-24 21:00:00,487.8
2025-08-24 22:00:00,458.7
2025-08-24 23:00:00,428.92
2025-08-25 00:00:00,406.56
2025-08-25 01:00:00,371.36
2025-08-25 02:00:00,356.64
2025-08-25 03:00:00,349.89
2025-08-25 04:00:00,353.31
2025-08-25 05:00:00,435.06
2025-08-25 06:00:00,488.83
2025-08-25 07:00:00,528.21
2025-08-25 08:00:00,465.36
2025-08-25 09:00:00,392.44
2025-08-25 10:00:00,297.03
2025-08-25 11:00:00,149.43
2025-08-25 12:00:00,42.67
2025-08-25 13:00:00,25.3
2025-08-25 14:00:00,28.93
2025-08-25 15:00:00,120.88
2025-08-25 16:00:00,301.89
2025-08-25 17:00:00,374.26
2025-08-25 18:00:00,476.97
2025-08-25 19:00:00,672.48
2025-08-25 20:00:00,977.7
2025-08-25 21:00:00,587.18
2025-08-25 22:00:00,490.88
2025-08-25 23:00:00,448.68
2025-08-26 00:00:00,450.1
2025-08-26 01:00:00,430.45
2025-08-26 02:00:00,416.25
2025-08-26 03:00:00,409.47
2025-08-26 04:00:00,417.06
2025-08-26 05:00:00,450.91
2025-08-26 06:00:00,527.55
2025-08-26 07:00:00,524.91
2025-08-26 08:00:00,454.96
2025-08-26 09:00:00,383.64
2025-08-26 10:00:00,345.02
2025-08-26 11:00:00,302.82
2025-08-26 12:00:00,277.08
2025-08-26 13:00:00,302.61
2025-08-26 14:00:00,284.11
2025-08-26 15:00:00,348.22
2025-08-26 16:00:00,411.69
2025-08-26 17:00:00,455.43
2025-08-26 18:00:00,566.9
2025-08-26 19:00:00,829.91
2025-08-26 20:00:00,850.24
2025-08-26 21:00:00,546.27
2025-08-26 22:00:00,469.45
2025-08-26 23:00:00,437.48
2025-08-27 00:00:00,439.79
2025-08-27 01:00:00,386.77
2025-08-27 02:00:00,371.97
2025-08-27 03:00:00,375.13
2025-08-27 04:00:00,387.11
2025-08-27 05:00:00,420.3
2025-08-27 06:00:00,470.55
2025-08-27 07:00:00,492.39
2025-08-27 08:00:00,484.75
2025-08-27 09:00:00,433.52
2025-08-27 10:00:00,386.13
2025-08-27 11:00:00,394.45
2025-08-27 12:00:00,304.87
2025-08-27 13:00:00,249.88
2025-08-27 14:00:00,229.03
2025-08-27 15:00:00,330.85
2025-08-27 16:00:00,409.81
2025-08-27 17:00:00,451.61
2025-08-27 18:00:00,571.13
2025-08-27 19:00:00,936.79
2025-08-27 20:00:00,935.6
2025-08-27 21:00:00,546.82
2025-08-27 22:00:00,484.71
2025-08-27 23:00:00,441.8
2025-08-28 00:00:00,414.24
2025-08-28 01:00:00,392.28
2025-08-28 02:00:00,385.8
2025-08-28 03:00:00,384.35
2025-08-28 04:00:00,388.23
2025-08-28 05:00:00,420.04
2025-08-28 06:00:00,516.7
2025-08-28 07:00:00,584.58
2025-08-28 08:00:00,533.07
2025-08-28 09:00:00,343.84
2025-08-28 10:00:00,272.63
2025-08-28 11:00:00,235.11
2025-08-28 12:00:00,220.66
2025-08-28 13:00:00,204.92
2025-08-28 14:00:00,231.91
2025-08-28 15:00:00,288.03
2025-08-28 16:00:00,389.29
2025-08-28 17:00:00,542.2
2025-08-28 18:00:00,669.43
2025-08-28 19:00:00,819.91
2025-08-28 20:00:00,646.24
2025-08-28 21:00:00,526.38
2025-08-28 22:00:00,456.15
2025-08-28 23:00:00,391.85
2025-08-29 00:00:00,372.48
2025-08-29 01:00:00,365.31
2025-08-29 02:00:00,362.83
2025-08-29 03:00:00,372.48
2025-08-29 04:00:00,405.04
2025-08-29 05:00:00,403.42
2025-08-29 06:00:00,490.02
2025-08-29 07:00:00,512.13
2025-08-29 08:00:00,505.04
2025-08-29 09:00:00,468.21
2025-08-29 10:00:00,428.05
2025-08-29 11:00:00,427.54
2025-08-29 12:00:00,375.04
2025-08-29 13:00:00,398.21
2025-08-29 14:00:00,419.34
2025-08-29 15:00:00,460.4
2025-08-29 16:00:00,490.02
2025-08-29 17:00:00,463.52
2025-08-29 18:00:00,687.08
2025-08-29 19:00:00,750.08
2025-08-29 20:00:00,815.08
2025-08-29 21:00:00,597.28
2025-08-29 22:00:00,465.05
2025-08-29 23:00:00,415.03
2025-08-30 00:00:00,396.75
2025-08-30 01:00:00,371.91
2025-08-30 02:00:00,371.61
2025-08-30 03:00:00,375.11
2025-08-30 04:00:00,375.06
2025-08-30 05:00:00,379.16
2025-08-30 06:00:00,404.77
2025-08-30 07:00:00,417.32
2025-08-30 08:00:00,397.81
2025-08-30 09:00:00,416.47
2025-08-30 10:00:00,459.88
2025-08-30 11:00:00,417.15
2025-08-30 12:00:00,400.38
2025-08-30 13:00:00,400.12
2025-08-30 14:00:00,420.48
2025-08-30 15:00:00,494.15
2025-08-30 16:00:00,459.71
2025-08-30 17:00:00,470.55
2025-08-30 18:00:00,502.73
2025-08-30 19:00:00,554.42
2025-08-30 20:00:00,586.65
2025-08-30 21:00:00,520.7
2025-08-30 22:00:00,456.68
2025-08-30 23:00:00,404.77
2025-08-31 00:00:00,450.1
2025-08-31 01:00:00,441.27
2025-08-31 02:00:00,440.11
2025-08-31 03:00:00,416.08
2025-08-31 04:00:00,403.62
2025-08-31 05:00:00,441.27
2025-08-31 06:00:00,441.27
2025-08-31 07:00:00,416.08
2025-08-31 08:00:00,452.11
2025-08-31 09:00:00,430.08
2025-08-31 10:00:00,367.21
2025-08-31 11:00:00,253.33
2025-08-31 12:00:00,116.83
2025-08-31 13:00:00,240.87
2025-08-31 14:00:00,297.85
2025-08-31 15:00:00,371.09
2025-08-31 16:00:00,440.24
2025-08-31 17:00:00,687.04
2025-08-31 18:00:00,523.01
2025-08-31 19:00:00,626.86
2025-08-31 20:00:00,604.87
2025-08-31 21:00:00,510.12
2025-08-31 22:00:00,453.18
2025-08-31 23:00:00,410.02
2025-09-01 00:00:00,367.55
2025-09-01 01:00:00,359.7
2025-09-01 02:00:00,356.67
2025-09-01 03:00:00,352.87
2025-09-01 04:00:00,359.4
2025-09-01 05:00:00,405.88
2025-09-01 06:00:00,518.48
2025-09-01 07:00:00,572.39
2025-09-01 08:00:00,488.35
2025-09-01 09:00:00,423.6
2025-09-01 10:00:00,343.9
2025-09-01 11:00:00,294.22
2025-09-01 12:00:00,205.4
2025-09-01 13:00:00,240.18
2025-09-01 14:00:00,320.17
2025-09-01 15:00:00,325.64
2025-09-01 16:00:00,362.9
2025-09-01 17:00:00,472.9
2025-09-01 18:00:00,750.09
2025-09-01 19:00:00,1040.85
2025-09-01 20:00:00,935.21
2025-09-01 21:00:00,538.84
2025-09-01 22:00:00,476.48
2025-09-01 23:00:00,425.26
2025-09-02 00:00:00,419.82
2025-09-02 01:00:00,421.82
2025-09-02 02:00:00,417.82
2025-09-02 03:00:00,417.82
2025-09-02 04:00:00,421.82
2025-09-02 05:00:00,450.86
2025-09-02 06:00:00,555.55
2025-09-02 07:00:00,647.51
2025-09-02 08:00:00,630.05
2025-09-02 09:00:00,491.3
2025-09-02 10:00:00,384.83
2025-09-02 11:00:00,345.83
2025-09-02 12:00:00,345.83
2025-09-02 13:00:00,365.5
2025-09-02 14:00:00,460.14
2025-09-02 15:00:00,495.77
2025-09-02 16:00:00,431.79
2025-09-02 17:00:00,564.19
2025-09-02 18:00:00,758.5
2025-09-02 19:00:00,1297.31
2025-09-02 20:00:00,1105.99
2025-09-02 21:00:00,591.44
2025-09-02 22:00:00,468.02
2025-09-02 23:00:00,399.86
2025-09-03 00:00:00,425.57
2025-09-03 01:00:00,423.57
2025-09-03 02:00:00,423.57
2025-09-03 03:00:00,425.66
2025-09-03 04:00:00,427.58
2025-09-03 05:00:00,434.06
2025-09-03 06:00:00,627.74
2025-09-03 07:00:00,609.82
2025-09-03 08:00:00,478.5
2025-09-03 09:00:00,427.58
2025-09-03 10:00:00,423.57
2025-09-03 11:00:00,348.63
2025-09-03 12:00:00,339.54
2025-09-03 13:00:00,337.75
2025-09-03 14:00:00,358.78
2025-09-03 15:00:00,429.58
2025-09-03 16:00:00,477.26
2025-09-03 17:00:00,544.48
2025-09-03 18:00:00,689.2
2025-09-03 19:00:00,1251.17
2025-09-03 20:00:00,1042.6
2025-09-03 21:00:00,595.83
2025-09-03 22:00:00,463.45
2025-09-03 23:00:00,428.56
2025-09-04 00:00:00,431.85
2025-09-04 01:00:00,437.86
2025-09-04 02:00:00,431.85
2025-09-04 03:00:00,431.85
2025-09-04 04:00:00,435.86
2025-09-04 05:00:00,409.88
2025-09-04 06:00:00,547.61
2025-09-04 07:00:00,519.8
2025-09-04 08:00:00,465.24
2025-09-04 09:00:00,363.41
2025-09-04 10:00:00,195.19
2025-09-04 11:00:00,56.0
2025-09-04 12:00:00,39.22
2025-09-04 13:00:00,60.65
2025-09-04 14:00:00,301.36
2025-09-04 15:00:00,356.34
2025-09-04 16:00:00,491.35
2025-09-04 17:00:00,692.62
2025-09-04 18:00:00,808.59
2025-09-04 19:00:00,1462.0
2025-09-04 20:00:00,1215.23
2025-09-04 21:00:00,628.4
2025-09-04 22:00:00,482.28
2025-09-04 23:00:00,446.29
2025-09-05 00:00:00,414.3
2025-09-05 01:00:00,393.1
2025-09-05 02:00:00,383.15
2025-09-05 03:00:00,395.62
2025-09-05 04:00:00,431.79
2025-09-05 05:00:00,433.79
2025-09-05 06:00:00,504.98
2025-09-05 07:00:00,559.74
2025-09-05 08:00:00,532.64
2025-09-05 09:00:00,429.7
2025-09-05 10:00:00,379.87
2025-09-05 11:00:00,366.98
2025-09-05 12:00:00,340.51
2025-09-05 13:00:00,313.7
2025-09-05 14:00:00,425.49
2025-09-05 15:00:00,443.53
2025-09-05 16:00:00,435.79
2025-09-05 17:00:00,672.17
2025-09-05 18:00:00,724.51
2025-09-05 19:00:00,729.15
2025-09-05 20:00:00,662.59
2025-09-05 21:00:00,516.13
2025-09-05 22:00:00,487.4
2025-09-05 23:00:00,436.55
2025-09-06 00:00:00,431.26
2025-09-06 01:00:00,429.6
2025-09-06 02:00:00,426.08
2025-09-06 03:00:00,419.66
2025-09-06 04:00:00,417.41
2025-09-06 05:00:00,420.09
2025-09-06 06:00:00,435.12
2025-09-06 07:00:00,427.56
2025-09-06 08:00:00,426.5
2025-09-06 09:00:00,499.22
2025-09-06 10:00:00,499.43
2025-09-06 11:00:00,463.2
2025-09-06 12:00:00,433.72
2025-09-06 13:00:00,434.87
2025-09-06 14:00:00,429.52
2025-09-06 15:00:00,431.39
2025-09-06 16:00:00,450.67
2025-09-06 17:00:00,524.2
2025-09-06 18:00:00,532.44
2025-09-06 19:00:00,796.0
2025-09-06 20:00:00,643.85
2025-09-06 21:00:00,489.11
2025-09-06 22:00:00,463.33
2025-09-06 23:00:00,451.48
2025-09-07 00:00:00,377.23
2025-09-07 01:00:00,415.63
2025-09-07 02:00:00,393.5
2025-09-07 03:00:00,375.74
2025-09-07 04:00:00,373.83
2025-09-07 05:00:00,371.5
2025-09-07 06:00:00,366.82
2025-09-07 07:00:00,390.1
2025-09-07 08:00:00,363.59
2025-09-07 09:00:00,365.93
2025-09-07 10:00:00,337.56
2025-09-07 11:00:00,178.87
2025-09-07 12:00:00,119.19
2025-09-07 13:00:00,117.06
2025-09-07 14:00:00,199.72
2025-09-07 15:00:00,339.6
2025-09-07 16:00:00,351.66
2025-09-07 17:00:00,414.78
2025-09-07 18:00:00,590.42
2025-09-07 19:00:00,772.17
2025-09-07 20:00:00,809.68
2025-09-07 21:00:00,659.1
2025-09-07 22:00:00,552.19
2025-09-07 23:00:00,445.83
2025-09-08 00:00:00,396.0
2025-09-08 01:00:00,381.73
2025-09-08 02:00:00,365.34
2025-09-08 03:00:00,361.51
2025-09-08 04:00:00,378.04
2025-09-08 05:00:00,426.54
2025-09-08 06:00:00,645.93
2025-09-08 07:00:00,671.21
2025-09-08 08:00:00,530.57
2025-09-08 09:00:00,432.92
2025-09-08 10:00:00,364.57
2025-09-08 11:00:00,325.79
2025-09-08 12:00:00,313.81
2025-09-08 13:00:00,325.88
2025-09-08 14:00:00,346.26
2025-09-08 15:00:00,408.62
2025-09-08 16:00:00,431.22
2025-09-08 17:00:00,659.27
2025-09-08 18:00:00,1084.2
2025-09-08 19:00:00,1897.83
2025-09-08 20:00:00,1470.39
2025-09-08 21:00:00,647.84
2025-09-08 22:00:00,501.9
2025-09-08 23:00:00,456.91
2025-09-09 00:00:00,449.69
2025-09-09 01:00:00,460.74
2025-09-09 02:00:00,446.63
2025-09-09 03:00:00,437.88
2025-09-09 04:00:00,436.01
2025-09-09 05:00:00,471.19
2025-09-09 06:00:00,781.83
2025-09-09 07:00:00,1099.27
2025-09-09 08:00:00,820.54
2025-09-09 09:00:00,533.17
2025-09-09 10:00:00,435.97
2025-09-09 11:00:00,407.76
2025-09-09 12:00:00,359.92
2025-09-09 13:00:00,358.1
2025-09-09 14:00:00,372.07
2025-09-09 15:00:00,403.6
2025-09-09 16:00:00,450.12
2025-09-09 17:00:00,490.18
2025-09-09 18:00:00,878.14
2025-09-09 19:00:00,1669.24
2025-09-09 20:00:00,944.16
2025-09-09 21:00:00,433.59
2025-09-09 22:00:00,474.42
2025-09-09 23:00:00,445.87
2025-09-10 00:00:00,444.25
2025-09-10 01:00:00,437.99
2025-09-10 02:00:00,425.53
2025-09-10 03:00:00,429.06
2025-09-10 04:00:00,426.85
2025-09-10 05:00:00,466.54
2025-09-10 06:00:00,567.61
2025-09-10 07:00:00,928.22
2025-09-10 08:00:00,701.23
2025-09-10 09:00:00,506.23
2025-09-10 10:00:00,429.02
2025-09-10 11:00:00,340.96
2025-09-10 12:00:00,250.14
2025-09-10 13:00:00,292.68
2025-09-10 14:00:00,360.19
2025-09-10 15:00:00,409.92
2025-09-10 16:00:00,471.9
2025-09-10 17:00:00,570.42
2025-09-10 18:00:00,809.92
2025-09-10 19:00:00,1250.89
2025-09-10 20:00:00,820.43
2025-09-10 21:00:00,528.3
2025-09-10 22:00:00,436.76
2025-09-10 23:00:00,444.25
2025-09-11 00:00:00,395.32
2025-09-11 01:00:00,383.82
2025-09-11 02:00:00,363.63
2025-09-11 03:00:00,365.58
2025-09-11 04:00:00,369.25
2025-09-11 05:00:00,384.59
2025-09-11 06:00:00,443.21
2025-09-11 07:00:00,569.91
2025-09-11 08:00:00,518.15
2025-09-11 09:00:00,447.04
2025-09-11 10:00:00,422.59
2025-09-11 11:00:00,413.26
2025-09-11 12:00:00,439.8
2025-09-11 13:00:00,376.83
2025-09-11 14:00:00,367.42
2025-09-11 15:00:00,438.22
2025-09-11 16:00:00,442.95
2025-09-11 17:00:00,485.69
2025-09-11 18:00:00,833.85
2025-09-11 19:00:00,1393.58
2025-09-11 20:00:00,924.59
2025-09-11 21:00:00,588.15
2025-09-11 22:00:00,459.82
2025-09-11 23:00:00,445.81
2025-09-12 00:00:00,441.61
2025-09-12 01:00:00,441.61
2025-09-12 02:00:00,430.52
2025-09-12 03:00:00,421.91
2025-09-12 04:00:00,424.64
2025-09-12 05:00:00,441.61
2025-09-12 06:00:00,708.02
2025-09-12 07:00:00,734.91
2025-09-12 08:00:00,478.39
2025-09-12 09:00:00,349.58
2025-09-12 10:00:00,169.82
2025-09-12 11:00:00,17.01
2025-09-12 12:00:00,0.68
2025-09-12 13:00:00,38.7
2025-09-12 14:00:00,159.38
2025-09-12 15:00:00,389.47
2025-09-12 16:00:00,499.66
2025-09-12 17:00:00,704.99
2025-09-12 18:00:00,830.82
2025-09-12 19:00:00,1278.78
2025-09-12 20:00:00,829.63
2025-09-12 21:00:00,571.79
2025-09-12 22:00:00,487.13
2025-09-12 23:00:00,447.57
2025-09-13 00:00:00,475.3
2025-09-13 01:00:00,442.2
2025-09-13 02:00:00,437.6
2025-09-13 03:00:00,432.36
2025-09-13 04:00:00,429.85
2025-09-13 05:00:00,451.19
2025-09-13 06:00:00,438.28
2025-09-13 07:00:00,439.94
2025-09-13 08:00:00,512.56
2025-09-13 09:00:00,479.9
2025-09-13 10:00:00,469.46
2025-09-13 11:00:00,379.59
2025-09-13 12:00:00,361.57
2025-09-13 13:00:00,372.35
2025-09-13 14:00:00,484.41
2025-09-13 15:00:00,613.89
2025-09-13 16:00:00,799.64
2025-09-13 17:00:00,677.02
2025-09-13 18:00:00,683.83
2025-09-13 19:00:00,828.77
2025-09-13 20:00:00,644.05
2025-09-13 21:00:00,524.75
2025-09-13 22:00:00,494.93
2025-09-13 23:00:00,461.07
2025-09-14 00:00:00,367.66
2025-09-14 01:00:00,431.68
2025-09-14 02:00:00,431.98
2025-09-14 03:00:00,424.44
2025-09-14 04:00:00,420.18
2025-09-14 05:00:00,424.18
2025-09-14 06:00:00,424.65
2025-09-14 07:00:00,443.52
2025-09-14 08:00:00,459.71
2025-09-14 09:00:00,373.8
2025-09-14 10:00:00,367.24
2025-09-14 11:00:00,375.37
2025-09-14 12:00:00,424.99
2025-09-14 13:00:00,424.82
2025-09-14 14:00:00,426.4
2025-09-14 15:00:00,450.51
2025-09-14 16:00:00,424.99
2025-09-14 17:00:00,417.41
2025-09-14 18:00:00,575.56
2025-09-14 19:00:00,665.22
2025-09-14 20:00:00,566.61
2025-09-14 21:00:00,411.58
2025-09-14 22:00:00,342.23
2025-09-14 23:00:00,354.33
2025-09-15 00:00:00,380.7
2025-09-15 01:00:00,383.25
2025-09-15 02:00:00,374.99
2025-09-15 03:00:00,380.74
2025-09-15 04:00:00,379.33
2025-09-15 05:00:00,371.41
2025-09-15 06:00:00,602.95
2025-09-15 07:00:00,910.0
2025-09-15 08:00:00,580.29
2025-09-15 09:00:00,462.77
2025-09-15 10:00:00,317.32
2025-09-15 11:00:00,115.0
2025-09-15 12:00:00,19.34
2025-09-15 13:00:00,15.89
2025-09-15 14:00:00,15.08
2025-09-15 15:00:00,299.98
2025-09-15 16:00:00,358.72
2025-09-15 17:00:00,510.01
2025-09-15 18:00:00,794.23
2025-09-15 19:00:00,884.4
2025-09-15 20:00:00,662.87
2025-09-15 21:00:00,439.99
2025-09-15 22:00:00,409.57
2025-09-15 23:00:00,366.21
2025-09-16 00:00:00,365.8
2025-09-16 01:00:00,354.93
2025-09-16 02:00:00,354.46
2025-09-16 03:00:00,352.76
2025-09-16 04:00:00,352.89
2025-09-16 05:00:00,373.02
2025-09-16 06:00:00,485.59
2025-09-16 07:00:00,499.69
2025-09-16 08:00:00,379.99
2025-09-16 09:00:00,280.38
2025-09-16 10:00:00,113.58
2025-09-16 11:00:00,124.2
2025-09-16 12:00:00,76.37
2025-09-16 13:00:00,80.62
2025-09-16 14:00:00,131.38
2025-09-16 15:00:00,117.11
2025-09-16 16:00:00,252.77
2025-09-16 17:00:00,355.78
2025-09-16 18:00:00,392.05
2025-09-16 19:00:00,660.59
2025-09-16 20:00:00,491.32
2025-09-16 21:00:00,385.0
2025-09-16 22:00:00,391.42
2025-09-16 23:00:00,315.0
2025-09-17 00:00:00,379.14
2025-09-17 01:00:00,365.96
2025-09-17 02:00:00,366.04
2025-09-17 03:00:00,378.07
2025-09-17 04:00:00,434.09
2025-09-17 05:00:00,467.46
2025-09-17 06:00:00,614.01
2025-09-17 07:00:00,590.47
2025-09-17 08:00:00,577.93
2025-09-17 09:00:00,426.87
2025-09-17 10:00:00,294.09
2025-09-17 11:00:00,183.74
2025-09-17 12:00:00,50.28
2025-09-17 13:00:00,35.87
2025-09-17 14:00:00,49.56
2025-09-17 15:00:00,194.75
2025-09-17 16:00:00,356.06
2025-09-17 17:00:00,459.68
2025-09-17 18:00:00,581.67
2025-09-17 19:00:00,1100.68
2025-09-17 20:00:00,740.8
2025-09-17 21:00:00,449.69
2025-09-17 22:00:00,437.71
2025-09-17 23:00:00,400.73
2025-09-18 00:00:00,376.95
2025-09-18 01:00:00,366.26
2025-09-18 02:00:00,353.2
2025-09-18 03:00:00,362.65
2025-09-18 04:00:00,369.8
2025-09-18 05:00:00,446.83
2025-09-18 06:00:00,578.72
2025-09-18 07:00:00,504.58
2025-09-18 08:00:00,483.98
2025-09-18 09:00:00,426.23
2025-09-18 10:00:00,375.75
2025-09-18 11:00:00,365.41
2025-09-18 12:00:00,356.9
2025-09-18 13:00:00,373.84
2025-09-18 14:00:00,450.78
2025-09-18 15:00:00,624.72
2025-09-18 16:00:00,528.03
2025-09-18 17:00:00,803.56
2025-09-18 18:00:00,890.38
2025-09-18 19:00:00,1608.73
2025-09-18 20:00:00,792.32
2025-09-18 21:00:00,468.15
2025-09-18 22:00:00,449.85
2025-09-18 23:00:00,438.74
2025-09-19 00:00:00,379.16
2025-09-19 01:00:00,369.63
2025-09-19 02:00:00,359.75
2025-09-19 03:00:00,369.33
2025-09-19 04:00:00,364.43
2025-09-19 05:00:00,390.57
2025-09-19 06:00:00,508.85
2025-09-19 07:00:00,605.13
2025-09-19 08:00:00,516.77
2025-09-19 09:00:00,416.4
2025-09-19 10:00:00,290.5
2025-09-19 11:00:00,236.06
2025-09-19 12:00:00,124.8
2025-09-19 13:00:00,82.4
2025-09-19 14:00:00,96.15
2025-09-19 15:00:00,329.91
2025-09-19 16:00:00,442.67
2025-09-19 17:00:00,509.02
2025-09-19 18:00:00,1097.68
2025-09-19 19:00:00,1800.76
2025-09-19 20:00:00,726.23
2025-09-19 21:00:00,472.67
2025-09-19 22:00:00,452.29
2025-09-19 23:00:00,350.05
2025-09-20 00:00:00,382.97
2025-09-20 01:00:00,442.32
2025-09-20 02:00:00,447.91
2025-09-20 03:00:00,454.39
2025-09-20 04:00:00,458.32
2025-09-20 05:00:00,458.32
2025-09-20 06:00:00,458.36
2025-09-20 07:00:00,449.74
2025-09-20 08:00:00,329.81
2025-09-20 09:00:00,106.28
2025-09-20 10:00:00,4.39
2025-09-20 11:00:00,-2.9
2025-09-20 12:00:00,-29.87
2025-09-20 13:00:00,-44.03
2025-09-20 14:00:00,-20.31
2025-09-20 15:00:00,0.26
2025-09-20 16:00:00,372.22
2025-09-20 17:00:00,504.18
2025-09-20 18:00:00,553.08
2025-09-20 19:00:00,595.75
2025-09-20 20:00:00,441.72
2025-09-20 21:00:00,439.97
2025-09-20 22:00:00,378.66
2025-09-20 23:00:00,301.05
2025-09-21 00:00:00,293.33
2025-09-21 01:00:00,3.16
2025-09-21 02:00:00,10.71
2025-09-21 03:00:00,1.96
2025-09-21 04:00:00,4.99
2025-09-21 05:00:00,0.6
2025-09-21 06:00:00,18.82
2025-09-21 07:00:00,22.31
2025-09-21 08:00:00,13.35
2025-09-21 09:00:00,1.75
2025-09-21 10:00:00,-0.64
2025-09-21 11:00:00,-29.23
2025-09-21 12:00:00,-42.41
2025-09-21 13:00:00,-43.48
2025-09-21 14:00:00,-11.61
2025-09-21 15:00:00,-0.17
2025-09-21 16:00:00,214.91
2025-09-21 17:00:00,509.13
2025-09-21 18:00:00,478.03
2025-09-21 19:00:00,520.65
2025-09-21 20:00:00,504.4
2025-09-21 21:00:00,442.57
2025-09-21 22:00:00,415.65
2025-09-21 23:00:00,387.15
2025-09-22 00:00:00,363.04
2025-09-22 01:00:00,347.09
2025-09-22 02:00:00,330.23
2025-09-22 03:00:00,328.87
2025-09-22 04:00:00,366.93
2025-09-22 05:00:00,391.8
2025-09-22 06:00:00,512.59
2025-09-22 07:00:00,568.06
2025-09-22 08:00:00,552.74
2025-09-22 09:00:00,455.03
2025-09-22 10:00:00,361.89
2025-09-22 11:00:00,362.45
2025-09-22 12:00:00,365.99
2025-09-22 13:00:00,383.99
2025-09-22 14:00:00,365.99
2025-09-22 15:00:00,365.99
2025-09-22 16:00:00,380.79
2025-09-22 17:00:00,739.44
2025-09-22 18:00:00,773.24
2025-09-22 19:00:00,1598.14
2025-09-22 20:00:00,781.39
2025-09-22 21:00:00,493.47
2025-09-22 22:00:00,434.89
2025-09-22 23:00:00,396.15
2025-09-23 00:00:00,383.17
2025-09-23 01:00:00,379.16
2025-09-23 02:00:00,369.39
2025-09-23 03:00:00,371.44
2025-09-23 04:00:00,386.53
2025-09-23 05:00:00,439.71
2025-09-23 06:00:00,605.56
2025-09-23 07:00:00,782.92
2025-09-23 08:00:00,686.46
2025-09-23 09:00:00,517.45
2025-09-23 10:00:00,387.98
2025-09-23 11:00:00,436.56
2025-09-23 12:00:00,433.7
2025-09-23 13:00:00,439.71
2025-09-23 14:00:00,470.8
2025-09-23 15:00:00,468.16
2025-09-23 16:00:00,519.93
2025-09-23 17:00:00,844.5
2025-09-23 18:00:00,896.4
2025-09-23 19:00:00,1769.85
2025-09-23 20:00:00,799.47
2025-09-23 21:00:00,533.66
2025-09-23 22:00:00,495.71
2025-09-23 23:00:00,433.7
2025-09-24 00:00:00,440.84
2025-09-24 01:00:00,438.84
2025-09-24 02:00:00,435.69
2025-09-24 03:00:00,432.5
2025-09-24 04:00:00,432.63
2025-09-24 05:00:00,448.84
2025-09-24 06:00:00,528.75
2025-09-24 07:00:00,664.7
2025-09-24 08:00:00,512.37
2025-09-24 09:00:00,419.52
2025-09-24 10:00:00,310.03
2025-09-24 11:00:00,231.14
2025-09-24 12:00:00,135.06
2025-09-24 13:00:00,86.04
2025-09-24 14:00:00,146.59
2025-09-24 15:00:00,358.5
2025-09-24 16:00:00,386.58
2025-09-24 17:00:00,471.35
2025-09-24 18:00:00,542.11
2025-09-24 19:00:00,807.04
2025-09-24 20:00:00,509.01
2025-09-24 21:00:00,412.84
2025-09-24 22:00:00,453.82
2025-09-24 23:00:00,439.73
2025-09-25 00:00:00,437.81
2025-09-25 01:00:00,404.82
2025-09-25 02:00:00,387.97
2025-09-25 03:00:00,379.18
2025-09-25 04:00:00,393.47
2025-09-25 05:00:00,436.53
2025-09-25 06:00:00,469.73
2025-09-25 07:00:00,514.29
2025-09-25 08:00:00,528.84
2025-09-25 09:00:00,420.83
2025-09-25 10:00:00,40.5
2025-09-25 11:00:00,-249.95
2025-09-25 12:00:00,-12.67
2025-09-25 13:00:00,-99.95
2025-09-25 14:00:00,19.67
2025-09-25 15:00:00,268.73
2025-09-25 16:00:00,412.12
2025-09-25 17:00:00,626.91
2025-09-25 18:00:00,504.47
2025-09-25 19:00:00,712.43
2025-09-25 20:00:00,527.6
2025-09-25 21:00:00,436.58
2025-09-25 22:00:00,446.01
2025-09-25 23:00:00,386.39
2025-09-26 00:00:00,334.47
2025-09-26 01:00:00,319.98
2025-09-26 02:00:00,311.89
2025-09-26 03:00:00,311.97
2025-09-26 04:00:00,320.15
2025-09-26 05:00:00,367.89
2025-09-26 06:00:00,454.36
2025-09-26 07:00:00,512.79
2025-09-26 08:00:00,506.87
2025-09-26 09:00:00,394.82
2025-09-26 10:00:00,192.25
2025-09-26 11:00:00,164.98
2025-09-26 12:00:00,82.64
2025-09-26 13:00:00,107.31
2025-09-26 14:00:00,145.71
2025-09-26 15:00:00,282.65
2025-09-26 16:00:00,426.19
2025-09-26 17:00:00,472.52
2025-09-26 18:00:00,531.08
2025-09-26 19:00:00,566.83
2025-09-26 20:00:00,509.77
2025-09-26 21:00:00,452.66
2025-09-26 22:00:00,420.05
2025-09-26 23:00:00,383.14
2025-09-27 00:00:00,373.26
2025-09-27 01:00:00,356.92
2025-09-27 02:00:00,354.96
2025-09-27 03:00:00,354.44
2025-09-27 04:00:00,366.77
2025-09-27 05:00:00,394.21
2025-09-27 06:00:00,390.45
2025-09-27 07:00:00,447.63
2025-09-27 08:00:00,467.81
2025-09-27 09:00:00,414.82
2025-09-27 10:00:00,381.32
2025-09-27 11:00:00,300.47
2025-09-27 12:00:00,233.95
2025-09-27 13:00:00,156.21
2025-09-27 14:00:00,210.61
2025-09-27 15:00:00,339.81
2025-09-27 16:00:00,404.58
2025-09-27 17:00:00,529.72
2025-09-27 18:00:00,581.69
2025-09-27 19:00:00,635.45
2025-09-27 20:00:00,515.09
2025-09-27 21:00:00,474.08
2025-09-27 22:00:00,452.24
2025-09-27 23:00:00,424.5
2025-09-28 00:00:00,425.02
2025-09-28 01:00:00,429.15
2025-09-28 02:00:00,414.52
2025-09-28 03:00:00,400.06
2025-09-28 04:00:00,414.73
2025-09-28 05:00:00,424.8
2025-09-28 06:00:00,425.91
2025-09-28 07:00:00,448.87
2025-09-28 08:00:00,419.34
2025-09-28 09:00:00,396.39
2025-09-28 10:00:00,355.77
2025-09-28 11:00:00,160.9
2025-09-28 12:00:00,73.0
2025-09-28 13:00:00,36.4
2025-09-28 14:00:00,55.47
2025-09-28 15:00:00,269.53
2025-09-28 16:00:00,397.54
2025-09-28 17:00:00,449.21
2025-09-28 18:00:00,574.1
2025-09-28 19:00:00,624.87
2025-09-28 20:00:00,562.07
2025-09-28 21:00:00,475.11
2025-09-28 22:00:00,447.12
2025-09-28 23:00:00,424.03
2025-09-29 00:00:00,393.95
2025-09-29 01:00:00,384.99
2025-09-29 02:00:00,381.45
2025-09-29 03:00:00,382.13
2025-09-29 04:00:00,386.06
2025-09-29 05:00:00,426.21
2025-09-29 06:00:00,552.38
2025-09-29 07:00:00,904.52
2025-09-29 08:00:00,702.27
2025-09-29 09:00:00,515.09
2025-09-29 10:00:00,388.41
2025-09-29 11:00:00,367.58
2025-09-29 12:00:00,382.13
2025-09-29 13:00:00,397.28
2025-09-29 14:00:00,414.69
2025-09-29 15:00:00,379.87
2025-09-29 16:00:00,446.69
2025-09-29 17:00:00,641.47
2025-09-29 18:00:00,1212.58
2025-09-29 19:00:00,1746.87
2025-09-29 20:00:00,704.83
2025-09-29 21:00:00,518.03
2025-09-29 22:00:00,441.4
2025-09-29 23:00:00,389.13
2025-09-30 00:00:00,432.64
2025-09-30 01:00:00,424.7
2025-09-30 02:00:00,417.1
2025-09-30 03:00:00,424.7
2025-09-30 04:00:00,425.43
2025-09-30 05:00:00,446.99
2025-09-30 06:00:00,606.81
2025-09-30 07:00:00,1069.04
2025-09-30 08:00:00,929.28
2025-09-30 09:00:00,590.12
2025-09-30 10:00:00,497.44
2025-09-30 11:00:00,419.71
2025-09-30 12:00:00,423.68
2025-09-30 13:00:00,474.69
2025-09-30 14:00:00,464.66
2025-09-30 15:00:00,437.68
2025-09-30 16:00:00,527.62
2025-09-30 17:00:00,718.35
2025-09-30 18:00:00,1136.82
2025-09-30 19:00:00,1680.8
2025-09-30 20:00:00,593.19
2025-09-30 21:00:00,457.91
2025-09-30 22:00:00,429.65
2025-09-30 23:00:00,392.86
2025-10-01 00:00:00,399.94
2025-10-01 01:00:00,418.115
2025-10-01 02:00:00,424.475
2025-10-01 03:00:00,399.9375
2025-10-01 04:00:00,405.2225
2025-10-01 05:00:00,414.9875
2025-10-01 06:00:00,545.4449999999999
2025-10-01 07:00:00,750.7925
2025-10-01 08:00:00,592.33
2025-10-01 09:00:00,449.475
2025-10-01 10:00:00,393.57
2025-10-01 11:00:00,367.7175
2025-10-01 12:00:00,360.5125
2025-10-01 13:00:00,389.19
2025-10-01 14:00:00,399.94
2025-10-01 15:00:00,413.2575
2025-10-01 16:00:00,453.1125
2025-10-01 17:00:00,630.2275
2025-10-01 18:00:00,1093.31
2025-10-01 19:00:00,1485.93
2025-10-01 20:00:00,657.03
2025-10-01 21:00:00,487.49
2025-10-01 22:00:00,422.2875
2025-10-01 23:00:00,388.3475
2025-10-02 00:00:00,389.535
2025-10-02 01:00:00,398.24
2025-10-02 02:00:00,399.0825
2025-10-02 03:00:00,396.86749999999995
2025-10-02 04:00:00,396.4125
2025-10-02 05:00:00,412.2425
2025-10-02 06:00:00,560.1025
2025-10-02 07:00:00,776.66
2025-10-02 08:00:00,541.7575
2025-10-02 09:00:00,424.8925
2025-10-02 10:00:00,385.565
2025-10-02 11:00:00,339.145
2025-10-02 12:00:00,297.7625
2025-10-02 13:00:00,354.9125
2025-10-02 14:00:00,392.84749999999997
2025-10-02 15:00:00,413.265
2025-10-02 16:00:00,415.5
2025-10-02 17:00:00,641.9200000000001
2025-10-02 18:00:00,803.49
2025-10-02 19:00:00,900.5475
2025-10-02 20:00:00,641.8125
2025-10-02 21:00:00,489.015
2025-10-02 22:00:00,442.565
2025-10-02 23:00:00,402.065
2025-10-03 00:00:00,403.4375
2025-10-03 01:00:00,431.14
2025-10-03 02:00:00,429.64
2025-10-03 03:00:00,420.005
2025-10-03 04:00:00,426.9825
2025-10-03 05:00:00,434.5875
2025-10-03 06:00:00,668.8824999999999
2025-10-03 07:00:00,805.275
2025-10-03 08:00:00,525.17
2025-10-03 09:00:00,411.15
2025-10-03 10:00:00,283.6175
2025-10-03 11:00:00,217.485
2025-10-03 12:00:00,261.68
2025-10-03 13:00:00,370.96500000000003
2025-10-03 14:00:00,383.2825
2025-10-03 15:00:00,442.18
2025-10-03 16:00:00,450.9875
2025-10-03 17:00:00,632.42
2025-10-03 18:00:00,823.335
2025-10-03 19:00:00,859.5425
2025-10-03 20:00:00,616.9175
2025-10-03 21:00:00,474.64
2025-10-03 22:00:00,425.715
2025-10-03 23:00:00,401.68
2025-10-04 00:00:00,424.4425
2025-10-04 01:00:00,394.90250000000003
2025-10-04 02:00:00,402.6825
2025-10-04 03:00:00,402.66999999999996
2025-10-04 04:00:00,412.7975
2025-10-04 05:00:00,402.67
2025-10-04 06:00:00,367.39
2025-10-04 07:00:00,367.3775
2025-10-04 08:00:00,279.4
2025-10-04 09:00:00,44.71
2025-10-04 10:00:00,16.0125
2025-10-04 11:00:00,2.0225
2025-10-04 12:00:00,0.5125
2025-10-04 13:00:00,3.7025
2025-10-04 14:00:00,33.4825
2025-10-04 15:00:00,66.8175
2025-10-04 16:00:00,298.0425
2025-10-04 17:00:00,397.5825
2025-10-04 18:00:00,404.385
2025-10-04 19:00:00,446.585
2025-10-04 20:00:00,395.21
2025-10-04 21:00:00,356.77
2025-10-04 22:00:00,239.23499999999999
2025-10-04 23:00:00,15.99
2025-10-05 00:00:00,20.822499999999998
2025-10-05 01:00:00,6.8425
2025-10-05 02:00:00,-0.27749999999999997
2025-10-05 03:00:00,-0.385
2025-10-05 04:00:00,-0.395
2025-10-05 05:00:00,0.08499999999999999
2025-10-05 06:00:00,-0.49
2025-10-05 07:00:00,3.5725
2025-10-05 08:00:00,2.7755575615628914e-17
2025-10-05 09:00:00,18.2575
2025-10-05 10:00:00,14.962499999999999
2025-10-05 11:00:00,13.129999999999999
2025-10-05 12:00:00,17.4925
2025-10-05 13:00:00,12.7575
2025-10-05 14:00:00,11.405
2025-10-05 15:00:00,20.035
2025-10-05 16:00:00,348.975
2025-10-05 17:00:00,451.4425
2025-10-05 18:00:00,415.21500000000003
2025-10-05 19:00:00,439.675
2025-10-05 20:00:00,385.235
2025-10-05 21:00:00,379.935
2025-10-05 22:00:00,297.7875
2025-10-05 23:00:00,172.98250000000002
2025-10-06 00:00:00,144.66
2025-10-06 01:00:00,156.445
2025-10-06 02:00:00,123.30499999999999
2025-10-06 03:00:00,91.82249999999999
2025-10-06 04:00:00,84.3425
2025-10-06 05:00:00,247.0775
2025-10-06 06:00:00,376.5625
2025-10-06 07:00:00,444.24
2025-10-06 08:00:00,486.14
2025-10-06 09:00:00,513.005
2025-10-06 10:00:00,431.7075
2025-10-06 11:00:00,386.9025
2025-10-06 12:00:00,385.2875
2025-10-06 13:00:00,387.29
2025-10-06 14:00:00,418.525
2025-10-06 15:00:00,435.78
2025-10-06 16:00:00,513.495
2025-10-06 17:00:00,567.5025
2025-10-06 18:00:00,554.5225
2025-10-06 19:00:00,681.0174999999999
2025-10-06 20:00:00,545.05
2025-10-06 21:00:00,511.6025
2025-10-06 22:00:00,507.61
2025-10-06 23:00:00,450.5175
2025-10-07 00:00:00,452.22
2025-10-07 01:00:00,452.0725
2025-10-07 02:00:00,452.87
2025-10-07 03:00:00,451.87
2025-10-07 04:00:00,443.33500000000004
2025-10-07 05:00:00,413.505
2025-10-07 06:00:00,572.4375
2025-10-07 07:00:00,982.765
2025-10-07 08:00:00,1185.1675
2025-10-07 09:00:00,868.9075
2025-10-07 10:00:00,587.6925
2025-10-07 11:00:00,504.7125
2025-10-07 12:00:00,473.9075
2025-10-07 13:00:00,460.1
2025-10-07 14:00:00,456.89
2025-10-07 15:00:00,490.3325
2025-10-07 16:00:00,529.855
2025-10-07 17:00:00,648.3275
2025-10-07 18:00:00,901.7
2025-10-07 19:00:00,970.7425
2025-10-07 20:00:00,623.2
2025-10-07 21:00:00,524.0375
2025-10-07 22:00:00,456.77
2025-10-07 23:00:00,414.505
2025-10-08 00:00:00,472.7325
2025-10-08 01:00:00,468.78000000000003
2025-10-08 02:00:00,455.3075
2025-10-08 03:00:00,455.2325
2025-10-08 04:00:00,454.27250000000004
2025-10-08 05:00:00,456.295
2025-10-08 06:00:00,497.4525
2025-10-08 07:00:00,659.7175
2025-10-08 08:00:00,706.97
2025-10-08 09:00:00,556.265
2025-10-08 10:00:00,484.78000000000003
2025-10-08 11:00:00,459.755
2025-10-08 12:00:00,451.73
2025-10-08 13:00:00,460.2325
2025-10-08 14:00:00,452.75
2025-10-08 15:00:00,449.7525
2025-10-08 16:00:00,513.135
2025-10-08 17:00:00,643.2475
2025-10-08 18:00:00,773.9575
2025-10-08 19:00:00,855.9475
2025-10-08 20:00:00,598.59
2025-10-08 21:00:00,481.6725
2025-10-08 22:00:00,463.19
2025-10-08 23:00:00,426.75
2025-10-09 00:00:00,452.90250000000003
2025-10-09 01:00:00,454.53
2025-10-09 02:00:00,453.58
2025-10-09 03:00:00,452.72
2025-10-09 04:00:00,450.8275
2025-10-09 05:00:00,455.3025
2025-10-09 06:00:00,539.245
2025-10-09 07:00:00,643.4725
2025-10-09 08:00:00,652.3175
2025-10-09 09:00:00,566.2525
2025-10-09 10:00:00,473.6675
2025-10-09 11:00:00,423.34000000000003
2025-10-09 12:00:00,417.3125
2025-10-09 13:00:00,448.3175
2025-10-09 14:00:00,453.78499999999997
2025-10-09 15:00:00,468.65
2025-10-09 16:00:00,465.9275
2025-10-09 17:00:00,492.905
2025-10-09 18:00:00,514.245
2025-10-09 19:00:00,489.13
2025-10-09 20:00:00,454.19
2025-10-09 21:00:00,442.0575
2025-10-09 22:00:00,452.135
2025-10-09 23:00:00,387.285
2025-10-10 00:00:00,367.605
2025-10-10 01:00:00,356.8025
2025-10-10 02:00:00,336.2075
2025-10-10 03:00:00,323.725
2025-10-10 04:00:00,325.2475
2025-10-10 05:00:00,311.5
2025-10-10 06:00:00,416.03
2025-10-10 07:00:00,482.125
2025-10-10 08:00:00,519.935
2025-10-10 09:00:00,459.33
2025-10-10 10:00:00,397.0625
2025-10-10 11:00:00,352.1275
2025-10-10 12:00:00,330.8975
2025-10-10 13:00:00,329.325
2025-10-10 14:00:00,351.3325
2025-10-10 15:00:00,388.3775
2025-10-10 16:00:00,460.28999999999996
2025-10-10 17:00:00,474.09250000000003
2025-10-10 18:00:00,459.57500000000005
2025-10-10 19:00:00,469.0025
2025-10-10 20:00:00,452.03000000000003
2025-10-10 21:00:00,427.425
2025-10-10 22:00:00,408.09000000000003
2025-10-10 23:00:00,389.9975
2025-10-11 00:00:00,395.235
2025-10-11 01:00:00,378.1375
2025-10-11 02:00:00,373.3675
2025-10-11 03:00:00,359.9675
2025-10-11 04:00:00,351.62
2025-10-11 05:00:00,361.945
2025-10-11 06:00:00,384.3775
2025-10-11 07:00:00,412.0025
2025-10-11 08:00:00,431.9175
2025-10-11 09:00:00,437.3925
2025-10-11 10:00:00,444.7075
2025-10-11 11:00:00,450.3475
2025-10-11 12:00:00,434.71000000000004
2025-10-11 13:00:00,447.0075
2025-10-11 14:00:00,456.5775
2025-10-11 15:00:00,450.275
2025-10-11 16:00:00,499.65000000000003
2025-10-11 17:00:00,521.0025
2025-10-11 18:00:00,535.385
2025-10-11 19:00:00,555.25
2025-10-11 20:00:00,514.87
2025-10-11 21:00:00,488.49
2025-10-11 22:00:00,461.8325
2025-10-11 23:00:00,419.03499999999997
2025-10-12 00:00:00,410.1025
2025-10-12 01:00:00,395.38250000000005
2025-10-12 02:00:00,381.15
2025-10-12 03:00:00,370.61
2025-10-12 04:00:00,375.4975
2025-10-12 05:00:00,380.4775
2025-10-12 06:00:00,378.2
2025-10-12 07:00:00,381.0775
2025-10-12 08:00:00,378.105
2025-10-12 09:00:00,377.755
2025-10-12 10:00:00,367.8775
2025-10-12 11:00:00,361.73
2025-10-12 12:00:00,367.65999999999997
2025-10-12 13:00:00,387.0375
2025-10-12 14:00:00,393.905
2025-10-12 15:00:00,382.7775
2025-10-12 16:00:00,426.885
2025-10-12 17:00:00,456.3
2025-10-12 18:00:00,436.2725
2025-10-12 19:00:00,463.28249999999997
2025-10-12 20:00:00,463.08
2025-10-12 21:00:00,463.2525
2025-10-12 22:00:00,462.45000000000005
2025-10-12 23:00:00,418.06
2025-10-13 00:00:00,451.3375
2025-10-13 01:00:00,459.34
2025-10-13 02:00:00,447.33
2025-10-13 03:00:00,448.6875
2025-10-13 04:00:00,426.4175
2025-10-13 05:00:00,426.8425
2025-10-13 06:00:00,524.0174999999999
2025-10-13 07:00:00,873.09
2025-10-13 08:00:00,832.0525
2025-10-13 09:00:00,627.6325
2025-10-13 10:00:00,528.3175
2025-10-13 11:00:00,454.53999999999996
2025-10-13 12:00:00,408.2525
2025-10-13 13:00:00,388.475
2025-10-13 14:00:00,401.195
2025-10-13 15:00:00,443.59749999999997
2025-10-13 16:00:00,473.78
2025-10-13 17:00:00,699.37
2025-10-13 18:00:00,1217.0525
2025-10-13 19:00:00,1189.45
2025-10-13 20:00:00,718.9475
2025-10-13 21:00:00,533.4375
2025-10-13 22:00:00,518.905
2025-10-13 23:00:00,475.03499999999997
2025-10-14 00:00:00,473.335
2025-10-14 01:00:00,455.1275
2025-10-14 02:00:00,453.73
2025-10-14 03:00:00,452.09000000000003
2025-10-14 04:00:00,453.755
2025-10-14 05:00:00,455.745
2025-10-14 06:00:00,569.72
2025-10-14 07:00:00,883.615
2025-10-14 08:00:00,900.2325000000001
2025-10-14 09:00:00,703.96
2025-10-14 10:00:00,572.03
2025-10-14 11:00:00,516.6525
2025-10-14 12:00:00,469.8975
2025-10-14 13:00:00,466.0825
2025-10-14 14:00:00,510.8275
2025-10-14 15:00:00,600.0675
2025-10-14 16:00:00,810.6225
2025-10-14 17:00:00,1035.38
2025-10-14 18:00:00,1683.62
2025-10-14 19:00:00,1748.3274999999999
2025-10-14 20:00:00,962.0975
2025-10-14 21:00:00,647.4425
2025-10-14 22:00:00,540.42
2025-10-14 23:00:00,488.02
2025-10-15 00:00:00,498.265
2025-10-15 01:00:00,484.395
2025-10-15 02:00:00,476.89750000000004
2025-10-15 03:00:00,464.925
2025-10-15 04:00:00,476.9
2025-10-15 05:00:00,491.46
2025-10-15 06:00:00,662.1175000000001
2025-10-15 07:00:00,1224.415
2025-10-15 08:00:00,1184.53
2025-10-15 09:00:00,771.7049999999999
2025-10-15 10:00:00,585.985
2025-10-15 11:00:00,545.9325
2025-10-15 12:00:00,518.4025
2025-10-15 13:00:00,491.6025
2025-10-15 14:00:00,549.95
2025-10-15 15:00:00,539.885
2025-10-15 16:00:00,604.235
2025-10-15 17:00:00,672.225
2025-10-15 18:00:00,871.3225
2025-10-15 19:00:00,884.7049999999999
2025-10-15 20:00:00,579.675
2025-10-15 21:00:00,472.08
2025-10-15 22:00:00,435.1075
2025-10-15 23:00:00,450.8325
2025-10-16 00:00:00,456.89
2025-10-16 01:00:00,450.97749999999996
2025-10-16 02:00:00,449.48749999999995
2025-10-16 03:00:00,447.82
2025-10-16 04:00:00,458.4575
2025-10-16 05:00:00,452.53749999999997
2025-10-16 06:00:00,516.6525
2025-10-16 07:00:00,505.5875
2025-10-16 08:00:00,563.8675000000001
2025-10-16 09:00:00,512.16
2025-10-16 10:00:00,428.9425
2025-10-16 11:00:00,434.635
2025-10-16 12:00:00,412.34749999999997
2025-10-16 13:00:00,432.8875
2025-10-16 14:00:00,465.4425
2025-10-16 15:00:00,478.075
2025-10-16 16:00:00,530.3875
2025-10-16 17:00:00,568.3025
2025-10-16 18:00:00,639.6925
2025-10-16 19:00:00,622.85
2025-10-16 20:00:00,554.78
2025-10-16 21:00:00,484.235
2025-10-16 22:00:00,449.38
2025-10-16 23:00:00,451.0175
2025-10-17 00:00:00,449.8625
2025-10-17 01:00:00,451.8925
2025-10-17 02:00:00,450.3925
2025-10-17 03:00:00,449.8725
2025-10-17 04:00:00,495.2925
2025-10-17 05:00:00,448.7025
2025-10-17 06:00:00,507.1875
2025-10-17 07:00:00,649.1925
2025-10-17 08:00:00,641.73
2025-10-17 09:00:00,548.5550000000001
2025-10-17 10:00:00,502.2325
2025-10-17 11:00:00,449.83000000000004
2025-10-17 12:00:00,467.03999999999996
2025-10-17 13:00:00,458.59
2025-10-17 14:00:00,449.9575
2025-10-17 15:00:00,479.25
2025-10-17 16:00:00,624.77
2025-10-17 17:00:00,667.6875
2025-10-17 18:00:00,699.745
2025-10-17 19:00:00,685.0649999999999
2025-10-17 20:00:00,567.2950000000001
2025-10-17 21:00:00,470.865
2025-10-17 22:00:00,429.4325
2025-10-17 23:00:00,449.8325
2025-10-18 00:00:00,392.9825
2025-10-18 01:00:00,365.5075
2025-10-18 02:00:00,353.925
2025-10-18 03:00:00,355.2575
2025-10-18 04:00:00,362.9525
2025-10-18 05:00:00,353.5875
2025-10-18 06:00:00,371.1875
2025-10-18 07:00:00,442.805
2025-10-18 08:00:00,451.815
2025-10-18 09:00:00,394.9925
2025-10-18 10:00:00,355.525
2025-10-18 11:00:00,350.0225
2025-10-18 12:00:00,326.4725
2025-10-18 13:00:00,307.235
2025-10-18 14:00:00,326.1625
2025-10-18 15:00:00,367.145
2025-10-18 16:00:00,429.13
2025-10-18 17:00:00,511.3675
2025-10-18 18:00:00,535.2125
2025-10-18 19:00:00,496.8725
2025-10-18 20:00:00,458.735
2025-10-18 21:00:00,428.03499999999997
2025-10-18 22:00:00,428.98
2025-10-18 23:00:00,431.515
2025-10-19 00:00:00,474.21500000000003
2025-10-19 01:00:00,428.16999999999996
2025-10-19 02:00:00,416.6825
2025-10-19 03:00:00,420.895
2025-10-19 04:00:00,436.7475
2025-10-19 05:00:00,451.7525
2025-10-19 06:00:00,459.435
2025-10-19 07:00:00,423.125
2025-10-19 08:00:00,429.22499999999997
2025-10-19 09:00:00,426.0875
2025-10-19 10:00:00,352.03499999999997
2025-10-19 11:00:00,263.65749999999997
2025-10-19 12:00:00,148.26500000000001
2025-10-19 13:00:00,121.395
2025-10-19 14:00:00,230.605
2025-10-19 15:00:00,368.28999999999996
2025-10-19 16:00:00,464.7025
2025-10-19 17:00:00,601.5625
2025-10-19 18:00:00,668.1949999999999
2025-10-19 19:00:00,702.1875
2025-10-19 20:00:00,578.5125
2025-10-19 21:00:00,502.255
2025-10-19 22:00:00,439.1425
2025-10-19 23:00:00,418.85
2025-10-20 00:00:00,409.07
2025-10-20 01:00:00,405.025
2025-10-20 02:00:00,389.8425
2025-10-20 03:00:00,385.51250000000005
2025-10-20 04:00:00,386.055
2025-10-20 05:00:00,435.64
2025-10-20 06:00:00,528.6125
2025-10-20 07:00:00,945.4224999999999
2025-10-20 08:00:00,529.6775
2025-10-20 09:00:00,368.4325
2025-10-20 10:00:00,202.855
2025-10-20 11:00:00,231.9275
2025-10-20 12:00:00,70.05000000000001
2025-10-20 13:00:00,114.17
2025-10-20 14:00:00,274.5875
2025-10-20 15:00:00,419.72249999999997
2025-10-20 16:00:00,481.11
2025-10-20 17:00:00,518.665
2025-10-20 18:00:00,475.45
2025-10-20 19:00:00,441.53499999999997
2025-10-20 20:00:00,409.685
2025-10-20 21:00:00,412.255
2025-10-20 22:00:00,461.68
2025-10-20 23:00:00,339.40250000000003
2025-10-21 00:00:00,291.305
2025-10-21 01:00:00,232.66000000000003
2025-10-21 02:00:00,218.71
2025-10-21 03:00:00,187.2425
2025-10-21 04:00:00,211.9375
2025-10-21 05:00:00,373.90250000000003
2025-10-21 06:00:00,491.90999999999997
2025-10-21 07:00:00,495.0275
2025-10-21 08:00:00,479.5275
2025-10-21 09:00:00,387.0025
2025-10-21 10:00:00,228.8975
2025-10-21 11:00:00,146.7525
2025-10-21 12:00:00,111.4375
2025-10-21 13:00:00,109.065
2025-10-21 14:00:00,238.73250000000002
2025-10-21 15:00:00,392.9375
2025-10-21 16:00:00,471.15749999999997
2025-10-21 17:00:00,619.9975
2025-10-21 18:00:00,567.2375
2025-10-21 19:00:00,564.525
2025-10-21 20:00:00,506.9825
2025-10-21 21:00:00,479.53999999999996
2025-10-21 22:00:00,521.4825000000001
2025-10-21 23:00:00,420.855
2025-10-22 00:00:00,389.9625
2025-10-22 01:00:00,394.8375
2025-10-22 02:00:00,400.6775
2025-10-22 03:00:00,405.9275
2025-10-22 04:00:00,418.1225
2025-10-22 05:00:00,454.9425
2025-10-22 06:00:00,500.2475
2025-10-22 07:00:00,720.3375
2025-10-22 08:00:00,605.4725
2025-10-22 09:00:00,534.985
2025-10-22 10:00:00,450.755
2025-10-22 11:00:00,412.7725
2025-10-22 12:00:00,411.51
2025-10-22 13:00:00,411.6675
2025-10-22 14:00:00,427.195
2025-10-22 15:00:00,502.7925
2025-10-22 16:00:00,716.84
2025-10-22 17:00:00,905.4075
2025-10-22 18:00:00,1251.0625
2025-10-22 19:00:00,1166.5525
2025-10-22 20:00:00,785.9075
2025-10-22 21:00:00,580.685
2025-10-22 22:00:00,531.9225
2025-10-22 23:00:00,471.7275
2025-10-23 00:00:00,466.445
2025-10-23 01:00:00,460.66499999999996
2025-10-23 02:00:00,512.0475
2025-10-23 03:00:00,455.255
2025-10-23 04:00:00,452.24
2025-10-23 05:00:00,445.1225
2025-10-23 06:00:00,623.4375
2025-10-23 07:00:00,722.6949999999999
2025-10-23 08:00:00,611.1075
2025-10-23 09:00:00,449.27
2025-10-23 10:00:00,430.865
2025-10-23 11:00:00,394.39750000000004
2025-10-23 12:00:00,372.7525
2025-10-23 13:00:00,379.96
2025-10-23 14:00:00,429.26250000000005
2025-10-23 15:00:00,441.355
2025-10-23 16:00:00,499.7075
2025-10-23 17:00:00,566.0175
2025-10-23 18:00:00,512.0350000000001
2025-10-23 19:00:00,538.9625
2025-10-23 20:00:00,533.3625000000001
2025-10-23 21:00:00,477.27750000000003
2025-10-23 22:00:00,480.1025
2025-10-23 23:00:00,465.1625
2025-10-24 00:00:00,422.8975
2025-10-24 01:00:00,406.3625
2025-10-24 02:00:00,381.135
2025-10-24 03:00:00,381.22749999999996
2025-10-24 04:00:00,387.01
2025-10-24 05:00:00,407.27
2025-10-24 06:00:00,484.7275
2025-10-24 07:00:00,599.635
2025-10-24 08:00:00,622.4675
2025-10-24 09:00:00,534.3325
2025-10-24 10:00:00,468.7475
2025-10-24 11:00:00,457.315
2025-10-24 12:00:00,476.995
2025-10-24 13:00:00,504.68999999999994
2025-10-24 14:00:00,468.0725
2025-10-24 15:00:00,464.4525
2025-10-24 16:00:00,511.4025
2025-10-24 17:00:00,643.1875
2025-10-24 18:00:00,539.8625
2025-10-24 19:00:00,496.2
2025-10-24 20:00:00,422.5925
2025-10-24 21:00:00,381.695
2025-10-24 22:00:00,363.675
2025-10-24 23:00:00,275.025
2025-10-25 00:00:00,382.27750000000003
2025-10-25 01:00:00,276.0875
2025-10-25 02:00:00,242.7025
2025-10-25 03:00:00,283.17
2025-10-25 04:00:00,356.51750000000004
2025-10-25 05:00:00,376.37
2025-10-25 06:00:00,471.56
2025-10-25 07:00:00,526.3
2025-10-25 08:00:00,486.6275
2025-10-25 09:00:00,393.49
2025-10-25 10:00:00,221.2425
2025-10-25 11:00:00,85.1625
2025-10-25 12:00:00,50.5675
2025-10-25 13:00:00,73.0375
2025-10-25 14:00:00,318.875
2025-10-25 15:00:00,405.98749999999995
2025-10-25 16:00:00,458.575
2025-10-25 17:00:00,497.9775
2025-10-25 18:00:00,522.575
2025-10-25 19:00:00,424.8425
2025-10-25 20:00:00,406.865
2025-10-25 21:00:00,454.99
2025-10-25 22:00:00,418.85
2025-10-25 23:00:00,335.045
2025-10-26 00:00:00,315.4775
2025-10-26 01:00:00,198.3075
2025-10-26 02:00:00,169.5825
2025-10-26 03:00:00,119.0425
2025-10-26 04:00:00,117.035
2025-10-26 05:00:00,161.1225
2025-10-26 06:00:00,180.1175
2025-10-26 07:00:00,142.4325
2025-10-26 08:00:00,106.06
2025-10-26 09:00:00,96.4575
2025-10-26 10:00:00,44.2475
2025-10-26 11:00:00,24.3125
2025-10-26 12:00:00,18.2425
2025-10-26 13:00:00,29.7325
2025-10-26 14:00:00,198.72
2025-10-26 15:00:00,383.15500000000003
2025-10-26 16:00:00,476.165
2025-10-26 17:00:00,523.285
2025-10-26 18:00:00,471.9
2025-10-26 19:00:00,442.59749999999997
2025-10-26 20:00:00,415.8
2025-10-26 21:00:00,450.78499999999997
2025-10-26 22:00:00,332.28249999999997
2025-10-26 23:00:00,99.3825
2025-10-27 00:00:00,88.4425
2025-10-27 01:00:00,81.88
2025-10-27 02:00:00,76.1375
2025-10-27 03:00:00,72.7525
2025-10-27 04:00:00,111.05
2025-10-27 05:00:00,146.93
2025-10-27 06:00:00,381.03999999999996
2025-10-27 07:00:00,438.9675
2025-10-27 08:00:00,452.17
2025-10-27 09:00:00,445.28
2025-10-27 10:00:00,423.995
2025-10-27 11:00:00,433.08
2025-10-27 12:00:00,446.1675
2025-10-27 13:00:00,417.1325
2025-10-27 14:00:00,464.56
2025-10-27 15:00:00,643.0675
2025-10-27 16:00:00,808.9200000000001
2025-10-27 17:00:00,863.99
2025-10-27 18:00:00,586.685
2025-10-27 19:00:00,591.13
2025-10-27 20:00:00,533.6725
2025-10-27 21:00:00,469.495
2025-10-27 22:00:00,417.175
2025-10-27 23:00:00,416.31
2025-10-28 00:00:00,280.6825
2025-10-28 01:00:00,179.935
2025-10-28 02:00:00,147.94
2025-10-28 03:00:00,121.6575
2025-10-28 04:00:00,125.775
2025-10-28 05:00:00,185.07
2025-10-28 06:00:00,375.78
2025-10-28 07:00:00,414.955
2025-10-28 08:00:00,415.2925
2025-10-28 09:00:00,401.1575
2025-10-28 10:00:00,368.1225
2025-10-28 11:00:00,394.0925
2025-10-28 12:00:00,441.3925
2025-10-28 13:00:00,464.545
2025-10-28 14:00:00,447.98
2025-10-28 15:00:00,467.2825
2025-10-28 16:00:00,555.49
2025-10-28 17:00:00,592.3924999999999
2025-10-28 18:00:00,506.9675
2025-10-28 19:00:00,459.5075
2025-10-28 20:00:00,426.9625
2025-10-28 21:00:00,404.9675
2025-10-28 22:00:00,396.065
2025-10-28 23:00:00,350.96
2025-10-29 00:00:00,294.71
2025-10-29 01:00:00,270.7
2025-10-29 02:00:00,268.0825
2025-10-29 03:00:00,276.44
2025-10-29 04:00:00,282.58000000000004
2025-10-29 05:00:00,327.02
2025-10-29 06:00:00,449.5575
2025-10-29 07:00:00,460.345
2025-10-29 08:00:00,424.52
2025-10-29 09:00:00,365.1
2025-10-29 10:00:00,310.76
2025-10-29 11:00:00,303.8875
2025-10-29 12:00:00,303.71
2025-10-29 13:00:00,374.5325
2025-10-29 14:00:00,447.1325
2025-10-29 15:00:00,527.2675
2025-10-29 16:00:00,707.33
2025-10-29 17:00:00,809.3299999999999
2025-10-29 18:00:00,631.4375
2025-10-29 19:00:00,650.1975
2025-10-29 20:00:00,580.35
2025-10-29 21:00:00,438.0775
2025-10-29 22:00:00,452.5725
2025-10-29 23:00:00,425.7575
2025-10-30 00:00:00,361.76
2025-10-30 01:00:00,309.4975
2025-10-30 02:00:00,303.07
2025-10-30 03:00:00,288.735
2025-10-30 04:00:00,261.62
2025-10-30 05:00:00,337.31
2025-10-30 06:00:00,477.99
2025-10-30 07:00:00,457.3325
2025-10-30 08:00:00,427.8
2025-10-30 09:00:00,420.17
2025-10-30 10:00:00,402.49
2025-10-30 11:00:00,404.6075
2025-10-30 12:00:00,402.7225
2025-10-30 13:00:00,404.725
2025-10-30 14:00:00,413.2725
2025-10-30 15:00:00,425.04
2025-10-30 16:00:00,445.52
2025-10-30 17:00:00,464.52750000000003
2025-10-30 18:00:00,458.1925
2025-10-30 19:00:00,452.97
2025-10-30 20:00:00,415.0125
2025-10-30 21:00:00,401.8425
2025-10-30 22:00:00,389.6725
2025-10-30 23:00:00,330.19
2025-10-31 00:00:00,252.6925
2025-10-31 01:00:00,185.10000000000002
2025-10-31 02:00:00,176.0725
2025-10-31 03:00:00,250.10750000000002
2025-10-31 04:00:00,330.0675
2025-10-31 05:00:00,380.52
2025-10-31 06:00:00,528.3499999999999
2025-10-31 07:00:00,509.43
2025-10-31 08:00:00,470.39750000000004
2025-10-31 09:00:00,363.91
2025-10-31 10:00:00,328.655
2025-10-31 11:00:00,322.08
2025-10-31 12:00:00,329.855
2025-10-31 13:00:00,374.73
2025-10-31 14:00:00,481.9575
2025-10-31 15:00:00,591.9025
2025-10-31 16:00:00,988.6075
2025-10-31 17:00:00,1234.8425
2025-10-31 18:00:00,813.0550000000001
2025-10-31 19:00:00,780.9675
2025-10-31 20:00:00,616.475
2025-10-31 21:00:00,518.4225
2025-10-31 22:00:00,455.18
2025-10-31 23:00:00,432.015
2025-11-01 00:00:00,468.375
2025-11-01 01:00:00,380.3575
2025-11-01 02:00:00,318.8675
2025-11-01 03:00:00,325.23
2025-11-01 04:00:00,288.92
2025-11-01 05:00:00,315.9675
2025-11-01 06:00:00,312.22249999999997
2025-11-01 07:00:00,228.86
2025-11-01 08:00:00,177.915
2025-11-01 09:00:00,112.2925
2025-11-01 10:00:00,77.85249999999999
2025-11-01 11:00:00,67.035
2025-11-01 12:00:00,89.405
2025-11-01 13:00:00,134.085
2025-11-01 14:00:00,324.96500000000003
2025-11-01 15:00:00,419.355
2025-11-01 16:00:00,430.875
2025-11-01 17:00:00,416.38
2025-11-01 18:00:00,410.465
2025-11-01 19:00:00,379.025
2025-11-01 20:00:00,388.64
2025-11-01 21:00:00,416.8175
2025-11-01 22:00:00,368.38
2025-11-01 23:00:00,337.0475
2025-11-02 00:00:00,329.4525
2025-11-02 01:00:00,338.7675
2025-11-02 02:00:00,348.49
2025-11-02 03:00:00,398.745
2025-11-02 04:00:00,450.1575
2025-11-02 05:00:00,467.335
2025-11-02 06:00:00,450.1475
2025-11-02 07:00:00,438.385
2025-11-02 08:00:00,418.0475
2025-11-02 09:00:00,451.71000000000004
2025-11-02 10:00:00,472.2925
2025-11-02 11:00:00,476.885
2025-11-02 12:00:00,511.355
2025-11-02 13:00:00,445.7525
2025-11-02 14:00:00,436.205
2025-11-02 15:00:00,484.5775
2025-11-02 16:00:00,510.38750000000005
2025-11-02 17:00:00,561.185
2025-11-02 18:00:00,553.0675
2025-11-02 19:00:00,507.485
2025-11-02 20:00:00,563.385
2025-11-02 21:00:00,459.39
2025-11-02 22:00:00,439.385
2025-11-02 23:00:00,385.5775
2025-11-03 00:00:00,411.28499999999997
2025-11-03 01:00:00,427.94
2025-11-03 02:00:00,433.47
2025-11-03 03:00:00,425.40999999999997
2025-11-03 04:00:00,433.845
2025-11-03 05:00:00,503.8875
2025-11-03 06:00:00,673.1375
2025-11-03 07:00:00,676.0074999999999
2025-11-03 08:00:00,711.8199999999999
2025-11-03 09:00:00,575.34
2025-11-03 10:00:00,512.5174999999999
2025-11-03 11:00:00,490.15999999999997
2025-11-03 12:00:00,508.9
2025-11-03 13:00:00,505.06
2025-11-03 14:00:00,549.21
2025-11-03 15:00:00,640.7525
2025-11-03 16:00:00,734.4925
2025-11-03 17:00:00,754.1725
2025-11-03 18:00:00,609.76
2025-11-03 19:00:00,621.6375
2025-11-03 20:00:00,570.3425
2025-11-03 21:00:00,455.975
2025-11-03 22:00:00,422.6875
2025-11-03 23:00:00,353.865
2025-11-04 00:00:00,309.4475
2025-11-04 01:00:00,330.6375
2025-11-04 02:00:00,320.855
2025-11-04 03:00:00,336.675
2025-11-04 04:00:00,333.485
2025-11-04 05:00:00,340.8675
2025-11-04 06:00:00,486.0925
2025-11-04 07:00:00,472.145
2025-11-04 08:00:00,464.4925
2025-11-04 09:00:00,357.3725
2025-11-04 10:00:00,309.5125
2025-11-04 11:00:00,324.49
2025-11-04 12:00:00,347.265
2025-11-04 13:00:00,339.9925
2025-11-04 14:00:00,442.155
2025-11-04 15:00:00,616.76
2025-11-04 16:00:00,942.5975000000001
2025-11-04 17:00:00,908.685
2025-11-04 18:00:00,568.4575
2025-11-04 19:00:00,700.3
2025-11-04 20:00:00,704.5775
2025-11-04 21:00:00,475.13
2025-11-04 22:00:00,461.77
2025-11-04 23:00:00,399.765
2025-11-05 00:00:00,437.76750000000004
2025-11-05 01:00:00,415.17
2025-11-05 02:00:00,406.25
2025-11-05 03:00:00,409.83000000000004
2025-11-05 04:00:00,430.54999999999995
2025-11-05 05:00:00,435.9025
2025-11-05 06:00:00,513.655
2025-11-05 07:00:00,486.1125
2025-11-05 08:00:00,485.97249999999997
2025-11-05 09:00:00,386.8825
2025-11-05 10:00:00,341.89750000000004
2025-11-05 11:00:00,338.0375
2025-11-05 12:00:00,374.6075
2025-11-05 13:00:00,429.55
2025-11-05 14:00:00,448.005
2025-11-05 15:00:00,531.6225
2025-11-05 16:00:00,659.6899999999999
2025-11-05 17:00:00,636.5775
2025-11-05 18:00:00,534.4
2025-11-05 19:00:00,471.06
2025-11-05 20:00:00,444.1
2025-11-05 21:00:00,427.325
2025-11-05 22:00:00,407.7725
2025-11-05 23:00:00,384.97249999999997
2025-11-06 00:00:00,426.3825
2025-11-06 01:00:00,433.91499999999996
2025-11-06 02:00:00,433.115
2025-11-06 03:00:00,432.40999999999997
2025-11-06 04:00:00,436.1825
2025-11-06 05:00:00,466.36
2025-11-06 06:00:00,517.49
2025-11-06 07:00:00,526.0525
2025-11-06 08:00:00,500.40749999999997
2025-11-06 09:00:00,388.34749999999997
2025-11-06 10:00:00,366.6325
2025-11-06 11:00:00,359.71000000000004
2025-11-06 12:00:00,362.095
2025-11-06 13:00:00,381.35
2025-11-06 14:00:00,439.8575
2025-11-06 15:00:00,555.4525
2025-11-06 16:00:00,624.6725
2025-11-06 17:00:00,675.675
2025-11-06 18:00:00,603.565
2025-11-06 19:00:00,561.035
2025-11-06 20:00:00,489.21750000000003
2025-11-06 21:00:00,435.2675
2025-11-06 22:00:00,429.025
2025-11-06 23:00:00,392.6925
2025-11-07 00:00:00,386.55
2025-11-07 01:00:00,382.69
2025-11-07 02:00:00,386.435
2025-11-07 03:00:00,387.945
2025-11-07 04:00:00,391.8925
2025-11-07 05:00:00,431.575
2025-11-07 06:00:00,497.6375
2025-11-07 07:00:00,572.6374999999999
2025-11-07 08:00:00,538.6949999999999
2025-11-07 09:00:00,464.065
2025-11-07 10:00:00,398.7475
2025-11-07 11:00:00,386.28499999999997
2025-11-07 12:00:00,382.0125
2025-11-07 13:00:00,398.2475
2025-11-07 14:00:00,449.0475
2025-11-07 15:00:00,549.2725
2025-11-07 16:00:00,752.6725
2025-11-07 17:00:00,829.2725
2025-11-07 18:00:00,627.6475
2025-11-07 19:00:00,548.26
2025-11-07 20:00:00,474.96250000000003
2025-11-07 21:00:00,433.46250000000003
2025-11-07 22:00:00,430.5
2025-11-07 23:00:00,411.51750000000004
2025-11-08 00:00:00,424.9675
2025-11-08 01:00:00,424.46999999999997
2025-11-08 02:00:00,424.8725
2025-11-08 03:00:00,431.775
2025-11-08 04:00:00,433.21
2025-11-08 05:00:00,448.5775
2025-11-08 06:00:00,431.75
2025-11-08 07:00:00,436.0225
2025-11-08 08:00:00,448.7025
2025-11-08 09:00:00,436.62
2025-11-08 10:00:00,423.2475
2025-11-08 11:00:00,397.905
2025-11-08 12:00:00,425.8375
2025-11-08 13:00:00,460.315
2025-11-08 14:00:00,550.1525
2025-11-08 15:00:00,519.78
2025-11-08 16:00:00,571.175
2025-11-08 17:00:00,580.1475
2025-11-08 18:00:00,578.7775
2025-11-08 19:00:00,561.3675000000001
2025-11-08 20:00:00,526.3425
2025-11-08 21:00:00,485.34749999999997
2025-11-08 22:00:00,454.4425
2025-11-08 23:00:00,434.355
2025-11-09 00:00:00,420.94
2025-11-09 01:00:00,424.35
2025-11-09 02:00:00,423.96000000000004
2025-11-09 03:00:00,424.01250000000005
2025-11-09 04:00:00,424.33000000000004
2025-11-09 05:00:00,423.97
2025-11-09 06:00:00,421.4525
2025-11-09 07:00:00,421.6325
2025-11-09 08:00:00,432.985
2025-11-09 09:00:00,430.015
2025-11-09 10:00:00,427.495
2025-11-09 11:00:00,428.02
2025-11-09 12:00:00,447.495
2025-11-09 13:00:00,452.7
2025-11-09 14:00:00,452.52
2025-11-09 15:00:00,517.3924999999999
2025-11-09 16:00:00,589.25
2025-11-09 17:00:00,579.6075000000001
2025-11-09 18:00:00,555.08
2025-11-09 19:00:00,589.27
2025-11-09 20:00:00,543.1775
2025-11-09 21:00:00,498.39750000000004
2025-11-09 22:00:00,460.27
2025-11-09 23:00:00,424.905
2025-11-10 00:00:00,382.795
2025-11-10 01:00:00,376.9525
2025-11-10 02:00:00,382.635
2025-11-10 03:00:00,378.9675
2025-11-10 04:00:00,377.7825
2025-11-10 05:00:00,401.18
2025-11-10 06:00:00,502.38
2025-11-10 07:00:00,618.7125
2025-11-10 08:00:00,677.4125
2025-11-10 09:00:00,617.9175
2025-11-10 10:00:00,557.1424999999999
2025-11-10 11:00:00,508.3175
2025-11-10 12:00:00,473.9275
2025-11-10 13:00:00,560.765
2025-11-10 14:00:00,696.5075
2025-11-10 15:00:00,810.3225
2025-11-10 16:00:00,994.75
2025-11-10 17:00:00,839.2725
2025-11-10 18:00:00,783.4725
2025-11-10 19:00:00,699.8575000000001
2025-11-10 20:00:00,735.2325
2025-11-10 21:00:00,507.78999999999996
2025-11-10 22:00:00,490.38
2025-11-10 23:00:00,434.9325
2025-11-11 00:00:00,436.96750000000003
2025-11-11 01:00:00,458.31
2025-11-11 02:00:00,431.94
2025-11-11 03:00:00,431.9
2025-11-11 04:00:00,431.8975
2025-11-11 05:00:00,438.45
2025-11-11 06:00:00,447.3025
2025-11-11 07:00:00,462.46500000000003
2025-11-11 08:00:00,487.15250000000003
2025-11-11 09:00:00,463.4975
2025-11-11 10:00:00,444.2525
2025-11-11 11:00:00,444.665
2025-11-11 12:00:00,451.97
2025-11-11 13:00:00,465.7025
2025-11-11 14:00:00,458.7875
2025-11-11 15:00:00,534.4475
2025-11-11 16:00:00,607.1949999999999
2025-11-11 17:00:00,585.0775
2025-11-11 18:00:00,528.54
2025-11-11 19:00:00,504.475
2025-11-11 20:00:00,474.21500000000003
2025-11-11 21:00:00,450.5375
2025-11-11 22:00:00,433.125
2025-11-11 23:00:00,421.275
2025-11-12 00:00:00,376.755
2025-11-12 01:00:00,399.56
2025-11-12 02:00:00,395.5825
2025-11-12 03:00:00,401.4975
2025-11-12 04:00:00,384.74
2025-11-12 05:00:00,479.72249999999997
2025-11-12 06:00:00,779.64
2025-11-12 07:00:00,837.2674999999999
2025-11-12 08:00:00,672.7125
2025-11-12 09:00:00,527.015
2025-11-12 10:00:00,424.8425
2025-11-12 11:00:00,413.6225
2025-11-12 12:00:00,423.20500000000004
2025-11-12 13:00:00,432.0025
2025-11-12 14:00:00,516.1099999999999
2025-11-12 15:00:00,719.005
2025-11-12 16:00:00,771.6875
2025-11-12 17:00:00,553.2875
2025-11-12 18:00:00,519.1925
2025-11-12 19:00:00,476.3
2025-11-12 20:00:00,446.105
2025-11-12 21:00:00,409.6075
2025-11-12 22:00:00,367.5875
2025-11-12 23:00:00,279.8125
2025-11-13 00:00:00,193.715
2025-11-13 01:00:00,148.23
2025-11-13 02:00:00,6.4875
2025-11-13 03:00:00,-0.3699999999999999
2025-11-13 04:00:00,59.7875
2025-11-13 05:00:00,204.19
2025-11-13 06:00:00,378.335
2025-11-13 07:00:00,430.5675
2025-11-13 08:00:00,372.78
2025-11-13 09:00:00,242.17
2025-11-13 10:00:00,124.7575
2025-11-13 11:00:00,103.3475
2025-11-13 12:00:00,170.9225
2025-11-13 13:00:00,284.325
2025-11-13 14:00:00,367.48749999999995
2025-11-13 15:00:00,418.34499999999997
2025-11-13 16:00:00,443.6325
2025-11-13 17:00:00,428.96
2025-11-13 18:00:00,421.2575
2025-11-13 19:00:00,447.54499999999996
2025-11-13 20:00:00,478.96000000000004
2025-11-13 21:00:00,434.3775
2025-11-13 22:00:00,443.03
2025-11-13 23:00:00,388.5825
2025-11-14 00:00:00,410.74
2025-11-14 01:00:00,394.985
2025-11-14 02:00:00,397.13
2025-11-14 03:00:00,386.3225
2025-11-14 04:00:00,400.98
2025-11-14 05:00:00,433.745
2025-11-14 06:00:00,505.13
2025-11-14 07:00:00,594.0325
2025-11-14 08:00:00,586.3975
2025-11-14 09:00:00,523.205
2025-11-14 10:00:00,485.8725
2025-11-14 11:00:00,459.3275
2025-11-14 12:00:00,444.625
2025-11-14 13:00:00,485.15250000000003
2025-11-14 14:00:00,642.9475
2025-11-14 15:00:00,728.0325
2025-11-14 16:00:00,815.59
2025-11-14 17:00:00,746.7075
2025-11-14 18:00:00,679.8675000000001
2025-11-14 19:00:00,721.6
2025-11-14 20:00:00,594.2574999999999
2025-11-14 21:00:00,474.4925
2025-11-14 22:00:00,458.0675
2025-11-14 23:00:00,437.4475
2025-11-15 00:00:00,436.28
2025-11-15 01:00:00,426.39750000000004
2025-11-15 02:00:00,434.1775
2025-11-15 03:00:00,433.8775
2025-11-15 04:00:00,440.845
2025-11-15 05:00:00,448.1775
2025-11-15 06:00:00,435.5475
2025-11-15 07:00:00,445.69500000000005
2025-11-15 08:00:00,438.49
2025-11-15 09:00:00,441.4475
2025-11-15 10:00:00,471.175
2025-11-15 11:00:00,451.8875
2025-11-15 12:00:00,448.1275
2025-11-15 13:00:00,470.71
2025-11-15 14:00:00,560.46
2025-11-15 15:00:00,687.1225
2025-11-15 16:00:00,683.01
2025-11-15 17:00:00,567.255
2025-11-15 18:00:00,535.335
2025-11-15 19:00:00,485.78999999999996
2025-11-15 20:00:00,471.8
2025-11-15 21:00:00,432.43
2025-11-15 22:00:00,431.47
2025-11-15 23:00:00,425.5075
2025-11-16 00:00:00,396.40250000000003
2025-11-16 01:00:00,422.57
2025-11-16 02:00:00,414.5475
2025-11-16 03:00:00,419.1675
2025-11-16 04:00:00,417.6225
2025-11-16 05:00:00,435.105
2025-11-16 06:00:00,434.57500000000005
2025-11-16 07:00:00,425.055
2025-11-16 08:00:00,431.2475
2025-11-16 09:00:00,434.98
2025-11-16 10:00:00,430.97249999999997
2025-11-16 11:00:00,441.1175
2025-11-16 12:00:00,437.945
2025-11-16 13:00:00,449.5725
2025-11-16 14:00:00,469.7375
2025-11-16 15:00:00,502.715
2025-11-16 16:00:00,531.6700000000001
2025-11-16 17:00:00,553.06
2025-11-16 18:00:00,532.99
2025-11-16 19:00:00,491.36
2025-11-16 20:00:00,462.32
2025-11-16 21:00:00,423.13
2025-11-16 22:00:00,430.28499999999997
2025-11-16 23:00:00,432.505
2025-11-17 00:00:00,390.325
2025-11-17 01:00:00,419.6975
2025-11-17 02:00:00,420.7625
2025-11-17 03:00:00,416.6
2025-11-17 04:00:00,430.7175
2025-11-17 05:00:00,425.84749999999997
2025-11-17 06:00:00,481.5525
2025-11-17 07:00:00,505.695
2025-11-17 08:00:00,570.1075
2025-11-17 09:00:00,565.4275
2025-11-17 10:00:00,591.9
2025-11-17 11:00:00,550.6800000000001
2025-11-17 12:00:00,662.6975
2025-11-17 13:00:00,684.8375
2025-11-17 14:00:00,686.4449999999999
2025-11-17 15:00:00,586.9
2025-11-17 16:00:00,554.1475
2025-11-17 17:00:00,498.97249999999997
2025-11-17 18:00:00,492.83
2025-11-17 19:00:00,468.005
2025-11-17 20:00:00,435.475
2025-11-17 21:00:00,394.2475
2025-11-17 22:00:00,380.9
2025-11-17 23:00:00,360.9975
2025-11-18 00:00:00,369.15250000000003
2025-11-18 01:00:00,350.65250000000003
2025-11-18 02:00:00,334.6175
2025-11-18 03:00:00,329.2425
2025-11-18 04:00:00,350.4425
2025-11-18 05:00:00,392.345
2025-11-18 06:00:00,498.315
2025-11-18 07:00:00,453.205
2025-11-18 08:00:00,507.3225
2025-11-18 09:00:00,454.97499999999997
2025-11-18 10:00:00,390.09749999999997
2025-11-18 11:00:00,378.38
2025-11-18 12:00:00,400.615
2025-11-18 13:00:00,455.525
2025-11-18 14:00:00,529.1025
2025-11-18 15:00:00,592.83
2025-11-18 16:00:00,699.8925
2025-11-18 17:00:00,645.49
2025-11-18 18:00:00,619.3375
2025-11-18 19:00:00,588.2025
2025-11-18 20:00:00,523.2525
2025-11-18 21:00:00,440.8375
2025-11-18 22:00:00,456.645
2025-11-18 23:00:00,416.3875
2025-11-19 00:00:00,376.90250000000003
2025-11-19 01:00:00,385.455
2025-11-19 02:00:00,380.565
2025-11-19 03:00:00,407.7
2025-11-19 04:00:00,447.81
2025-11-19 05:00:00,463.33500000000004
2025-11-19 06:00:00,515.6875
2025-11-19 07:00:00,619.3875
2025-11-19 08:00:00,582.0925
2025-11-19 09:00:00,496.21500000000003
2025-11-19 10:00:00,416.0525
2025-11-19 11:00:00,392.675
2025-11-19 12:00:00,405.51
2025-11-19 13:00:00,453.65
2025-11-19 14:00:00,564.09
2025-11-19 15:00:00,905.925
2025-11-19 16:00:00,1089.4725
2025-11-19 17:00:00,719.9875
2025-11-19 18:00:00,635.155
2025-11-19 19:00:00,579.9449999999999
2025-11-19 20:00:00,495.335
2025-11-19 21:00:00,444.6775
2025-11-19 22:00:00,449.4925
2025-11-19 23:00:00,463.26
2025-11-20 00:00:00,454.15999999999997
2025-11-20 01:00:00,454.585
2025-11-20 02:00:00,431.155
2025-11-20 03:00:00,436.2
2025-11-20 04:00:00,444.60249999999996
2025-11-20 05:00:00,467.1725
2025-11-20 06:00:00,497.5375
2025-11-20 07:00:00,646.985
2025-11-20 08:00:00,662.78
2025-11-20 09:00:00,647.21
2025-11-20 10:00:00,604.605
2025-11-20 11:00:00,565.765
2025-11-20 12:00:00,617.405
2025-11-20 13:00:00,720.4675
2025-11-20 14:00:00,757.64
2025-11-20 15:00:00,758.7325000000001
2025-11-20 16:00:00,863.4875
2025-11-20 17:00:00,742.6424999999999
2025-11-20 18:00:00,690.9925000000001
2025-11-20 19:00:00,660.395
2025-11-20 20:00:00,577.8775
2025-11-20 21:00:00,503.8675
2025-11-20 22:00:00,453.15250000000003
2025-11-20 23:00:00,400.6225
2025-11-21 00:00:00,431.94
2025-11-21 01:00:00,398.84000000000003
2025-11-21 02:00:00,382.39750000000004
2025-11-21 03:00:00,382.4525
2025-11-21 04:00:00,401.67
2025-11-21 05:00:00,435.205
2025-11-21 06:00:00,562.825
2025-11-21 07:00:00,761.025
2025-11-21 08:00:00,869.1225
2025-11-21 09:00:00,773.4875
2025-11-21 10:00:00,650.7325000000001
2025-11-21 11:00:00,593.79
2025-11-21 12:00:00,558.8175
2025-11-21 13:00:00,580.6075
2025-11-21 14:00:00,678.515
2025-11-21 15:00:00,838.475
2025-11-21 16:00:00,1067.755
2025-11-21 17:00:00,1060.46
2025-11-21 18:00:00,872.18
2025-11-21 19:00:00,728.83
2025-11-21 20:00:00,604.6075
2025-11-21 21:00:00,497.555
2025-11-21 22:00:00,457.875
2025-11-21 23:00:00,471.8825
2025-11-22 00:00:00,493.67
2025-11-22 01:00:00,478.255
2025-11-22 02:00:00,515.595
2025-11-22 03:00:00,498.34000000000003
2025-11-22 04:00:00,476.14250000000004
2025-11-22 05:00:00,451.8175
2025-11-22 06:00:00,444.9025
2025-11-22 07:00:00,464.69
2025-11-22 08:00:00,478.27750000000003
2025-11-22 09:00:00,461.195
2025-11-22 10:00:00,447.0475
2025-11-22 11:00:00,455.09
2025-11-22 12:00:00,461.2075
2025-11-22 13:00:00,513.65
2025-11-22 14:00:00,713.23
2025-11-22 15:00:00,832.37
2025-11-22 16:00:00,878.11
2025-11-22 17:00:00,753.1075
2025-11-22 18:00:00,749.495
2025-11-22 19:00:00,749.355
2025-11-22 20:00:00,724.13
2025-11-22 21:00:00,491.3425
2025-11-22 22:00:00,449.1625
2025-11-22 23:00:00,452.37
2025-11-23 00:00:00,448.5775
2025-11-23 01:00:00,456.4075
2025-11-23 02:00:00,458.95500000000004
2025-11-23 03:00:00,453.21000000000004
2025-11-23 04:00:00,454.51750000000004
2025-11-23 05:00:00,444.4875
2025-11-23 06:00:00,453.1325
2025-11-23 07:00:00,436.01
2025-11-23 08:00:00,452.255
2025-11-23 09:00:00,467.08250000000004
2025-11-23 10:00:00,473.52
2025-11-23 11:00:00,473.52
2025-11-23 12:00:00,459.02
2025-11-23 13:00:00,514.095
2025-11-23 14:00:00,638.8325
2025-11-23 15:00:00,728.1125000000001
2025-11-23 16:00:00,849.0475
2025-11-23 17:00:00,680.7175
2025-11-23 18:00:00,642.9125
2025-11-23 19:00:00,656.4225
2025-11-23 20:00:00,570.0
2025-11-23 21:00:00,473.10249999999996
2025-11-23 22:00:00,443.6175
2025-11-23 23:00:00,456.45
2025-11-24 00:00:00,450.405
2025-11-24 01:00:00,435.82
2025-11-24 02:00:00,429.51
2025-11-24 03:00:00,430.0175
2025-11-24 04:00:00,437.4975
2025-11-24 05:00:00,446.655
2025-11-24 06:00:00,686.7
2025-11-24 07:00:00,960.03
2025-11-24 08:00:00,946.8675
2025-11-24 09:00:00,985.6575
2025-11-24 10:00:00,864.0775
2025-11-24 11:00:00,965.995
2025-11-24 12:00:00,998.1625
2025-11-24 13:00:00,1017.9624999999999
2025-11-24 14:00:00,1132.8075
2025-11-24 15:00:00,1152.7375
2025-11-24 16:00:00,1284.0375
2025-11-24 17:00:00,1187.27
2025-11-24 18:00:00,1108.8975
2025-11-24 19:00:00,1010.0175
2025-11-24 20:00:00,869.6125
2025-11-24 21:00:00,605.99
2025-11-24 22:00:00,535.775
2025-11-24 23:00:00,463.005
2025-11-25 00:00:00,435.1375
2025-11-25 01:00:00,433.34749999999997
2025-11-25 02:00:00,426.23249999999996
2025-11-25 03:00:00,427.29999999999995
2025-11-25 04:00:00,435.28499999999997
2025-11-25 05:00:00,469.47
2025-11-25 06:00:00,1156.9299999999998
2025-11-25 07:00:00,1445.8575
2025-11-25 08:00:00,1590.72
2025-11-25 09:00:00,1524.4924999999998
2025-11-25 10:00:00,1501.27
2025-11-25 11:00:00,1576.8425
2025-11-25 12:00:00,1719.335
2025-11-25 13:00:00,1774.8474999999999
2025-11-25 14:00:00,1798.7325
2025-11-25 15:00:00,1608.145
2025-11-25 16:00:00,1650.27
2025-11-25 17:00:00,1604.7075
2025-11-25 18:00:00,1275.39
2025-11-25 19:00:00,1072.0375
2025-11-25 20:00:00,739.155
2025-11-25 21:00:00,570.29
2025-11-25 22:00:00,509.845
2025-11-25 23:00:00,449.06
2025-11-26 00:00:00,449.9475
2025-11-26 01:00:00,424.9875
2025-11-26 02:00:00,414.8125
2025-11-26 03:00:00,409.115
2025-11-26 04:00:00,406.83
2025-11-26 05:00:00,414.985
2025-11-26 06:00:00,539.1675
2025-11-26 07:00:00,769.9425
2025-11-26 08:00:00,891.05
2025-11-26 09:00:00,889.2425000000001
2025-11-26 10:00:00,775.3050000000001
2025-11-26 11:00:00,723.4625
2025-11-26 12:00:00,697.6275
2025-11-26 13:00:00,715.935
2025-11-26 14:00:00,739.3050000000001
2025-11-26 15:00:00,626.765
2025-11-26 16:00:00,685.995
2025-11-26 17:00:00,550.77
2025-11-26 18:00:00,479.9775
2025-11-26 19:00:00,536.2375
2025-11-26 20:00:00,580.865
2025-11-26 21:00:00,486.325
2025-11-26 22:00:00,432.1675
2025-11-26 23:00:00,398.56
2025-11-27 00:00:00,396.56
2025-11-27 01:00:00,378.5875
2025-11-27 02:00:00,376.06
2025-11-27 03:00:00,383.1075
2025-11-27 04:00:00,391.3825
2025-11-27 05:00:00,453.5425
2025-11-27 06:00:00,488.055
2025-11-27 07:00:00,548.2574999999999
2025-11-27 08:00:00,628.6975
2025-11-27 09:00:00,578.9675
2025-11-27 10:00:00,465.735
2025-11-27 11:00:00,477.895
2025-11-27 12:00:00,552.905
2025-11-27 13:00:00,695.47
2025-11-27 14:00:00,881.3625
2025-11-27 15:00:00,984.7325
2025-11-27 16:00:00,1106.18
2025-11-27 17:00:00,885.5425
2025-11-27 18:00:00,641.8575000000001
2025-11-27 19:00:00,622.25
2025-11-27 20:00:00,479.79999999999995
2025-11-27 21:00:00,429.8175
2025-11-27 22:00:00,452.2125
2025-11-27 23:00:00,443.8
2025-11-28 00:00:00,410.06
2025-11-28 01:00:00,394.605
2025-11-28 02:00:00,371.9875
2025-11-28 03:00:00,385.0675
2025-11-28 04:00:00,417.0575
2025-11-28 05:00:00,443.7175
2025-11-28 06:00:00,468.3825
2025-11-28 07:00:00,633.0475
2025-11-28 08:00:00,686.865
2025-11-28 09:00:00,570.1075
2025-11-28 10:00:00,480.905
2025-11-28 11:00:00,461.9925
2025-11-28 12:00:00,495.265
2025-11-28 13:00:00,619.34
2025-11-28 14:00:00,986.3175
2025-11-28 15:00:00,742.79
2025-11-28 16:00:00,830.595
2025-11-28 17:00:00,674.42
2025-11-28 18:00:00,572.4925
2025-11-28 19:00:00,570.1175000000001
2025-11-28 20:00:00,500.13750000000005
2025-11-28 21:00:00,433.46
2025-11-28 22:00:00,462.14
2025-11-28 23:00:00,467.695
2025-11-29 00:00:00,449.94
2025-11-29 01:00:00,447.9275
2025-11-29 02:00:00,445.7425
2025-11-29 03:00:00,444.81
2025-11-29 04:00:00,449.9825
2025-11-29 05:00:00,472.65999999999997
2025-11-29 06:00:00,452.355
2025-11-29 07:00:00,456.61
2025-11-29 08:00:00,449.9275
2025-11-29 09:00:00,451.72
2025-11-29 10:00:00,447.7975
2025-11-29 11:00:00,439.005
2025-11-29 12:00:00,450.8725
2025-11-29 13:00:00,456.4875
2025-11-29 14:00:00,530.3125
2025-11-29 15:00:00,585.9625
2025-11-29 16:00:00,775.375
2025-11-29 17:00:00,707.3825
2025-11-29 18:00:00,663.02
2025-11-29 19:00:00,673.3375
2025-11-29 20:00:00,597.71
2025-11-29 21:00:00,527.9925000000001
2025-11-29 22:00:00,509.815
2025-11-29 23:00:00,455.9675
2025-11-30 00:00:00,448.01
2025-11-30 01:00:00,458.0075
2025-11-30 02:00:00,451.335
2025-11-30 03:00:00,450.34
2025-11-30 04:00:00,446.4425
2025-11-30 05:00:00,443.2225
2025-11-30 06:00:00,449.6725
2025-11-30 07:00:00,451.8225
2025-11-30 08:00:00,452.86
2025-11-30 09:00:00,454.32
2025-11-30 10:00:00,457.15
2025-11-30 11:00:00,460.18
2025-11-30 12:00:00,465.37
2025-11-30 13:00:00,447.90500000000003
2025-11-30 14:00:00,466.45
2025-11-30 15:00:00,468.5675
2025-11-30 16:00:00,493.355
2025-11-30 17:00:00,507.8775
2025-11-30 18:00:00,512.77
2025-11-30 19:00:00,531.8375
2025-11-30 20:00:00,514.01
2025-11-30 21:00:00,487.4975
2025-11-30 22:00:00,455.1175
2025-11-30 23:00:00,446.2975
2025-12-01 00:00:00,462.2875
2025-12-01 01:00:00,466.1
2025-12-01 02:00:00,471.695
2025-12-01 03:00:00,485.3775
2025-12-01 04:00:00,474.45
2025-12-01 05:00:00,444.3875
2025-12-01 06:00:00,775.0150000000001
2025-12-01 07:00:00,768.085
2025-12-01 08:00:00,788.6
2025-12-01 09:00:00,878.6175000000001
2025-12-01 10:00:00,705.9625
2025-12-01 11:00:00,670.7425000000001
2025-12-01 12:00:00,874.4875
2025-12-01 13:00:00,892.1324999999999
2025-12-01 14:00:00,1045.8999999999999
2025-12-01 15:00:00,1282.4125
2025-12-01 16:00:00,1645.72
2025-12-01 17:00:00,1445.1425
2025-12-01 18:00:00,1576.8575
2025-12-01 19:00:00,1426.0575
2025-12-01 20:00:00,1150.9225000000001
2025-12-01 21:00:00,773.87
2025-12-01 22:00:00,624.37
2025-12-01 23:00:00,489.4675
2025-12-02 00:00:00,479.91499999999996
2025-12-02 01:00:00,475.20000000000005
2025-12-02 02:00:00,484.49
2025-12-02 03:00:00,483.79
2025-12-02 04:00:00,486.055
2025-12-02 05:00:00,489.81
2025-12-02 06:00:00,562.4549999999999
2025-12-02 07:00:00,829.66
2025-12-02 08:00:00,969.585
2025-12-02 09:00:00,851.99
2025-12-02 10:00:00,689.6975
2025-12-02 11:00:00,769.7075
2025-12-02 12:00:00,749.2525
2025-12-02 13:00:00,933.865
2025-12-02 14:00:00,967.24
2025-12-02 15:00:00,1002.0525
2025-12-02 16:00:00,1149.555
2025-12-02 17:00:00,849.145
2025-12-02 18:00:00,800.675
2025-12-02 19:00:00,745.365
2025-12-02 20:00:00,650.685
2025-12-02 21:00:00,548.4925000000001
2025-12-02 22:00:00,506.235
2025-12-02 23:00:00,464.52
2025-12-03 00:00:00,447.245
2025-12-03 01:00:00,457.43
2025-12-03 02:00:00,447.0225
2025-12-03 03:00:00,454.8775
2025-12-03 04:00:00,459.275
2025-12-03 05:00:00,456.03249999999997
2025-12-03 06:00:00,620.37
2025-12-03 07:00:00,840.425
2025-12-03 08:00:00,1050.04
2025-12-03 09:00:00,924.5675
2025-12-03 10:00:00,788.24
2025-12-03 11:00:00,730.8325
2025-12-03 12:00:00,703.21
2025-12-03 13:00:00,764.155
2025-12-03 14:00:00,858.96
2025-12-03 15:00:00,1048.8325
2025-12-03 16:00:00,1336.2825
2025-12-03 17:00:00,1107.42
2025-12-03 18:00:00,871.03
2025-12-03 19:00:00,742.4075
2025-12-03 20:00:00,624.1800000000001
2025-12-03 21:00:00,524.2475000000001
2025-12-03 22:00:00,481.73
2025-12-03 23:00:00,443.09
2025-12-04 00:00:00,487.4125
2025-12-04 01:00:00,485.9325
2025-12-04 02:00:00,490.015
2025-12-04 03:00:00,485.7525
2025-12-04 04:00:00,485.3075
2025-12-04 05:00:00,450.445
2025-12-04 06:00:00,559.6825
2025-12-04 07:00:00,848.2325
2025-12-04 08:00:00,905.6025
2025-12-04 09:00:00,780.395
2025-12-04 10:00:00,611.1975
2025-12-04 11:00:00,635.6725
2025-12-04 12:00:00,611.41
2025-12-04 13:00:00,681.71
2025-12-04 14:00:00,719.165
2025-12-04 15:00:00,712.0775
2025-12-04 16:00:00,696.72
2025-12-04 17:00:00,621.4775
2025-12-04 18:00:00,610.9000000000001
2025-12-04 19:00:00,585.78
2025-12-04 20:00:00,525.2925
2025-12-04 21:00:00,472.59250000000003
2025-12-04 22:00:00,469.175
2025-12-04 23:00:00,445.9225
2025-12-05 00:00:00,448.9525
2025-12-05 01:00:00,445.145
2025-12-05 02:00:00,439.68
2025-12-05 03:00:00,441.655
2025-12-05 04:00:00,445.1125
2025-12-05 05:00:00,449.65
2025-12-05 06:00:00,528.0325
2025-12-05 07:00:00,648.635
2025-12-05 08:00:00,783.7574999999999
2025-12-05 09:00:00,782.1625
2025-12-05 10:00:00,715.0450000000001
2025-12-05 11:00:00,710.635
2025-12-05 12:00:00,684.015
2025-12-05 13:00:00,665.7425
2025-12-05 14:00:00,678.91
2025-12-05 15:00:00,683.1600000000001
2025-12-05 16:00:00,710.8225
2025-12-05 17:00:00,665.9649999999999
2025-12-05 18:00:00,619.91
2025-12-05 19:00:00,556.6025
2025-12-05 20:00:00,488.745
2025-12-05 21:00:00,427.9925
2025-12-05 22:00:00,410.7425
2025-12-05 23:00:00,408.4275
2025-12-06 00:00:00,504.7525
2025-12-06 01:00:00,488.745
2025-12-06 02:00:00,490.73249999999996
2025-12-06 03:00:00,482.17499999999995
2025-12-06 04:00:00,477.5825
2025-12-06 05:00:00,468.695
2025-12-06 06:00:00,446.7175
2025-12-06 07:00:00,446.805
2025-12-06 08:00:00,489.92
2025-12-06 09:00:00,494.32000000000005
2025-12-06 10:00:00,488.90250000000003
2025-12-06 11:00:00,476.9575
2025-12-06 12:00:00,457.5675
2025-12-06 13:00:00,495.2075
2025-12-06 14:00:00,550.47
2025-12-06 15:00:00,593.9225
2025-12-06 16:00:00,648.9499999999999
2025-12-06 17:00:00,532.315
2025-12-06 18:00:00,509.21750000000003
2025-12-06 19:00:00,484.06
2025-12-06 20:00:00,482.575
2025-12-06 21:00:00,455.015
2025-12-06 22:00:00,487.4975
2025-12-06 23:00:00,444.7
2025-12-07 00:00:00,434.925
2025-12-07 01:00:00,436.89
2025-12-07 02:00:00,424.26750000000004
2025-12-07 03:00:00,414.82
2025-12-07 04:00:00,424.4275
2025-12-07 05:00:00,423.305
2025-12-07 06:00:00,435.9375
2025-12-07 07:00:00,442.6375
2025-12-07 08:00:00,451.81
2025-12-07 09:00:00,450.825
2025-12-07 10:00:00,444.3275
2025-12-07 11:00:00,457.04499999999996
2025-12-07 12:00:00,448.465
2025-12-07 13:00:00,453.82
2025-12-07 14:00:00,474.8
2025-12-07 15:00:00,457.215
2025-12-07 16:00:00,473.3825
2025-12-07 17:00:00,500.7975
2025-12-07 18:00:00,488.0575
2025-12-07 19:00:00,496.3925
2025-12-07 20:00:00,482.185
2025-12-07 21:00:00,463.15999999999997
2025-12-07 22:00:00,455.775
2025-12-07 23:00:00,458.2425
2025-12-08 00:00:00,449.63
2025-12-08 01:00:00,441.865
2025-12-08 02:00:00,414.2375
2025-12-08 03:00:00,360.4275
2025-12-08 04:00:00,331.27750000000003
2025-12-08 05:00:00,349.845
2025-12-08 06:00:00,436.815
2025-12-08 07:00:00,605.9325
2025-12-08 08:00:00,568.88
2025-12-08 09:00:00,514.4525
2025-12-08 10:00:00,503.7775
2025-12-08 11:00:00,469.795
2025-12-08 12:00:00,474.0275
2025-12-08 13:00:00,524.5675
2025-12-08 14:00:00,558.6925
2025-12-08 15:00:00,545.615
2025-12-08 16:00:00,561.1125
2025-12-08 17:00:00,501.23
2025-12-08 18:00:00,492.225
2025-12-08 19:00:00,483.3925
2025-12-08 20:00:00,460.635
2025-12-08 21:00:00,418.185
2025-12-08 22:00:00,396.07
2025-12-08 23:00:00,355.0425
2025-12-09 00:00:00,338.7125
2025-12-09 01:00:00,334.1375
2025-12-09 02:00:00,336.2825
2025-12-09 03:00:00,336.2725
2025-12-09 04:00:00,343.8725
2025-12-09 05:00:00,386.2775
2025-12-09 06:00:00,471.65
2025-12-09 07:00:00,498.905
2025-12-09 08:00:00,551.6075
2025-12-09 09:00:00,492.435
2025-12-09 10:00:00,463.71
2025-12-09 11:00:00,457.9275
2025-12-09 12:00:00,465.17
2025-12-09 13:00:00,499.7275
2025-12-09 14:00:00,693.9825
2025-12-09 15:00:00,519.595
2025-12-09 16:00:00,669.975
2025-12-09 17:00:00,537.155
2025-12-09 18:00:00,580.68
2025-12-09 19:00:00,546.14
2025-12-09 20:00:00,512.3725
2025-12-09 21:00:00,438.505
2025-12-09 22:00:00,428.53499999999997
2025-12-09 23:00:00,420.145
2025-12-10 00:00:00,438.4625
2025-12-10 01:00:00,393.265
2025-12-10 02:00:00,410.615
2025-12-10 03:00:00,397.13750000000005
2025-12-10 04:00:00,392.59749999999997
2025-12-10 05:00:00,447.5225
2025-12-10 06:00:00,516.02
2025-12-10 07:00:00,587.585
2025-12-10 08:00:00,559.7225
2025-12-10 09:00:00,502.3625
2025-12-10 10:00:00,447.7025
2025-12-10 11:00:00,433.0025
2025-12-10 12:00:00,436.6
2025-12-10 13:00:00,474.8425
2025-12-10 14:00:00,479.84749999999997
2025-12-10 15:00:00,473.075
2025-12-10 16:00:00,525.0475
2025-12-10 17:00:00,488.34000000000003
2025-12-10 18:00:00,483.7525
2025-12-10 19:00:00,470.0675
2025-12-10 20:00:00,436.335
2025-12-10 21:00:00,427.685
2025-12-10 22:00:00,444.475
2025-12-10 23:00:00,422.435
2025-12-11 00:00:00,434.8075
2025-12-11 01:00:00,388.7625
2025-12-11 02:00:00,347.5875
2025-12-11 03:00:00,347.28000000000003
2025-12-11 04:00:00,354.78499999999997
2025-12-11 05:00:00,393.8975
2025-12-11 06:00:00,443.8125
2025-12-11 07:00:00,474.865
2025-12-11 08:00:00,494.0575
2025-12-11 09:00:00,480.4
2025-12-11 10:00:00,446.36
2025-12-11 11:00:00,432.475
2025-12-11 12:00:00,429.555
2025-12-11 13:00:00,428.19
2025-12-11 14:00:00,455.575
2025-12-11 15:00:00,485.6225
2025-12-11 16:00:00,501.845
2025-12-11 17:00:00,505.0475
2025-12-11 18:00:00,485.1775
2025-12-11 19:00:00,468.6925
2025-12-11 20:00:00,470.635
2025-12-11 21:00:00,434.65250000000003
2025-12-11 22:00:00,423.09749999999997
2025-12-11 23:00:00,400.8225
2025-12-12 00:00:00,383.1975
2025-12-12 01:00:00,386.5475
2025-12-12 02:00:00,391.0625
2025-12-12 03:00:00,392.5
2025-12-12 04:00:00,392.3525
2025-12-12 05:00:00,413.145
2025-12-12 06:00:00,480.89750000000004
2025-12-12 07:00:00,529.8075
2025-12-12 08:00:00,558.51
2025-12-12 09:00:00,538.7725
2025-12-12 10:00:00,519.0575
2025-12-12 11:00:00,504.4375
2025-12-12 12:00:00,480.93
2025-12-12 13:00:00,505.21000000000004
2025-12-12 14:00:00,542.65
2025-12-12 15:00:00,567.6175
2025-12-12 16:00:00,706.4300000000001
2025-12-12 17:00:00,647.845
2025-12-12 18:00:00,579.7775
2025-12-12 19:00:00,569.1625
2025-12-12 20:00:00,537.2625
2025-12-12 21:00:00,484.96750000000003
2025-12-12 22:00:00,466.775
2025-12-12 23:00:00,450.2725
2025-12-13 00:00:00,454.2775
2025-12-13 01:00:00,450.24
2025-12-13 02:00:00,453.78
2025-12-13 03:00:00,453.29249999999996
2025-12-13 04:00:00,442.95500000000004
2025-12-13 05:00:00,436.6375
2025-12-13 06:00:00,445.39
2025-12-13 07:00:00,469.5575
2025-12-13 08:00:00,486.94
2025-12-13 09:00:00,465.3175
2025-12-13 10:00:00,444.8925
2025-12-13 11:00:00,434.26
2025-12-13 12:00:00,435.675
2025-12-13 13:00:00,450.6
2025-12-13 14:00:00,476.7425
2025-12-13 15:00:00,499.91499999999996
2025-12-13 16:00:00,510.09499999999997
2025-12-13 17:00:00,509.08750000000003
2025-12-13 18:00:00,491.72749999999996
2025-12-13 19:00:00,467.14750000000004
2025-12-13 20:00:00,440.57
2025-12-13 21:00:00,428.225
2025-12-13 22:00:00,411.14750000000004
2025-12-13 23:00:00,378.94
2025-12-14 00:00:00,386.6225
2025-12-14 01:00:00,384.4125
2025-12-14 02:00:00,354.7175
2025-12-14 03:00:00,341.9175
2025-12-14 04:00:00,345.395
2025-12-14 05:00:00,349.8425
2025-12-14 06:00:00,391.3125
2025-12-14 07:00:00,425.1625
2025-12-14 08:00:00,423.62
2025-12-14 09:00:00,411.845
2025-12-14 10:00:00,418.5025
2025-12-14 11:00:00,427.96000000000004
2025-12-14 12:00:00,428.21500000000003
2025-12-14 13:00:00,428.13
2025-12-14 14:00:00,414.055
2025-12-14 15:00:00,442.09000000000003
2025-12-14 16:00:00,457.6275
2025-12-14 17:00:00,463.025
2025-12-14 18:00:00,463.935
2025-12-14 19:00:00,449.13
2025-12-14 20:00:00,433.9625
2025-12-14 21:00:00,428.575
2025-12-14 22:00:00,441.6575
2025-12-14 23:00:00,421.1775
2025-12-15 00:00:00,360.6375
2025-12-15 01:00:00,364.1125
2025-12-15 02:00:00,357.095
2025-12-15 03:00:00,360.645
2025-12-15 04:00:00,364.1125
2025-12-15 05:00:00,401.7975
2025-12-15 06:00:00,515.0625
2025-12-15 07:00:00,568.05
2025-12-15 08:00:00,590.2325
2025-12-15 09:00:00,506.8175
2025-12-15 10:00:00,454.89750000000004
2025-12-15 11:00:00,429.1575
2025-12-15 12:00:00,434.2375
2025-12-15 13:00:00,457.6575
2025-12-15 14:00:00,600.5125
2025-12-15 15:00:00,674.645
2025-12-15 16:00:00,823.015
2025-12-15 17:00:00,576.2275
2025-12-15 18:00:00,583.3499999999999
2025-12-15 19:00:00,567.0450000000001
2025-12-15 20:00:00,525.695
2025-12-15 21:00:00,432.2025
2025-12-15 22:00:00,438.3375
2025-12-15 23:00:00,450.165
2025-12-16 00:00:00,440.075
2025-12-16 01:00:00,437.025
2025-12-16 02:00:00,436.02
2025-12-16 03:00:00,436.03
2025-12-16 04:00:00,444.165
2025-12-16 05:00:00,466.22249999999997
2025-12-16 06:00:00,560.0675
2025-12-16 07:00:00,661.5375
2025-12-16 08:00:00,629.7775
2025-12-16 09:00:00,514.3925
2025-12-16 10:00:00,464.48249999999996
2025-12-16 11:00:00,468.425
2025-12-16 12:00:00,515.4175
2025-12-16 13:00:00,590.855
2025-12-16 14:00:00,624.2725
2025-12-16 15:00:00,675.895
2025-12-16 16:00:00,799.7475
2025-12-16 17:00:00,720.86
2025-12-16 18:00:00,646.2850000000001
2025-12-16 19:00:00,604.9725000000001
2025-12-16 20:00:00,550.605
2025-12-16 21:00:00,504.195
2025-12-16 22:00:00,491.26250000000005
2025-12-16 23:00:00,438.86
2025-12-17 00:00:00,452.95
2025-12-17 01:00:00,479.9525
2025-12-17 02:00:00,462.875
2025-12-17 03:00:00,461.2175
2025-12-17 04:00:00,440.4575
2025-12-17 05:00:00,432.75
2025-12-17 06:00:00,564.745
2025-12-17 07:00:00,664.04
2025-12-17 08:00:00,605.645
2025-12-17 09:00:00,575.2425000000001
2025-12-17 10:00:00,534.185
2025-12-17 11:00:00,508.1775
2025-12-17 12:00:00,497.27
2025-12-17 13:00:00,532.5799999999999
2025-12-17 14:00:00,561.485
2025-12-17 15:00:00,593.585
2025-12-17 16:00:00,647.735
2025-12-17 17:00:00,575.095
2025-12-17 18:00:00,567.6700000000001
2025-12-17 19:00:00,533.7425
2025-12-17 20:00:00,486.7175
2025-12-17 21:00:00,452.22249999999997
2025-12-17 22:00:00,452.95
2025-12-17 23:00:00,466.6125
2025-12-18 00:00:00,408.0
2025-12-18 01:00:00,390.945
2025-12-18 02:00:00,388.37
2025-12-18 03:00:00,398.28499999999997
2025-12-18 04:00:00,422.0075
2025-12-18 05:00:00,412.47
2025-12-18 06:00:00,493.765
2025-12-18 07:00:00,619.865
2025-12-18 08:00:00,676.935
2025-12-18 09:00:00,602.0125
2025-12-18 10:00:00,482.0025
2025-12-18 11:00:00,470.825
2025-12-18 12:00:00,463.67
2025-12-18 13:00:00,508.81
2025-12-18 14:00:00,546.895
2025-12-18 15:00:00,542.8575
2025-12-18 16:00:00,628.5675
2025-12-18 17:00:00,574.0375
2025-12-18 18:00:00,545.5625
2025-12-18 19:00:00,506.7975
2025-12-18 20:00:00,474.81
2025-12-18 21:00:00,438.2875
2025-12-18 22:00:00,439.0225
2025-12-18 23:00:00,444.3325
2025-12-19 00:00:00,378.0125
2025-12-19 01:00:00,340.825
2025-12-19 02:00:00,287.505
2025-12-19 03:00:00,265.5
2025-12-19 04:00:00,322.3225
2025-12-19 05:00:00,365.935
2025-12-19 06:00:00,478.6575
2025-12-19 07:00:00,452.82
2025-12-19 08:00:00,454.7375
2025-12-19 09:00:00,435.1375
2025-12-19 10:00:00,421.255
2025-12-19 11:00:00,411.4325
2025-12-19 12:00:00,426.0425
2025-12-19 13:00:00,424.97
2025-12-19 14:00:00,444.88
2025-12-19 15:00:00,460.9425
2025-12-19 16:00:00,533.2175
2025-12-19 17:00:00,499.2
2025-12-19 18:00:00,493.1325
2025-12-19 19:00:00,511.865
2025-12-19 20:00:00,480.7825
2025-12-19 21:00:00,445.2175
2025-12-19 22:00:00,453.2125
2025-12-19 23:00:00,461.1725
2025-12-20 00:00:00,446.86
2025-12-20 01:00:00,430.97
2025-12-20 02:00:00,424.4975
2025-12-20 03:00:00,427.4325
2025-12-20 04:00:00,441.8525
2025-12-20 05:00:00,435.2525
2025-12-20 06:00:00,430.81
2025-12-20 07:00:00,442.77750000000003
2025-12-20 08:00:00,480.6725
2025-12-20 09:00:00,487.5425
2025-12-20 10:00:00,478.9875
2025-12-20 11:00:00,472.9775
2025-12-20 12:00:00,470.225
2025-12-20 13:00:00,492.35249999999996
2025-12-20 14:00:00,514.7875
2025-12-20 15:00:00,538.5825
2025-12-20 16:00:00,586.735
2025-12-20 17:00:00,531.3025
2025-12-20 18:00:00,524.4175
2025-12-20 19:00:00,544.43
2025-12-20 20:00:00,502.4675
2025-12-20 21:00:00,473.7675
2025-12-20 22:00:00,474.5675
2025-12-20 23:00:00,449.585
2025-12-21 00:00:00,471.8
2025-12-21 01:00:00,471.79
2025-12-21 02:00:00,459.97
2025-12-21 03:00:00,451.51
2025-12-21 04:00:00,453.86
2025-12-21 05:00:00,457.045
2025-12-21 06:00:00,469.295
2025-12-21 07:00:00,457.7075
2025-12-21 08:00:00,445.6925
2025-12-21 09:00:00,463.125
2025-12-21 10:00:00,477.37
2025-12-21 11:00:00,477.3375
2025-12-21 12:00:00,480.88
2025-12-21 13:00:00,510.65
2025-12-21 14:00:00,521.7625
2025-12-21 15:00:00,504.99
2025-12-21 16:00:00,526.575
2025-12-21 17:00:00,526.05
2025-12-21 18:00:00,511.52750000000003
2025-12-21 19:00:00,520.4175
2025-12-21 20:00:00,504.8125
2025-12-21 21:00:00,483.8425
2025-12-21 22:00:00,462.825
2025-12-21 23:00:00,462.0325
2025-12-22 00:00:00,441.955
2025-12-22 01:00:00,430.895
2025-12-22 02:00:00,425.8325
2025-12-22 03:00:00,425.8325
2025-12-22 04:00:00,425.8325
2025-12-22 05:00:00,418.575
2025-12-22 06:00:00,438.44
2025-12-22 07:00:00,562.03
2025-12-22 08:00:00,578.835
2025-12-22 09:00:00,607.6475
2025-12-22 10:00:00,552.2425
2025-12-22 11:00:00,525.775
2025-12-22 12:00:00,500.465
2025-12-22 13:00:00,634.505
2025-12-22 14:00:00,618.7925
2025-12-22 15:00:00,603.5425
2025-12-22 16:00:00,704.3175
2025-12-22 17:00:00,570.89
2025-12-22 18:00:00,604.775
2025-12-22 19:00:00,649.97
2025-12-22 20:00:00,530.5425
2025-12-22 21:00:00,445.985
2025-12-22 22:00:00,477.27250000000004
2025-12-22 23:00:00,425.13
2025-12-23 00:00:00,465.98
2025-12-23 01:00:00,465.0
2025-12-23 02:00:00,445.47249999999997
2025-12-23 03:00:00,442.05
2025-12-23 04:00:00,445.3125
2025-12-23 05:00:00,455.9175
2025-12-23 06:00:00,475.0375
2025-12-23 07:00:00,451.8525
2025-12-23 08:00:00,497.1675
2025-12-23 09:00:00,508.75
2025-12-23 10:00:00,487.02750000000003
2025-12-23 11:00:00,492.3675
2025-12-23 12:00:00,490.02750000000003
2025-12-23 13:00:00,479.375
2025-12-23 14:00:00,505.75
2025-12-23 15:00:00,480.9825
2025-12-23 16:00:00,506.325
2025-12-23 17:00:00,457.705
2025-12-23 18:00:00,452.765
2025-12-23 19:00:00,453.3775
2025-12-23 20:00:00,443.945
2025-12-23 21:00:00,421.0375
2025-12-23 22:00:00,475.7425
2025-12-23 23:00:00,441.405
2025-12-24 00:00:00,365.0025
2025-12-24 01:00:00,280.7825
2025-12-24 02:00:00,284.4625
2025-12-24 03:00:00,274.37
2025-12-24 04:00:00,261.8025
2025-12-24 05:00:00,278.81
2025-12-24 06:00:00,311.9175
2025-12-24 07:00:00,369.495
2025-12-24 08:00:00,381.915
2025-12-24 09:00:00,379.4825
2025-12-24 10:00:00,360.705
2025-12-24 11:00:00,341.73
2025-12-24 12:00:00,332.0725
2025-12-24 13:00:00,382.0525
2025-12-24 14:00:00,459.01
2025-12-24 15:00:00,475.815
2025-12-24 16:00:00,451.95
2025-12-24 17:00:00,473.84749999999997
2025-12-24 18:00:00,442.4825
2025-12-24 19:00:00,438.815
2025-12-24 20:00:00,438.975
2025-12-24 21:00:00,437.82
2025-12-24 22:00:00,489.4375
2025-12-24 23:00:00,475.825
2025-12-25 00:00:00,449.9975
2025-12-25 01:00:00,436.065
2025-12-25 02:00:00,425.15250000000003
2025-12-25 03:00:00,415.57500000000005
2025-12-25 04:00:00,421.65
2025-12-25 05:00:00,434.9975
2025-12-25 06:00:00,414.6325
2025-12-25 07:00:00,412.4575
2025-12-25 08:00:00,396.5625
2025-12-25 09:00:00,361.1075
2025-12-25 10:00:00,251.2125
2025-12-25 11:00:00,196.9975
2025-12-25 12:00:00,208.675
2025-12-25 13:00:00,395.905
2025-12-25 14:00:00,458.6825
2025-12-25 15:00:00,451.5625
2025-12-25 16:00:00,485.46500000000003
2025-12-25 17:00:00,483.1375
2025-12-25 18:00:00,464.9925
2025-12-25 19:00:00,470.985
2025-12-25 20:00:00,470.15
2025-12-25 21:00:00,444.20500000000004
2025-12-25 22:00:00,434.5875
2025-12-25 23:00:00,433.1375
2025-12-26 00:00:00,429.4225
2025-12-26 01:00:00,393.01
2025-12-26 02:00:00,372.5825
2025-12-26 03:00:00,351.4325
2025-12-26 04:00:00,349.48
2025-12-26 05:00:00,364.995
2025-12-26 06:00:00,361.3175
2025-12-26 07:00:00,396.9
2025-12-26 08:00:00,418.86
2025-12-26 09:00:00,409.38
2025-12-26 10:00:00,377.295
2025-12-26 11:00:00,379.6925
2025-12-26 12:00:00,407.71250000000003
2025-12-26 13:00:00,451.9925
2025-12-26 14:00:00,473.4375
2025-12-26 15:00:00,492.925
2025-12-26 16:00:00,497.6825
2025-12-26 17:00:00,512.6775
2025-12-26 18:00:00,496.7525
2025-12-26 19:00:00,493.675
2025-12-26 20:00:00,483.3275
2025-12-26 21:00:00,473.965
2025-12-26 22:00:00,459.3375
2025-12-26 23:00:00,436.9875
2025-12-27 00:00:00,435.4225
2025-12-27 01:00:00,413.09000000000003
2025-12-27 02:00:00,385.60249999999996
2025-12-27 03:00:00,351.065
2025-12-27 04:00:00,356.78999999999996
2025-12-27 05:00:00,353.2425
2025-12-27 06:00:00,376.27
2025-12-27 07:00:00,426.175
2025-12-27 08:00:00,444.64750000000004
2025-12-27 09:00:00,447.83
2025-12-27 10:00:00,414.2425
2025-12-27 11:00:00,362.48
2025-12-27 12:00:00,352.0575
2025-12-27 13:00:00,358.9825
2025-12-27 14:00:00,368.04
2025-12-27 15:00:00,430.305
2025-12-27 16:00:00,469.8025
2025-12-27 17:00:00,463.9975
2025-12-27 18:00:00,453.125
2025-12-27 19:00:00,436.26750000000004
2025-12-27 20:00:00,417.4425
2025-12-27 21:00:00,367.995
2025-12-27 22:00:00,341.7425
2025-12-27 23:00:00,357.5625
2025-12-28 00:00:00,248.9525
2025-12-28 01:00:00,302.27750000000003
2025-12-28 02:00:00,276.61
2025-12-28 03:00:00,283.3225
2025-12-28 04:00:00,310.85
2025-12-28 05:00:00,327.445
2025-12-28 06:00:00,349.0375
2025-12-28 07:00:00,356.0125
2025-12-28 08:00:00,413.5025
2025-12-28 09:00:00,390.3925
2025-12-28 10:00:00,374.0825
2025-12-28 11:00:00,342.44
2025-12-28 12:00:00,338.375
2025-12-28 13:00:00,338.825
2025-12-28 14:00:00,367.4875
2025-12-28 15:00:00,428.6675
2025-12-28 16:00:00,471.1325
2025-12-28 17:00:00,482.59000000000003
2025-12-28 18:00:00,485.5575
2025-12-28 19:00:00,461.42
2025-12-28 20:00:00,443.9175
2025-12-28 21:00:00,418.63
2025-12-28 22:00:00,415.48
2025-12-28 23:00:00,343.815
2025-12-29 00:00:00,375.35
2025-12-29 01:00:00,334.45
2025-12-29 02:00:00,348.6225
2025-12-29 03:00:00,347.45
2025-12-29 04:00:00,347.35249999999996
2025-12-29 05:00:00,383.815
2025-12-29 06:00:00,438.7175
2025-12-29 07:00:00,449.6275
2025-12-29 08:00:00,481.4025
2025-12-29 09:00:00,470.7425
2025-12-29 10:00:00,443.47749999999996
2025-12-29 11:00:00,444.585
2025-12-29 12:00:00,445.7175
2025-12-29 13:00:00,456.1025
2025-12-29 14:00:00,449.09749999999997
2025-12-29 15:00:00,460.365
2025-12-29 16:00:00,464.645
2025-12-29 17:00:00,455.3425
2025-12-29 18:00:00,456.5375
2025-12-29 19:00:00,442.155
2025-12-29 20:00:00,418.86249999999995
2025-12-29 21:00:00,407.9425
2025-12-29 22:00:00,405.0375
2025-12-29 23:00:00,350.4925
2025-12-30 00:00:00,304.3825
2025-12-30 01:00:00,246.33
2025-12-30 02:00:00,206.75
2025-12-30 03:00:00,225.4275
2025-12-30 04:00:00,189.7125
2025-12-30 05:00:00,221.54749999999999
2025-12-30 06:00:00,337.735
2025-12-30 07:00:00,375.995
2025-12-30 08:00:00,410.2375
2025-12-30 09:00:00,399.035
2025-12-30 10:00:00,362.795
2025-12-30 11:00:00,335.5675
2025-12-30 12:00:00,321.94
2025-12-30 13:00:00,325.075
2025-12-30 14:00:00,381.21500000000003
2025-12-30 15:00:00,435.22249999999997
2025-12-30 16:00:00,463.0175
2025-12-30 17:00:00,467.2
2025-12-30 18:00:00,458.7025
2025-12-30 19:00:00,440.1675
2025-12-30 20:00:00,422.8025
2025-12-30 21:00:00,389.8725
2025-12-30 22:00:00,383.9125
2025-12-30 23:00:00,362.6875
2025-12-31 00:00:00,366.53
2025-12-31 01:00:00,350.4825
2025-12-31 02:00:00,338.76
2025-12-31 03:00:00,323.8775
2025-12-31 04:00:00,316.9125
2025-12-31 05:00:00,327.2525
2025-12-31 06:00:00,368.71
2025-12-31 07:00:00,435.5975
2025-12-31 08:00:00,456.1275
2025-12-31 09:00:00,454.69
2025-12-31 10:00:00,448.46500000000003
2025-12-31 11:00:00,449.3125
2025-12-31 12:00:00,473.48
2025-12-31 13:00:00,551.0325
2025-12-31 14:00:00,470.065
2025-12-31 15:00:00,547.23
2025-12-31 16:00:00,610.6675
2025-12-31 17:00:00,526.6324999999999
2025-12-31 18:00:00,496.765
2025-12-31 19:00:00,490.0175
2025-12-31 20:00:00,492.775
2025-12-31 21:00:00,447.63
2025-12-31 22:00:00,451.8675
2025-12-31 23:00:00,430.67
