,price_pln_mwh
2023-01-01 00:00:00,84.840291
2023-01-01 01:00:00,26.966925
2023-01-01 02:00:00,24.715772999999995
2023-01-01 03:00:00,26.920026
2023-01-01 04:00:00,24.481277999999996
2023-01-01 05:00:00,28.795985999999996
2023-01-01 06:00:00,24.903368999999998
2023-01-01 07:00:00,28.092501
2023-01-01 08:00:00,31.094036999999997
2023-01-01 09:00:00,31.140935999999996
2023-01-01 10:00:00,24.246782999999997
2023-01-01 11:00:00,40.004847
2023-01-01 12:00:00,50.275728
2023-01-01 13:00:00,65.939994
2023-01-01 14:00:00,264.557259
2023-01-01 15:00:00,429.87623399999995
2023-01-01 16:00:00,458.719119
2023-01-01 17:00:00,478.74499199999997
2023-01-01 18:00:00,498.72396599999996
2023-01-01 19:00:00,509.932827
2023-01-01 20:00:00,500.177835
2023-01-01 21:00:00,503.78905799999995
2023-01-01 22:00:00,486.858519
2023-01-01 23:00:00,423.73246499999993
2023-01-02 00:00:00,453.196608
2023-01-02 01:00:00,449.45388799999995
2023-01-02 02:00:00,443.51232
2023-01-02 03:00:00,443.793024
2023-01-02 04:00:00,453.196608
2023-01-02 05:00:00,453.75801599999994
2023-01-02 06:00:00,657.2216319999999
2023-01-02 07:00:00,657.9701759999999
2023-01-02 08:00:00,682.952832
2023-01-02 09:00:00,687.9587200000001
2023-01-02 10:00:00,681.2218240000001
2023-01-02 11:00:00,670.64864
2023-01-02 12:00:00,675.467392
2023-01-02 13:00:00,672.566784
2023-01-02 14:00:00,683.467456
2023-01-02 15:00:00,682.391424
2023-01-02 16:00:00,685.993792
2023-01-02 17:00:00,679.677952
2023-01-02 18:00:00,680.379712
2023-01-02 19:00:00,680.894336
2023-01-02 20:00:00,688.8008319999999
2023-01-02 21:00:00,662.7889279999999
2023-01-02 22:00:00,643.467136
2023-01-02 23:00:00,581.150848
2023-01-03 00:00:00,608.4467999999999
2023-01-03 01:00:00,561.5999999999999
2023-01-03 02:00:00,555.7968
2023-01-03 03:00:00,538.1999999999999
2023-01-03 04:00:00,531.7883999999999
2023-01-03 05:00:00,544.1436
2023-01-03 06:00:00,650.1456
2023-01-03 07:00:00,659.0844000000001
2023-01-03 08:00:00,665.4959999999999
2023-01-03 09:00:00,662.5008
2023-01-03 10:00:00,670.8312
2023-01-03 11:00:00,662.922
2023-01-03 12:00:00,670.8312
2023-01-03 13:00:00,662.6412
2023-01-03 14:00:00,662.5944000000001
2023-01-03 15:00:00,799.0631999999999
2023-01-03 16:00:00,784.9295999999999
2023-01-03 17:00:00,786.0995999999999
2023-01-03 18:00:00,748.6128
2023-01-03 19:00:00,753.4331999999999
2023-01-03 20:00:00,700.2216
2023-01-03 21:00:00,669.5676
2023-01-03 22:00:00,620.1936000000001
2023-01-03 23:00:00,600.2099999999999
2023-01-04 00:00:00,608.531392
2023-01-04 01:00:00,568.566464
2023-01-04 02:00:00,598.493472
2023-01-04 03:00:00,568.566464
2023-01-04 04:00:00,573.982272
2023-01-04 05:00:00,598.5401599999999
2023-01-04 06:00:00,648.356256
2023-01-04 07:00:00,667.778464
2023-01-04 08:00:00,665.350688
2023-01-04 09:00:00,661.055392
2023-01-04 10:00:00,650.410528
2023-01-04 11:00:00,648.4029439999999
2023-01-04 12:00:00,634.02304
2023-01-04 13:00:00,638.4117120000001
2023-01-04 14:00:00,607.3175040000001
2023-01-04 15:00:00,607.17744
2023-01-04 16:00:00,658.440864
2023-01-04 17:00:00,660.495136
2023-01-04 18:00:00,658.4875519999999
2023-01-04 19:00:00,660.495136
2023-01-04 20:00:00,593.40448
2023-01-04 21:00:00,597.4196479999999
2023-01-04 22:00:00,547.510176
2023-01-04 23:00:00,414.962944
2023-01-05 00:00:00,402.44474399999996
2023-01-05 01:00:00,357.88435799999996
2023-01-05 02:00:00,295.060753
2023-01-05 03:00:00,329.205032
2023-01-05 04:00:00,278.946148
2023-01-05 05:00:00,351.391807
2023-01-05 06:00:00,454.38515199999995
2023-01-05 07:00:00,518.983699
2023-01-05 08:00:00,550.325438
2023-01-05 09:00:00,551.1194909999999
2023-01-05 10:00:00,501.514533
2023-01-05 11:00:00,535.098304
2023-01-05 12:00:00,508.14721099999997
2023-01-05 13:00:00,600.21065
2023-01-05 14:00:00,589.93467
2023-01-05 15:00:00,620.202102
2023-01-05 16:00:00,625.6670549999999
2023-01-05 17:00:00,641.081025
2023-01-05 18:00:00,634.822019
2023-01-05 19:00:00,640.146845
2023-01-05 20:00:00,600.163941
2023-01-05 21:00:00,620.1086839999999
2023-01-05 22:00:00,615.110821
2023-01-05 23:00:00,593.2043
2023-01-06 00:00:00,471.387228
2023-01-06 01:00:00,472.2279899999999
2023-01-06 02:00:00,451.816157
2023-01-06 03:00:00,438.36396499999995
2023-01-06 04:00:00,400.8566379999999
2023-01-06 05:00:00,458.26199899999995
2023-01-06 06:00:00,449.760961
2023-01-06 07:00:00,482.55067899999995
2023-01-06 08:00:00,466.80974599999996
2023-01-06 09:00:00,508.00708399999996
2023-01-06 10:00:00,474.796985
2023-01-06 11:00:00,496.04958
2023-01-06 12:00:00,469.75241299999993
2023-01-06 13:00:00,498.805411
2023-01-06 14:00:00,476.05812799999995
2023-01-06 15:00:00,482.0835889999999
2023-01-06 16:00:00,482.3638429999999
2023-01-06 17:00:00,511.1832959999999
2023-01-06 18:00:00,475.3574929999999
2023-01-06 19:00:00,487.03474299999993
2023-01-06 20:00:00,470.219503
2023-01-06 21:00:00,482.64409699999993
2023-01-06 22:00:00,448.312982
2023-01-06 23:00:00,456.53376599999996
2023-01-07 00:00:00,482.3638429999999
2023-01-07 01:00:00,489.0899389999999
2023-01-07 02:00:00,464.521005
2023-01-07 03:00:00,484.746002
2023-01-07 04:00:00,479.14092199999993
2023-01-07 05:00:00,491.09842599999996
2023-01-07 06:00:00,489.0899389999999
2023-01-07 07:00:00,547.709734
2023-01-07 08:00:00,599.883687
2023-01-07 09:00:00,640.2402629999999
2023-01-07 10:00:00,591.709612
2023-01-07 11:00:00,643.790147
2023-01-07 12:00:00,567.607768
2023-01-07 13:00:00,626.461108
2023-01-07 14:00:00,609.0386509999998
2023-01-07 15:00:00,653.2253649999999
2023-01-07 16:00:00,754.9575669999999
2023-01-07 17:00:00,776.537125
2023-01-07 18:00:00,736.040422
2023-01-07 19:00:00,728.473564
2023-01-07 20:00:00,612.775371
2023-01-07 21:00:00,512.4444389999999
2023-01-07 22:00:00,470.54646599999995
2023-01-07 23:00:00,446.491331
2023-01-08 00:00:00,399.922458
2023-01-08 01:00:00,355.22194499999995
2023-01-08 02:00:00,323.17957099999995
2023-01-08 03:00:00,313.04371799999996
2023-01-08 04:00:00,319.39614199999994
2023-01-08 05:00:00,324.72096799999997
2023-01-08 06:00:00,349.897119
2023-01-08 07:00:00,385.769631
2023-01-08 08:00:00,393.94370599999996
2023-01-08 09:00:00,447.28538399999996
2023-01-08 10:00:00,460.223777
2023-01-08 11:00:00,476.618636
2023-01-08 12:00:00,466.43607399999996
2023-01-08 13:00:00,459.102761
2023-01-08 14:00:00,461.7184649999999
2023-01-08 15:00:00,469.75241299999993
2023-01-08 16:00:00,499.08566499999995
2023-01-08 17:00:00,506.652523
2023-01-08 18:00:00,500.58035299999995
2023-01-08 19:00:00,495.62919899999997
2023-01-08 20:00:00,498.10477599999996
2023-01-08 21:00:00,491.70564299999995
2023-01-08 22:00:00,467.790635
2023-01-08 23:00:00,427.01367799999997
2023-01-09 00:00:00,448.04683
2023-01-09 01:00:00,440.62557000000004
2023-01-09 02:00:00,426.58153999999996
2023-01-09 03:00:00,440.71951
2023-01-09 04:00:00,431.98309
2023-01-09 05:00:00,449.83169
2023-01-09 06:00:00,702.5302899999999
2023-01-09 07:00:00,790.9748000000001
2023-01-09 08:00:00,845.46
2023-01-09 09:00:00,846.02364
2023-01-09 10:00:00,828.83262
2023-01-09 11:00:00,840.1523900000001
2023-01-09 12:00:00,858.1888700000001
2023-01-09 13:00:00,888.24967
2023-01-09 14:00:00,860.9601
2023-01-09 15:00:00,833.76447
2023-01-09 16:00:00,888.24967
2023-01-09 17:00:00,871.24653
2023-01-09 18:00:00,855.69946
2023-01-09 19:00:00,879.13749
2023-01-09 20:00:00,811.5946299999999
2023-01-09 21:00:00,672.51646
2023-01-09 22:00:00,627.2373799999999
2023-01-09 23:00:00,545.13382
2023-01-10 00:00:00,628.417856
2023-01-10 01:00:00,610.612057
2023-01-10 02:00:00,604.0816980000001
2023-01-10 03:00:00,630.48502
2023-01-10 04:00:00,601.685667
2023-01-10 05:00:00,635.0421769999999
2023-01-10 06:00:00,715.943459
2023-01-10 07:00:00,916.6462910000001
2023-01-10 08:00:00,916.364405
2023-01-10 09:00:00,921.532315
2023-01-10 10:00:00,915.3308230000001
2023-01-10 11:00:00,918.243645
2023-01-10 12:00:00,916.6462910000001
2023-01-10 13:00:00,919.934961
2023-01-10 14:00:00,920.9215620000001
2023-01-10 15:00:00,924.492118
2023-01-10 16:00:00,935.203786
2023-01-10 17:00:00,939.338114
2023-01-10 18:00:00,932.150021
2023-01-10 19:00:00,937.130007
2023-01-10 20:00:00,916.317424
2023-01-10 21:00:00,782.9383650000001
2023-01-10 22:00:00,749.6288360000001
2023-01-10 23:00:00,595.907004
2023-01-11 00:00:00,569.1076820000001
2023-01-11 01:00:00,539.157113
2023-01-11 02:00:00,450.383439
2023-01-11 03:00:00,433.181782
2023-01-11 04:00:00,432.99429799999996
2023-01-11 05:00:00,503.207056
2023-01-11 06:00:00,600.183155
2023-01-11 07:00:00,648.085317
2023-01-11 08:00:00,702.5962900000001
2023-01-11 09:00:00,683.801019
2023-01-11 10:00:00,697.721706
2023-01-11 11:00:00,668.8960410000001
2023-01-11 12:00:00,691.909702
2023-01-11 13:00:00,691.862831
2023-01-11 14:00:00,698.002932
2023-01-11 15:00:00,718.907398
2023-01-11 16:00:00,744.592706
2023-01-11 17:00:00,749.232935
2023-01-11 18:00:00,734.562312
2023-01-11 19:00:00,752.982615
2023-01-11 20:00:00,738.780702
2023-01-11 21:00:00,658.8187760000001
2023-01-11 22:00:00,647.4759939999999
2023-01-11 23:00:00,598.870767
2023-01-12 00:00:00,478.63270399999993
2023-01-12 01:00:00,467.895352
2023-01-12 02:00:00,466.25427199999996
2023-01-12 03:00:00,460.01816799999995
2023-01-12 04:00:00,458.70530399999996
2023-01-12 05:00:00,483.368392
2023-01-12 06:00:00,586.33444
2023-01-12 07:00:00,650.242784
2023-01-12 08:00:00,659.057728
2023-01-12 09:00:00,636.8797040000001
2023-01-12 10:00:00,530.2095039999999
2023-01-12 11:00:00,530.2095039999999
2023-01-12 12:00:00,530.2095039999999
2023-01-12 13:00:00,588.631952
2023-01-12 14:00:00,614.748568
2023-01-12 15:00:00,610.5755359999999
2023-01-12 16:00:00,660.2768159999999
2023-01-12 17:00:00,650.2896719999999
2023-01-12 18:00:00,600.260176
2023-01-12 19:00:00,664.918728
2023-01-12 20:00:00,643.209584
2023-01-12 21:00:00,544.1821279999999
2023-01-12 22:00:00,503.48334399999993
2023-01-12 23:00:00,458.752192
2023-01-13 00:00:00,447.94442
2023-01-13 01:00:00,431.008105
2023-01-13 02:00:00,364.99869999999993
2023-01-13 03:00:00,394.88355499999994
2023-01-13 04:00:00,355.38112499999994
2023-01-13 05:00:00,447.99133499999994
2023-01-13 06:00:00,479.84662
2023-01-13 07:00:00,603.092325
2023-01-13 08:00:00,639.8267699999999
2023-01-13 09:00:00,649.8196649999999
2023-01-13 10:00:00,649.8196649999999
2023-01-13 11:00:00,649.86658
2023-01-13 12:00:00,696.3124299999998
2023-01-13 13:00:00,699.8310549999999
2023-01-13 14:00:00,690.5887999999999
2023-01-13 15:00:00,679.7983499999999
2023-01-13 16:00:00,667.2720449999999
2023-01-13 17:00:00,710.4807599999999
2023-01-13 18:00:00,699.9248849999999
2023-01-13 19:00:00,699.87797
2023-01-13 20:00:00,643.86146
2023-01-13 21:00:00,475.76501499999995
2023-01-13 22:00:00,478.76757499999997
2023-01-13 23:00:00,451.55687499999993
2023-01-14 00:00:00,403.65666
2023-01-14 01:00:00,379.96458499999994
2023-01-14 02:00:00,329.9062799999999
2023-01-14 03:00:00,339.993005
2023-01-14 04:00:00,338.67938499999997
2023-01-14 05:00:00,377.3842599999999
2023-01-14 06:00:00,441.79855499999996
2023-01-14 07:00:00,454.41868999999997
2023-01-14 08:00:00,457.468165
2023-01-14 09:00:00,457.468165
2023-01-14 10:00:00,457.468165
2023-01-14 11:00:00,479.0490649999999
2023-01-14 12:00:00,457.468165
2023-01-14 13:00:00,479.98736499999995
2023-01-14 14:00:00,479.0490649999999
2023-01-14 15:00:00,479.0021499999999
2023-01-14 16:00:00,479.0021499999999
2023-01-14 17:00:00,529.4826899999999
2023-01-14 18:00:00,479.0490649999999
2023-01-14 19:00:00,457.468165
2023-01-14 20:00:00,457.468165
2023-01-14 21:00:00,454.6532649999999
2023-01-14 22:00:00,399.05899
2023-01-14 23:00:00,330.04702499999996
2023-01-15 00:00:00,128.54709999999997
2023-01-15 01:00:00,127.74954499999998
2023-01-15 02:00:00,115.03557999999998
2023-01-15 03:00:00,115.12940999999998
2023-01-15 04:00:00,115.17632499999999
2023-01-15 05:00:00,133.94232499999998
2023-01-15 06:00:00,135.06828499999997
2023-01-15 07:00:00,195.87012499999997
2023-01-15 08:00:00,275.25030499999997
2023-01-15 09:00:00,409.2864599999999
2023-01-15 10:00:00,409.38029
2023-01-15 11:00:00,439.26514499999996
2023-01-15 12:00:00,439.26514499999996
2023-01-15 13:00:00,446.58388499999995
2023-01-15 14:00:00,446.91229
2023-01-15 15:00:00,446.6777149999999
2023-01-15 16:00:00,420.405315
2023-01-15 17:00:00,447.00611999999995
2023-01-15 18:00:00,446.72462999999993
2023-01-15 19:00:00,447.00611999999995
2023-01-15 20:00:00,446.25548
2023-01-15 21:00:00,429.2253349999999
2023-01-15 22:00:00,386.67343
2023-01-15 23:00:00,315.50337499999995
2023-01-16 00:00:00,341.01402
2023-01-16 01:00:00,341.296044
2023-01-16 02:00:00,330.015084
2023-01-16 03:00:00,348.487656
2023-01-16 04:00:00,354.363156
2023-01-16 05:00:00,408.9348
2023-01-16 06:00:00,594.224568
2023-01-16 07:00:00,787.175988
2023-01-16 08:00:00,775.989036
2023-01-16 09:00:00,799.068
2023-01-16 10:00:00,742.099152
2023-01-16 11:00:00,728.609004
2023-01-16 12:00:00,717.375048
2023-01-16 13:00:00,731.993292
2023-01-16 14:00:00,751.640964
2023-01-16 15:00:00,817.258548
2023-01-16 16:00:00,751.640964
2023-01-16 17:00:00,783.9797159999999
2023-01-16 18:00:00,734.578512
2023-01-16 19:00:00,684.801276
2023-01-16 20:00:00,600.993144
2023-01-16 21:00:00,571.5216360000001
2023-01-16 22:00:00,550.18182
2023-01-16 23:00:00,468.39486000000005
2023-01-17 00:00:00,449.97741
2023-01-17 01:00:00,439.273722
2023-01-17 02:00:00,426.97387000000003
2023-01-17 03:00:00,426.22273400000006
2023-01-17 04:00:00,433.54631
2023-01-17 05:00:00,459.0849340000001
2023-01-17 06:00:00,566.16876
2023-01-17 07:00:00,698.08702
2023-01-17 08:00:00,705.927002
2023-01-17 09:00:00,699.2137240000001
2023-01-17 10:00:00,608.748782
2023-01-17 11:00:00,602.0355040000001
2023-01-17 12:00:00,585.5574580000001
2023-01-17 13:00:00,620.0627680000001
2023-01-17 14:00:00,699.2137240000001
2023-01-17 15:00:00,779.06887
2023-01-17 16:00:00,848.7836800000001
2023-01-17 17:00:00,875.026494
2023-01-17 18:00:00,848.032544
2023-01-17 19:00:00,836.1552060000001
2023-01-17 20:00:00,734.986576
2023-01-17 21:00:00,694.3313400000001
2023-01-17 22:00:00,667.80685
2023-01-17 23:00:00,607.199564
2023-01-18 00:00:00,603.989166
2023-01-18 01:00:00,596.5958790000001
2023-01-18 02:00:00,564.3385440000001
2023-01-18 03:00:00,579.125118
2023-01-18 04:00:00,580.1611200000001
2023-01-18 05:00:00,601.304979
2023-01-18 06:00:00,710.7444630000001
2023-01-18 07:00:00,802.7131860000001
2023-01-18 08:00:00,893.5046340000001
2023-01-18 09:00:00,871.8898650000001
2023-01-18 10:00:00,783.358785
2023-01-18 11:00:00,746.9103510000001
2023-01-18 12:00:00,690.4011510000001
2023-01-18 13:00:00,744.6028920000001
2023-01-18 14:00:00,706.83591
2023-01-18 15:00:00,741.730341
2023-01-18 16:00:00,766.2176610000001
2023-01-18 17:00:00,777.1898640000001
2023-01-18 18:00:00,759.248193
2023-01-18 19:00:00,749.782902
2023-01-18 20:00:00,657.719997
2023-01-18 21:00:00,641.4265110000001
2023-01-18 22:00:00,674.484393
2023-01-18 23:00:00,632.385039
2023-01-19 00:00:00,649.0020290000001
2023-01-19 01:00:00,638.03868
2023-01-19 02:00:00,656.577562
2023-01-19 03:00:00,652.8603750000001
2023-01-19 04:00:00,620.111487
2023-01-19 05:00:00,649.6137180000001
2023-01-19 06:00:00,780.0446340000001
2023-01-19 07:00:00,853.3532080000001
2023-01-19 08:00:00,908.4993240000001
2023-01-19 09:00:00,908.781642
2023-01-19 10:00:00,890.525078
2023-01-19 11:00:00,907.699423
2023-01-19 12:00:00,877.444344
2023-01-19 13:00:00,909.2992250000001
2023-01-19 14:00:00,911.557769
2023-01-19 15:00:00,872.2214610000001
2023-01-19 16:00:00,879.373517
2023-01-19 17:00:00,910.5696560000001
2023-01-19 18:00:00,902.2412750000001
2023-01-19 19:00:00,902.523593
2023-01-19 20:00:00,829.2620720000001
2023-01-19 21:00:00,748.425018
2023-01-19 22:00:00,711.2060950000001
2023-01-19 23:00:00,634.5567580000001
2023-01-20 00:00:00,645.446941
2023-01-20 01:00:00,651.527614
2023-01-20 02:00:00,680.3283210000001
2023-01-20 03:00:00,680.799691
2023-01-20 04:00:00,673.823415
2023-01-20 05:00:00,687.210323
2023-01-20 06:00:00,834.372037
2023-01-20 07:00:00,951.790304
2023-01-20 08:00:00,996.6647280000001
2023-01-20 09:00:00,993.742234
2023-01-20 10:00:00,968.523939
2023-01-20 11:00:00,956.174045
2023-01-20 12:00:00,902.296454
2023-01-20 13:00:00,864.916813
2023-01-20 14:00:00,870.384705
2023-01-20 15:00:00,905.0304000000001
2023-01-20 16:00:00,942.74
2023-01-20 17:00:00,981.486614
2023-01-20 18:00:00,953.817195
2023-01-20 19:00:00,940.006054
2023-01-20 20:00:00,808.3052759999999
2023-01-20 21:00:00,740.5694070000001
2023-01-20 22:00:00,711.7687000000001
2023-01-20 23:00:00,650.8676960000001
2023-01-21 00:00:00,581.6705800000001
2023-01-21 01:00:00,518.459863
2023-01-21 02:00:00,494.891363
2023-01-21 03:00:00,459.915709
2023-01-21 04:00:00,485.699648
2023-01-21 05:00:00,465.47787500000004
2023-01-21 06:00:00,484.14412699999997
2023-01-21 07:00:00,507.42980500000004
2023-01-21 08:00:00,544.809446
2023-01-21 09:00:00,518.931233
2023-01-21 10:00:00,523.550659
2023-01-21 11:00:00,528.830003
2023-01-21 12:00:00,528.87714
2023-01-21 13:00:00,527.9344
2023-01-21 14:00:00,544.809446
2023-01-21 15:00:00,549.805968
2023-01-21 16:00:00,589.872418
2023-01-21 17:00:00,584.593074
2023-01-21 18:00:00,574.552893
2023-01-21 19:00:00,538.728773
2023-01-21 20:00:00,539.8600610000001
2023-01-21 21:00:00,537.314663
2023-01-21 22:00:00,587.845527
2023-01-21 23:00:00,513.369067
2023-01-22 00:00:00,544.620898
2023-01-22 01:00:00,516.857205
2023-01-22 02:00:00,507.00557200000003
2023-01-22 03:00:00,501.06631
2023-01-22 04:00:00,507.335531
2023-01-22 05:00:00,522.7493300000001
2023-01-22 06:00:00,527.085934
2023-01-22 07:00:00,540.991349
2023-01-22 08:00:00,602.269449
2023-01-22 09:00:00,653.695916
2023-01-22 10:00:00,687.163186
2023-01-22 11:00:00,732.603254
2023-01-22 12:00:00,740.5694070000001
2023-01-22 13:00:00,673.964826
2023-01-22 14:00:00,714.926879
2023-01-22 15:00:00,726.946814
2023-01-22 16:00:00,780.7772679999999
2023-01-22 17:00:00,842.715286
2023-01-22 18:00:00,793.551395
2023-01-22 19:00:00,761.451098
2023-01-22 20:00:00,781.8614190000001
2023-01-22 21:00:00,640.5918300000001
2023-01-22 22:00:00,741.700695
2023-01-22 23:00:00,639.413405
2023-01-23 00:00:00,711.8951820000001
2023-01-23 01:00:00,693.822944
2023-01-23 02:00:00,717.887804
2023-01-23 03:00:00,710.573974
2023-01-23 04:00:00,719.303384
2023-01-23 05:00:00,701.325518
2023-01-23 06:00:00,898.4214400000001
2023-01-23 07:00:00,901.72446
2023-01-23 08:00:00,989.6791640000001
2023-01-23 09:00:00,990.764442
2023-01-23 10:00:00,987.4142360000001
2023-01-23 11:00:00,959.3385660000001
2023-01-23 12:00:00,956.5074060000001
2023-01-23 13:00:00,953.959362
2023-01-23 14:00:00,951.835992
2023-01-23 15:00:00,936.547728
2023-01-23 16:00:00,959.1970080000001
2023-01-23 17:00:00,956.0355460000002
2023-01-23 18:00:00,955.9883600000001
2023-01-23 19:00:00,914.9365400000002
2023-01-23 20:00:00,915.4084
2023-01-23 21:00:00,826.509976
2023-01-23 22:00:00,796.452494
2023-01-23 23:00:00,696.040686
2023-01-24 00:00:00,775.9984049999999
2023-01-24 01:00:00,754.391898
2023-01-24 02:00:00,740.976093
2023-01-24 03:00:00,737.0690340000001
2023-01-24 04:00:00,750.34362
2023-01-24 05:00:00,781.035216
2023-01-24 06:00:00,864.307353
2023-01-24 07:00:00,947.202906
2023-01-24 08:00:00,968.244537
2023-01-24 09:00:00,967.632588
2023-01-24 10:00:00,952.992885
2023-01-24 11:00:00,954.687513
2023-01-24 12:00:00,953.087031
2023-01-24 13:00:00,954.499221
2023-01-24 14:00:00,952.4280090000001
2023-01-24 15:00:00,953.0399580000001
2023-01-24 16:00:00,957.1823820000001
2023-01-24 17:00:00,953.4165419999999
2023-01-24 18:00:00,952.4280090000001
2023-01-24 19:00:00,952.145571
2023-01-24 20:00:00,898.6235700000001
2023-01-24 21:00:00,827.8257780000001
2023-01-24 22:00:00,803.2536719999999
2023-01-24 23:00:00,768.560871
2023-01-25 00:00:00,719.6495940000001
2023-01-25 01:00:00,716.966091
2023-01-25 02:00:00,735.5622960000001
2023-01-25 03:00:00,742.43583
2023-01-25 04:00:00,756.1828980000001
2023-01-25 05:00:00,708.680187
2023-01-25 06:00:00,806.1807960000001
2023-01-25 07:00:00,871.90308
2023-01-25 08:00:00,938.849418
2023-01-25 09:00:00,921.7126620000001
2023-01-25 10:00:00,904.1521950000001
2023-01-25 11:00:00,893.653578
2023-01-25 12:00:00,909.56628
2023-01-25 13:00:00,871.90308
2023-01-25 14:00:00,902.9752200000001
2023-01-25 15:00:00,908.671779
2023-01-25 16:00:00,931.9758840000001
2023-01-25 17:00:00,926.138088
2023-01-25 18:00:00,921.900978
2023-01-25 19:00:00,890.122653
2023-01-25 20:00:00,829.8144540000001
2023-01-25 21:00:00,788.479092
2023-01-25 22:00:00,776.0973150000001
2023-01-25 23:00:00,728.0767350000001
2023-01-26 00:00:00,708.585
2023-01-26 01:00:00,666.872963
2023-01-26 02:00:00,682.3201160000001
2023-01-26 03:00:00,654.5435840000001
2023-01-26 04:00:00,708.207088
2023-01-26 05:00:00,672.3054480000001
2023-01-26 06:00:00,782.0416450000001
2023-01-26 07:00:00,882.8024320000001
2023-01-26 08:00:00,939.347515
2023-01-26 09:00:00,933.2064450000001
2023-01-26 10:00:00,921.0187830000001
2023-01-26 11:00:00,923.4279720000001
2023-01-26 12:00:00,852.8056670000001
2023-01-26 13:00:00,863.2454860000001
2023-01-26 14:00:00,849.0737860000002
2023-01-26 15:00:00,850.8688680000001
2023-01-26 16:00:00,932.9702500000001
2023-01-26 17:00:00,879.59018
2023-01-26 18:00:00,917.9954870000001
2023-01-26 19:00:00,884.6447530000002
2023-01-26 20:00:00,819.502172
2023-01-26 21:00:00,730.9762860000001
2023-01-26 22:00:00,738.2038530000001
2023-01-26 23:00:00,649.866923
2023-01-27 00:00:00,706.281228
2023-01-27 01:00:00,712.777716
2023-01-27 02:00:00,692.95872
2023-01-27 03:00:00,686.3680800000001
2023-01-27 04:00:00,686.3680800000001
2023-01-27 05:00:00,642.069564
2023-01-27 06:00:00,727.3242
2023-01-27 07:00:00,825.854268
2023-01-27 08:00:00,851.8402199999999
2023-01-27 09:00:00,855.700452
2023-01-27 10:00:00,855.700452
2023-01-27 11:00:00,851.793144
2023-01-27 12:00:00,861.7732560000001
2023-01-27 13:00:00,847.368
2023-01-27 14:00:00,854.4294
2023-01-27 15:00:00,870.9060000000001
2023-01-27 16:00:00,873.1185720000001
2023-01-27 17:00:00,895.6209
2023-01-27 18:00:00,895.6209
2023-01-27 19:00:00,865.7276400000001
2023-01-27 20:00:00,825.901344
2023-01-27 21:00:00,777.177684
2023-01-27 22:00:00,744.74232
2023-01-27 23:00:00,658.35786
2023-01-28 00:00:00,658.59324
2023-01-28 01:00:00,640.93974
2023-01-28 02:00:00,633.2663520000001
2023-01-28 03:00:00,632.70144
2023-01-28 04:00:00,599.8894680000001
2023-01-28 05:00:00,580.023396
2023-01-28 06:00:00,618.955248
2023-01-28 07:00:00,646.400556
2023-01-28 08:00:00,684.6262680000001
2023-01-28 09:00:00,755.146116
2023-01-28 10:00:00,761.8779840000001
2023-01-28 11:00:00,742.247292
2023-01-28 12:00:00,760.889388
2023-01-28 13:00:00,802.928256
2023-01-28 14:00:00,669.5148720000001
2023-01-28 15:00:00,692.582112
2023-01-28 16:00:00,726.2414520000001
2023-01-28 17:00:00,776.424468
2023-01-28 18:00:00,823.7829240000001
2023-01-28 19:00:00,775.435872
2023-01-28 20:00:00,708.823332
2023-01-28 21:00:00,688.439424
2023-01-28 22:00:00,656.4277440000001
2023-01-28 23:00:00,559.780716
2023-01-29 00:00:00,524.050032
2023-01-29 01:00:00,532.052952
2023-01-29 02:00:00,550.224288
2023-01-29 03:00:00,524.144184
2023-01-29 04:00:00,540.291252
2023-01-29 05:00:00,539.114352
2023-01-29 06:00:00,550.2713640000001
2023-01-29 07:00:00,532.052952
2023-01-29 08:00:00,555.685104
2023-01-29 09:00:00,568.2073200000001
2023-01-29 10:00:00,580.164624
2023-01-29 11:00:00,580.4000040000001
2023-01-29 12:00:00,540.66786
2023-01-29 13:00:00,520.848864
2023-01-29 14:00:00,524.050032
2023-01-29 15:00:00,520.142724
2023-01-29 16:00:00,520.048572
2023-01-29 17:00:00,524.050032
2023-01-29 18:00:00,518.54214
2023-01-29 19:00:00,503.99565600000005
2023-01-29 20:00:00,510.586296
2023-01-29 21:00:00,505.59624
2023-01-29 22:00:00,471.042456
2023-01-29 23:00:00,401.511204
2023-01-30 00:00:00,299.65464000000003
2023-01-30 01:00:00,250.32528
2023-01-30 02:00:00,227.64132000000004
2023-01-30 03:00:00,209.76767999999998
2023-01-30 04:00:00,259.56864
2023-01-30 05:00:00,360.91548
2023-01-30 06:00:00,501.26364000000007
2023-01-30 07:00:00,505.791
2023-01-30 08:00:00,514.46844
2023-01-30 09:00:00,552.14928
2023-01-30 10:00:00,562.57164
2023-01-30 11:00:00,562.8546
2023-01-30 12:00:00,565.6842
2023-01-30 13:00:00,551.772
2023-01-30 14:00:00,525.31524
2023-01-30 15:00:00,529.74828
2023-01-30 16:00:00,512.01612
2023-01-30 17:00:00,523.57032
2023-01-30 18:00:00,546.86736
2023-01-30 19:00:00,514.2798
2023-01-30 20:00:00,520.83504
2023-01-30 21:00:00,513.3366
2023-01-30 22:00:00,509.61096000000003
2023-01-30 23:00:00,430.00488000000007
2023-01-31 00:00:00,422.765042
2023-01-31 01:00:00,449.74703900000003
2023-01-31 02:00:00,444.802694
2023-01-31 03:00:00,444.849783
2023-01-31 04:00:00,454.644295
2023-01-31 05:00:00,490.526113
2023-01-31 06:00:00,504.746991
2023-01-31 07:00:00,519.438759
2023-01-31 08:00:00,544.2075729999999
2023-01-31 09:00:00,571.6604600000001
2023-01-31 10:00:00,549.7169859999999
2023-01-31 11:00:00,550.564588
2023-01-31 12:00:00,550.329143
2023-01-31 13:00:00,552.871949
2023-01-31 14:00:00,584.939558
2023-01-31 15:00:00,594.73407
2023-01-31 16:00:00,599.678415
2023-01-31 17:00:00,599.584237
2023-01-31 18:00:00,554.896776
2023-01-31 19:00:00,529.468716
2023-01-31 20:00:00,513.175922
2023-01-31 21:00:00,473.71533999999997
2023-01-31 22:00:00,488.077485
2023-01-31 23:00:00,410.098101
2023-02-01 00:00:00,400.18
2023-02-01 01:00:00,325.41696
2023-02-01 02:00:00,325.27572000000004
2023-02-01 03:00:00,334.40924
2023-02-01 04:00:00,379.08816
2023-02-01 05:00:00,440.00968
2023-02-01 06:00:00,520.5635599999999
2023-02-01 07:00:00,520.04568
2023-02-01 08:00:00,520.32816
2023-02-01 09:00:00,522.91756
2023-02-01 10:00:00,522.3526
2023-02-01 11:00:00,526.07192
2023-02-01 12:00:00,526.119
2023-02-01 13:00:00,522.16428
2023-02-01 14:00:00,522.39968
2023-02-01 15:00:00,522.588
2023-02-01 16:00:00,525.6482000000001
2023-02-01 17:00:00,527.10768
2023-02-01 18:00:00,526.8252
2023-02-01 19:00:00,526.119
2023-02-01 20:00:00,527.15476
2023-02-01 21:00:00,520.04568
2023-02-01 22:00:00,520.2810800000001
2023-02-01 23:00:00,494.15168
2023-02-02 00:00:00,434.82164400000005
2023-02-02 01:00:00,434.30377500000003
2023-02-02 02:00:00,427.053609
2023-02-02 03:00:00,434.16253800000004
2023-02-02 04:00:00,434.86872300000005
2023-02-02 05:00:00,478.4167980000001
2023-02-02 06:00:00,539.337024
2023-02-02 07:00:00,532.1810160000001
2023-02-02 08:00:00,603.08199
2023-02-02 09:00:00,622.7139330000001
2023-02-02 10:00:00,610.5675510000001
2023-02-02 11:00:00,602.8465950000001
2023-02-02 12:00:00,617.535243
2023-02-02 13:00:00,623.1376440000001
2023-02-02 14:00:00,632.647602
2023-02-02 15:00:00,675.159939
2023-02-02 16:00:00,735.1385850000001
2023-02-02 17:00:00,755.194239
2023-02-02 18:00:00,740.1289590000001
2023-02-02 19:00:00,764.610039
2023-02-02 20:00:00,738.1987200000001
2023-02-02 21:00:00,700.7709150000001
2023-02-02 22:00:00,648.27783
2023-02-02 23:00:00,585.9923130000001
2023-02-03 00:00:00,577.86672
2023-02-03 01:00:00,593.3034
2023-02-03 02:00:00,603.25044
2023-02-03 03:00:00,602.922
2023-02-03 04:00:00,593.25648
2023-02-03 05:00:00,593.25648
2023-02-03 06:00:00,697.5127200000001
2023-02-03 07:00:00,753.7698
2023-02-03 08:00:00,773.66388
2023-02-03 09:00:00,748.7493600000001
2023-02-03 10:00:00,682.686
2023-02-03 11:00:00,700.7502
2023-02-03 12:00:00,682.96752
2023-02-03 13:00:00,664.66872
2023-02-03 14:00:00,633.7953600000001
2023-02-03 15:00:00,622.3938
2023-02-03 16:00:00,682.9206
2023-02-03 17:00:00,677.3371200000001
2023-02-03 18:00:00,648.15288
2023-02-03 19:00:00,663.77724
2023-02-03 20:00:00,622.3938
2023-02-03 21:00:00,556.3773600000001
2023-02-03 22:00:00,559.5210000000001
2023-02-03 23:00:00,560.41248
2023-02-04 00:00:00,430.16256000000004
2023-02-04 01:00:00,461.27052000000003
2023-02-04 02:00:00,483.65136
2023-02-04 03:00:00,555.1105200000001
2023-02-04 04:00:00,563.41536
2023-02-04 05:00:00,566.27748
2023-02-04 06:00:00,580.21272
2023-02-04 07:00:00,614.60508
2023-02-04 08:00:00,629.0095200000001
2023-02-04 09:00:00,670.2522
2023-02-04 10:00:00,665.23176
2023-02-04 11:00:00,636.0006000000001
2023-02-04 12:00:00,640.2234
2023-02-04 13:00:00,625.7720400000001
2023-02-04 14:00:00,629.1502800000001
2023-02-04 15:00:00,664.4341200000001
2023-02-04 16:00:00,690.28704
2023-02-04 17:00:00,720.26892
2023-02-04 18:00:00,720.222
2023-02-04 19:00:00,720.26892
2023-02-04 20:00:00,699.2487600000001
2023-02-04 21:00:00,670.2522
2023-02-04 22:00:00,640.31724
2023-02-04 23:00:00,555.0166800000001
2023-02-05 00:00:00,563.6968800000001
2023-02-05 01:00:00,546.19572
2023-02-05 02:00:00,534.98184
2023-02-05 03:00:00,585.327
2023-02-05 04:00:00,582.13644
2023-02-05 05:00:00,534.98184
2023-02-05 06:00:00,543.8028
2023-02-05 07:00:00,546.24264
2023-02-05 08:00:00,566.8405200000001
2023-02-05 09:00:00,553.9375200000001
2023-02-05 10:00:00,550.46544
2023-02-05 11:00:00,572.14248
2023-02-05 12:00:00,543.99048
2023-02-05 13:00:00,501.80940000000004
2023-02-05 14:00:00,514.66548
2023-02-05 15:00:00,546.33648
2023-02-05 16:00:00,752.92524
2023-02-05 17:00:00,748.8901200000001
2023-02-05 18:00:00,806.13252
2023-02-05 19:00:00,806.13252
2023-02-05 20:00:00,781.3118400000001
2023-02-05 21:00:00,721.395
2023-02-05 22:00:00,731.43588
2023-02-05 23:00:00,676.49256
2023-02-06 00:00:00,692.16187
2023-02-06 01:00:00,678.3337349999999
2023-02-06 02:00:00,698.5803900000001
2023-02-06 03:00:00,682.34531
2023-02-06 04:00:00,647.751375
2023-02-06 05:00:00,702.875135
2023-02-06 06:00:00,829.7352950000001
2023-02-06 07:00:00,946.967675
2023-02-06 08:00:00,1007.0941049999999
2023-02-06 09:00:00,949.7521800000001
2023-02-06 10:00:00,874.14579
2023-02-06 11:00:00,848.94366
2023-02-06 12:00:00,798.209035
2023-02-06 13:00:00,751.72196
2023-02-06 14:00:00,771.35508
2023-02-06 15:00:00,800.5687849999999
2023-02-06 16:00:00,858.0051000000001
2023-02-06 17:00:00,938.89733
2023-02-06 18:00:00,1007.61325
2023-02-06 19:00:00,969.2909099999999
2023-02-06 20:00:00,878.8180950000001
2023-02-06 21:00:00,786.127115
2023-02-06 22:00:00,754.64805
2023-02-06 23:00:00,726.803
2023-02-07 00:00:00,709.7662
2023-02-07 01:00:00,729.658644
2023-02-07 02:00:00,744.4236800000001
2023-02-07 03:00:00,734.311292
2023-02-07 04:00:00,711.380384
2023-02-07 05:00:00,748.079332
2023-02-07 06:00:00,809.655704
2023-02-07 07:00:00,937.41362
2023-02-07 08:00:00,1018.3602000000001
2023-02-07 09:00:00,911.7765800000001
2023-02-07 10:00:00,822.9489840000001
2023-02-07 11:00:00,819.008476
2023-02-07 12:00:00,825.84502
2023-02-07 13:00:00,854.9952840000001
2023-02-07 14:00:00,854.9952840000001
2023-02-07 15:00:00,817.9165280000001
2023-02-07 16:00:00,901.949048
2023-02-07 17:00:00,1026.953356
2023-02-07 18:00:00,1018.3602000000001
2023-02-07 19:00:00,1026.43112
2023-02-07 20:00:00,944.7249240000001
2023-02-07 21:00:00,834.7705080000001
2023-02-07 22:00:00,824.610644
2023-02-07 23:00:00,775.28308
2023-02-08 00:00:00,759.427442
2023-02-08 01:00:00,736.15306
2023-02-08 02:00:00,747.7665499999999
2023-02-08 03:00:00,734.067372
2023-02-08 04:00:00,728.426534
2023-02-08 05:00:00,747.434736
2023-02-08 06:00:00,813.18131
2023-02-08 07:00:00,907.98531
2023-02-08 08:00:00,937.895972
2023-02-08 09:00:00,849.064624
2023-02-08 10:00:00,665.52408
2023-02-08 11:00:00,698.895088
2023-02-08 12:00:00,701.6918059999999
2023-02-08 13:00:00,717.808486
2023-02-08 14:00:00,777.250594
2023-02-08 15:00:00,788.153054
2023-02-08 16:00:00,866.98258
2023-02-08 17:00:00,872.149398
2023-02-08 18:00:00,896.893242
2023-02-08 19:00:00,861.5787519999999
2023-02-08 20:00:00,830.1986279999999
2023-02-08 21:00:00,748.335374
2023-02-08 22:00:00,748.335374
2023-02-08 23:00:00,684.7218899999999
2023-02-09 00:00:00,599.426128
2023-02-09 01:00:00,582.943804
2023-02-09 02:00:00,566.93511
2023-02-09 03:00:00,564.993227
2023-02-09 04:00:00,588.911542
2023-02-09 05:00:00,650.4360790000001
2023-02-09 06:00:00,706.2296930000001
2023-02-09 07:00:00,776.6111109999999
2023-02-09 08:00:00,763.681012
2023-02-09 09:00:00,728.5850290000001
2023-02-09 10:00:00,609.230269
2023-02-09 11:00:00,600.5628399999999
2023-02-09 12:00:00,598.005238
2023-02-09 13:00:00,609.230269
2023-02-09 14:00:00,640.584575
2023-02-09 15:00:00,732.70561
2023-02-09 16:00:00,793.709154
2023-02-09 17:00:00,799.534803
2023-02-09 18:00:00,799.061173
2023-02-09 19:00:00,799.061173
2023-02-09 20:00:00,745.635709
2023-02-09 21:00:00,630.5436189999999
2023-02-09 22:00:00,621.970916
2023-02-09 23:00:00,530.4656
2023-02-10 00:00:00,499.443372
2023-02-10 01:00:00,493.669736
2023-02-10 02:00:00,488.898136
2023-02-10 03:00:00,489.184432
2023-02-10 04:00:00,489.08900000000006
2023-02-10 05:00:00,512.756136
2023-02-10 06:00:00,639.9192760000001
2023-02-10 07:00:00,705.2424800000001
2023-02-10 08:00:00,705.0039
2023-02-10 09:00:00,681.193616
2023-02-10 10:00:00,619.35368
2023-02-10 11:00:00,629.7080520000001
2023-02-10 12:00:00,601.985056
2023-02-10 13:00:00,645.83606
2023-02-10 14:00:00,654.7112360000001
2023-02-10 15:00:00,755.3442800000001
2023-02-10 16:00:00,773.667224
2023-02-10 17:00:00,798.622692
2023-02-10 18:00:00,775.5281480000001
2023-02-10 19:00:00,794.4714
2023-02-10 20:00:00,745.1807719999999
2023-02-10 21:00:00,624.4115760000001
2023-02-10 22:00:00,551.740108
2023-02-10 23:00:00,504.548984
2023-02-11 00:00:00,496.103252
2023-02-11 01:00:00,486.70320000000004
2023-02-11 02:00:00,471.147784
2023-02-11 03:00:00,471.2432160000001
2023-02-11 04:00:00,458.07360000000006
2023-02-11 05:00:00,449.580152
2023-02-11 06:00:00,429.68258000000003
2023-02-11 07:00:00,440.70497600000004
2023-02-11 08:00:00,491.617948
2023-02-11 09:00:00,539.3816640000001
2023-02-11 10:00:00,509.75002800000004
2023-02-11 11:00:00,504.50126800000004
2023-02-11 12:00:00,545.775608
2023-02-11 13:00:00,544.4872760000001
2023-02-11 14:00:00,546.539064
2023-02-11 15:00:00,547.684248
2023-02-11 16:00:00,540.3837
2023-02-11 17:00:00,638.2015
2023-02-11 18:00:00,659.3874040000001
2023-02-11 19:00:00,679.23726
2023-02-11 20:00:00,672.413872
2023-02-11 21:00:00,664.349868
2023-02-11 22:00:00,688.732744
2023-02-11 23:00:00,594.0642
2023-02-12 00:00:00,624.2684280000001
2023-02-12 01:00:00,601.6510440000001
2023-02-12 02:00:00,628.992312
2023-02-12 03:00:00,610.3830720000001
2023-02-12 04:00:00,597.8337640000001
2023-02-12 05:00:00,596.784012
2023-02-12 06:00:00,601.603328
2023-02-12 07:00:00,615.440968
2023-02-12 08:00:00,712.8770400000001
2023-02-12 09:00:00,691.0708280000001
2023-02-12 10:00:00,694.5540960000001
2023-02-12 11:00:00,668.358012
2023-02-12 12:00:00,619.7831239999999
2023-02-12 13:00:00,572.592
2023-02-12 14:00:00,572.592
2023-02-12 15:00:00,594.684508
2023-02-12 16:00:00,644.9294560000001
2023-02-12 17:00:00,756.489464
2023-02-12 18:00:00,778.9637
2023-02-12 19:00:00,784.8804840000001
2023-02-12 20:00:00,766.891552
2023-02-12 21:00:00,707.007972
2023-02-12 22:00:00,650.464512
2023-02-12 23:00:00,558.229484
2023-02-13 00:00:00,608.4580800000001
2023-02-13 01:00:00,602.088045
2023-02-13 02:00:00,602.04015
2023-02-13 03:00:00,618.03708
2023-02-13 04:00:00,603.237525
2023-02-13 05:00:00,603.09384
2023-02-13 06:00:00,665.5489200000001
2023-02-13 07:00:00,783.1311450000001
2023-02-13 08:00:00,797.9785950000002
2023-02-13 09:00:00,752.62203
2023-02-13 10:00:00,703.48176
2023-02-13 11:00:00,693.32802
2023-02-13 12:00:00,681.4021650000001
2023-02-13 13:00:00,668.03946
2023-02-13 14:00:00,688.203255
2023-02-13 15:00:00,751.56834
2023-02-13 16:00:00,796.924905
2023-02-13 17:00:00,797.787015
2023-02-13 18:00:00,777.71901
2023-02-13 19:00:00,791.5606650000001
2023-02-13 20:00:00,772.64214
2023-02-13 21:00:00,737.535105
2023-02-13 22:00:00,721.77765
2023-02-13 23:00:00,672.4458000000001
2023-02-14 00:00:00,648.901014
2023-02-14 01:00:00,633.111504
2023-02-14 02:00:00,632.345952
2023-02-14 03:00:00,649.905801
2023-02-14 04:00:00,678.901083
2023-02-14 05:00:00,698.901129
2023-02-14 06:00:00,807.083196
2023-02-14 07:00:00,913.7820059999999
2023-02-14 08:00:00,979.763019
2023-02-14 09:00:00,864.11682
2023-02-14 10:00:00,796.65255
2023-02-14 11:00:00,724.834203
2023-02-14 12:00:00,674.929782
2023-02-14 13:00:00,724.786356
2023-02-14 14:00:00,773.016132
2023-02-14 15:00:00,807.992289
2023-02-14 16:00:00,883.686243
2023-02-14 17:00:00,875.12163
2023-02-14 18:00:00,956.892153
2023-02-14 19:00:00,923.303559
2023-02-14 20:00:00,841.198107
2023-02-14 21:00:00,765.982623
2023-02-14 22:00:00,722.633241
2023-02-14 23:00:00,678.1355309999999
2023-02-15 00:00:00,667.2062669999999
2023-02-15 01:00:00,660.8288049999999
2023-02-15 02:00:00,690.622023
2023-02-15 03:00:00,690.5744299999999
2023-02-15 04:00:00,692.4781499999999
2023-02-15 05:00:00,774.0525519999999
2023-02-15 06:00:00,804.5120719999999
2023-02-15 07:00:00,880.4704999999999
2023-02-15 08:00:00,898.3654679999999
2023-02-15 09:00:00,814.887346
2023-02-15 10:00:00,748.066774
2023-02-15 11:00:00,715.465569
2023-02-15 12:00:00,737.7390929999999
2023-02-15 13:00:00,715.513162
2023-02-15 14:00:00,775.099598
2023-02-15 15:00:00,810.50879
2023-02-15 16:00:00,874.4261889999999
2023-02-15 17:00:00,909.264265
2023-02-15 18:00:00,902.030129
2023-02-15 19:00:00,904.2194069999999
2023-02-15 20:00:00,852.8189669999999
2023-02-15 21:00:00,770.435484
2023-02-15 22:00:00,760.107803
2023-02-15 23:00:00,698.903205
2023-02-16 00:00:00,666.3306080000001
2023-02-16 01:00:00,651.630384
2023-02-16 02:00:00,644.757552
2023-02-16 03:00:00,636.261968
2023-02-16 04:00:00,656.3554560000001
2023-02-16 05:00:00,681.508112
2023-02-16 06:00:00,736.538496
2023-02-16 07:00:00,775.6277279999999
2023-02-16 08:00:00,786.605168
2023-02-16 09:00:00,756.5842560000001
2023-02-16 10:00:00,700.026576
2023-02-16 11:00:00,661.98736
2023-02-16 12:00:00,617.982144
2023-02-16 13:00:00,635.7846880000001
2023-02-16 14:00:00,691.34008
2023-02-16 15:00:00,764.316192
2023-02-16 16:00:00,771.618576
2023-02-16 17:00:00,777.202752
2023-02-16 18:00:00,766.654864
2023-02-16 19:00:00,761.5002400000001
2023-02-16 20:00:00,777.0118400000001
2023-02-16 21:00:00,706.517584
2023-02-16 22:00:00,676.4966720000001
2023-02-16 23:00:00,664.4214880000001
2023-02-17 00:00:00,631.549569
2023-02-17 01:00:00,610.397648
2023-02-17 02:00:00,646.01691
2023-02-17 03:00:00,650.266393
2023-02-17 04:00:00,648.8817300000001
2023-02-17 05:00:00,694.384621
2023-02-17 06:00:00,735.399294
2023-02-17 07:00:00,756.8854440000001
2023-02-17 08:00:00,750.9170690000001
2023-02-17 09:00:00,746.237863
2023-02-17 10:00:00,730.290365
2023-02-17 11:00:00,760.275481
2023-02-17 12:00:00,700.305249
2023-02-17 13:00:00,676.1930140000001
2023-02-17 14:00:00,663.826541
2023-02-17 15:00:00,655.327575
2023-02-17 16:00:00,655.375322
2023-02-17 17:00:00,674.283134
2023-02-17 18:00:00,595.261849
2023-02-17 19:00:00,615.220095
2023-02-17 20:00:00,570.242421
2023-02-17 21:00:00,502.632669
2023-02-17 22:00:00,511.656852
2023-02-17 23:00:00,433.54276
2023-02-18 00:00:00,444.572317
2023-02-18 01:00:00,410.67194700000005
2023-02-18 02:00:00,392.814569
2023-02-18 03:00:00,355.524162
2023-02-18 04:00:00,355.094439
2023-02-18 05:00:00,369.800515
2023-02-18 06:00:00,410.81518800000003
2023-02-18 07:00:00,427.38339700000006
2023-02-18 08:00:00,447.53263100000004
2023-02-18 09:00:00,478.37719300000003
2023-02-18 10:00:00,474.84391500000004
2023-02-18 11:00:00,479.570868
2023-02-18 12:00:00,450.58843900000005
2023-02-18 13:00:00,489.645485
2023-02-18 14:00:00,500.102078
2023-02-18 15:00:00,519.153131
2023-02-18 16:00:00,521.3017460000001
2023-02-18 17:00:00,524.4530480000001
2023-02-18 18:00:00,519.391866
2023-02-18 19:00:00,522.925144
2023-02-18 20:00:00,518.914396
2023-02-18 21:00:00,508.83977899999996
2023-02-18 22:00:00,515.619853
2023-02-18 23:00:00,517.529733
2023-02-19 00:00:00,496.043583
2023-02-19 01:00:00,487.30588200000005
2023-02-19 02:00:00,462.477442
2023-02-19 03:00:00,447.484884
2023-02-19 04:00:00,454.26495800000004
2023-02-19 05:00:00,473.65024000000005
2023-02-19 06:00:00,488.49955700000004
2023-02-19 07:00:00,491.889594
2023-02-19 08:00:00,528.1295670000001
2023-02-19 09:00:00,546.750897
2023-02-19 10:00:00,509.98570700000005
2023-02-19 11:00:00,460.376574
2023-02-19 12:00:00,432.014856
2023-02-19 13:00:00,478.56818100000004
2023-02-19 14:00:00,441.56425600000006
2023-02-19 15:00:00,491.7941
2023-02-19 16:00:00,511.895587
2023-02-19 17:00:00,590.009679
2023-02-19 18:00:00,617.7984329999999
2023-02-19 19:00:00,615.0291070000001
2023-02-19 20:00:00,550.8571390000001
2023-02-19 21:00:00,535.864581
2023-02-19 22:00:00,500.00658400000003
2023-02-19 23:00:00,441.802991
2023-02-20 00:00:00,378.386778
2023-02-20 01:00:00,367.97508000000005
2023-02-20 02:00:00,378.386778
2023-02-20 03:00:00,373.489952
2023-02-20 04:00:00,378.43431999999996
2023-02-20 05:00:00,418.274516
2023-02-20 06:00:00,509.31744599999996
2023-02-20 07:00:00,540.885334
2023-02-20 08:00:00,547.588756
2023-02-20 09:00:00,522.296412
2023-02-20 10:00:00,509.127278
2023-02-20 11:00:00,507.082972
2023-02-20 12:00:00,501.85335200000003
2023-02-20 13:00:00,497.859824
2023-02-20 14:00:00,475.70525200000003
2023-02-20 15:00:00,451.126038
2023-02-20 16:00:00,497.812282
2023-02-20 17:00:00,501.85335200000003
2023-02-20 18:00:00,501.85335200000003
2023-02-20 19:00:00,502.946818
2023-02-20 20:00:00,483.074262
2023-02-20 21:00:00,433.155162
2023-02-20 22:00:00,433.868292
2023-02-20 23:00:00,375.5818
2023-02-21 00:00:00,213.657969
2023-02-21 01:00:00,203.35719600000002
2023-02-21 02:00:00,203.35719600000002
2023-02-21 03:00:00,211.996554
2023-02-21 04:00:00,289.703307
2023-02-21 05:00:00,426.461496
2023-02-21 06:00:00,524.390043
2023-02-21 07:00:00,544.374492
2023-02-21 08:00:00,557.4284670000001
2023-02-21 09:00:00,568.488744
2023-02-21 10:00:00,544.374492
2023-02-21 11:00:00,496.003581
2023-02-21 12:00:00,487.98132
2023-02-21 13:00:00,513.5196420000001
2023-02-21 14:00:00,540.19722
2023-02-21 15:00:00,619.755264
2023-02-21 16:00:00,677.762382
2023-02-21 17:00:00,782.526465
2023-02-21 18:00:00,821.2137
2023-02-21 19:00:00,821.3086380000001
2023-02-21 20:00:00,799.140615
2023-02-21 21:00:00,753.80772
2023-02-21 22:00:00,727.2250799999999
2023-02-21 23:00:00,676.8130020000001
2023-02-22 00:00:00,665.0566200000001
2023-02-22 01:00:00,650.985372
2023-02-22 02:00:00,651.2706000000001
2023-02-22 03:00:00,642.190842
2023-02-22 04:00:00,623.555946
2023-02-22 05:00:00,726.047874
2023-02-22 06:00:00,791.127396
2023-02-22 07:00:00,823.025394
2023-02-22 08:00:00,838.2850920000001
2023-02-22 09:00:00,782.23779
2023-02-22 10:00:00,726.14295
2023-02-22 11:00:00,657.6406920000001
2023-02-22 12:00:00,676.846044
2023-02-22 13:00:00,700.900272
2023-02-22 14:00:00,713.022462
2023-02-22 15:00:00,775.392318
2023-02-22 16:00:00,781.7624099999999
2023-02-22 17:00:00,784.424538
2023-02-22 18:00:00,831.915
2023-02-22 19:00:00,821.123874
2023-02-22 20:00:00,770.400828
2023-02-22 21:00:00,732.180276
2023-02-22 22:00:00,699.806898
2023-02-22 23:00:00,601.450776
2023-02-23 00:00:00,608.8903
2023-02-23 01:00:00,589.97535
2023-02-23 02:00:00,589.97535
2023-02-23 03:00:00,589.927825
2023-02-23 04:00:00,591.6862500000001
2023-02-23 05:00:00,609.983375
2023-02-23 06:00:00,731.78995
2023-02-23 07:00:00,807.9250000000001
2023-02-23 08:00:00,826.0320250000001
2023-02-23 09:00:00,804.8834000000002
2023-02-23 10:00:00,731.9800500000001
2023-02-23 11:00:00,719.1958250000001
2023-02-23 12:00:00,680.08275
2023-02-23 13:00:00,670.245075
2023-02-23 14:00:00,700.8036500000001
2023-02-23 15:00:00,741.7702000000002
2023-02-23 16:00:00,779.9327750000001
2023-02-23 17:00:00,799.8457500000001
2023-02-23 18:00:00,785.2080500000001
2023-02-23 19:00:00,784.1625
2023-02-23 20:00:00,749.9920250000001
2023-02-23 21:00:00,718.29285
2023-02-23 22:00:00,720.0037500000001
2023-02-23 23:00:00,658.4588750000001
2023-02-24 00:00:00,611.019585
2023-02-24 01:00:00,558.105185
2023-02-24 02:00:00,561.5068249999999
2023-02-24 03:00:00,576.3417549999999
2023-02-24 04:00:00,564.247035
2023-02-24 05:00:00,660.67408
2023-02-24 06:00:00,705.4623399999999
2023-02-24 07:00:00,737.9196549999999
2023-02-24 08:00:00,735.79363
2023-02-24 09:00:00,745.195385
2023-02-24 10:00:00,735.2739349999999
2023-02-24 11:00:00,724.8327899999999
2023-02-24 12:00:00,726.4391199999999
2023-02-24 13:00:00,717.1791000000001
2023-02-24 14:00:00,732.344745
2023-02-24 15:00:00,731.210865
2023-02-24 16:00:00,708.627755
2023-02-24 17:00:00,774.959735
2023-02-24 18:00:00,770.0935
2023-02-24 19:00:00,761.3059299999999
2023-02-24 20:00:00,721.9036000000001
2023-02-24 21:00:00,655.7606000000001
2023-02-24 22:00:00,680.61147
2023-02-24 23:00:00,565.90061
2023-02-25 00:00:00,574.735425
2023-02-25 01:00:00,562.1682549999999
2023-02-25 02:00:00,569.349495
2023-02-25 03:00:00,565.380915
2023-02-25 04:00:00,564.01081
2023-02-25 05:00:00,562.02652
2023-02-25 06:00:00,549.695575
2023-02-25 07:00:00,550.40425
2023-02-25 08:00:00,572.51491
2023-02-25 09:00:00,578.987475
2023-02-25 10:00:00,579.7906399999999
2023-02-25 11:00:00,578.987475
2023-02-25 12:00:00,562.02652
2023-02-25 13:00:00,561.979275
2023-02-25 14:00:00,565.380915
2023-02-25 15:00:00,562.30999
2023-02-25 16:00:00,519.742245
2023-02-25 17:00:00,575.72757
2023-02-25 18:00:00,553.33344
2023-02-25 19:00:00,563.4911149999999
2023-02-25 20:00:00,518.7501
2023-02-25 21:00:00,510.293245
2023-02-25 22:00:00,508.63966999999997
2023-02-25 23:00:00,467.7255
2023-02-26 00:00:00,493.851985
2023-02-26 01:00:00,471.97755
2023-02-26 02:00:00,475.00123
2023-02-26 03:00:00,490.828305
2023-02-26 04:00:00,483.97778
2023-02-26 05:00:00,492.48188
2023-02-26 06:00:00,505.71048
2023-02-26 07:00:00,525.93134
2023-02-26 08:00:00,472.16652999999997
2023-02-26 09:00:00,467.15855999999997
2023-02-26 10:00:00,492.48188
2023-02-26 11:00:00,492.48188
2023-02-26 12:00:00,489.788915
2023-02-26 13:00:00,467.58376499999997
2023-02-26 14:00:00,492.623615
2023-02-26 15:00:00,556.07365
2023-02-26 16:00:00,569.68021
2023-02-26 17:00:00,674.044415
2023-02-26 18:00:00,726.1556499999999
2023-02-26 19:00:00,741.321295
2023-02-26 20:00:00,725.87218
2023-02-26 21:00:00,669.1781799999999
2023-02-26 22:00:00,653.351105
2023-02-26 23:00:00,628.26401
2023-02-27 00:00:00,663.050558
2023-02-27 01:00:00,621.453674
2023-02-27 02:00:00,616.548826
2023-02-27 03:00:00,613.7191059999999
2023-02-27 04:00:00,638.526318
2023-02-27 05:00:00,659.4662460000001
2023-02-27 06:00:00,774.683012
2023-02-27 07:00:00,880.325892
2023-02-27 08:00:00,860.140556
2023-02-27 09:00:00,755.016458
2023-02-27 10:00:00,699.270974
2023-02-27 11:00:00,658.004224
2023-02-27 12:00:00,654.750046
2023-02-27 13:00:00,638.9507759999999
2023-02-27 14:00:00,620.038814
2023-02-27 15:00:00,623.3401539999999
2023-02-27 16:00:00,723.70089
2023-02-27 17:00:00,805.1968259999999
2023-02-27 18:00:00,896.1251619999999
2023-02-27 19:00:00,918.291302
2023-02-27 20:00:00,822.929738
2023-02-27 21:00:00,756.00686
2023-02-27 22:00:00,723.748052
2023-02-27 23:00:00,704.883252
2023-02-28 00:00:00,649.8139199999999
2023-02-28 01:00:00,678.2574299999999
2023-02-28 02:00:00,660.0969799999999
2023-02-28 03:00:00,664.9554899999999
2023-02-28 04:00:00,685.89897
2023-02-28 05:00:00,674.90836
2023-02-28 06:00:00,779.90878
2023-02-28 07:00:00,839.5788299999999
2023-02-28 08:00:00,843.9656399999999
2023-02-28 09:00:00,697.5499599999999
2023-02-28 10:00:00,600.23825
2023-02-28 11:00:00,574.76645
2023-02-28 12:00:00,574.48343
2023-02-28 13:00:00,577.40797
2023-02-28 14:00:00,588.2099
2023-02-28 15:00:00,646.8422099999999
2023-02-28 16:00:00,731.22934
2023-02-28 17:00:00,816.6542099999999
2023-02-28 18:00:00,914.48479
2023-02-28 19:00:00,914.9564899999999
2023-02-28 20:00:00,824.7674499999999
2023-02-28 21:00:00,749.4841299999998
2023-02-28 22:00:00,727.31423
2023-02-28 23:00:00,674.67251
2023-03-01 00:00:00,629.4050249999999
2023-03-01 01:00:00,626.589525
2023-03-01 02:00:00,626.63645
2023-03-01 03:00:00,636.6314749999999
2023-03-01 04:00:00,626.589525
2023-03-01 05:00:00,663.5195
2023-03-01 06:00:00,767.176825
2023-03-01 07:00:00,826.583875
2023-03-01 08:00:00,825.645375
2023-03-01 09:00:00,717.48325
2023-03-01 10:00:00,631.563575
2023-03-01 11:00:00,600.3115250000001
2023-03-01 12:00:00,603.0801
2023-03-01 13:00:00,596.1821249999999
2023-03-01 14:00:00,626.5426
2023-03-01 15:00:00,666.475775
2023-03-01 16:00:00,778.3919
2023-03-01 17:00:00,845.353875
2023-03-01 18:00:00,895.61055
2023-03-01 19:00:00,894.625125
2023-03-01 20:00:00,846.292375
2023-03-01 21:00:00,780.7850749999999
2023-03-01 22:00:00,745.5913249999999
2023-03-01 23:00:00,691.252175
2023-03-02 00:00:00,686.9445
2023-03-02 01:00:00,663.4759999999999
2023-03-02 02:00:00,686.9912499999999
2023-03-02 03:00:00,686.61725
2023-03-02 04:00:00,627.3849999999999
2023-03-02 05:00:00,727.991
2023-03-02 06:00:00,806.5777499999999
2023-03-02 07:00:00,846.362
2023-03-02 08:00:00,856.647
2023-03-02 09:00:00,749.122
2023-03-02 10:00:00,666.9822499999999
2023-03-02 11:00:00,605.36575
2023-03-02 12:00:00,607.4227500000001
2023-03-02 13:00:00,603.21525
2023-03-02 14:00:00,620.69975
2023-03-02 15:00:00,714.29325
2023-03-02 16:00:00,806.48425
2023-03-02 17:00:00,856.3197499999999
2023-03-02 18:00:00,886.23975
2023-03-02 19:00:00,876.2819999999999
2023-03-02 20:00:00,856.41325
2023-03-02 21:00:00,772.35675
2023-03-02 22:00:00,767.49475
2023-03-02 23:00:00,658.8009999999999
2023-03-03 00:00:00,661.654944
2023-03-03 01:00:00,615.879186
2023-03-03 02:00:00,617.196474
2023-03-03 03:00:00,610.5159420000001
2023-03-03 04:00:00,607.928412
2023-03-03 05:00:00,640.013784
2023-03-03 06:00:00,763.039074
2023-03-03 07:00:00,818.647446
2023-03-03 08:00:00,818.8826760000001
2023-03-03 09:00:00,794.0423880000001
2023-03-03 10:00:00,613.150518
2023-03-03 11:00:00,556.036674
2023-03-03 12:00:00,568.1274960000001
2023-03-03 13:00:00,556.08372
2023-03-03 14:00:00,523.527888
2023-03-03 15:00:00,570.6679800000001
2023-03-03 16:00:00,703.6199760000001
2023-03-03 17:00:00,783.645222
2023-03-03 18:00:00,776.259
2023-03-03 19:00:00,723.9908939999999
2023-03-03 20:00:00,614.797128
2023-03-03 21:00:00,539.570574
2023-03-03 22:00:00,518.44692
2023-03-03 23:00:00,486.784962
2023-03-04 00:00:00,400.22032199999995
2023-03-04 01:00:00,400.22032199999995
2023-03-04 02:00:00,412.075914
2023-03-04 03:00:00,423.414
2023-03-04 04:00:00,421.438068
2023-03-04 05:00:00,411.69954600000005
2023-03-04 06:00:00,424.072644
2023-03-04 07:00:00,449.242254
2023-03-04 08:00:00,485.326536
2023-03-04 09:00:00,494.64164400000004
2023-03-04 10:00:00,432.164556
2023-03-04 11:00:00,429.76520999999997
2023-03-04 12:00:00,450.888864
2023-03-04 13:00:00,438.798042
2023-03-04 14:00:00,455.217096
2023-03-04 15:00:00,484.62084600000003
2023-03-04 16:00:00,523.2926580000001
2023-03-04 17:00:00,658.644
2023-03-04 18:00:00,696.374892
2023-03-04 19:00:00,696.327846
2023-03-04 20:00:00,661.325622
2023-03-04 21:00:00,566.9513460000001
2023-03-04 22:00:00,529.408638
2023-03-04 23:00:00,497.79372600000005
2023-03-05 00:00:00,519.764208
2023-03-05 01:00:00,484.950168
2023-03-05 02:00:00,480.33966
2023-03-05 03:00:00,489.231354
2023-03-05 04:00:00,476.246658
2023-03-05 05:00:00,480.433752
2023-03-05 06:00:00,477.328716
2023-03-05 07:00:00,497.65258800000004
2023-03-05 08:00:00,508.473168
2023-03-05 09:00:00,506.82655800000003
2023-03-05 10:00:00,492.148206
2023-03-05 11:00:00,505.13290200000006
2023-03-05 12:00:00,502.592418
2023-03-05 13:00:00,514.824378
2023-03-05 14:00:00,511.201836
2023-03-05 15:00:00,535.430526
2023-03-05 16:00:00,542.722656
2023-03-05 17:00:00,682.8256439999999
2023-03-05 18:00:00,783.174762
2023-03-05 19:00:00,800.4406439999999
2023-03-05 20:00:00,735.752394
2023-03-05 21:00:00,718.815834
2023-03-05 22:00:00,665.277486
2023-03-05 23:00:00,553.825512
2023-03-06 00:00:00,614.77338
2023-03-06 01:00:00,580.3159440000001
2023-03-06 02:00:00,576.832542
2023-03-06 03:00:00,576.832542
2023-03-06 04:00:00,576.220593
2023-03-06 05:00:00,647.4891150000001
2023-03-06 06:00:00,752.2265400000001
2023-03-06 07:00:00,864.966375
2023-03-06 08:00:00,880.076808
2023-03-06 09:00:00,822.83604
2023-03-06 10:00:00,801.464898
2023-03-06 11:00:00,757.1221320000001
2023-03-06 12:00:00,711.225957
2023-03-06 13:00:00,686.418486
2023-03-06 14:00:00,682.9350840000001
2023-03-06 15:00:00,725.536149
2023-03-06 16:00:00,742.5295020000001
2023-03-06 17:00:00,762.723819
2023-03-06 18:00:00,870.238551
2023-03-06 19:00:00,832.297713
2023-03-06 20:00:00,706.0479270000001
2023-03-06 21:00:00,628.89528
2023-03-06 22:00:00,567.935745
2023-03-06 23:00:00,524.628585
2023-03-07 00:00:00,603.276641
2023-03-07 01:00:00,562.780097
2023-03-07 02:00:00,549.421862
2023-03-07 03:00:00,547.875119
2023-03-07 04:00:00,549.374991
2023-03-07 05:00:00,597.1365400000001
2023-03-07 06:00:00,652.116223
2023-03-07 07:00:00,640.632828
2023-03-07 08:00:00,609.7448390000001
2023-03-07 09:00:00,548.531313
2023-03-07 10:00:00,522.002327
2023-03-07 11:00:00,520.73681
2023-03-07 12:00:00,502.785217
2023-03-07 13:00:00,504.894412
2023-03-07 14:00:00,506.066187
2023-03-07 15:00:00,526.548814
2023-03-07 16:00:00,551.484186
2023-03-07 17:00:00,680.2856939999999
2023-03-07 18:00:00,700.674579
2023-03-07 19:00:00,605.713933
2023-03-07 20:00:00,692.097186
2023-03-07 21:00:00,562.686355
2023-03-07 22:00:00,544.6878909999999
2023-03-07 23:00:00,512.30003
2023-03-08 00:00:00,482.54573400000004
2023-03-08 01:00:00,481.511338
2023-03-08 02:00:00,504.36208600000003
2023-03-08 03:00:00,521.8998
2023-03-08 04:00:00,521.8998
2023-03-08 05:00:00,555.893814
2023-03-08 06:00:00,661.4492240000001
2023-03-08 07:00:00,745.3763540000001
2023-03-08 08:00:00,809.791014
2023-03-08 09:00:00,766.7695440000001
2023-03-08 10:00:00,721.444192
2023-03-08 11:00:00,677.9055240000001
2023-03-08 12:00:00,644.9929240000001
2023-03-08 13:00:00,635.2131800000001
2023-03-08 14:00:00,651.622462
2023-03-08 15:00:00,666.668222
2023-03-08 16:00:00,680.3974780000001
2023-03-08 17:00:00,719.7515440000001
2023-03-08 18:00:00,784.683402
2023-03-08 19:00:00,799.4000360000001
2023-03-08 20:00:00,722.9957860000001
2023-03-08 21:00:00,703.1541900000001
2023-03-08 22:00:00,656.8884780000001
2023-03-08 23:00:00,559.5142000000001
2023-03-09 00:00:00,532.337976
2023-03-09 01:00:00,561.469968
2023-03-09 02:00:00,565.966224
2023-03-09 03:00:00,565.825716
2023-03-09 04:00:00,564.467472
2023-03-09 05:00:00,556.036992
2023-03-09 06:00:00,646.055784
2023-03-09 07:00:00,740.430324
2023-03-09 08:00:00,768.7661039999999
2023-03-09 09:00:00,730.688436
2023-03-09 10:00:00,677.1548880000001
2023-03-09 11:00:00,625.9631400000001
2023-03-09 12:00:00,578.19042
2023-03-09 13:00:00,551.6812440000001
2023-03-09 14:00:00,551.6812440000001
2023-03-09 15:00:00,689.566428
2023-03-09 16:00:00,771.6231
2023-03-09 17:00:00,802.815876
2023-03-09 18:00:00,801.4576320000001
2023-03-09 19:00:00,817.428708
2023-03-09 20:00:00,816.58566
2023-03-09 21:00:00,679.4966880000001
2023-03-09 22:00:00,579.923352
2023-03-09 23:00:00,513.79092
2023-03-10 00:00:00,574.8896119999999
2023-03-10 01:00:00,565.240984
2023-03-10 02:00:00,569.269052
2023-03-10 03:00:00,569.924784
2023-03-10 04:00:00,563.8826819999999
2023-03-10 05:00:00,570.065298
2023-03-10 06:00:00,634.8422519999999
2023-03-10 07:00:00,678.073726
2023-03-10 08:00:00,659.994258
2023-03-10 09:00:00,639.853918
2023-03-10 10:00:00,617.7463819999999
2023-03-10 11:00:00,585.9433799999999
2023-03-10 12:00:00,547.395706
2023-03-10 13:00:00,534.140552
2023-03-10 14:00:00,600.322646
2023-03-10 15:00:00,670.766998
2023-03-10 16:00:00,750.0637319999998
2023-03-10 17:00:00,779.8526999999999
2023-03-10 18:00:00,790.484926
2023-03-10 19:00:00,790.203898
2023-03-10 20:00:00,734.6540299999999
2023-03-10 21:00:00,690.954176
2023-03-10 22:00:00,659.338526
2023-03-10 23:00:00,616.8564599999999
2023-03-11 00:00:00,570.299488
2023-03-11 01:00:00,568.8943479999999
2023-03-11 02:00:00,525.5223599999999
2023-03-11 03:00:00,494.09406199999995
2023-03-11 04:00:00,478.122304
2023-03-11 05:00:00,460.089674
2023-03-11 06:00:00,488.2393119999999
2023-03-11 07:00:00,520.3701799999999
2023-03-11 08:00:00,516.763654
2023-03-11 09:00:00,460.277026
2023-03-11 10:00:00,500.22983999999997
2023-03-11 11:00:00,450.206856
2023-03-11 12:00:00,450.206856
2023-03-11 13:00:00,445.9445979999999
2023-03-11 14:00:00,444.02423999999996
2023-03-11 15:00:00,445.9445979999999
2023-03-11 16:00:00,479.90214799999995
2023-03-11 17:00:00,599.76059
2023-03-11 18:00:00,626.9266299999999
2023-03-11 19:00:00,626.832954
2023-03-11 20:00:00,598.495964
2023-03-11 21:00:00,561.8686479999999
2023-03-11 22:00:00,547.30203
2023-03-11 23:00:00,475.35886199999993
2023-03-12 00:00:00,471.89284999999995
2023-03-12 01:00:00,384.258952
2023-03-12 02:00:00,364.30596399999996
2023-03-12 03:00:00,334.985376
2023-03-12 04:00:00,334.89169999999996
2023-03-12 05:00:00,348.989938
2023-03-12 06:00:00,320.231406
2023-03-12 07:00:00,309.318152
2023-03-12 08:00:00,382.947488
2023-03-12 09:00:00,367.818814
2023-03-12 10:00:00,309.973884
2023-03-12 11:00:00,309.64601799999997
2023-03-12 12:00:00,309.692856
2023-03-12 13:00:00,315.266578
2023-03-12 14:00:00,329.73952
2023-03-12 15:00:00,426.272638
2023-03-12 16:00:00,586.5054359999999
2023-03-12 17:00:00,634.701738
2023-03-12 18:00:00,636.200554
2023-03-12 19:00:00,660.6031519999999
2023-03-12 20:00:00,608.753486
2023-03-12 21:00:00,565.475174
2023-03-12 22:00:00,596.903472
2023-03-12 23:00:00,598.542802
2023-03-13 00:00:00,510.549504
2023-03-13 01:00:00,471.9936
2023-03-13 02:00:00,441.355008
2023-03-13 03:00:00,440.464896
2023-03-13 04:00:00,460.468992
2023-03-13 05:00:00,516.920832
2023-03-13 06:00:00,598.670592
2023-03-13 07:00:00,596.984064
2023-03-13 08:00:00,599.045376
2023-03-13 09:00:00,576.3240959999999
2023-03-13 10:00:00,509.097216
2023-03-13 11:00:00,525.540864
2023-03-13 12:00:00,500.992512
2023-03-13 13:00:00,517.529856
2023-03-13 14:00:00,512.9856
2023-03-13 15:00:00,524.041728
2023-03-13 16:00:00,522.917376
2023-03-13 17:00:00,598.95168
2023-03-13 18:00:00,575.668224
2023-03-13 19:00:00,580.868352
2023-03-13 20:00:00,596.984064
2023-03-13 21:00:00,510.502656
2023-03-13 22:00:00,525.915648
2023-03-13 23:00:00,468.058368
2023-03-14 00:00:00,349.753504
2023-03-14 01:00:00,349.331323
2023-03-14 02:00:00,349.14368700000006
2023-03-14 03:00:00,349.51895900000005
2023-03-14 04:00:00,390.235971
2023-03-14 05:00:00,445.91695400000003
2023-03-14 06:00:00,496.062675
2023-03-14 07:00:00,497.047764
2023-03-14 08:00:00,496.86012800000003
2023-03-14 09:00:00,421.524274
2023-03-14 10:00:00,359.745121
2023-03-14 11:00:00,285.863446
2023-03-14 12:00:00,249.837334
2023-03-14 13:00:00,295.385973
2023-03-14 14:00:00,355.52331100000004
2023-03-14 15:00:00,454.360574
2023-03-14 16:00:00,524.958619
2023-03-14 17:00:00,592.038489
2023-03-14 18:00:00,619.6678899999999
2023-03-14 19:00:00,706.308813
2023-03-14 20:00:00,619.6678899999999
2023-03-14 21:00:00,568.396353
2023-03-14 22:00:00,545.973851
2023-03-14 23:00:00,500.98812
2023-03-15 00:00:00,484.91271
2023-03-15 01:00:00,483.40823
2023-03-15 02:00:00,480.68136
2023-03-15 03:00:00,477.437325
2023-03-15 04:00:00,478.04852000000005
2023-03-15 05:00:00,549.9344550000001
2023-03-15 06:00:00,645.0458
2023-03-15 07:00:00,656.940595
2023-03-15 08:00:00,694.364535
2023-03-15 09:00:00,579.459875
2023-03-15 10:00:00,493.84556000000003
2023-03-15 11:00:00,476.54404
2023-03-15 12:00:00,445.37309500000003
2023-03-15 13:00:00,461.076105
2023-03-15 14:00:00,463.37984000000006
2023-03-15 15:00:00,490.601525
2023-03-15 16:00:00,583.221075
2023-03-15 17:00:00,708.9862
2023-03-15 18:00:00,857.0834500000001
2023-03-15 19:00:00,937.0089500000001
2023-03-15 20:00:00,797.3744
2023-03-15 21:00:00,692.8130400000001
2023-03-15 22:00:00,655.154025
2023-03-15 23:00:00,600.052445
2023-03-16 00:00:00,551.474742
2023-03-16 01:00:00,549.078864
2023-03-16 02:00:00,548.9379299999999
2023-03-16 03:00:00,548.984908
2023-03-16 04:00:00,549.501666
2023-03-16 05:00:00,553.917598
2023-03-16 06:00:00,612.170318
2023-03-16 07:00:00,668.73183
2023-03-16 08:00:00,648.437334
2023-03-16 09:00:00,550.206336
2023-03-16 10:00:00,484.81296000000003
2023-03-16 11:00:00,438.962432
2023-03-16 12:00:00,449.955284
2023-03-16 13:00:00,494.067626
2023-03-16 14:00:00,523.851678
2023-03-16 15:00:00,546.636008
2023-03-16 16:00:00,648.76618
2023-03-16 17:00:00,794.39798
2023-03-16 18:00:00,844.2886159999999
2023-03-16 19:00:00,861.3886080000001
2023-03-16 20:00:00,814.36363
2023-03-16 21:00:00,703.636484
2023-03-16 22:00:00,604.043124
2023-03-16 23:00:00,549.6426
2023-03-17 00:00:00,510.905072
2023-03-17 01:00:00,514.293536
2023-03-17 02:00:00,515.3759620000001
2023-03-17 03:00:00,514.999466
2023-03-17 04:00:00,515.4230239999999
2023-03-17 05:00:00,515.187714
2023-03-17 06:00:00,529.8710580000001
2023-03-17 07:00:00,535.989118
2023-03-17 08:00:00,495.280488
2023-03-17 09:00:00,418.051746
2023-03-17 10:00:00,365.76586399999997
2023-03-17 11:00:00,345.48214199999995
2023-03-17 12:00:00,344.82327399999997
2023-03-17 13:00:00,350.517776
2023-03-17 14:00:00,405.90975
2023-03-17 15:00:00,466.054986
2023-03-17 16:00:00,515.517148
2023-03-17 17:00:00,580.27446
2023-03-17 18:00:00,591.522278
2023-03-17 19:00:00,590.5810379999999
2023-03-17 20:00:00,538.954024
2023-03-17 21:00:00,500.598494
2023-03-17 22:00:00,501.63385800000003
2023-03-17 23:00:00,475.843882
2023-03-18 00:00:00,501.82210599999996
2023-03-18 01:00:00,464.360754
2023-03-18 02:00:00,456.03078
2023-03-18 03:00:00,447.089
2023-03-18 04:00:00,452.64231600000005
2023-03-18 05:00:00,469.67875999999995
2023-03-18 06:00:00,487.0917
2023-03-18 07:00:00,496.174666
2023-03-18 08:00:00,438.900212
2023-03-18 09:00:00,450.759836
2023-03-18 10:00:00,424.96986
2023-03-18 11:00:00,413.769104
2023-03-18 12:00:00,422.09907799999996
2023-03-18 13:00:00,451.748138
2023-03-18 14:00:00,506.10474800000003
2023-03-18 15:00:00,528.3650739999999
2023-03-18 16:00:00,549.825346
2023-03-18 17:00:00,615.288588
2023-03-18 18:00:00,677.6928
2023-03-18 19:00:00,677.410428
2023-03-18 20:00:00,650.86746
2023-03-18 21:00:00,625.548104
2023-03-18 22:00:00,611.5706899999999
2023-03-18 23:00:00,557.496452
2023-03-19 00:00:00,517.823186
2023-03-19 01:00:00,498.8572
2023-03-19 02:00:00,505.35175599999997
2023-03-19 03:00:00,505.21056999999996
2023-03-19 04:00:00,486.15045999999995
2023-03-19 05:00:00,503.79870999999997
2023-03-19 06:00:00,509.39908799999995
2023-03-19 07:00:00,509.304964
2023-03-19 08:00:00,477.396928
2023-03-19 09:00:00,481.256012
2023-03-19 10:00:00,446.288946
2023-03-19 11:00:00,445.34770599999996
2023-03-19 12:00:00,446.99487600000003
2023-03-19 13:00:00,442.571048
2023-03-19 14:00:00,456.830834
2023-03-19 15:00:00,509.82264599999996
2023-03-19 16:00:00,529.023942
2023-03-19 17:00:00,626.724654
2023-03-19 18:00:00,682.399
2023-03-19 19:00:00,719.625042
2023-03-19 20:00:00,681.034202
2023-03-19 21:00:00,636.6076740000001
2023-03-19 22:00:00,625.45398
2023-03-19 23:00:00,536.930358
2023-03-20 00:00:00,584.1515999999999
2023-03-20 01:00:00,541.4708459999999
2023-03-20 02:00:00,532.6143539999999
2023-03-20 03:00:00,541.517955
2023-03-20 04:00:00,530.2117949999999
2023-03-20 05:00:00,598.5198449999999
2023-03-20 06:00:00,742.108077
2023-03-20 07:00:00,779.2299689999999
2023-03-20 08:00:00,727.6927229999999
2023-03-20 09:00:00,648.031404
2023-03-20 10:00:00,578.262975
2023-03-20 11:00:00,545.475111
2023-03-20 12:00:00,508.918527
2023-03-20 13:00:00,509.059854
2023-03-20 14:00:00,532.096155
2023-03-20 15:00:00,544.3916039999999
2023-03-20 16:00:00,594.280035
2023-03-20 17:00:00,753.0373649999999
2023-03-20 18:00:00,720.2495009999999
2023-03-20 19:00:00,779.512623
2023-03-20 20:00:00,717.7527240000001
2023-03-20 21:00:00,668.5238189999999
2023-03-20 22:00:00,637.6203149999999
2023-03-20 23:00:00,603.1836359999999
2023-03-21 00:00:00,567.483499
2023-03-21 01:00:00,527.502668
2023-03-21 02:00:00,541.69093
2023-03-21 03:00:00,510.44856500000003
2023-03-21 04:00:00,516.791
2023-03-21 05:00:00,555.362401
2023-03-21 06:00:00,673.754521
2023-03-21 07:00:00,722.943628
2023-03-21 08:00:00,722.943628
2023-03-21 09:00:00,649.089496
2023-03-21 10:00:00,563.865962
2023-03-21 11:00:00,583.691944
2023-03-21 12:00:00,598.162092
2023-03-21 13:00:00,603.23604
2023-03-21 14:00:00,603.23604
2023-03-21 15:00:00,632.83407
2023-03-21 16:00:00,748.924121
2023-03-21 17:00:00,797.455494
2023-03-21 18:00:00,823.201082
2023-03-21 19:00:00,817.751286
2023-03-21 20:00:00,791.0660780000001
2023-03-21 21:00:00,697.714831
2023-03-21 22:00:00,544.415828
2023-03-21 23:00:00,498.515391
2023-03-22 00:00:00,540.806192
2023-03-22 01:00:00,526.927344
2023-03-22 02:00:00,525.5207039999999
2023-03-22 03:00:00,523.3638559999999
2023-03-22 04:00:00,527.208672
2023-03-22 05:00:00,502.21736799999996
2023-03-22 06:00:00,532.1319119999999
2023-03-22 07:00:00,528.8966399999999
2023-03-22 08:00:00,528.7559759999999
2023-03-22 09:00:00,488.994952
2023-03-22 10:00:00,523.2700799999999
2023-03-22 11:00:00,525.192488
2023-03-22 12:00:00,525.5207039999999
2023-03-22 13:00:00,527.583776
2023-03-22 14:00:00,525.708256
2023-03-22 15:00:00,570.0174159999999
2023-03-22 16:00:00,581.0360959999999
2023-03-22 17:00:00,698.6311999999999
2023-03-22 18:00:00,712.1349439999999
2023-03-22 19:00:00,672.655248
2023-03-22 20:00:00,605.417856
2023-03-22 21:00:00,526.1771359999999
2023-03-22 22:00:00,499.028984
2023-03-22 23:00:00,525.239376
2023-03-23 00:00:00,500.520547
2023-03-23 01:00:00,474.490295
2023-03-23 02:00:00,464.752359
2023-03-23 03:00:00,479.07836100000003
2023-03-23 04:00:00,510.539385
2023-03-23 05:00:00,524.444034
2023-03-23 06:00:00,527.112603
2023-03-23 07:00:00,514.191111
2023-03-23 08:00:00,497.29017400000004
2023-03-23 09:00:00,499.81829200000004
2023-03-23 10:00:00,469.059523
2023-03-23 11:00:00,456.184848
2023-03-23 12:00:00,454.82715500000006
2023-03-23 13:00:00,455.20169100000004
2023-03-23 14:00:00,487.08406800000006
2023-03-23 15:00:00,523.648145
2023-03-23 16:00:00,530.1088910000001
2023-03-23 17:00:00,567.468857
2023-03-23 18:00:00,632.638121
2023-03-23 19:00:00,669.6703679999999
2023-03-23 20:00:00,588.6301410000001
2023-03-23 21:00:00,569.575622
2023-03-23 22:00:00,521.822282
2023-03-23 23:00:00,521.962733
2023-03-24 00:00:00,529.2499019999999
2023-03-24 01:00:00,510.76696799999996
2023-03-24 02:00:00,500.54037
2023-03-24 03:00:00,494.535762
2023-03-24 04:00:00,529.343724
2023-03-24 05:00:00,501.431679
2023-03-24 06:00:00,525.590844
2023-03-24 07:00:00,531.220164
2023-03-24 08:00:00,506.826444
2023-03-24 09:00:00,496.83440099999996
2023-03-24 10:00:00,474.03565499999996
2023-03-24 11:00:00,445.513767
2023-03-24 12:00:00,445.513767
2023-03-24 13:00:00,468.218691
2023-03-24 14:00:00,468.54706799999997
2023-03-24 15:00:00,502.69827599999996
2023-03-24 16:00:00,518.601105
2023-03-24 17:00:00,500.6341919999999
2023-03-24 18:00:00,525.4970219999999
2023-03-24 19:00:00,545.246553
2023-03-24 20:00:00,505.2783809999999
2023-03-24 21:00:00,489.61010699999997
2023-03-24 22:00:00,530.985609
2023-03-24 23:00:00,514.61367
2023-03-25 00:00:00,490.266861
2023-03-25 01:00:00,483.5116769999999
2023-03-25 02:00:00,502.18225499999994
2023-03-25 03:00:00,495.708537
2023-03-25 04:00:00,511.23607799999996
2023-03-25 05:00:00,512.6434079999999
2023-03-25 06:00:00,500.21199299999995
2023-03-25 07:00:00,493.17534299999994
2023-03-25 08:00:00,487.1707349999999
2023-03-25 09:00:00,508.84361699999994
2023-03-25 10:00:00,512.971785
2023-03-25 11:00:00,508.84361699999994
2023-03-25 12:00:00,507.15482099999997
2023-03-25 13:00:00,504.38707199999993
2023-03-25 14:00:00,484.87209599999994
2023-03-25 15:00:00,474.55167599999993
2023-03-25 16:00:00,510.39167999999995
2023-03-25 17:00:00,500.305815
2023-03-25 18:00:00,518.929482
2023-03-25 19:00:00,546.419328
2023-03-25 20:00:00,557.0212139999999
2023-03-25 21:00:00,520.8997439999999
2023-03-25 22:00:00,511.752099
2023-03-25 23:00:00,448.42224899999997
2023-03-26 00:00:00,349.29930599999994
2023-03-26 01:00:00,227.799816
2023-03-26 02:00:00,214.664736
2023-03-26 03:00:00,201.529656
2023-03-26 04:00:00,250.082541
2023-03-26 05:00:00,250.129452
2023-03-26 06:00:00,297.837939
2023-03-26 07:00:00,342.872499
2023-03-26 08:00:00,299.71437899999995
2023-03-26 09:00:00,362.387475
2023-03-26 10:00:00,331.426215
2023-03-26 11:00:00,341.60590199999996
2023-03-26 12:00:00,217.52630699999997
2023-03-26 13:00:00,203.12462999999997
2023-03-26 14:00:00,207.58117499999997
2023-03-26 15:00:00,202.09258799999998
2023-03-26 16:00:00,261.669558
2023-03-26 17:00:00,461.13512999999995
2023-03-26 18:00:00,510.86079
2023-03-26 19:00:00,552.8930459999999
2023-03-26 20:00:00,528.170949
2023-03-26 21:00:00,490.82979299999994
2023-03-26 22:00:00,466.38916199999994
2023-03-26 23:00:00,443.96570399999996
2023-03-27 00:00:00,511.480096
2023-03-27 01:00:00,510.26184
2023-03-27 02:00:00,509.79328
2023-03-27 03:00:00,509.84013600000003
2023-03-27 04:00:00,509.79328
2023-03-27 05:00:00,507.591048
2023-03-27 06:00:00,558.570376
2023-03-27 07:00:00,669.993944
2023-03-27 08:00:00,704.854808
2023-03-27 09:00:00,569.7221040000001
2023-03-27 10:00:00,516.11884
2023-03-27 11:00:00,510.308696
2023-03-27 12:00:00,508.62188
2023-03-27 13:00:00,509.74642400000005
2023-03-27 14:00:00,509.79328
2023-03-27 15:00:00,499.766096
2023-03-27 16:00:00,505.154536
2023-03-27 17:00:00,500.984352
2023-03-27 18:00:00,513.7760400000001
2023-03-27 19:00:00,595.211768
2023-03-27 20:00:00,599.428808
2023-03-27 21:00:00,507.45047999999997
2023-03-27 22:00:00,496.345608
2023-03-27 23:00:00,496.345608
2023-03-28 00:00:00,514.9291840000001
2023-03-28 01:00:00,514.1801280000001
2023-03-28 02:00:00,513.899232
2023-03-28 03:00:00,499.9480640000001
2023-03-28 04:00:00,501.1184640000001
2023-03-28 05:00:00,515.022816
2023-03-28 06:00:00,582.15696
2023-03-28 07:00:00,527.194976
2023-03-28 08:00:00,513.758784
2023-03-28 09:00:00,513.899232
2023-03-28 10:00:00,404.4902400000001
2023-03-28 11:00:00,397.56147200000004
2023-03-28 12:00:00,397.32739200000003
2023-03-28 13:00:00,430.3794880000001
2023-03-28 14:00:00,417.31782400000003
2023-03-28 15:00:00,442.87936
2023-03-28 16:00:00,457.48595200000005
2023-03-28 17:00:00,508.3749440000001
2023-03-28 18:00:00,640.7705920000001
2023-03-28 19:00:00,649.33792
2023-03-28 20:00:00,685.7139520000001
2023-03-28 21:00:00,617.783936
2023-03-28 22:00:00,595.0781760000001
2023-03-28 23:00:00,519.376704
2023-03-29 00:00:00,545.3808499999999
2023-03-29 01:00:00,519.70705
2023-03-29 02:00:00,518.4421
2023-03-29 03:00:00,518.4421
2023-03-29 04:00:00,524.4857499999999
2023-03-29 05:00:00,562.3874
2023-03-29 06:00:00,630.4136
2023-03-29 07:00:00,675.2490499999999
2023-03-29 08:00:00,660.3038999999999
2023-03-29 09:00:00,620.294
2023-03-29 10:00:00,594.5733499999999
2023-03-29 11:00:00,540.4616
2023-03-29 12:00:00,518.8168999999999
2023-03-29 13:00:00,494.73599999999993
2023-03-29 14:00:00,475.76174999999995
2023-03-29 15:00:00,491.6439
2023-03-29 16:00:00,505.1366999999999
2023-03-29 17:00:00,600.38275
2023-03-29 18:00:00,679.8403500000001
2023-03-29 19:00:00,754.0507499999999
2023-03-29 20:00:00,753.7227999999999
2023-03-29 21:00:00,649.29415
2023-03-29 22:00:00,629.2891999999999
2023-03-29 23:00:00,578.26955
2023-03-30 00:00:00,524.920016
2023-03-30 01:00:00,523.188379
2023-03-30 02:00:00,523.375583
2023-03-30 03:00:00,523.515986
2023-03-30 04:00:00,523.5627870000001
2023-03-30 05:00:00,523.4223840000001
2023-03-30 06:00:00,600.0824220000001
2023-03-30 07:00:00,624.652947
2023-03-30 08:00:00,605.1369300000001
2023-03-30 09:00:00,574.8566830000001
2023-03-30 10:00:00,581.9236340000001
2023-03-30 11:00:00,621.891688
2023-03-30 12:00:00,619.738842
2023-03-30 13:00:00,595.7299290000001
2023-03-30 14:00:00,523.469185
2023-03-30 15:00:00,520.2867170000001
2023-03-30 16:00:00,528.055683
2023-03-30 17:00:00,599.0528
2023-03-30 18:00:00,619.130429
2023-03-30 19:00:00,624.3253400000001
2023-03-30 20:00:00,638.974053
2023-03-30 21:00:00,549.1629340000001
2023-03-30 22:00:00,567.9301350000001
2023-03-30 23:00:00,521.784349
2023-03-31 00:00:00,507.244995
2023-03-31 01:00:00,496.865385
2023-03-31 02:00:00,493.17174000000006
2023-03-31 03:00:00,499.62393000000003
2023-03-31 04:00:00,509.956785
2023-03-31 05:00:00,581.5386900000001
2023-03-31 06:00:00,593.741745
2023-03-31 07:00:00,620.2050750000001
2023-03-31 08:00:00,642.928005
2023-03-31 09:00:00,619.0362000000001
2023-03-31 10:00:00,585.1855800000001
2023-03-31 11:00:00,577.5177600000001
2023-03-31 12:00:00,577.5177600000001
2023-03-31 13:00:00,581.07114
2023-03-31 14:00:00,577.4710050000001
2023-03-31 15:00:00,599.071815
2023-03-31 16:00:00,631.4262750000001
2023-03-31 17:00:00,638.2057500000001
2023-03-31 18:00:00,684.3529350000001
2023-03-31 19:00:00,738.6822450000001
2023-03-31 20:00:00,745.6954950000002
2023-03-31 21:00:00,566.7641100000001
2023-03-31 22:00:00,624.2727600000001
2023-03-31 23:00:00,583.1751150000001
2023-04-01 00:00:00,586.1674350000001
2023-04-01 01:00:00,586.2609450000001
2023-04-01 02:00:00,586.3077000000001
2023-04-01 03:00:00,587.7103500000001
2023-04-01 04:00:00,587.52333
2023-04-01 05:00:00,587.9441250000001
2023-04-01 06:00:00,587.757105
2023-04-01 07:00:00,587.9441250000001
2023-04-01 08:00:00,587.89737
2023-04-01 09:00:00,584.25048
2023-04-01 10:00:00,549.511515
2023-04-01 11:00:00,509.48923500000006
2023-04-01 12:00:00,511.6399650000001
2023-04-01 13:00:00,545.7711150000001
2023-04-01 14:00:00,554.23377
2023-04-01 15:00:00,574.8527250000001
2023-04-01 16:00:00,587.757105
2023-04-01 17:00:00,583.87644
2023-04-01 18:00:00,586.3077000000001
2023-04-01 19:00:00,586.1674350000001
2023-04-01 20:00:00,587.9908800000001
2023-04-01 21:00:00,587.6635950000001
2023-04-01 22:00:00,586.2609450000001
2023-04-01 23:00:00,497.56671000000006
2023-04-02 00:00:00,450.15714
2023-04-02 01:00:00,420.70149000000004
2023-04-02 02:00:00,416.4000300000001
2023-04-02 03:00:00,408.12439500000005
2023-04-02 04:00:00,397.4175
2023-04-02 05:00:00,390.54451500000005
2023-04-02 06:00:00,360.247275
2023-04-02 07:00:00,380.11815
2023-04-02 08:00:00,388.6275600000001
2023-04-02 09:00:00,429.49143000000004
2023-04-02 10:00:00,414.7168500000001
2023-04-02 11:00:00,299.98008
2023-04-02 12:00:00,262.48257
2023-04-02 13:00:00,221.89923000000002
2023-04-02 14:00:00,187.44079500000004
2023-04-02 15:00:00,170.00118
2023-04-02 16:00:00,200.438685
2023-04-02 17:00:00,279.68841000000003
2023-04-02 18:00:00,469.46695500000004
2023-04-02 19:00:00,500.41876500000006
2023-04-02 20:00:00,520.055865
2023-04-02 21:00:00,512.99586
2023-04-02 22:00:00,516.876525
2023-04-02 23:00:00,509.6762550000001
2023-04-03 00:00:00,461.637715
2023-04-03 01:00:00,468.70527000000004
2023-04-03 02:00:00,462.62062000000003
2023-04-03 03:00:00,462.1057650000001
2023-04-03 04:00:00,500.53267
2023-04-03 05:00:00,569.6636550000001
2023-04-03 06:00:00,647.0791250000001
2023-04-03 07:00:00,614.877285
2023-04-03 08:00:00,676.6130800000001
2023-04-03 09:00:00,523.513925
2023-04-03 10:00:00,506.00885500000004
2023-04-03 11:00:00,520.612015
2023-04-03 12:00:00,510.87657500000006
2023-04-03 13:00:00,526.9774950000001
2023-04-03 14:00:00,555.76257
2023-04-03 15:00:00,567.6510400000001
2023-04-03 16:00:00,562.31527
2023-04-03 17:00:00,546.167545
2023-04-03 18:00:00,626.110485
2023-04-03 19:00:00,740.0338550000001
2023-04-03 20:00:00,717.193015
2023-04-03 21:00:00,646.3302450000001
2023-04-03 22:00:00,613.61355
2023-04-03 23:00:00,529.45816
2023-04-04 00:00:00,574.1455199999999
2023-04-04 01:00:00,590.98812
2023-04-04 02:00:00,583.12824
2023-04-04 03:00:00,593.60808
2023-04-04 04:00:00,551.735505
2023-04-04 05:00:00,570.3559349999999
2023-04-04 06:00:00,694.00869
2023-04-04 07:00:00,817.755015
2023-04-04 08:00:00,780.888435
2023-04-04 09:00:00,619.854465
2023-04-04 10:00:00,553.9344
2023-04-04 11:00:00,524.08557
2023-04-04 12:00:00,512.7635999999999
2023-04-04 13:00:00,506.58797999999996
2023-04-04 14:00:00,502.049835
2023-04-04 15:00:00,508.59973499999995
2023-04-04 16:00:00,527.407305
2023-04-04 17:00:00,570.7769999999999
2023-04-04 18:00:00,688.2073499999999
2023-04-04 19:00:00,842.1299999999999
2023-04-04 20:00:00,829.5916199999999
2023-04-04 21:00:00,727.8342449999999
2023-04-04 22:00:00,660.79134
2023-04-04 23:00:00,611.9945849999999
2023-04-05 00:00:00,616.208298
2023-04-05 01:00:00,613.8213450000001
2023-04-05 02:00:00,620.326962
2023-04-05 03:00:00,622.667112
2023-04-05 04:00:00,607.03491
2023-04-05 05:00:00,651.544563
2023-04-05 06:00:00,780.346419
2023-04-05 07:00:00,944.999373
2023-04-05 08:00:00,839.5522139999999
2023-04-05 09:00:00,650.0468669999999
2023-04-05 10:00:00,567.8607989999999
2023-04-05 11:00:00,541.651119
2023-04-05 12:00:00,531.21405
2023-04-05 13:00:00,532.056504
2023-04-05 14:00:00,532.056504
2023-04-05 15:00:00,555.223989
2023-04-05 16:00:00,569.452101
2023-04-05 17:00:00,636.8952240000001
2023-04-05 18:00:00,733.917843
2023-04-05 19:00:00,934.000668
2023-04-05 20:00:00,900.208902
2023-04-05 21:00:00,772.155894
2023-04-05 22:00:00,708.5506169999999
2023-04-05 23:00:00,651.170139
2023-04-06 00:00:00,635.709708
2023-04-06 01:00:00,624.453228
2023-04-06 02:00:00,623.5620899999999
2023-04-06 03:00:00,624.687738
2023-04-06 04:00:00,625.9071899999999
2023-04-06 05:00:00,627.361152
2023-04-06 06:00:00,668.400402
2023-04-06 07:00:00,758.0770259999999
2023-04-06 08:00:00,712.347576
2023-04-06 09:00:00,563.246118
2023-04-06 10:00:00,554.569248
2023-04-06 11:00:00,545.282652
2023-04-06 12:00:00,547.721556
2023-04-06 13:00:00,570.79734
2023-04-06 14:00:00,580.787466
2023-04-06 15:00:00,607.943724
2023-04-06 16:00:00,582.006918
2023-04-06 17:00:00,603.488034
2023-04-06 18:00:00,656.628
2023-04-06 19:00:00,758.4522420000001
2023-04-06 20:00:00,706.156512
2023-04-06 21:00:00,617.417928
2023-04-06 22:00:00,626.282406
2023-04-06 23:00:00,616.902006
2023-04-07 00:00:00,606.3942800000001
2023-04-07 01:00:00,616.6101960000001
2023-04-07 02:00:00,601.3800460000001
2023-04-07 03:00:00,600.0679100000001
2023-04-07 04:00:00,615.9541280000001
2023-04-07 05:00:00,609.6277580000001
2023-04-07 06:00:00,636.057926
2023-04-07 07:00:00,617.17254
2023-04-07 08:00:00,603.676284
2023-04-07 09:00:00,632.3558280000001
2023-04-07 10:00:00,619.5625020000001
2023-04-07 11:00:00,624.342426
2023-04-07 12:00:00,622.983428
2023-04-07 13:00:00,625.4202520000001
2023-04-07 14:00:00,625.13908
2023-04-07 15:00:00,621.530706
2023-04-07 16:00:00,623.8738060000001
2023-04-07 17:00:00,639.6194380000001
2023-04-07 18:00:00,649.7416300000001
2023-04-07 19:00:00,657.8018940000001
2023-04-07 20:00:00,694.588564
2023-04-07 21:00:00,639.385128
2023-04-07 22:00:00,642.1031240000001
2023-04-07 23:00:00,620.406018
2023-04-08 00:00:00,617.8754700000001
2023-04-08 01:00:00,610.002654
2023-04-08 02:00:00,609.9557920000001
2023-04-08 03:00:00,605.363316
2023-04-08 04:00:00,610.002654
2023-04-08 05:00:00,603.957456
2023-04-08 06:00:00,595.8503300000001
2023-04-08 07:00:00,620.077984
2023-04-08 08:00:00,624.998494
2023-04-08 09:00:00,620.0311220000001
2023-04-08 10:00:00,620.8746380000001
2023-04-08 11:00:00,618.625262
2023-04-08 12:00:00,600.0210480000001
2023-04-08 13:00:00,551.56574
2023-04-08 14:00:00,542.521374
2023-04-08 15:00:00,543.7397860000001
2023-04-08 16:00:00,589.9925800000001
2023-04-08 17:00:00,620.077984
2023-04-08 18:00:00,589.75827
2023-04-08 19:00:00,684.1383380000001
2023-04-08 20:00:00,680.0144820000002
2023-04-08 21:00:00,643.462122
2023-04-08 22:00:00,632.1683800000001
2023-04-08 23:00:00,595.0536760000001
2023-04-09 00:00:00,599.786738
2023-04-09 01:00:00,552.3155320000001
2023-04-09 02:00:00,561.5473460000001
2023-04-09 03:00:00,552.924738
2023-04-09 04:00:00,554.0962880000001
2023-04-09 05:00:00,552.3155320000001
2023-04-09 06:00:00,562.344
2023-04-09 07:00:00,557.1891800000001
2023-04-09 08:00:00,576.308876
2023-04-09 09:00:00,525.8385020000001
2023-04-09 10:00:00,468.62000000000006
2023-04-09 11:00:00,450.624992
2023-04-09 12:00:00,460.65346
2023-04-09 13:00:00,450.67185400000005
2023-04-09 14:00:00,447.15720400000004
2023-04-09 15:00:00,450.67185400000005
2023-04-09 16:00:00,480.75725800000004
2023-04-09 17:00:00,530.7590120000001
2023-04-09 18:00:00,583.1975900000001
2023-04-09 19:00:00,609.065414
2023-04-09 20:00:00,625.4202520000001
2023-04-09 21:00:00,592.288818
2023-04-09 22:00:00,538.913
2023-04-09 23:00:00,501.14222800000005
2023-04-10 00:00:00,544.161544
2023-04-10 01:00:00,533.75818
2023-04-10 02:00:00,526.8694660000001
2023-04-10 03:00:00,533.75818
2023-04-10 04:00:00,538.8192760000001
2023-04-10 05:00:00,533.75818
2023-04-10 06:00:00,524.807538
2023-04-10 07:00:00,524.7606760000001
2023-04-10 08:00:00,510.32718000000006
2023-04-10 09:00:00,460.6065980000001
2023-04-10 10:00:00,421.52369000000004
2023-04-10 11:00:00,378.41065000000003
2023-04-10 12:00:00,351.32441400000005
2023-04-10 13:00:00,375.552068
2023-04-10 14:00:00,441.533764
2023-04-10 15:00:00,458.87270400000006
2023-04-10 16:00:00,500.767332
2023-04-10 17:00:00,550.815948
2023-04-10 18:00:00,590.9298200000001
2023-04-10 19:00:00,601.145736
2023-04-10 20:00:00,610.986756
2023-04-10 21:00:00,570.919746
2023-04-10 22:00:00,550.8628100000001
2023-04-10 23:00:00,540.08455
2023-04-11 00:00:00,510.13538
2023-04-11 01:00:00,497.35625
2023-04-11 02:00:00,451.06116000000003
2023-04-11 03:00:00,450.68668
2023-04-11 04:00:00,450.96754000000004
2023-04-11 05:00:00,497.40306000000004
2023-04-11 06:00:00,591.81883
2023-04-11 07:00:00,618.8281999999999
2023-04-11 08:00:00,621.58999
2023-04-11 09:00:00,575.43533
2023-04-11 10:00:00,560.12846
2023-04-11 11:00:00,550.15793
2023-04-11 12:00:00,571.40967
2023-04-11 13:00:00,614.6153
2023-04-11 14:00:00,616.86218
2023-04-11 15:00:00,618.31329
2023-04-11 16:00:00,617.51752
2023-04-11 17:00:00,618.3601
2023-04-11 18:00:00,612.2748
2023-04-11 19:00:00,760.47526
2023-04-11 20:00:00,774.14378
2023-04-11 21:00:00,661.84659
2023-04-11 22:00:00,612.2748
2023-04-11 23:00:00,519.591
2023-04-12 00:00:00,598.13454
2023-04-12 01:00:00,611.6659400000001
2023-04-12 02:00:00,618.1050200000001
2023-04-12 03:00:00,599.3477
2023-04-12 04:00:00,593.14192
2023-04-12 05:00:00,587.77602
2023-04-12 06:00:00,747.8198200000002
2023-04-12 07:00:00,837.5003400000002
2023-04-12 08:00:00,762.75102
2023-04-12 09:00:00,714.4579200000001
2023-04-12 10:00:00,667.9379000000001
2023-04-12 11:00:00,633.12954
2023-04-12 12:00:00,626.9704200000001
2023-04-12 13:00:00,621.7445
2023-04-12 14:00:00,619.83144
2023-04-12 15:00:00,629.7233600000001
2023-04-12 16:00:00,638.12216
2023-04-12 17:00:00,684.9688000000001
2023-04-12 18:00:00,697.9402800000001
2023-04-12 19:00:00,817.5298600000001
2023-04-12 20:00:00,811.46406
2023-04-12 21:00:00,621.93114
2023-04-12 22:00:00,598.27452
2023-04-12 23:00:00,598.08788
2023-04-13 00:00:00,614.8754199999998
2023-04-13 01:00:00,608.0383029999999
2023-04-13 02:00:00,607.061572
2023-04-13 03:00:00,602.038384
2023-04-13 04:00:00,619.852097
2023-04-13 05:00:00,619.898608
2023-04-13 06:00:00,796.6869189999999
2023-04-13 07:00:00,807.2914269999999
2023-04-13 08:00:00,747.4317699999999
2023-04-13 09:00:00,697.060357
2023-04-13 10:00:00,644.456416
2023-04-13 11:00:00,670.1769989999999
2023-04-13 12:00:00,661.4329309999999
2023-04-13 13:00:00,624.782263
2023-04-13 14:00:00,605.9918189999999
2023-04-13 15:00:00,620.131163
2023-04-13 16:00:00,675.80483
2023-04-13 17:00:00,756.315371
2023-04-13 18:00:00,776.1755679999999
2023-04-13 19:00:00,796.4543639999999
2023-04-13 20:00:00,840.5933029999999
2023-04-13 21:00:00,742.362071
2023-04-13 22:00:00,645.5261689999999
2023-04-13 23:00:00,611.294073
2023-04-14 00:00:00,585.731412
2023-04-14 01:00:00,579.919662
2023-04-14 02:00:00,615.8130299999999
2023-04-14 03:00:00,615.766536
2023-04-14 04:00:00,589.822884
2023-04-14 05:00:00,592.33356
2023-04-14 06:00:00,672.954156
2023-04-14 07:00:00,800.719668
2023-04-14 08:00:00,799.743294
2023-04-14 09:00:00,703.175256
2023-04-14 10:00:00,624.274938
2023-04-14 11:00:00,580.663566
2023-04-14 12:00:00,575.36325
2023-04-14 13:00:00,579.78018
2023-04-14 14:00:00,579.78018
2023-04-14 15:00:00,579.873168
2023-04-14 16:00:00,579.640698
2023-04-14 17:00:00,574.991298
2023-04-14 18:00:00,642.361104
2023-04-14 19:00:00,700.1996399999999
2023-04-14 20:00:00,703.68669
2023-04-14 21:00:00,634.503618
2023-04-14 22:00:00,601.6323600000001
2023-04-14 23:00:00,559.276326
2023-04-15 00:00:00,576.06066
2023-04-15 01:00:00,520.7328
2023-04-15 02:00:00,531.798372
2023-04-15 03:00:00,502.1352
2023-04-15 04:00:00,488.837916
2023-04-15 05:00:00,481.44536999999997
2023-04-15 06:00:00,490.790664
2023-04-15 07:00:00,519.756426
2023-04-15 08:00:00,550.395972
2023-04-15 09:00:00,545.932548
2023-04-15 10:00:00,549.233622
2023-04-15 11:00:00,567.133812
2023-04-15 12:00:00,551.2328640000001
2023-04-15 13:00:00,606.560724
2023-04-15 14:00:00,615.673548
2023-04-15 15:00:00,615.766536
2023-04-15 16:00:00,618.6026700000001
2023-04-15 17:00:00,600.423516
2023-04-15 18:00:00,618.4631880000001
2023-04-15 19:00:00,618.416694
2023-04-15 20:00:00,625.3907939999999
2023-04-15 21:00:00,594.19332
2023-04-15 22:00:00,593.774874
2023-04-15 23:00:00,571.690224
2023-04-16 00:00:00,518.64057
2023-04-16 01:00:00,535.471398
2023-04-16 02:00:00,531.286938
2023-04-16 03:00:00,531.3799260000001
2023-04-16 04:00:00,535.564386
2023-04-16 05:00:00,538.075062
2023-04-16 06:00:00,535.471398
2023-04-16 07:00:00,535.5178920000001
2023-04-16 08:00:00,526.962996
2023-04-16 09:00:00,533.1931920000001
2023-04-16 10:00:00,516.594834
2023-04-16 11:00:00,501.344802
2023-04-16 12:00:00,483.77007
2023-04-16 13:00:00,476.88895799999995
2023-04-16 14:00:00,471.728124
2023-04-16 15:00:00,481.863816
2023-04-16 16:00:00,535.5178920000001
2023-04-16 17:00:00,614.092752
2023-04-16 18:00:00,611.5820759999999
2023-04-16 19:00:00,617.812272
2023-04-16 20:00:00,650.9159999999999
2023-04-16 21:00:00,627.669
2023-04-16 22:00:00,604.282518
2023-04-16 23:00:00,582.80229
2023-04-17 00:00:00,606.928077
2023-04-17 01:00:00,601.876908
2023-04-17 02:00:00,589.596543
2023-04-17 03:00:00,591.6818880000001
2023-04-17 04:00:00,602.5720230000001
2023-04-17 05:00:00,614.620683
2023-04-17 06:00:00,663.1860510000001
2023-04-17 07:00:00,796.045698
2023-04-17 08:00:00,801.606618
2023-04-17 09:00:00,757.536327
2023-04-17 10:00:00,632.0912400000001
2023-04-17 11:00:00,616.381641
2023-04-17 12:00:00,616.0572540000001
2023-04-17 13:00:00,616.149936
2023-04-17 14:00:00,617.169438
2023-04-17 15:00:00,617.169438
2023-04-17 16:00:00,620.9694000000001
2023-04-17 17:00:00,622.2206070000001
2023-04-17 18:00:00,599.559858
2023-04-17 19:00:00,665.5031010000001
2023-04-17 20:00:00,661.656798
2023-04-17 21:00:00,622.127925
2023-04-17 22:00:00,616.242618
2023-04-17 23:00:00,615.87189
2023-04-18 00:00:00,598.94084
2023-04-18 01:00:00,558.3480179999999
2023-04-18 02:00:00,547.5170939999999
2023-04-18 03:00:00,546.591374
2023-04-18 04:00:00,575.1035499999999
2023-04-18 05:00:00,600.1442759999999
2023-04-18 06:00:00,614.0300759999999
2023-04-18 07:00:00,649.253722
2023-04-18 08:00:00,716.8775679999999
2023-04-18 09:00:00,632.174188
2023-04-18 10:00:00,623.24099
2023-04-18 11:00:00,603.0602939999999
2023-04-18 12:00:00,588.2950599999999
2023-04-18 13:00:00,587.8322
2023-04-18 14:00:00,579.50072
2023-04-18 15:00:00,592.9236599999999
2023-04-18 16:00:00,613.75236
2023-04-18 17:00:00,618.334674
2023-04-18 18:00:00,621.38955
2023-04-18 19:00:00,603.847156
2023-04-18 20:00:00,625.231288
2023-04-18 21:00:00,618.890106
2023-04-18 22:00:00,602.690006
2023-04-18 23:00:00,577.834424
2023-04-19 00:00:00,549.504972
2023-04-19 01:00:00,514.7039159999999
2023-04-19 02:00:00,498.691728
2023-04-19 03:00:00,498.64545
2023-04-19 04:00:00,514.750194
2023-04-19 05:00:00,534.649734
2023-04-19 06:00:00,610.314264
2023-04-19 07:00:00,624.6604439999999
2023-04-19 08:00:00,631.370754
2023-04-19 09:00:00,608.7408119999999
2023-04-19 10:00:00,605.2236839999999
2023-04-19 11:00:00,605.2236839999999
2023-04-19 12:00:00,607.676418
2023-04-19 13:00:00,610.545654
2023-04-19 14:00:00,610.453098
2023-04-19 15:00:00,609.666372
2023-04-19 16:00:00,609.666372
2023-04-19 17:00:00,610.5919319999999
2023-04-19 18:00:00,605.177406
2023-04-19 19:00:00,636.78528
2023-04-19 20:00:00,666.588312
2023-04-19 21:00:00,611.702604
2023-04-19 22:00:00,609.6200939999999
2023-04-19 23:00:00,605.593908
2023-04-20 00:00:00,562.668127
2023-04-20 01:00:00,550.172588
2023-04-20 02:00:00,550.9564409999999
2023-04-20 03:00:00,556.720066
2023-04-20 04:00:00,577.561334
2023-04-20 05:00:00,598.264275
2023-04-20 06:00:00,627.820144
2023-04-20 07:00:00,666.182832
2023-04-20 08:00:00,667.105012
2023-04-20 09:00:00,623.9469879999999
2023-04-20 10:00:00,599.785872
2023-04-20 11:00:00,547.3599389999999
2023-04-20 12:00:00,543.117911
2023-04-20 13:00:00,542.795148
2023-04-20 14:00:00,527.164197
2023-04-20 15:00:00,547.3599389999999
2023-04-20 16:00:00,597.11155
2023-04-20 17:00:00,610.94425
2023-04-20 18:00:00,613.987444
2023-04-20 19:00:00,701.6406529999999
2023-04-20 20:00:00,744.337587
2023-04-20 21:00:00,628.096798
2023-04-20 22:00:00,600.0164169999999
2023-04-20 23:00:00,593.146176
2023-04-21 00:00:00,539.8533140000001
2023-04-21 01:00:00,528.9881100000001
2023-04-21 02:00:00,528.9881100000001
2023-04-21 03:00:00,528.9881100000001
2023-04-21 04:00:00,550.948713
2023-04-21 05:00:00,598.9213510000001
2023-04-21 06:00:00,617.290912
2023-04-21 07:00:00,624.0586450000001
2023-04-21 08:00:00,622.2631240000001
2023-04-21 09:00:00,573.8761350000001
2023-04-21 10:00:00,490.269311
2023-04-21 11:00:00,485.25106000000005
2023-04-21 12:00:00,480.877355
2023-04-21 13:00:00,488.105478
2023-04-21 14:00:00,490.72970100000003
2023-04-21 15:00:00,522.312455
2023-04-21 16:00:00,575.441461
2023-04-21 17:00:00,615.4493520000001
2023-04-21 18:00:00,629.168974
2023-04-21 19:00:00,698.641825
2023-04-21 20:00:00,753.8425860000001
2023-04-21 21:00:00,638.3307350000001
2023-04-21 22:00:00,615.587469
2023-04-21 23:00:00,583.866598
2023-04-22 00:00:00,562.918853
2023-04-22 01:00:00,584.833417
2023-04-22 02:00:00,586.07647
2023-04-22 03:00:00,583.636403
2023-04-22 04:00:00,574.888993
2023-04-22 05:00:00,560.2946300000001
2023-04-22 06:00:00,549.889816
2023-04-22 07:00:00,534.927141
2023-04-22 08:00:00,480.693199
2023-04-22 09:00:00,454.91135900000006
2023-04-22 10:00:00,429.31367500000005
2023-04-22 11:00:00,453.11583800000005
2023-04-22 12:00:00,445.519403
2023-04-22 13:00:00,468.584942
2023-04-22 14:00:00,463.704808
2023-04-22 15:00:00,468.907215
2023-04-22 16:00:00,485.25106000000005
2023-04-22 17:00:00,577.144904
2023-04-22 18:00:00,523.6015470000001
2023-04-22 19:00:00,629.35313
2023-04-22 20:00:00,655.641399
2023-04-22 21:00:00,596.0669330000001
2023-04-22 22:00:00,600.0262870000001
2023-04-22 23:00:00,549.843777
2023-04-23 00:00:00,491.60444200000006
2023-04-23 01:00:00,460.80435100000005
2023-04-23 02:00:00,436.44972
2023-04-23 03:00:00,410.66788
2023-04-23 04:00:00,398.191311
2023-04-23 05:00:00,406.70852600000006
2023-04-23 06:00:00,411.634699
2023-04-23 07:00:00,407.767423
2023-04-23 08:00:00,415.225741
2023-04-23 09:00:00,329.593201
2023-04-23 10:00:00,312.19045900000003
2023-04-23 11:00:00,221.90798000000004
2023-04-23 12:00:00,166.06267300000002
2023-04-23 13:00:00,99.81255200000001
2023-04-23 14:00:00,110.53963900000001
2023-04-23 15:00:00,200.13153300000002
2023-04-23 16:00:00,423.927112
2023-04-23 17:00:00,547.219554
2023-04-23 18:00:00,589.253161
2023-04-23 19:00:00,606.747981
2023-04-23 20:00:00,627.5115700000001
2023-04-23 21:00:00,575.579578
2023-04-23 22:00:00,538.426105
2023-04-23 23:00:00,567.66087
2023-04-24 00:00:00,576.750887
2023-04-24 01:00:00,543.122846
2023-04-24 02:00:00,543.076717
2023-04-24 03:00:00,543.076717
2023-04-24 04:00:00,554.286064
2023-04-24 05:00:00,559.221867
2023-04-24 06:00:00,586.1612029999999
2023-04-24 07:00:00,617.20602
2023-04-24 08:00:00,622.7415
2023-04-24 09:00:00,595.0640999999999
2023-04-24 10:00:00,590.4050709999999
2023-04-24 11:00:00,589.943781
2023-04-24 12:00:00,590.4512
2023-04-24 13:00:00,590.4512
2023-04-24 14:00:00,578.45766
2023-04-24 15:00:00,585.192494
2023-04-24 16:00:00,563.2350899999999
2023-04-24 17:00:00,554.378322
2023-04-24 18:00:00,564.3883149999999
2023-04-24 19:00:00,620.7579529999999
2023-04-24 20:00:00,627.216013
2023-04-24 21:00:00,611.993443
2023-04-24 22:00:00,586.068945
2023-04-24 23:00:00,589.344104
2023-04-25 00:00:00,560.22032
2023-04-25 01:00:00,533.1381
2023-04-25 02:00:00,519.16018
2023-04-25 03:00:00,523.2524
2023-04-25 04:00:00,551.5301
2023-04-25 05:00:00,548.7713
2023-04-25 06:00:00,584.31384
2023-04-25 07:00:00,616.5917999999999
2023-04-25 08:00:00,620.40814
2023-04-25 09:00:00,582.15278
2023-04-25 10:00:00,587.30254
2023-04-25 11:00:00,590.79702
2023-04-25 12:00:00,584.91158
2023-04-25 13:00:00,575.11784
2023-04-25 14:00:00,582.1067999999999
2023-04-25 15:00:00,584.2218799999999
2023-04-25 16:00:00,538.74766
2023-04-25 17:00:00,523.29838
2023-04-25 18:00:00,582.15278
2023-04-25 19:00:00,610.8443
2023-04-25 20:00:00,662.84768
2023-04-25 21:00:00,613.69506
2023-04-25 22:00:00,577.09498
2023-04-25 23:00:00,533.09212
2023-04-26 00:00:00,486.08099100000004
2023-04-26 01:00:00,458.778226
2023-04-26 02:00:00,449.18784300000004
2023-04-26 03:00:00,444.232047
2023-04-26 04:00:00,449.23373000000004
2023-04-26 05:00:00,479.19794100000007
2023-04-26 06:00:00,574.321692
2023-04-26 07:00:00,590.382142
2023-04-26 08:00:00,578.726844
2023-04-26 09:00:00,450.013809
2023-04-26 10:00:00,423.674671
2023-04-26 11:00:00,449.96792200000004
2023-04-26 12:00:00,429.318772
2023-04-26 13:00:00,452.67525500000005
2023-04-26 14:00:00,447.490024
2023-04-26 15:00:00,442.901324
2023-04-26 16:00:00,464.468214
2023-04-26 17:00:00,515.678106
2023-04-26 18:00:00,587.4453740000001
2023-04-26 19:00:00,678.301634
2023-04-26 20:00:00,711.110839
2023-04-26 21:00:00,669.399556
2023-04-26 22:00:00,594.6037460000001
2023-04-26 23:00:00,560.3720440000001
2023-04-27 00:00:00,559.290615
2023-04-27 01:00:00,524.946195
2023-04-27 02:00:00,511.21761
2023-04-27 03:00:00,515.1663
2023-04-27 04:00:00,544.781475
2023-04-27 05:00:00,525.72675
2023-04-27 06:00:00,583.258245
2023-04-27 07:00:00,600.063135
2023-04-27 08:00:00,583.4878199999999
2023-04-27 09:00:00,506.80976999999996
2023-04-27 10:00:00,519.069075
2023-04-27 11:00:00,520.1710350000001
2023-04-27 12:00:00,526.09407
2023-04-27 13:00:00,499.968435
2023-04-27 14:00:00,478.06698
2023-04-27 15:00:00,473.521395
2023-04-27 16:00:00,475.12842
2023-04-27 17:00:00,500.243925
2023-04-27 18:00:00,577.289295
2023-04-27 19:00:00,701.76486
2023-04-27 20:00:00,740.51712
2023-04-27 21:00:00,646.988265
2023-04-27 22:00:00,580.09011
2023-04-27 23:00:00,475.174335
2023-04-28 00:00:00,555.4863449999999
2023-04-28 01:00:00,550.759778
2023-04-28 02:00:00,556.587681
2023-04-28 03:00:00,549.979665
2023-04-28 04:00:00,559.983467
2023-04-28 05:00:00,572.189941
2023-04-28 06:00:00,573.7042779999999
2023-04-28 07:00:00,569.3448229999999
2023-04-28 08:00:00,588.0216459999999
2023-04-28 09:00:00,563.05803
2023-04-28 10:00:00,525.016049
2023-04-28 11:00:00,509.59734499999996
2023-04-28 12:00:00,521.9414859999999
2023-04-28 13:00:00,519.876481
2023-04-28 14:00:00,498.03331699999995
2023-04-28 15:00:00,568.977711
2023-04-28 16:00:00,569.0236
2023-04-28 17:00:00,569.0236
2023-04-28 18:00:00,530.339173
2023-04-28 19:00:00,609.4976979999999
2023-04-28 20:00:00,649.78824
2023-04-28 21:00:00,570.5838259999999
2023-04-28 22:00:00,563.562809
2023-04-28 23:00:00,549.796109
2023-04-29 00:00:00,553.788452
2023-04-29 01:00:00,543.646983
2023-04-29 02:00:00,545.023653
2023-04-29 03:00:00,552.549449
2023-04-29 04:00:00,549.979665
2023-04-29 05:00:00,550.897445
2023-04-29 06:00:00,570.033158
2023-04-29 07:00:00,553.008339
2023-04-29 08:00:00,551.8152249999999
2023-04-29 09:00:00,570.492048
2023-04-29 10:00:00,571.593384
2023-04-29 11:00:00,581.7807419999999
2023-04-29 12:00:00,578.017844
2023-04-29 13:00:00,580.220516
2023-04-29 14:00:00,579.9451819999999
2023-04-29 15:00:00,570.492048
2023-04-29 16:00:00,570.354381
2023-04-29 17:00:00,572.23583
2023-04-29 18:00:00,500.878435
2023-04-29 19:00:00,542.820981
2023-04-29 20:00:00,619.6850559999999
2023-04-29 21:00:00,579.899293
2023-04-29 22:00:00,530.339173
2023-04-29 23:00:00,558.5150189999999
2023-04-30 00:00:00,455.585992
2023-04-30 01:00:00,418.002901
2023-04-30 02:00:00,405.56698199999994
2023-04-30 03:00:00,392.763951
2023-04-30 04:00:00,391.570837
2023-04-30 05:00:00,403.8232
2023-04-30 06:00:00,395.930292
2023-04-30 07:00:00,376.28979999999996
2023-04-30 08:00:00,344.16749999999996
2023-04-30 09:00:00,229.123777
2023-04-30 10:00:00,127.11252999999999
2023-04-30 11:00:00,61.904261
2023-04-30 12:00:00,41.208322
2023-04-30 13:00:00,45.659555
2023-04-30 14:00:00,36.665310999999996
2023-04-30 15:00:00,58.049585
2023-04-30 16:00:00,115.18139000000001
2023-04-30 17:00:00,418.69123599999995
2023-04-30 18:00:00,560.580024
2023-04-30 19:00:00,553.100117
2023-04-30 20:00:00,567.233929
2023-04-30 21:00:00,560.7635799999999
2023-04-30 22:00:00,537.451968
2023-04-30 23:00:00,498.85931899999997
2023-05-01 00:00:00,504.32011
2023-05-01 01:00:00,458.43111
2023-05-01 02:00:00,438.194061
2023-05-01 03:00:00,412.86333299999995
2023-05-01 04:00:00,400.61096999999995
2023-05-01 05:00:00,403.8232
2023-05-01 06:00:00,399.601412
2023-05-01 07:00:00,387.578494
2023-05-01 08:00:00,300.802395
2023-05-01 09:00:00,229.858001
2023-05-01 10:00:00,226.82932699999998
2023-05-01 11:00:00,203.05882499999998
2023-05-01 12:00:00,192.27490999999998
2023-05-01 13:00:00,157.12393600000001
2023-05-01 14:00:00,137.253999
2023-05-01 15:00:00,184.47378
2023-05-01 16:00:00,343.11205299999995
2023-05-01 17:00:00,426.21703199999996
2023-05-01 18:00:00,525.842051
2023-05-01 19:00:00,567.8763749999999
2023-05-01 20:00:00,577.054175
2023-05-01 21:00:00,557.046571
2023-05-01 22:00:00,541.03131
2023-05-01 23:00:00,509.551456
2023-05-02 00:00:00,451.944416
2023-05-02 01:00:00,392.83552
2023-05-02 02:00:00,382.28036
2023-05-02 03:00:00,371.26628
2023-05-02 04:00:00,372.734824
2023-05-02 05:00:00,414.817788
2023-05-02 06:00:00,509.676552
2023-05-02 07:00:00,566.031928
2023-05-02 08:00:00,599.2118439999999
2023-05-02 09:00:00,561.442728
2023-05-02 10:00:00,518.074788
2023-05-02 11:00:00,500.03923199999997
2023-05-02 12:00:00,451.85263199999997
2023-05-02 13:00:00,434.689024
2023-05-02 14:00:00,455.43220799999995
2023-05-02 15:00:00,412.385512
2023-05-02 16:00:00,400.17824
2023-05-02 17:00:00,433.358156
2023-05-02 18:00:00,538.680296
2023-05-02 19:00:00,596.596
2023-05-02 20:00:00,655.613112
2023-05-02 21:00:00,613.5301479999999
2023-05-02 22:00:00,569.1525839999999
2023-05-02 23:00:00,532.943796
2023-05-03 00:00:00,517.569976
2023-05-03 01:00:00,486.68466
2023-05-03 02:00:00,481.774216
2023-05-03 03:00:00,488.93336800000003
2023-05-03 04:00:00,491.365644
2023-05-03 05:00:00,509.538876
2023-05-03 06:00:00,572.27324
2023-05-03 07:00:00,606.00386
2023-05-03 08:00:00,574.10892
2023-05-03 09:00:00,505.27092
2023-05-03 10:00:00,418.351472
2023-05-03 11:00:00,386.22707199999996
2023-05-03 12:00:00,356.12192
2023-05-03 13:00:00,357.26921999999996
2023-05-03 14:00:00,360.894688
2023-05-03 15:00:00,380.765924
2023-05-03 16:00:00,434.643132
2023-05-03 17:00:00,456.07469599999996
2023-05-03 18:00:00,563.829112
2023-05-03 19:00:00,639.7803719999999
2023-05-03 20:00:00,778.007076
2023-05-03 21:00:00,604.489424
2023-05-03 22:00:00,551.39238
2023-05-03 23:00:00,519.818684
2023-05-04 00:00:00,556.562312
2023-05-04 01:00:00,541.563476
2023-05-04 02:00:00,541.563476
2023-05-04 03:00:00,543.99448
2023-05-04 04:00:00,548.6730160000001
2023-05-04 05:00:00,568.625596
2023-05-04 06:00:00,601.191876
2023-05-04 07:00:00,595.183168
2023-05-04 08:00:00,549.9573200000001
2023-05-04 09:00:00,478.953656
2023-05-04 10:00:00,412.812
2023-05-04 11:00:00,365.10928
2023-05-04 12:00:00,387.35526000000004
2023-05-04 13:00:00,413.316548
2023-05-04 14:00:00,431.250936
2023-05-04 15:00:00,441.61710400000004
2023-05-04 16:00:00,486.842952
2023-05-04 17:00:00,567.066084
2023-05-04 18:00:00,603.485276
2023-05-04 19:00:00,669.993876
2023-05-04 20:00:00,717.696596
2023-05-04 21:00:00,611.099364
2023-05-04 22:00:00,575.505796
2023-05-04 23:00:00,525.1886000000001
2023-05-05 00:00:00,500.23826999999994
2023-05-05 01:00:00,500.23826999999994
2023-05-05 02:00:00,506.38685999999996
2023-05-05 03:00:00,506.38685999999996
2023-05-05 04:00:00,514.27908
2023-05-05 05:00:00,500.926545
2023-05-05 06:00:00,541.397115
2023-05-05 07:00:00,521.941875
2023-05-05 08:00:00,508.58934
2023-05-05 09:00:00,449.85654
2023-05-05 10:00:00,417.46173
2023-05-05 11:00:00,378.046515
2023-05-05 12:00:00,364.28101499999997
2023-05-05 13:00:00,353.54392499999994
2023-05-05 14:00:00,362.03265
2023-05-05 15:00:00,372.03558
2023-05-05 16:00:00,418.28765999999996
2023-05-05 17:00:00,458.84999999999997
2023-05-05 18:00:00,527.172765
2023-05-05 19:00:00,553.09779
2023-05-05 20:00:00,558.9251849999999
2023-05-05 21:00:00,551.950665
2023-05-05 22:00:00,530.24706
2023-05-05 23:00:00,478.626435
2023-05-06 00:00:00,489.638835
2023-05-06 01:00:00,457.10637
2023-05-06 02:00:00,439.16533499999997
2023-05-06 03:00:00,420.76545
2023-05-06 04:00:00,412.643805
2023-05-06 05:00:00,420.76545
2023-05-06 06:00:00,446.0022
2023-05-06 07:00:00,454.35326999999995
2023-05-06 08:00:00,436.50400499999995
2023-05-06 09:00:00,428.01527999999996
2023-05-06 10:00:00,378.688905
2023-05-06 11:00:00,434.57683499999996
2023-05-06 12:00:00,430.76838
2023-05-06 13:00:00,438.706485
2023-05-06 14:00:00,435.08156999999994
2023-05-06 15:00:00,450.04008
2023-05-06 16:00:00,470.04594
2023-05-06 17:00:00,499.87118999999996
2023-05-06 18:00:00,517.49103
2023-05-06 19:00:00,503.67964499999994
2023-05-06 20:00:00,513.7284599999999
2023-05-06 21:00:00,498.81583499999994
2023-05-06 22:00:00,473.16612
2023-05-06 23:00:00,423.88562999999994
2023-05-07 00:00:00,430.722495
2023-05-07 01:00:00,396.675825
2023-05-07 02:00:00,378.505365
2023-05-07 03:00:00,383.13975
2023-05-07 04:00:00,380.524305
2023-05-07 05:00:00,384.88338
2023-05-07 06:00:00,378.0924
2023-05-07 07:00:00,375.79815
2023-05-07 08:00:00,370.01664
2023-05-07 09:00:00,310.73321999999996
2023-05-07 10:00:00,270.62973
2023-05-07 11:00:00,230.48035499999997
2023-05-07 12:00:00,231.35217
2023-05-07 13:00:00,231.44393999999997
2023-05-07 14:00:00,231.35217
2023-05-07 15:00:00,246.54010499999998
2023-05-07 16:00:00,281.41270499999996
2023-05-07 17:00:00,395.89578
2023-05-07 18:00:00,436.91697
2023-05-07 19:00:00,465.778635
2023-05-07 20:00:00,517.0780649999999
2023-05-07 21:00:00,485.46329999999995
2023-05-07 22:00:00,462.33726
2023-05-07 23:00:00,441.50547
2023-05-08 00:00:00,456.344632
2023-05-08 01:00:00,447.027748
2023-05-08 02:00:00,446.84506400000004
2023-05-08 03:00:00,454.791818
2023-05-08 04:00:00,487.90329299999996
2023-05-08 05:00:00,499.001346
2023-05-08 06:00:00,538.780787
2023-05-08 07:00:00,541.566718
2023-05-08 08:00:00,506.811087
2023-05-08 09:00:00,456.755671
2023-05-08 10:00:00,418.75739899999996
2023-05-08 11:00:00,373.360425
2023-05-08 12:00:00,369.11302199999994
2023-05-08 13:00:00,355.00068300000004
2023-05-08 14:00:00,372.812373
2023-05-08 15:00:00,433.92017100000004
2023-05-08 16:00:00,488.953726
2023-05-08 17:00:00,558.739014
2023-05-08 18:00:00,562.392694
2023-05-08 19:00:00,612.128413
2023-05-08 20:00:00,678.0773369999999
2023-05-08 21:00:00,557.140529
2023-05-08 22:00:00,515.945287
2023-05-08 23:00:00,454.563463
2023-05-09 00:00:00,510.416159
2023-05-09 01:00:00,470.85468099999997
2023-05-09 02:00:00,470.5349
2023-05-09 03:00:00,471.311511
2023-05-09 04:00:00,490.40700499999997
2023-05-09 05:00:00,500.411582
2023-05-09 06:00:00,527.775699
2023-05-09 07:00:00,552.7642999999999
2023-05-09 08:00:00,538.5112039999999
2023-05-09 09:00:00,478.48374199999995
2023-05-09 10:00:00,402.51291299999997
2023-05-09 11:00:00,360.48455299999995
2023-05-09 12:00:00,308.725714
2023-05-09 13:00:00,282.229574
2023-05-09 14:00:00,290.22409899999997
2023-05-09 15:00:00,371.76825399999996
2023-05-09 16:00:00,385.74725199999995
2023-05-09 17:00:00,457.10409799999996
2023-05-09 18:00:00,528.55231
2023-05-09 19:00:00,563.636854
2023-05-09 20:00:00,566.743298
2023-05-09 21:00:00,515.441289
2023-05-09 22:00:00,500.594314
2023-05-09 23:00:00,426.176707
2023-05-10 00:00:00,418.989968
2023-05-10 01:00:00,407.43601599999994
2023-05-10 02:00:00,402.022944
2023-05-10 03:00:00,392.06107199999997
2023-05-10 04:00:00,398.74780799999996
2023-05-10 05:00:00,408.2548
2023-05-10 06:00:00,447.556432
2023-05-10 07:00:00,432.408928
2023-05-10 08:00:00,420.900464
2023-05-10 09:00:00,414.213728
2023-05-10 10:00:00,347.391856
2023-05-10 11:00:00,254.14145599999998
2023-05-10 12:00:00,249.319728
2023-05-10 13:00:00,278.84144
2023-05-10 14:00:00,273.20092800000003
2023-05-10 15:00:00,314.231104
2023-05-10 16:00:00,388.37654399999997
2023-05-10 17:00:00,470.11848
2023-05-10 18:00:00,497.91164799999996
2023-05-10 19:00:00,489.996736
2023-05-10 20:00:00,489.496368
2023-05-10 21:00:00,497.91164799999996
2023-05-10 22:00:00,492.45308800000004
2023-05-10 23:00:00,443.144096
2023-05-11 00:00:00,452.59000000000003
2023-05-11 01:00:00,438.740746
2023-05-11 02:00:00,434.4864
2023-05-11 03:00:00,435.934688
2023-05-11 04:00:00,439.555408
2023-05-11 05:00:00,461.460764
2023-05-11 06:00:00,478.02555800000005
2023-05-11 07:00:00,484.22604099999995
2023-05-11 08:00:00,451.41326599999996
2023-05-11 09:00:00,513.1012830000001
2023-05-11 10:00:00,386.37608300000005
2023-05-11 11:00:00,407.285741
2023-05-11 12:00:00,414.30088600000005
2023-05-11 13:00:00,449.87446000000006
2023-05-11 14:00:00,448.10935900000004
2023-05-11 15:00:00,438.152379
2023-05-11 16:00:00,467.97806
2023-05-11 17:00:00,520.9310899999999
2023-05-11 18:00:00,541.9312659999999
2023-05-11 19:00:00,563.7461040000001
2023-05-11 20:00:00,607.5115569999999
2023-05-11 21:00:00,552.702908
2023-05-11 22:00:00,515.907341
2023-05-11 23:00:00,460.10299399999997
2023-05-12 00:00:00,447.75973200000004
2023-05-12 01:00:00,432.71776800000004
2023-05-12 02:00:00,430.672788
2023-05-12 03:00:00,432.49054800000005
2023-05-12 04:00:00,431.536224
2023-05-12 05:00:00,449.12305200000003
2023-05-12 06:00:00,525.423528
2023-05-12 07:00:00,551.599272
2023-05-12 08:00:00,472.344936
2023-05-12 09:00:00,502.51975200000004
2023-05-12 10:00:00,374.82211200000006
2023-05-12 11:00:00,303.3387
2023-05-12 12:00:00,240.262428
2023-05-12 13:00:00,249.30578400000002
2023-05-12 14:00:00,241.216752
2023-05-12 15:00:00,261.303
2023-05-12 16:00:00,381.9113760000001
2023-05-12 17:00:00,447.214404
2023-05-12 18:00:00,543.96468
2023-05-12 19:00:00,582.6375240000001
2023-05-12 20:00:00,590.5447800000001
2023-05-12 21:00:00,562.778496
2023-05-12 22:00:00,514.698744
2023-05-12 23:00:00,472.344936
2023-05-13 00:00:00,476.75300400000003
2023-05-13 01:00:00,464.16501600000004
2023-05-13 02:00:00,454.44000000000005
2023-05-13 03:00:00,452.485908
2023-05-13 04:00:00,456.666756
2023-05-13 05:00:00,441.85201200000006
2023-05-13 06:00:00,450.75903600000004
2023-05-13 07:00:00,445.07853600000004
2023-05-13 08:00:00,445.669308
2023-05-13 09:00:00,410.086656
2023-05-13 10:00:00,334.46784
2023-05-13 11:00:00,230.355636
2023-05-13 12:00:00,241.98930000000001
2023-05-13 13:00:00,242.21652
2023-05-13 14:00:00,264.983964
2023-05-13 15:00:00,361.1889120000001
2023-05-13 16:00:00,438.2164920000001
2023-05-13 17:00:00,540.7836000000001
2023-05-13 18:00:00,551.3266080000001
2023-05-13 19:00:00,536.330088
2023-05-13 20:00:00,551.6901600000001
2023-05-13 21:00:00,536.375532
2023-05-13 22:00:00,500.88376800000003
2023-05-13 23:00:00,480.70663200000007
2023-05-14 00:00:00,465.2102280000001
2023-05-14 01:00:00,477.43466400000005
2023-05-14 02:00:00,477.84366000000006
2023-05-14 03:00:00,487.7958960000001
2023-05-14 04:00:00,483.29694
2023-05-14 05:00:00,441.21579600000007
2023-05-14 06:00:00,437.1712800000001
2023-05-14 07:00:00,417.72124800000006
2023-05-14 08:00:00,354.23598000000004
2023-05-14 09:00:00,249.48756000000003
2023-05-14 10:00:00,114.01899600000002
2023-05-14 11:00:00,63.121716000000006
2023-05-14 12:00:00,48.806856
2023-05-14 13:00:00,48.034308
2023-05-14 14:00:00,50.261064000000005
2023-05-14 15:00:00,78.66356400000001
2023-05-14 16:00:00,262.075548
2023-05-14 17:00:00,436.9440600000001
2023-05-14 18:00:00,480.02497200000005
2023-05-14 19:00:00,523.6512120000001
2023-05-14 20:00:00,573.1851720000001
2023-05-14 21:00:00,575.4119280000001
2023-05-14 22:00:00,538.1478480000001
2023-05-14 23:00:00,488.61388800000003
2023-05-15 00:00:00,523.970424
2023-05-15 01:00:00,486.089784
2023-05-15 02:00:00,488.660256
2023-05-15 03:00:00,488.660256
2023-05-15 04:00:00,499.4382
2023-05-15 05:00:00,552.471096
2023-05-15 06:00:00,645.233568
2023-05-15 07:00:00,742.911504
2023-05-15 08:00:00,682.843632
2023-05-15 09:00:00,568.344888
2023-05-15 10:00:00,582.459936
2023-05-15 11:00:00,571.005552
2023-05-15 12:00:00,554.45532
2023-05-15 13:00:00,551.6142719999999
2023-05-15 14:00:00,554.365128
2023-05-15 15:00:00,580.83648
2023-05-15 16:00:00,583.812816
2023-05-15 17:00:00,584.128488
2023-05-15 18:00:00,602.5276560000001
2023-05-15 19:00:00,691.32168
2023-05-15 20:00:00,728.255304
2023-05-15 21:00:00,658.4016
2023-05-15 22:00:00,568.88604
2023-05-15 23:00:00,508.727976
2023-05-16 00:00:00,508.492896
2023-05-16 01:00:00,498.793632
2023-05-16 02:00:00,491.33956800000004
2023-05-16 03:00:00,496.86276000000004
2023-05-16 04:00:00,489.498504
2023-05-16 05:00:00,497.805744
2023-05-16 06:00:00,523.760256
2023-05-16 07:00:00,533.953464
2023-05-16 08:00:00,536.782416
2023-05-16 09:00:00,495.560544
2023-05-16 10:00:00,424.97145600000005
2023-05-16 11:00:00,447.513264
2023-05-16 12:00:00,443.69642400000004
2023-05-16 13:00:00,488.55552
2023-05-16 14:00:00,554.833824
2023-05-16 15:00:00,558.650664
2023-05-16 16:00:00,501.892008
2023-05-16 17:00:00,559.0997040000001
2023-05-16 18:00:00,648.054528
2023-05-16 19:00:00,723.672864
2023-05-16 20:00:00,742.173312
2023-05-16 21:00:00,705.711264
2023-05-16 22:00:00,548.367648
2023-05-16 23:00:00,487.567632
2023-05-17 00:00:00,503.33905500000003
2023-05-17 01:00:00,510.88981500000006
2023-05-17 02:00:00,502.12554000000006
2023-05-17 03:00:00,506.21553500000005
2023-05-17 04:00:00,505.76608500000003
2023-05-17 05:00:00,490.754455
2023-05-17 06:00:00,515.4292600000001
2023-05-17 07:00:00,592.55488
2023-05-17 08:00:00,554.1718500000001
2023-05-17 09:00:00,561.5428300000001
2023-05-17 10:00:00,518.8001350000001
2023-05-17 11:00:00,559.879865
2023-05-17 12:00:00,555.3404200000001
2023-05-17 13:00:00,555.0707500000001
2023-05-17 14:00:00,554.89097
2023-05-17 15:00:00,554.935915
2023-05-17 16:00:00,530.845395
2023-05-17 17:00:00,498.844555
2023-05-17 18:00:00,490.754455
2023-05-17 19:00:00,564.1945850000001
2023-05-17 20:00:00,641.499985
2023-05-17 21:00:00,622.66803
2023-05-17 22:00:00,498.88950000000006
2023-05-17 23:00:00,515.7888200000001
2023-05-18 00:00:00,527.9775549999999
2023-05-18 01:00:00,545.34852
2023-05-18 02:00:00,538.862755
2023-05-18 03:00:00,548.9769200000001
2023-05-18 04:00:00,529.973175
2023-05-18 05:00:00,535.778615
2023-05-18 06:00:00,580.9975499999999
2023-05-18 07:00:00,625.6722249999999
2023-05-18 08:00:00,585.1248549999999
2023-05-18 09:00:00,587.755445
2023-05-18 10:00:00,565.077945
2023-05-18 11:00:00,517.047
2023-05-18 12:00:00,574.421075
2023-05-18 13:00:00,574.421075
2023-05-18 14:00:00,530.10924
2023-05-18 15:00:00,519.6322349999999
2023-05-18 16:00:00,575.28282
2023-05-18 17:00:00,575.691015
2023-05-18 18:00:00,586.304085
2023-05-18 19:00:00,612.519275
2023-05-18 20:00:00,681.0960349999999
2023-05-18 21:00:00,555.50804
2023-05-18 22:00:00,574.46643
2023-05-18 23:00:00,530.6535
2023-05-19 00:00:00,540.6385389999999
2023-05-19 01:00:00,540.7292729999999
2023-05-19 02:00:00,544.948404
2023-05-19 03:00:00,540.77464
2023-05-19 04:00:00,548.668498
2023-05-19 05:00:00,549.984141
2023-05-19 06:00:00,649.700807
2023-05-19 07:00:00,691.665282
2023-05-19 08:00:00,687.7637199999999
2023-05-19 09:00:00,659.7269139999999
2023-05-19 10:00:00,619.758587
2023-05-19 11:00:00,680.777202
2023-05-19 12:00:00,668.0290749999999
2023-05-19 13:00:00,659.999116
2023-05-19 14:00:00,633.595522
2023-05-19 15:00:00,619.758587
2023-05-19 16:00:00,589.725633
2023-05-19 17:00:00,500.443377
2023-05-19 18:00:00,525.123025
2023-05-19 19:00:00,642.941124
2023-05-19 20:00:00,739.2552649999999
2023-05-19 21:00:00,636.272175
2023-05-19 22:00:00,522.1741699999999
2023-05-19 23:00:00,533.4251859999999
2023-05-20 00:00:00,535.421334
2023-05-20 01:00:00,506.70402299999995
2023-05-20 02:00:00,504.20883799999996
2023-05-20 03:00:00,501.71365299999997
2023-05-20 04:00:00,498.719431
2023-05-20 05:00:00,489.69139799999994
2023-05-20 06:00:00,510.96852099999995
2023-05-20 07:00:00,549.666572
2023-05-20 08:00:00,571.987136
2023-05-20 09:00:00,567.359702
2023-05-20 10:00:00,501.80438699999996
2023-05-20 11:00:00,499.80823899999996
2023-05-20 12:00:00,469.684551
2023-05-20 13:00:00,449.768438
2023-05-20 14:00:00,449.768438
2023-05-20 15:00:00,453.715367
2023-05-20 16:00:00,504.980077
2023-05-20 17:00:00,559.692679
2023-05-20 18:00:00,572.032503
2023-05-20 19:00:00,579.6541589999999
2023-05-20 20:00:00,571.987136
2023-05-20 21:00:00,579.427324
2023-05-20 22:00:00,549.666572
2023-05-20 23:00:00,519.860453
2023-05-21 00:00:00,448.67963
2023-05-21 01:00:00,402.223822
2023-05-21 02:00:00,394.874368
2023-05-21 03:00:00,394.874368
2023-05-21 04:00:00,399.002765
2023-05-21 05:00:00,391.290375
2023-05-21 06:00:00,395.781708
2023-05-21 07:00:00,384.576059
2023-05-21 08:00:00,317.705101
2023-05-21 09:00:00,168.58377199999998
2023-05-21 10:00:00,93.818956
2023-05-21 11:00:00,55.075538
2023-05-21 12:00:00,34.29745199999999
2023-05-21 13:00:00,40.013694
2023-05-21 14:00:00,62.515725999999994
2023-05-21 15:00:00,99.76203299999999
2023-05-21 16:00:00,178.473778
2023-05-21 17:00:00,399.45643499999994
2023-05-21 18:00:00,450.5850439999999
2023-05-21 19:00:00,449.813805
2023-05-21 20:00:00,421.50479699999994
2023-05-21 21:00:00,412.8397
2023-05-21 22:00:00,408.03079799999995
2023-05-21 23:00:00,421.958467
2023-05-22 00:00:00,468.624688
2023-05-22 01:00:00,468.398343
2023-05-22 02:00:00,468.76049500000005
2023-05-22 03:00:00,483.38238200000006
2023-05-22 04:00:00,478.44806100000005
2023-05-22 05:00:00,483.38238200000006
2023-05-22 06:00:00,537.5241060000001
2023-05-22 07:00:00,568.0354120000001
2023-05-22 08:00:00,558.257308
2023-05-22 09:00:00,528.968265
2023-05-22 10:00:00,461.38164800000004
2023-05-22 11:00:00,448.97794200000004
2023-05-22 12:00:00,443.54566200000005
2023-05-22 13:00:00,443.54566200000005
2023-05-22 14:00:00,499.181263
2023-05-22 15:00:00,507.51075900000006
2023-05-22 16:00:00,548.2528590000001
2023-05-22 17:00:00,558.16677
2023-05-22 18:00:00,537.6146440000001
2023-05-22 19:00:00,675.4587490000001
2023-05-22 20:00:00,744.7655880000001
2023-05-22 21:00:00,652.099945
2023-05-22 22:00:00,549.1582390000001
2023-05-22 23:00:00,508.642484
2023-05-23 00:00:00,491.327463
2023-05-23 01:00:00,491.327463
2023-05-23 02:00:00,496.320354
2023-05-23 03:00:00,496.320354
2023-05-23 04:00:00,486.379553
2023-05-23 05:00:00,486.379553
2023-05-23 06:00:00,546.3392259999999
2023-05-23 07:00:00,544.000214
2023-05-23 08:00:00,540.986487
2023-05-23 09:00:00,533.429679
2023-05-23 10:00:00,496.275373
2023-05-23 11:00:00,496.860126
2023-05-23 12:00:00,496.725183
2023-05-23 13:00:00,510.444388
2023-05-23 14:00:00,542.245955
2023-05-23 15:00:00,546.204283
2023-05-23 16:00:00,555.51535
2023-05-23 17:00:00,615.430042
2023-05-23 18:00:00,714.7031089999999
2023-05-23 19:00:00,753.566693
2023-05-23 20:00:00,754.511294
2023-05-23 21:00:00,730.49144
2023-05-23 22:00:00,584.887943
2023-05-23 23:00:00,542.245955
2023-05-24 00:00:00,521.5965259999999
2023-05-24 01:00:00,518.8635429999999
2023-05-24 02:00:00,527.600128
2023-05-24 03:00:00,525.494387
2023-05-24 04:00:00,515.7721359999999
2023-05-24 05:00:00,518.1914979999999
2023-05-24 06:00:00,547.851084
2023-05-24 07:00:00,647.492956
2023-05-24 08:00:00,677.3765569999999
2023-05-24 09:00:00,667.385488
2023-05-24 10:00:00,608.693558
2023-05-24 11:00:00,625.360274
2023-05-24 12:00:00,607.6630889999999
2023-05-24 13:00:00,582.752621
2023-05-24 14:00:00,569.0877059999999
2023-05-24 15:00:00,547.851084
2023-05-24 16:00:00,582.439
2023-05-24 17:00:00,677.3765569999999
2023-05-24 18:00:00,733.6939279999999
2023-05-24 19:00:00,767.0273599999999
2023-05-24 20:00:00,846.7766999999999
2023-05-24 21:00:00,767.520193
2023-05-24 22:00:00,684.679446
2023-05-24 23:00:00,507.035551
2023-05-25 00:00:00,496.59084
2023-05-25 01:00:00,502.89504000000005
2023-05-25 02:00:00,510.1899
2023-05-25 03:00:00,511.72092000000004
2023-05-25 04:00:00,502.57983
2023-05-25 05:00:00,502.26462000000004
2023-05-25 06:00:00,551.75259
2023-05-25 07:00:00,732.41295
2023-05-25 08:00:00,732.6381
2023-05-25 09:00:00,577.7349
2023-05-25 10:00:00,523.02345
2023-05-25 11:00:00,527.12118
2023-05-25 12:00:00,527.12118
2023-05-25 13:00:00,527.03112
2023-05-25 14:00:00,526.71591
2023-05-25 15:00:00,534.19089
2023-05-25 16:00:00,591.87432
2023-05-25 17:00:00,651.5840999999999
2023-05-25 18:00:00,733.4036100000001
2023-05-25 19:00:00,742.31955
2023-05-25 20:00:00,752.4062700000001
2023-05-25 21:00:00,719.3092200000001
2023-05-25 22:00:00,484.83801
2023-05-25 23:00:00,491.54748
2023-05-26 00:00:00,472.009786
2023-05-26 01:00:00,472.05502800000005
2023-05-26 02:00:00,486.306258
2023-05-26 03:00:00,487.98021200000005
2023-05-26 04:00:00,487.075372
2023-05-26 05:00:00,472.05502800000005
2023-05-26 06:00:00,502.27668400000005
2023-05-26 07:00:00,537.0677820000001
2023-05-26 08:00:00,533.8556000000001
2023-05-26 09:00:00,528.6075280000001
2023-05-26 10:00:00,381.61627
2023-05-26 11:00:00,359.13099600000004
2023-05-26 12:00:00,351.53034
2023-05-26 13:00:00,344.201136
2023-05-26 14:00:00,339.99363000000005
2023-05-26 15:00:00,372.2964180000001
2023-05-26 16:00:00,502.00523200000003
2023-05-26 17:00:00,528.7432540000001
2023-05-26 18:00:00,657.4567440000001
2023-05-26 19:00:00,723.8720000000001
2023-05-26 20:00:00,724.0529680000001
2023-05-26 21:00:00,703.8750360000001
2023-05-26 22:00:00,459.7492040000001
2023-05-26 23:00:00,418.48850000000004
2023-05-27 00:00:00,443.9145040000001
2023-05-27 01:00:00,449.795964
2023-05-27 02:00:00,474.13616
2023-05-27 03:00:00,470.96922
2023-05-27 04:00:00,464.5448560000001
2023-05-27 05:00:00,452.37475800000004
2023-05-27 06:00:00,506.39370600000007
2023-05-27 07:00:00,509.10822600000006
2023-05-27 08:00:00,499.4264380000001
2023-05-27 09:00:00,348.634852
2023-05-27 10:00:00,318.95610000000005
2023-05-27 11:00:00,230.14605400000002
2023-05-27 12:00:00,185.35647400000002
2023-05-27 13:00:00,182.144292
2023-05-27 14:00:00,205.03674400000003
2023-05-27 15:00:00,302.53325400000006
2023-05-27 16:00:00,469.114298
2023-05-27 17:00:00,499.56216400000005
2023-05-27 18:00:00,554.9383720000001
2023-05-27 19:00:00,636.0120360000001
2023-05-27 20:00:00,661.7094920000001
2023-05-27 21:00:00,569.37057
2023-05-27 22:00:00,453.23435600000005
2023-05-27 23:00:00,428.486982
2023-05-28 00:00:00,394.0125780000001
2023-05-28 01:00:00,380.03280000000007
2023-05-28 02:00:00,370.62246400000004
2023-05-28 03:00:00,352.2994540000001
2023-05-28 04:00:00,352.25421200000005
2023-05-28 05:00:00,337.68628800000005
2023-05-28 06:00:00,348.951546
2023-05-28 07:00:00,317.32738800000004
2023-05-28 08:00:00,199.607704
2023-05-28 09:00:00,60.262344000000006
2023-05-28 10:00:00,50.490072000000005
2023-05-28 11:00:00,41.441672000000004
2023-05-28 12:00:00,29.814478
2023-05-28 13:00:00,43.613288000000004
2023-05-28 14:00:00,50.580556
2023-05-28 15:00:00,80.03309800000001
2023-05-28 16:00:00,259.146176
2023-05-28 17:00:00,449.38878600000004
2023-05-28 18:00:00,476.08156600000007
2023-05-28 19:00:00,476.9864060000001
2023-05-28 20:00:00,476.9411640000001
2023-05-28 21:00:00,449.43402800000007
2023-05-28 22:00:00,385.55232400000006
2023-05-28 23:00:00,314.43190000000004
2023-05-29 00:00:00,469.10995799999995
2023-05-29 01:00:00,472.325832
2023-05-29 02:00:00,468.52113599999996
2023-05-29 03:00:00,468.56643
2023-05-29 04:00:00,468.974076
2023-05-29 05:00:00,442.160028
2023-05-29 06:00:00,549.325632
2023-05-29 07:00:00,589.8184679999999
2023-05-29 08:00:00,523.915698
2023-05-29 09:00:00,475.541706
2023-05-29 10:00:00,449.09001
2023-05-29 11:00:00,444.87766799999997
2023-05-29 12:00:00,448.455894
2023-05-29 13:00:00,467.47937399999995
2023-05-29 14:00:00,475.13406000000003
2023-05-29 15:00:00,459.009396
2023-05-29 16:00:00,473.41288799999995
2023-05-29 17:00:00,571.927338
2023-05-29 18:00:00,690.95997
2023-05-29 19:00:00,679.545882
2023-05-29 20:00:00,666.637092
2023-05-29 21:00:00,637.467756
2023-05-29 22:00:00,473.3223
2023-05-29 23:00:00,349.98673799999995
2023-05-30 00:00:00,470.33322000000004
2023-05-30 01:00:00,327.98066
2023-05-30 02:00:00,337.16032
2023-05-30 03:00:00,365.92024000000004
2023-05-30 04:00:00,343.40068
2023-05-30 05:00:00,382.06378
2023-05-30 06:00:00,493.44064000000003
2023-05-30 07:00:00,564.52648
2023-05-30 08:00:00,549.4682200000001
2023-05-30 09:00:00,498.5505
2023-05-30 10:00:00,469.24794
2023-05-30 11:00:00,454.18968
2023-05-30 12:00:00,442.97512
2023-05-30 13:00:00,454.18968
2023-05-30 14:00:00,443.47254
2023-05-30 15:00:00,491.63184
2023-05-30 16:00:00,479.87464000000006
2023-05-30 17:00:00,456.40546000000006
2023-05-30 18:00:00,554.6233000000001
2023-05-30 19:00:00,624.4882
2023-05-30 20:00:00,694.44354
2023-05-30 21:00:00,607.9829
2023-05-30 22:00:00,574.42966
2023-05-30 23:00:00,492.80756
2023-05-31 00:00:00,480.98560000000003
2023-05-31 01:00:00,448.58713600000004
2023-05-31 02:00:00,408.701632
2023-05-31 03:00:00,441.32697600000006
2023-05-31 04:00:00,401.895232
2023-05-31 05:00:00,416.052544
2023-05-31 06:00:00,578.8162560000001
2023-05-31 07:00:00,653.5505280000001
2023-05-31 08:00:00,624.4191360000001
2023-05-31 09:00:00,527.1329920000001
2023-05-31 10:00:00,415.008896
2023-05-31 11:00:00,387.329536
2023-05-31 12:00:00,363.05337600000007
2023-05-31 13:00:00,363.05337600000007
2023-05-31 14:00:00,392.13939200000004
2023-05-31 15:00:00,474.99596800000006
2023-05-31 16:00:00,506.260032
2023-05-31 17:00:00,595.5600000000001
2023-05-31 18:00:00,651.327104
2023-05-31 19:00:00,695.977088
2023-05-31 20:00:00,677.0552960000001
2023-05-31 21:00:00,696.9299840000001
2023-05-31 22:00:00,691.9386240000001
2023-05-31 23:00:00,572.5543680000001
2023-06-01 00:00:00,394.576896
2023-06-01 01:00:00,389.00352
2023-06-01 02:00:00,399.06278399999997
2023-06-01 03:00:00,400.10496
2023-06-01 04:00:00,399.289344
2023-06-01 05:00:00,374.05056
2023-06-01 06:00:00,436.173312
2023-06-01 07:00:00,488.825856
2023-06-01 08:00:00,448.905984
2023-06-01 09:00:00,395.57376
2023-06-01 10:00:00,308.982528
2023-06-01 11:00:00,271.509504
2023-06-01 12:00:00,268.111104
2023-06-01 13:00:00,273.865728
2023-06-01 14:00:00,260.951808
2023-06-01 15:00:00,349.08364800000004
2023-06-01 16:00:00,464.99174400000004
2023-06-01 17:00:00,439.481088
2023-06-01 18:00:00,556.612608
2023-06-01 19:00:00,543.472128
2023-06-01 20:00:00,581.6248320000001
2023-06-01 21:00:00,549.725184
2023-06-01 22:00:00,583.981056
2023-06-01 23:00:00,504.730368
2023-06-02 00:00:00,377.392132
2023-06-02 01:00:00,368.49797600000005
2023-06-02 02:00:00,375.76680400000004
2023-06-02 03:00:00,373.419108
2023-06-02 04:00:00,370.303896
2023-06-02 05:00:00,404.706672
2023-06-02 06:00:00,523.445912
2023-06-02 07:00:00,534.732912
2023-06-02 08:00:00,423.89457200000004
2023-06-02 09:00:00,392.607008
2023-06-02 10:00:00,325.47193200000004
2023-06-02 11:00:00,285.10962
2023-06-02 12:00:00,253.09968800000001
2023-06-02 13:00:00,235.40167200000002
2023-06-02 14:00:00,235.44682
2023-06-02 15:00:00,250.07477200000002
2023-06-02 16:00:00,348.18137600000006
2023-06-02 17:00:00,385.42847600000005
2023-06-02 18:00:00,488.27562000000006
2023-06-02 19:00:00,506.65085600000003
2023-06-02 20:00:00,533.604212
2023-06-02 21:00:00,497.576108
2023-06-02 22:00:00,428.68026000000003
2023-06-02 23:00:00,384.028888
2023-06-03 00:00:00,389.943276
2023-06-03 01:00:00,369.807268
2023-06-03 02:00:00,369.89756400000005
2023-06-03 03:00:00,372.69674
2023-06-03 04:00:00,381.229712
2023-06-03 05:00:00,390.485052
2023-06-03 06:00:00,439.96726
2023-06-03 07:00:00,450.080412
2023-06-03 08:00:00,389.4015
2023-06-03 09:00:00,270.752556
2023-06-03 10:00:00,249.89418
2023-06-03 11:00:00,194.58788
2023-06-03 12:00:00,199.915344
2023-06-03 13:00:00,200.23138
2023-06-03 14:00:00,193.730068
2023-06-03 15:00:00,289.895308
2023-06-03 16:00:00,354.502096
2023-06-03 17:00:00,460.103268
2023-06-03 18:00:00,476.3114
2023-06-03 19:00:00,506.876596
2023-06-03 20:00:00,496.086224
2023-06-03 21:00:00,472.47382000000005
2023-06-03 22:00:00,442.856732
2023-06-03 23:00:00,366.466316
2023-06-04 00:00:00,370.123304
2023-06-04 01:00:00,353.373396
2023-06-04 02:00:00,351.386884
2023-06-04 03:00:00,351.386884
2023-06-04 04:00:00,342.31213599999995
2023-06-04 05:00:00,338.79059200000006
2023-06-04 06:00:00,354.321504
2023-06-04 07:00:00,340.054736
2023-06-04 08:00:00,229.39698800000002
2023-06-04 09:00:00,98.603232
2023-06-04 10:00:00,45.102852000000006
2023-06-04 11:00:00,30.068568000000003
2023-06-04 12:00:00,30.113716
2023-06-04 13:00:00,30.158864
2023-06-04 14:00:00,30.926379999999998
2023-06-04 15:00:00,50.65605600000001
2023-06-04 16:00:00,150.929764
2023-06-04 17:00:00,374.36721600000004
2023-06-04 18:00:00,410.440468
2023-06-04 19:00:00,447.823012
2023-06-04 20:00:00,512.068616
2023-06-04 21:00:00,489.17858
2023-06-04 22:00:00,446.96520000000004
2023-06-04 23:00:00,462.586408
2023-06-05 00:00:00,452.54659000000004
2023-06-05 01:00:00,453.847269
2023-06-05 02:00:00,453.89212000000003
2023-06-05 03:00:00,453.89212000000003
2023-06-05 04:00:00,448.82395699999995
2023-06-05 05:00:00,449.227616
2023-06-05 06:00:00,513.319695
2023-06-05 07:00:00,547.541008
2023-06-05 08:00:00,498.563716
2023-06-05 09:00:00,435.45835900000003
2023-06-05 10:00:00,382.085669
2023-06-05 11:00:00,363.20339800000005
2023-06-05 12:00:00,373.250022
2023-06-05 13:00:00,381.412904
2023-06-05 14:00:00,428.86526200000003
2023-06-05 15:00:00,459.184538
2023-06-05 16:00:00,449.720977
2023-06-05 17:00:00,533.502645
2023-06-05 18:00:00,662.5838229999999
2023-06-05 19:00:00,682.049157
2023-06-05 20:00:00,692.544291
2023-06-05 21:00:00,685.951194
2023-06-05 22:00:00,673.303212
2023-06-05 23:00:00,568.665829
2023-06-06 00:00:00,468.32786
2023-06-06 01:00:00,441.341758
2023-06-06 02:00:00,432.989986
2023-06-06 03:00:00,420.417426
2023-06-06 04:00:00,410.224672
2023-06-06 05:00:00,432.900182
2023-06-06 06:00:00,635.3633
2023-06-06 07:00:00,647.26233
2023-06-06 08:00:00,549.3759699999999
2023-06-06 09:00:00,477.98179
2023-06-06 10:00:00,454.85725999999994
2023-06-06 11:00:00,454.72255399999995
2023-06-06 12:00:00,459.661774
2023-06-06 13:00:00,459.97608799999995
2023-06-06 14:00:00,477.353162
2023-06-06 15:00:00,491.40748799999994
2023-06-06 16:00:00,525.982028
2023-06-06 17:00:00,568.145006
2023-06-06 18:00:00,474.075316
2023-06-06 19:00:00,594.233068
2023-06-06 20:00:00,677.7956899999999
2023-06-06 21:00:00,561.230098
2023-06-06 22:00:00,687.4945220000001
2023-06-06 23:00:00,551.441462
2023-06-07 00:00:00,447.63126
2023-06-07 01:00:00,408.66396
2023-06-07 02:00:00,398.1831
2023-06-07 03:00:00,400.15386
2023-06-07 04:00:00,399.70596
2023-06-07 05:00:00,427.96845
2023-06-07 06:00:00,571.78914
2023-06-07 07:00:00,634.49514
2023-06-07 08:00:00,615.9968700000001
2023-06-07 09:00:00,563.14467
2023-06-07 10:00:00,471.54912
2023-06-07 11:00:00,429.76005000000004
2023-06-07 12:00:00,429.71526
2023-06-07 13:00:00,466.89096
2023-06-07 14:00:00,471.45954000000006
2023-06-07 15:00:00,471.05643000000003
2023-06-07 16:00:00,469.57836000000003
2023-06-07 17:00:00,519.16089
2023-06-07 18:00:00,536.00193
2023-06-07 19:00:00,616.3104
2023-06-07 20:00:00,656.0839199999999
2023-06-07 21:00:00,614.20527
2023-06-07 22:00:00,555.35121
2023-06-07 23:00:00,498.24396
2023-06-08 00:00:00,420.71247000000005
2023-06-08 01:00:00,399.79554
2023-06-08 02:00:00,421.026
2023-06-08 03:00:00,426.13206
2023-06-08 04:00:00,438.09099000000003
2023-06-08 05:00:00,450.40824000000003
2023-06-08 06:00:00,418.33860000000004
2023-06-08 07:00:00,417.75633
2023-06-08 08:00:00,409.3806
2023-06-08 09:00:00,375.25062
2023-06-08 10:00:00,334.31256
2023-06-08 11:00:00,306.8115
2023-06-08 12:00:00,287.64138
2023-06-08 13:00:00,286.25289
2023-06-08 14:00:00,286.92474000000004
2023-06-08 15:00:00,304.25847000000005
2023-06-08 16:00:00,334.71567000000005
2023-06-08 17:00:00,459.18708
2023-06-08 18:00:00,449.96034
2023-06-08 19:00:00,456.858
2023-06-08 20:00:00,506.75406000000004
2023-06-08 21:00:00,469.3992
2023-06-08 22:00:00,432.58182
2023-06-08 23:00:00,424.11651
2023-06-09 00:00:00,424.8115
2023-06-09 01:00:00,445.023584
2023-06-09 02:00:00,459.73547700000006
2023-06-09 03:00:00,459.73547700000006
2023-06-09 04:00:00,452.67019100000005
2023-06-09 05:00:00,410.32319200000006
2023-06-09 06:00:00,459.780194
2023-06-09 07:00:00,464.92264900000004
2023-06-09 08:00:00,464.788498
2023-06-09 09:00:00,472.166803
2023-06-09 10:00:00,415.286779
2023-06-09 11:00:00,368.78109900000004
2023-06-09 12:00:00,339.804483
2023-06-09 13:00:00,349.821091
2023-06-09 14:00:00,349.731657
2023-06-09 15:00:00,409.741871
2023-06-09 16:00:00,465.861706
2023-06-09 17:00:00,466.30887600000005
2023-06-09 18:00:00,464.386045
2023-06-09 19:00:00,465.593404
2023-06-09 20:00:00,476.012465
2023-06-09 21:00:00,465.593404
2023-06-09 22:00:00,435.90131600000007
2023-06-09 23:00:00,384.56620000000004
2023-06-10 00:00:00,407.416587
2023-06-10 01:00:00,396.371488
2023-06-10 02:00:00,409.83130500000004
2023-06-10 03:00:00,436.482637
2023-06-10 04:00:00,449.85302
2023-06-10 05:00:00,399.948848
2023-06-10 06:00:00,365.47204100000005
2023-06-10 07:00:00,380.09450000000004
2023-06-10 08:00:00,400.21715
2023-06-10 09:00:00,385.8629930000001
2023-06-10 10:00:00,192.640836
2023-06-10 11:00:00,209.230843
2023-06-10 12:00:00,179.00215100000003
2023-06-10 13:00:00,173.68082800000002
2023-06-10 14:00:00,117.91872900000001
2023-06-10 15:00:00,178.912717
2023-06-10 16:00:00,233.020287
2023-06-10 17:00:00,294.90861500000005
2023-06-10 18:00:00,430.40112500000004
2023-06-10 19:00:00,385.281672
2023-06-10 20:00:00,409.9654560000001
2023-06-10 21:00:00,395.29828000000003
2023-06-10 22:00:00,395.700733
2023-06-10 23:00:00,366.45581500000003
2023-06-11 00:00:00,297.18918199999996
2023-06-11 01:00:00,341.72731400000004
2023-06-11 02:00:00,320.039569
2023-06-11 03:00:00,311.543339
2023-06-11 04:00:00,214.775751
2023-06-11 05:00:00,176.363848
2023-06-11 06:00:00,218.08480900000004
2023-06-11 07:00:00,208.604805
2023-06-11 08:00:00,127.17514800000001
2023-06-11 09:00:00,71.10003
2023-06-11 10:00:00,0.089434
2023-06-11 11:00:00,-5.6790590000000005
2023-06-11 12:00:00,-15.472082
2023-06-11 13:00:00,-22.626801999999998
2023-06-11 14:00:00,-22.760953
2023-06-11 15:00:00,-23.431708
2023-06-11 16:00:00,30.273409
2023-06-11 17:00:00,200.91348100000002
2023-06-11 18:00:00,374.81789399999997
2023-06-11 19:00:00,446.76754700000004
2023-06-11 20:00:00,478.203598
2023-06-11 21:00:00,463.08925200000004
2023-06-11 22:00:00,437.9135810000001
2023-06-11 23:00:00,401.46922600000005
2023-06-12 00:00:00,418.504478
2023-06-12 01:00:00,406.303828
2023-06-12 02:00:00,410.16367
2023-06-12 03:00:00,421.03334000000007
2023-06-12 04:00:00,438.9128380000001
2023-06-12 05:00:00,428.84175600000003
2023-06-12 06:00:00,480.1732180000001
2023-06-12 07:00:00,553.46585
2023-06-12 08:00:00,551.868674
2023-06-12 09:00:00,470.32396600000004
2023-06-12 10:00:00,406.1263640000001
2023-06-12 11:00:00,396.1440140000001
2023-06-12 12:00:00,403.464404
2023-06-12 13:00:00,411.228454
2023-06-12 14:00:00,426.80092
2023-06-12 15:00:00,450.04870400000004
2023-06-12 16:00:00,421.61009800000005
2023-06-12 17:00:00,450.04870400000004
2023-06-12 18:00:00,614.91276
2023-06-12 19:00:00,637.4506880000001
2023-06-12 20:00:00,636.2084400000001
2023-06-12 21:00:00,518.771638
2023-06-12 22:00:00,474.7162
2023-06-12 23:00:00,435.23046
2023-06-13 00:00:00,422.258907
2023-06-13 01:00:00,419.706276
2023-06-13 02:00:00,423.91587799999996
2023-06-13 03:00:00,413.34709
2023-06-13 04:00:00,419.66149299999995
2023-06-13 05:00:00,423.602397
2023-06-13 06:00:00,507.212258
2023-06-13 07:00:00,660.504467
2023-06-13 08:00:00,718.4984519999999
2023-06-13 09:00:00,724.1858930000001
2023-06-13 10:00:00,704.8396369999999
2023-06-13 11:00:00,674.6111119999999
2023-06-13 12:00:00,667.71453
2023-06-13 13:00:00,654.4139789999999
2023-06-13 14:00:00,610.168375
2023-06-13 15:00:00,724.320242
2023-06-13 16:00:00,656.026167
2023-06-13 17:00:00,680.5672509999999
2023-06-13 18:00:00,724.1858930000001
2023-06-13 19:00:00,721.633262
2023-06-13 20:00:00,716.304085
2023-06-13 21:00:00,725.663732
2023-06-13 22:00:00,661.803174
2023-06-13 23:00:00,523.692402
2023-06-14 00:00:00,434.85337499999997
2023-06-14 01:00:00,457.210875
2023-06-14 02:00:00,472.10096999999996
2023-06-14 03:00:00,465.57258
2023-06-14 04:00:00,429.89000999999996
2023-06-14 05:00:00,438.83301
2023-06-14 06:00:00,567.567495
2023-06-14 07:00:00,612.550785
2023-06-14 08:00:00,572.352
2023-06-14 09:00:00,461.99537999999995
2023-06-14 10:00:00,474.24728999999996
2023-06-14 11:00:00,523.567935
2023-06-14 12:00:00,523.70208
2023-06-14 13:00:00,539.039325
2023-06-14 14:00:00,509.706285
2023-06-14 15:00:00,540.7832099999999
2023-06-14 16:00:00,554.55543
2023-06-14 17:00:00,520.616745
2023-06-14 18:00:00,536.49057
2023-06-14 19:00:00,635.266005
2023-06-14 20:00:00,683.200485
2023-06-14 21:00:00,645.23745
2023-06-14 22:00:00,535.551555
2023-06-14 23:00:00,486.05205
2023-06-15 00:00:00,478.10869600000007
2023-06-15 01:00:00,458.69334100000003
2023-06-15 02:00:00,449.09724600000004
2023-06-15 03:00:00,451.864492
2023-06-15 04:00:00,447.98142100000007
2023-06-15 05:00:00,506.04895400000004
2023-06-15 06:00:00,714.0833670000001
2023-06-15 07:00:00,741.35413
2023-06-15 08:00:00,625.174431
2023-06-15 09:00:00,582.46065
2023-06-15 10:00:00,479.894016
2023-06-15 11:00:00,521.938302
2023-06-15 12:00:00,519.751285
2023-06-15 13:00:00,523.1433930000001
2023-06-15 14:00:00,521.8490360000001
2023-06-15 15:00:00,460.47866100000005
2023-06-15 16:00:00,531.57903
2023-06-15 17:00:00,588.7092700000001
2023-06-15 18:00:00,682.3046710000001
2023-06-15 19:00:00,714.3065320000001
2023-06-15 20:00:00,799.912626
2023-06-15 21:00:00,769.071223
2023-06-15 22:00:00,672.887108
2023-06-15 23:00:00,559.2961230000001
2023-06-16 00:00:00,562.4591280000001
2023-06-16 01:00:00,542.931774
2023-06-16 02:00:00,515.914476
2023-06-16 03:00:00,503.07457200000005
2023-06-16 04:00:00,504.67956000000004
2023-06-16 05:00:00,525.856485
2023-06-16 06:00:00,637.0910700000001
2023-06-16 07:00:00,690.5015040000001
2023-06-16 08:00:00,747.924408
2023-06-16 09:00:00,644.2689330000001
2023-06-16 10:00:00,588.272685
2023-06-16 11:00:00,544.581345
2023-06-16 12:00:00,538.428891
2023-06-16 13:00:00,558.535824
2023-06-16 14:00:00,568.1211690000001
2023-06-16 15:00:00,645.1605930000001
2023-06-16 16:00:00,642.9314430000001
2023-06-16 17:00:00,674.09496
2023-06-16 18:00:00,701.691837
2023-06-16 19:00:00,734.9507550000001
2023-06-16 20:00:00,781.2279090000001
2023-06-16 21:00:00,760.4968140000001
2023-06-16 22:00:00,733.6132650000001
2023-06-16 23:00:00,648.816399
2023-06-17 00:00:00,583.1902230000001
2023-06-17 01:00:00,591.17058
2023-06-17 02:00:00,598.482192
2023-06-17 03:00:00,575.2098660000001
2023-06-17 04:00:00,567.09576
2023-06-17 05:00:00,577.884846
2023-06-17 06:00:00,520.6848570000001
2023-06-17 07:00:00,582.788976
2023-06-17 08:00:00,615.4683150000001
2023-06-17 09:00:00,616.3599750000001
2023-06-17 10:00:00,539.320551
2023-06-17 11:00:00,520.016112
2023-06-17 12:00:00,518.589456
2023-06-17 13:00:00,517.4302980000001
2023-06-17 14:00:00,517.207383
2023-06-17 15:00:00,520.1498610000001
2023-06-17 16:00:00,556.529589
2023-06-17 17:00:00,600.2209290000001
2023-06-17 18:00:00,625.588656
2023-06-17 19:00:00,687.0686130000001
2023-06-17 20:00:00,699.6410190000001
2023-06-17 21:00:00,689.9219250000001
2023-06-17 22:00:00,652.1155410000001
2023-06-17 23:00:00,609.2266950000001
2023-06-18 00:00:00,575.3436150000001
2023-06-18 01:00:00,528.665214
2023-06-18 02:00:00,495.89670900000004
2023-06-18 03:00:00,547.7021550000001
2023-06-18 04:00:00,535.3972470000001
2023-06-18 05:00:00,528.3085500000001
2023-06-18 06:00:00,524.563578
2023-06-18 07:00:00,516.2265570000001
2023-06-18 08:00:00,494.5592190000001
2023-06-18 09:00:00,494.60380200000003
2023-06-18 10:00:00,447.88081800000003
2023-06-18 11:00:00,424.65307500000006
2023-06-18 12:00:00,447.88081800000003
2023-06-18 13:00:00,448.68331200000006
2023-06-18 14:00:00,457.86741000000006
2023-06-18 15:00:00,488.71884600000004
2023-06-18 16:00:00,516.895302
2023-06-18 17:00:00,578.731923
2023-06-18 18:00:00,687.6927750000001
2023-06-18 19:00:00,701.4243390000001
2023-06-18 20:00:00,708.780534
2023-06-18 21:00:00,640.2564630000002
2023-06-18 22:00:00,618.9457890000001
2023-06-18 23:00:00,525.544404
2023-06-19 00:00:00,486.35958000000005
2023-06-19 01:00:00,519.613416
2023-06-19 02:00:00,519.613416
2023-06-19 03:00:00,629.06655
2023-06-19 04:00:00,599.7249300000001
2023-06-19 05:00:00,660.097536
2023-06-19 06:00:00,743.7211530000001
2023-06-19 07:00:00,743.7656100000002
2023-06-19 08:00:00,741.09819
2023-06-19 09:00:00,630.933744
2023-06-19 10:00:00,514.7676030000001
2023-06-19 11:00:00,514.7676030000001
2023-06-19 12:00:00,514.8120600000001
2023-06-19 13:00:00,514.7676030000001
2023-06-19 14:00:00,519.8357010000001
2023-06-19 15:00:00,668.9444790000001
2023-06-19 16:00:00,741.3649320000001
2023-06-19 17:00:00,747.633369
2023-06-19 18:00:00,814.2744120000001
2023-06-19 19:00:00,805.827582
2023-06-19 20:00:00,874.5581040000001
2023-06-19 21:00:00,788.7560940000001
2023-06-19 22:00:00,666.365973
2023-06-19 23:00:00,612.4840890000002
2023-06-20 00:00:00,574.3104539999999
2023-06-20 01:00:00,499.298114
2023-06-20 02:00:00,594.239768
2023-06-20 03:00:00,598.1901220000001
2023-06-20 04:00:00,577.994492
2023-06-20 05:00:00,523.577256
2023-06-20 06:00:00,723.93566
2023-06-20 07:00:00,723.26987
2023-06-20 08:00:00,734.81023
2023-06-20 09:00:00,724.201976
2023-06-20 10:00:00,558.952898
2023-06-20 11:00:00,549.010434
2023-06-20 12:00:00,539.0679700000001
2023-06-20 13:00:00,558.908512
2023-06-20 14:00:00,598.98907
2023-06-20 15:00:00,735.69795
2023-06-20 16:00:00,739.559532
2023-06-20 17:00:00,741.823218
2023-06-20 18:00:00,737.7397060000001
2023-06-20 19:00:00,718.564954
2023-06-20 20:00:00,732.724088
2023-06-20 21:00:00,741.69006
2023-06-20 22:00:00,749.058136
2023-06-20 23:00:00,723.802502
2023-06-21 00:00:00,569.8434560000001
2023-06-21 01:00:00,569.577008
2023-06-21 02:00:00,569.5326
2023-06-21 03:00:00,560.562184
2023-06-21 04:00:00,575.1724160000001
2023-06-21 05:00:00,561.938832
2023-06-21 06:00:00,656.749912
2023-06-21 07:00:00,779.6268480000001
2023-06-21 08:00:00,789.4410160000001
2023-06-21 09:00:00,751.649808
2023-06-21 10:00:00,749.82908
2023-06-21 11:00:00,749.7402640000001
2023-06-21 12:00:00,749.7402640000001
2023-06-21 13:00:00,749.8734880000001
2023-06-21 14:00:00,749.7402640000001
2023-06-21 15:00:00,750.27316
2023-06-21 16:00:00,665.9867760000001
2023-06-21 17:00:00,760.664632
2023-06-21 18:00:00,887.893552
2023-06-21 19:00:00,949.265408
2023-06-21 20:00:00,846.8161520000001
2023-06-21 21:00:00,803.385128
2023-06-21 22:00:00,688.590448
2023-06-21 23:00:00,600.39616
2023-06-22 00:00:00,592.0939250000001
2023-06-22 01:00:00,573.87224
2023-06-22 02:00:00,597.7688050000002
2023-06-22 03:00:00,570.94613
2023-06-22 04:00:00,558.9313450000001
2023-06-22 05:00:00,588.9018050000001
2023-06-22 06:00:00,788.09896
2023-06-22 07:00:00,898.1384300000002
2023-06-22 08:00:00,898.1384300000002
2023-06-22 09:00:00,818.291095
2023-06-22 10:00:00,741.63588
2023-06-22 11:00:00,742.1679000000001
2023-06-22 12:00:00,740.7048450000001
2023-06-22 13:00:00,740.83785
2023-06-22 14:00:00,742.478245
2023-06-22 15:00:00,810.665475
2023-06-22 16:00:00,748.46347
2023-06-22 17:00:00,886.7
2023-06-22 18:00:00,937.729585
2023-06-22 19:00:00,928.9512550000001
2023-06-22 20:00:00,936.3995350000001
2023-06-22 21:00:00,898.1384300000002
2023-06-22 22:00:00,740.12849
2023-06-22 23:00:00,538.9362600000001
2023-06-23 00:00:00,550.283901
2023-06-23 01:00:00,624.731727
2023-06-23 02:00:00,625.530333
2023-06-23 03:00:00,600.329877
2023-06-23 04:00:00,627.3050129999999
2023-06-23 05:00:00,600.152409
2023-06-23 06:00:00,730.813224
2023-06-23 07:00:00,643.232766
2023-06-23 08:00:00,656.143563
2023-06-23 09:00:00,601.4390520000001
2023-06-23 10:00:00,625.441599
2023-06-23 11:00:00,667.989552
2023-06-23 12:00:00,723.980706
2023-06-23 13:00:00,671.7163800000001
2023-06-23 14:00:00,676.019979
2023-06-23 15:00:00,682.275726
2023-06-23 16:00:00,730.857591
2023-06-23 17:00:00,732.5435370000001
2023-06-23 18:00:00,661.778172
2023-06-23 19:00:00,630.321969
2023-06-23 20:00:00,608.27157
2023-06-23 21:00:00,599.442537
2023-06-23 22:00:00,650.331486
2023-06-23 23:00:00,585.600033
2023-06-24 00:00:00,539.192151
2023-06-24 01:00:00,534.223047
2023-06-24 02:00:00,591.900147
2023-06-24 03:00:00,587.907117
2023-06-24 04:00:00,574.907586
2023-06-24 05:00:00,588.3507870000001
2023-06-24 06:00:00,539.236518
2023-06-24 07:00:00,434.752233
2023-06-24 08:00:00,449.43771
2023-06-24 09:00:00,552.324783
2023-06-24 10:00:00,569.67228
2023-06-24 11:00:00,669.098727
2023-06-24 12:00:00,658.273179
2023-06-24 13:00:00,640.393278
2023-06-24 14:00:00,541.5879689999999
2023-06-24 15:00:00,622.1584409999999
2023-06-24 16:00:00,608.7596070000001
2023-06-24 17:00:00,601.1284830000001
2023-06-24 18:00:00,663.242283
2023-06-24 19:00:00,648.423705
2023-06-24 20:00:00,625.0866629999999
2023-06-24 21:00:00,663.7746870000001
2023-06-24 22:00:00,700.865499
2023-06-24 23:00:00,630.721272
2023-06-25 00:00:00,535.642791
2023-06-25 01:00:00,500.859063
2023-06-25 02:00:00,547.400046
2023-06-25 03:00:00,560.266476
2023-06-25 04:00:00,543.717585
2023-06-25 05:00:00,563.815836
2023-06-25 06:00:00,540.2125920000001
2023-06-25 07:00:00,506.80424100000005
2023-06-25 08:00:00,506.80424100000005
2023-06-25 09:00:00,381.33436500000005
2023-06-25 10:00:00,249.65310900000003
2023-06-25 11:00:00,285.102342
2023-06-25 12:00:00,300.49769100000003
2023-06-25 13:00:00,282.041019
2023-06-25 14:00:00,285.102342
2023-06-25 15:00:00,371.573625
2023-06-25 16:00:00,500.193558
2023-06-25 17:00:00,692.036466
2023-06-25 18:00:00,731.1681600000001
2023-06-25 19:00:00,723.5370360000001
2023-06-25 20:00:00,725.222982
2023-06-25 21:00:00,731.389995
2023-06-25 22:00:00,643.587702
2023-06-25 23:00:00,527.9673
2023-06-26 00:00:00,669.2833730000001
2023-06-26 01:00:00,663.8791390000001
2023-06-26 02:00:00,668.2645420000001
2023-06-26 03:00:00,663.967733
2023-06-26 04:00:00,649.881287
2023-06-26 05:00:00,699.1838480000001
2023-06-26 06:00:00,801.8642940000001
2023-06-26 07:00:00,799.2507710000001
2023-06-26 08:00:00,741.310295
2023-06-26 09:00:00,699.4496300000001
2023-06-26 10:00:00,564.34378
2023-06-26 11:00:00,557.0347750000001
2023-06-26 12:00:00,564.5652650000001
2023-06-26 13:00:00,564.7424530000001
2023-06-26 14:00:00,564.875344
2023-06-26 15:00:00,699.1838480000001
2023-06-26 16:00:00,742.019047
2023-06-26 17:00:00,758.3203430000001
2023-06-26 18:00:00,874.7328590000001
2023-06-26 19:00:00,899.804961
2023-06-26 20:00:00,958.8971590000001
2023-06-26 21:00:00,878.9410740000001
2023-06-26 22:00:00,727.8883040000001
2023-06-26 23:00:00,637.5667210000001
2023-06-27 00:00:00,593.5652580000001
2023-06-27 01:00:00,527.800548
2023-06-27 02:00:00,574.9651380000001
2023-06-27 03:00:00,555.8335860000001
2023-06-27 04:00:00,514.027602
2023-06-27 05:00:00,493.611756
2023-06-27 06:00:00,510.5732940000001
2023-06-27 07:00:00,575.7180000000001
2023-06-27 08:00:00,563.4950640000001
2023-06-27 09:00:00,454.241502
2023-06-27 10:00:00,404.198322
2023-06-27 11:00:00,387.458214
2023-06-27 12:00:00,390.24823200000003
2023-06-27 13:00:00,446.004306
2023-06-27 14:00:00,455.70294000000007
2023-06-27 15:00:00,454.418646
2023-06-27 16:00:00,482.673114
2023-06-27 17:00:00,585.416634
2023-06-27 18:00:00,694.803054
2023-06-27 19:00:00,698.7445080000001
2023-06-27 20:00:00,705.0774060000001
2023-06-27 21:00:00,689.31159
2023-06-27 22:00:00,691.3487460000001
2023-06-27 23:00:00,585.416634
2023-06-28 00:00:00,471.1544
2023-06-28 01:00:00,460.4504
2023-06-28 02:00:00,471.10979999999995
2023-06-28 03:00:00,471.1544
2023-06-28 04:00:00,447.2934
2023-06-28 05:00:00,431.6388
2023-06-28 06:00:00,517.5384
2023-06-28 07:00:00,586.49
2023-06-28 08:00:00,570.5232
2023-06-28 09:00:00,575.5630000000001
2023-06-28 10:00:00,523.5147999999999
2023-06-28 11:00:00,593.9828
2023-06-28 12:00:00,600.0484
2023-06-28 13:00:00,593.4476
2023-06-28 14:00:00,543.9416
2023-06-28 15:00:00,600.0484
2023-06-28 16:00:00,560.0868
2023-06-28 17:00:00,533.1484
2023-06-28 18:00:00,619.3602
2023-06-28 19:00:00,720.2454
2023-06-28 20:00:00,742.0102
2023-06-28 21:00:00,702.896
2023-06-28 22:00:00,721.2712
2023-06-28 23:00:00,594.0274
2023-06-29 00:00:00,532.409328
2023-06-29 01:00:00,496.08640800000006
2023-06-29 02:00:00,500.14209600000004
2023-06-29 03:00:00,500.63234400000005
2023-06-29 04:00:00,499.60728
2023-06-29 05:00:00,496.04184000000004
2023-06-29 06:00:00,552.554064
2023-06-29 07:00:00,582.28092
2023-06-29 08:00:00,580.765608
2023-06-29 09:00:00,518.726952
2023-06-29 10:00:00,496.04184000000004
2023-06-29 11:00:00,478.12550400000003
2023-06-29 12:00:00,479.64081600000003
2023-06-29 13:00:00,479.685384
2023-06-29 14:00:00,479.59624800000006
2023-06-29 15:00:00,510.259032
2023-06-29 16:00:00,520.821648
2023-06-29 17:00:00,598.236264
2023-06-29 18:00:00,719.3720880000001
2023-06-29 19:00:00,749.4554880000001
2023-06-29 20:00:00,777.7116000000001
2023-06-29 21:00:00,763.806384
2023-06-29 22:00:00,728.24112
2023-06-29 23:00:00,634.42548
2023-06-30 00:00:00,530.9652930000001
2023-06-30 01:00:00,461.27359500000006
2023-06-30 02:00:00,460.02751100000006
2023-06-30 03:00:00,469.729165
2023-06-30 04:00:00,469.77366800000004
2023-06-30 05:00:00,495.540905
2023-06-30 06:00:00,597.096751
2023-06-30 07:00:00,614.5419270000001
2023-06-30 08:00:00,695.9824169999999
2023-06-30 09:00:00,679.0267740000002
2023-06-30 10:00:00,719.9695340000001
2023-06-30 11:00:00,721.7496540000001
2023-06-30 12:00:00,721.705151
2023-06-30 13:00:00,721.7496540000001
2023-06-30 14:00:00,721.6161450000001
2023-06-30 15:00:00,651.9689500000001
2023-06-30 16:00:00,637.0604450000001
2023-06-30 17:00:00,666.076401
2023-06-30 18:00:00,723.61878
2023-06-30 19:00:00,736.6581590000001
2023-06-30 20:00:00,738.260267
2023-06-30 21:00:00,732.1188530000001
2023-06-30 22:00:00,723.61878
2023-06-30 23:00:00,599.4999130000001
2023-07-01 00:00:00,600.122955
2023-07-01 01:00:00,589.798259
2023-07-01 02:00:00,514.632692
2023-07-01 03:00:00,529.8972210000001
2023-07-01 04:00:00,493.13774300000006
2023-07-01 05:00:00,493.22674900000004
2023-07-01 06:00:00,497.276522
2023-07-01 07:00:00,494.917863
2023-07-01 08:00:00,505.598583
2023-07-01 09:00:00,549.656553
2023-07-01 10:00:00,588.32966
2023-07-01 11:00:00,549.567547
2023-07-01 12:00:00,487.75288
2023-07-01 13:00:00,484.63767000000007
2023-07-01 14:00:00,493.22674900000004
2023-07-01 15:00:00,493.13774300000006
2023-07-01 16:00:00,490.5565690000001
2023-07-01 17:00:00,589.442235
2023-07-01 18:00:00,659.53446
2023-07-01 19:00:00,669.102605
2023-07-01 20:00:00,654.906148
2023-07-01 21:00:00,604.4842490000001
2023-07-01 22:00:00,552.1042180000001
2023-07-01 23:00:00,429.186932
2023-07-02 00:00:00,385.21796800000004
2023-07-02 01:00:00,350.23861000000005
2023-07-02 02:00:00,375.29379900000004
2023-07-02 03:00:00,385.173465
2023-07-02 04:00:00,269.19864700000005
2023-07-02 05:00:00,220.11183800000003
2023-07-02 06:00:00,220.11183800000003
2023-07-02 07:00:00,150.01961300000002
2023-07-02 08:00:00,60.034547
2023-07-02 09:00:00,17.222661000000002
2023-07-02 10:00:00,19.937344000000003
2023-07-02 11:00:00,22.785536000000004
2023-07-02 12:00:00,19.981847000000002
2023-07-02 13:00:00,20.02635
2023-07-02 14:00:00,20.02635
2023-07-02 15:00:00,19.937344000000003
2023-07-02 16:00:00,12.193822000000003
2023-07-02 17:00:00,30.306543
2023-07-02 18:00:00,201.06455400000002
2023-07-02 19:00:00,406.1343780000001
2023-07-02 20:00:00,420.73136200000005
2023-07-02 21:00:00,420.286332
2023-07-02 22:00:00,422.33347000000003
2023-07-02 23:00:00,383.08182400000004
2023-07-03 00:00:00,308.91737
2023-07-03 01:00:00,223.067593
2023-07-03 02:00:00,214.77956600000002
2023-07-03 03:00:00,214.690924
2023-07-03 04:00:00,214.690924
2023-07-03 05:00:00,254.890071
2023-07-03 06:00:00,428.938638
2023-07-03 07:00:00,491.475569
2023-07-03 08:00:00,464.971611
2023-07-03 09:00:00,214.42499800000002
2023-07-03 10:00:00,199.31153700000002
2023-07-03 11:00:00,226.258705
2023-07-03 12:00:00,179.322766
2023-07-03 13:00:00,253.117231
2023-07-03 14:00:00,188.58585499999998
2023-07-03 15:00:00,219.300308
2023-07-03 16:00:00,351.243925
2023-07-03 17:00:00,463.33173400000004
2023-07-03 18:00:00,662.643271
2023-07-03 19:00:00,719.640077
2023-07-03 20:00:00,724.160819
2023-07-03 21:00:00,719.595756
2023-07-03 22:00:00,659.585122
2023-07-03 23:00:00,587.9180650000001
2023-07-04 00:00:00,594.896301
2023-07-04 01:00:00,567.4470409999999
2023-07-04 02:00:00,510.777601
2023-07-04 03:00:00,504.490835
2023-07-04 04:00:00,486.51599699999997
2023-07-04 05:00:00,448.131306
2023-07-04 06:00:00,513.965257
2023-07-04 07:00:00,531.1431809999999
2023-07-04 08:00:00,501.568817
2023-07-04 09:00:00,327.08892399999996
2023-07-04 10:00:00,224.641202
2023-07-04 11:00:00,224.28701799999996
2023-07-04 12:00:00,224.41983699999997
2023-07-04 13:00:00,224.154199
2023-07-04 14:00:00,269.445478
2023-07-04 15:00:00,249.788266
2023-07-04 16:00:00,475.979023
2023-07-04 17:00:00,501.568817
2023-07-04 18:00:00,731.1243219999999
2023-07-04 19:00:00,736.746993
2023-07-04 20:00:00,812.630915
2023-07-04 21:00:00,809.0005289999999
2023-07-04 22:00:00,731.212868
2023-07-04 23:00:00,731.1243219999999
2023-07-05 00:00:00,561.208776
2023-07-05 01:00:00,528.369252
2023-07-05 02:00:00,536.734876
2023-07-05 03:00:00,508.96812399999993
2023-07-05 04:00:00,500.38000999999997
2023-07-05 05:00:00,553.199136
2023-07-05 06:00:00,655.90052
2023-07-05 07:00:00,673.7887159999999
2023-07-05 08:00:00,689.896992
2023-07-05 09:00:00,603.8378599999999
2023-07-05 10:00:00,496.953664
2023-07-05 11:00:00,463.71365799999995
2023-07-05 12:00:00,462.60120799999993
2023-07-05 13:00:00,463.66916
2023-07-05 14:00:00,497.57663599999995
2023-07-05 15:00:00,524.8984079999999
2023-07-05 16:00:00,620.3466179999999
2023-07-05 17:00:00,723.8044679999999
2023-07-05 18:00:00,725.450894
2023-07-05 19:00:00,727.7647900000001
2023-07-05 20:00:00,724.9169179999999
2023-07-05 21:00:00,691.05394
2023-07-05 22:00:00,677.081568
2023-07-05 23:00:00,522.451018
2023-07-06 00:00:00,456.26703
2023-07-06 01:00:00,502.40840399999996
2023-07-06 02:00:00,518.743614
2023-07-06 03:00:00,518.430336
2023-07-06 04:00:00,492.42826199999996
2023-07-06 05:00:00,459.48931799999997
2023-07-06 06:00:00,593.796072
2023-07-06 07:00:00,649.022508
2023-07-06 08:00:00,642.309408
2023-07-06 09:00:00,681.1111259999999
2023-07-06 10:00:00,604.268508
2023-07-06 11:00:00,533.825712
2023-07-06 12:00:00,523.7560619999999
2023-07-06 13:00:00,523.6218
2023-07-06 14:00:00,523.487538
2023-07-06 15:00:00,529.484574
2023-07-06 16:00:00,503.3034839999999
2023-07-06 17:00:00,706.8446759999999
2023-07-06 18:00:00,576.2972579999999
2023-07-06 19:00:00,703.3538639999999
2023-07-06 20:00:00,815.373126
2023-07-06 21:00:00,813.9409979999999
2023-07-06 22:00:00,746.6757359999999
2023-07-06 23:00:00,643.741536
2023-07-07 00:00:00,510.75419999999997
2023-07-07 01:00:00,464.831125
2023-07-07 02:00:00,437.27727999999996
2023-07-07 03:00:00,428.27187699999996
2023-07-07 04:00:00,434.90272099999993
2023-07-07 05:00:00,453.63037499999996
2023-07-07 06:00:00,595.43187
2023-07-07 07:00:00,682.1704779999999
2023-07-07 08:00:00,715.279895
2023-07-07 09:00:00,650.3155449999999
2023-07-07 10:00:00,464.875928
2023-07-07 11:00:00,474.50857299999996
2023-07-07 12:00:00,470.7451209999999
2023-07-07 13:00:00,466.130412
2023-07-07 14:00:00,471.64118099999996
2023-07-07 15:00:00,504.84020399999997
2023-07-07 16:00:00,575.673747
2023-07-07 17:00:00,715.100683
2023-07-07 18:00:00,539.7865439999999
2023-07-07 19:00:00,650.718772
2023-07-07 20:00:00,766.6689359999999
2023-07-07 21:00:00,622.492882
2023-07-07 22:00:00,568.639676
2023-07-07 23:00:00,668.729578
2023-07-08 00:00:00,450.67337699999996
2023-07-08 01:00:00,415.3686129999999
2023-07-08 02:00:00,403.09259099999997
2023-07-08 03:00:00,389.15885799999995
2023-07-08 04:00:00,396.192929
2023-07-08 05:00:00,395.296869
2023-07-08 06:00:00,413.218069
2023-07-08 07:00:00,449.329287
2023-07-08 08:00:00,476.524708
2023-07-08 09:00:00,450.449362
2023-07-08 10:00:00,434.633903
2023-07-08 11:00:00,383.827301
2023-07-08 12:00:00,379.750228
2023-07-08 13:00:00,325.807416
2023-07-08 14:00:00,335.35045499999995
2023-07-08 15:00:00,350.58347499999996
2023-07-08 16:00:00,489.06954799999994
2023-07-08 17:00:00,400.852441
2023-07-08 18:00:00,480.73618999999997
2023-07-08 19:00:00,542.6091329999999
2023-07-08 20:00:00,576.883428
2023-07-08 21:00:00,595.252658
2023-07-08 22:00:00,581.274122
2023-07-08 23:00:00,519.356376
2023-07-09 00:00:00,490.324032
2023-07-09 01:00:00,490.324032
2023-07-09 02:00:00,456.18414599999994
2023-07-09 03:00:00,493.72906
2023-07-09 04:00:00,491.981743
2023-07-09 05:00:00,490.324032
2023-07-09 06:00:00,490.279229
2023-07-09 07:00:00,400.852441
2023-07-09 08:00:00,389.15885799999995
2023-07-09 09:00:00,346.416796
2023-07-09 10:00:00,270.117287
2023-07-09 11:00:00,225.04546899999997
2023-07-09 12:00:00,202.10633299999998
2023-07-09 13:00:00,162.54528399999998
2023-07-09 14:00:00,196.99879099999998
2023-07-09 15:00:00,242.025806
2023-07-09 16:00:00,328.630005
2023-07-09 17:00:00,493.863469
2023-07-09 18:00:00,497.492512
2023-07-09 19:00:00,602.2419259999999
2023-07-09 20:00:00,606.901438
2023-07-09 21:00:00,600.80823
2023-07-09 22:00:00,591.937236
2023-07-09 23:00:00,535.8438799999999
2023-07-10 00:00:00,501.176697
2023-07-10 01:00:00,465.17787300000003
2023-07-10 02:00:00,480.14768100000003
2023-07-10 03:00:00,480.59321100000005
2023-07-10 04:00:00,480.058575
2023-07-10 05:00:00,468.385689
2023-07-10 06:00:00,540.784314
2023-07-10 07:00:00,590.9509919999999
2023-07-10 08:00:00,598.2131310000001
2023-07-10 09:00:00,525.502635
2023-07-10 10:00:00,474.22213200000004
2023-07-10 11:00:00,489.7711290000001
2023-07-10 12:00:00,483.44460300000003
2023-07-10 13:00:00,476.22701700000005
2023-07-10 14:00:00,489.7711290000001
2023-07-10 15:00:00,553.303707
2023-07-10 16:00:00,647.132325
2023-07-10 17:00:00,718.149807
2023-07-10 18:00:00,718.6844430000001
2023-07-10 19:00:00,737.3075970000001
2023-07-10 20:00:00,783.776376
2023-07-10 21:00:00,786.8950860000001
2023-07-10 22:00:00,725.278287
2023-07-10 23:00:00,595.6736099999999
2023-07-11 00:00:00,552.703866
2023-07-11 01:00:00,513.742264
2023-07-11 02:00:00,467.58365
2023-07-11 03:00:00,480.11178199999995
2023-07-11 04:00:00,518.362568
2023-07-11 05:00:00,495.7941599999999
2023-07-11 06:00:00,548.394544
2023-07-11 07:00:00,579.0484839999999
2023-07-11 08:00:00,588.1558139999999
2023-07-11 09:00:00,576.1607939999999
2023-07-11 10:00:00,500.147908
2023-07-11 11:00:00,495.30547399999995
2023-07-11 12:00:00,494.772362
2023-07-11 13:00:00,495.883012
2023-07-11 14:00:00,494.90564
2023-07-11 15:00:00,576.2940719999999
2023-07-11 16:00:00,616.588454
2023-07-11 17:00:00,718.9015319999999
2023-07-11 18:00:00,763.371958
2023-07-11 19:00:00,768.12554
2023-07-11 20:00:00,797.402274
2023-07-11 21:00:00,737.5160259999999
2023-07-11 22:00:00,717.968586
2023-07-11 23:00:00,536.44395
2023-07-12 00:00:00,600.314029
2023-07-12 01:00:00,576.077334
2023-07-12 02:00:00,570.296104
2023-07-12 03:00:00,551.218045
2023-07-12 04:00:00,550.239683
2023-07-12 05:00:00,548.816611
2023-07-12 06:00:00,620.237037
2023-07-12 07:00:00,578.345355
2023-07-12 08:00:00,700.373779
2023-07-12 09:00:00,694.592549
2023-07-12 10:00:00,580.613376
2023-07-12 11:00:00,550.195212
2023-07-12 12:00:00,621.304341
2023-07-12 13:00:00,626.907687
2023-07-12 14:00:00,580.924673
2023-07-12 15:00:00,620.325979
2023-07-12 16:00:00,582.036448
2023-07-12 17:00:00,715.360506
2023-07-12 18:00:00,725.7222489999999
2023-07-12 19:00:00,776.2857759999999
2023-07-12 20:00:00,734.838804
2023-07-12 21:00:00,716.5612229999999
2023-07-12 22:00:00,650.2994329999999
2023-07-12 23:00:00,541.6567799999999
2023-07-13 00:00:00,484.14912000000004
2023-07-13 01:00:00,452.094192
2023-07-13 02:00:00,427.000016
2023-07-13 03:00:00,428.817792
2023-07-13 04:00:00,426.06896
2023-07-13 05:00:00,449.70004800000004
2023-07-13 06:00:00,618.3098560000001
2023-07-13 07:00:00,716.558432
2023-07-13 08:00:00,719.750624
2023-07-13 09:00:00,698.95704
2023-07-13 10:00:00,697.892976
2023-07-13 11:00:00,679.626544
2023-07-13 12:00:00,633.2510880000001
2023-07-13 13:00:00,670.493328
2023-07-13 14:00:00,674.084544
2023-07-13 15:00:00,698.1146560000001
2023-07-13 16:00:00,669.517936
2023-07-13 17:00:00,716.2480800000001
2023-07-13 18:00:00,730.479936
2023-07-13 19:00:00,738.017056
2023-07-13 20:00:00,734.1154880000001
2023-07-13 21:00:00,716.4697600000001
2023-07-13 22:00:00,653.2022880000001
2023-07-13 23:00:00,521.923392
2023-07-14 00:00:00,551.048082
2023-07-14 01:00:00,458.73963200000003
2023-07-14 02:00:00,490.814038
2023-07-14 03:00:00,490.814038
2023-07-14 04:00:00,490.769552
2023-07-14 05:00:00,441.923924
2023-07-14 06:00:00,681.214118
2023-07-14 07:00:00,693.136366
2023-07-14 08:00:00,705.8148759999999
2023-07-14 09:00:00,517.283208
2023-07-14 10:00:00,450.732152
2023-07-14 11:00:00,441.479064
2023-07-14 12:00:00,445.794206
2023-07-14 13:00:00,450.732152
2023-07-14 14:00:00,451.5329
2023-07-14 15:00:00,471.951974
2023-07-14 16:00:00,542.06191
2023-07-14 17:00:00,715.379366
2023-07-14 18:00:00,716.9808619999999
2023-07-14 19:00:00,746.564052
2023-07-14 20:00:00,715.5573099999999
2023-07-14 21:00:00,657.547566
2023-07-14 22:00:00,711.6870279999999
2023-07-14 23:00:00,500.86787400000003
2023-07-15 00:00:00,529.917232
2023-07-15 01:00:00,504.159838
2023-07-15 02:00:00,488.41179400000004
2023-07-15 03:00:00,516.171058
2023-07-15 04:00:00,523.778164
2023-07-15 05:00:00,546.599482
2023-07-15 06:00:00,477.824126
2023-07-15 07:00:00,488.100392
2023-07-15 08:00:00,484.052166
2023-07-15 09:00:00,438.00915599999996
2023-07-15 10:00:00,320.12125599999996
2023-07-15 11:00:00,300.23601399999995
2023-07-15 12:00:00,310.467794
2023-07-15 13:00:00,310.779196
2023-07-15 14:00:00,310.645738
2023-07-15 15:00:00,320.566116
2023-07-15 16:00:00,478.135528
2023-07-15 17:00:00,544.241724
2023-07-15 18:00:00,544.0192940000001
2023-07-15 19:00:00,529.3833999999999
2023-07-15 20:00:00,490.68057999999996
2023-07-15 21:00:00,545.5763039999999
2023-07-15 22:00:00,549.357614
2023-07-15 23:00:00,515.236852
2023-07-16 00:00:00,393.968016
2023-07-16 01:00:00,290.58255199999996
2023-07-16 02:00:00,209.70700399999998
2023-07-16 03:00:00,249.655432
2023-07-16 04:00:00,159.749226
2023-07-16 05:00:00,119.845284
2023-07-16 06:00:00,113.038926
2023-07-16 07:00:00,49.913292
2023-07-16 08:00:00,74.86993799999999
2023-07-16 09:00:00,50.22469399999999
2023-07-16 10:00:00,59.032922
2023-07-16 11:00:00,74.914424
2023-07-16 12:00:00,116.597806
2023-07-16 13:00:00,179.812412
2023-07-16 14:00:00,220.161214
2023-07-16 15:00:00,263.13469
2023-07-16 16:00:00,392.14409
2023-07-16 17:00:00,488.45628
2023-07-16 18:00:00,554.07313
2023-07-16 19:00:00,584.5015539999999
2023-07-16 20:00:00,657.013734
2023-07-16 21:00:00,656.4799019999999
2023-07-16 22:00:00,575.515382
2023-07-16 23:00:00,565.86192
2023-07-17 00:00:00,485.22348
2023-07-17 01:00:00,490.47684
2023-07-17 02:00:00,498.1788
2023-07-17 03:00:00,492.8364
2023-07-17 04:00:00,498.44591999999994
2023-07-17 05:00:00,488.78508000000005
2023-07-17 06:00:00,634.58808
2023-07-17 07:00:00,717.52884
2023-07-17 08:00:00,717.17268
2023-07-17 09:00:00,699.58728
2023-07-17 10:00:00,533.92836
2023-07-17 11:00:00,497.37744
2023-07-17 12:00:00,493.81584
2023-07-17 13:00:00,492.65832
2023-07-17 14:00:00,495.86375999999996
2023-07-17 15:00:00,504.63419999999996
2023-07-17 16:00:00,620.6088
2023-07-17 17:00:00,721.84728
2023-07-17 18:00:00,749.80584
2023-07-17 19:00:00,800.11344
2023-07-17 20:00:00,786.5793600000001
2023-07-17 21:00:00,804.3873600000001
2023-07-17 22:00:00,722.06988
2023-07-17 23:00:00,599.99604
2023-07-18 00:00:00,493.714347
2023-07-18 01:00:00,459.04750499999994
2023-07-18 02:00:00,448.23074099999997
2023-07-18 03:00:00,479.43976499999997
2023-07-18 04:00:00,467.64771899999994
2023-07-18 05:00:00,430.143693
2023-07-18 06:00:00,460.28877299999994
2023-07-18 07:00:00,507.013647
2023-07-18 08:00:00,487.64099999999996
2023-07-18 09:00:00,416.57840699999997
2023-07-18 10:00:00,372.20307599999995
2023-07-18 11:00:00,352.5201119999999
2023-07-18 12:00:00,359.480079
2023-07-18 13:00:00,378.94138799999996
2023-07-18 14:00:00,405.00801599999994
2023-07-18 15:00:00,447.6987689999999
2023-07-18 16:00:00,497.43815099999995
2023-07-18 17:00:00,667.8908459999999
2023-07-18 18:00:00,664.8763379999999
2023-07-18 19:00:00,776.1028169999998
2023-07-18 20:00:00,836.96928
2023-07-18 21:00:00,775.5708449999998
2023-07-18 22:00:00,617.3535059999999
2023-07-18 23:00:00,647.365593
2023-07-19 00:00:00,481.003012
2023-07-19 01:00:00,469.92450400000007
2023-07-19 02:00:00,432.6847
2023-07-19 03:00:00,441.27165600000006
2023-07-19 04:00:00,474.774132
2023-07-19 05:00:00,502.18120400000004
2023-07-19 06:00:00,658.8375360000001
2023-07-19 07:00:00,720.4589560000001
2023-07-19 08:00:00,720.681416
2023-07-19 09:00:00,702.2172360000001
2023-07-19 10:00:00,576.61632
2023-07-19 11:00:00,551.567324
2023-07-19 12:00:00,601.665316
2023-07-19 13:00:00,556.505936
2023-07-19 14:00:00,536.4400440000001
2023-07-19 15:00:00,666.000748
2023-07-19 16:00:00,631.830892
2023-07-19 17:00:00,702.7956320000001
2023-07-19 18:00:00,720.948368
2023-07-19 19:00:00,762.9933080000001
2023-07-19 20:00:00,803.3475520000001
2023-07-19 21:00:00,755.296192
2023-07-19 22:00:00,722.0161760000001
2023-07-19 23:00:00,636.7695040000001
2023-07-20 00:00:00,521.3128320000001
2023-07-20 01:00:00,493.09285800000004
2023-07-20 02:00:00,489.97708800000004
2023-07-20 03:00:00,472.84035300000005
2023-07-20 04:00:00,454.45731
2023-07-20 05:00:00,490.11062100000004
2023-07-20 06:00:00,652.931859
2023-07-20 07:00:00,713.7783960000002
2023-07-20 08:00:00,722.4135300000002
2023-07-20 09:00:00,696.5081279999999
2023-07-20 10:00:00,630.008694
2023-07-20 11:00:00,574.815054
2023-07-20 12:00:00,481.96510800000004
2023-07-20 13:00:00,461.22298200000006
2023-07-20 14:00:00,476.13416700000005
2023-07-20 15:00:00,492.11361600000004
2023-07-20 16:00:00,492.73677000000004
2023-07-20 17:00:00,599.8747470000001
2023-07-20 18:00:00,721.879398
2023-07-20 19:00:00,674.8312710000001
2023-07-20 20:00:00,729.757845
2023-07-20 21:00:00,701.4488490000001
2023-07-20 22:00:00,710.0839830000001
2023-07-20 23:00:00,573.791301
2023-07-21 00:00:00,458.31579899999997
2023-07-21 01:00:00,442.918453
2023-07-21 02:00:00,430.94768400000004
2023-07-21 03:00:00,424.80654599999997
2023-07-21 04:00:00,436.732814
2023-07-21 05:00:00,451.329142
2023-07-21 06:00:00,699.511219
2023-07-21 07:00:00,729.059883
2023-07-21 08:00:00,724.298276
2023-07-21 09:00:00,709.123435
2023-07-21 10:00:00,529.294894
2023-07-21 11:00:00,474.469662
2023-07-21 12:00:00,488.97698799999995
2023-07-21 13:00:00,589.237741
2023-07-21 14:00:00,501.437268
2023-07-21 15:00:00,664.310928
2023-07-21 16:00:00,731.15143
2023-07-21 17:00:00,735.735033
2023-07-21 18:00:00,761.0116009999999
2023-07-21 19:00:00,751.532888
2023-07-21 20:00:00,750.019854
2023-07-21 21:00:00,749.085333
2023-07-21 22:00:00,699.4222169999999
2023-07-21 23:00:00,599.650975
2023-07-22 00:00:00,525.4233069999999
2023-07-22 01:00:00,491.06853499999994
2023-07-22 02:00:00,429.212145
2023-07-22 03:00:00,438.33485
2023-07-22 04:00:00,417.508382
2023-07-22 05:00:00,429.701656
2023-07-22 06:00:00,510.24846599999995
2023-07-22 07:00:00,462.721398
2023-07-22 08:00:00,509.98145999999997
2023-07-22 09:00:00,413.547793
2023-07-22 10:00:00,270.56608
2023-07-22 11:00:00,207.19665600000002
2023-07-22 12:00:00,200.788512
2023-07-22 13:00:00,119.930195
2023-07-22 14:00:00,187.972224
2023-07-22 15:00:00,214.539321
2023-07-22 16:00:00,265.22596
2023-07-22 17:00:00,500.94775699999997
2023-07-22 18:00:00,515.3215799999999
2023-07-22 19:00:00,575.308928
2023-07-22 20:00:00,624.838541
2023-07-22 21:00:00,592.975825
2023-07-22 22:00:00,541.221162
2023-07-22 23:00:00,478.029742
2023-07-23 00:00:00,498.900711
2023-07-23 01:00:00,378.16949800000003
2023-07-23 02:00:00,335.404037
2023-07-23 03:00:00,350.311872
2023-07-23 04:00:00,300.42625100000004
2023-07-23 05:00:00,334.870025
2023-07-23 06:00:00,309.504455
2023-07-23 07:00:00,315.55659099999997
2023-07-23 08:00:00,322.231741
2023-07-23 09:00:00,312.263517
2023-07-23 10:00:00,379.104019
2023-07-23 11:00:00,329.3074
2023-07-23 12:00:00,334.11350799999997
2023-07-23 13:00:00,347.241303
2023-07-23 14:00:00,347.241303
2023-07-23 15:00:00,349.733359
2023-07-23 16:00:00,410.96673499999997
2023-07-23 17:00:00,499.034214
2023-07-23 18:00:00,506.243376
2023-07-23 19:00:00,479.94328499999995
2023-07-23 20:00:00,529.650902
2023-07-23 21:00:00,539.3076189999999
2023-07-23 22:00:00,492.71507199999996
2023-07-23 23:00:00,456.802765
2023-07-24 00:00:00,500.01494399999996
2023-07-24 01:00:00,443.96804099999997
2023-07-24 02:00:00,427.096098
2023-07-24 03:00:00,427.00706399999996
2023-07-24 04:00:00,427.274166
2023-07-24 05:00:00,449.22104699999994
2023-07-24 06:00:00,533.358177
2023-07-24 07:00:00,612.4203689999999
2023-07-24 08:00:00,685.917936
2023-07-24 09:00:00,535.584027
2023-07-24 10:00:00,524.009607
2023-07-24 11:00:00,515.2397579999999
2023-07-24 12:00:00,498.18974699999995
2023-07-24 13:00:00,515.017173
2023-07-24 14:00:00,515.462343
2023-07-24 15:00:00,554.993439
2023-07-24 16:00:00,695.934261
2023-07-24 17:00:00,743.834553
2023-07-24 18:00:00,766.226604
2023-07-24 19:00:00,833.2692059999999
2023-07-24 20:00:00,793.471008
2023-07-24 21:00:00,762.0865229999999
2023-07-24 22:00:00,727.541331
2023-07-24 23:00:00,529.129062
2023-07-25 00:00:00,557.942188
2023-07-25 01:00:00,519.09334
2023-07-25 02:00:00,519.581168
2023-07-25 03:00:00,512.840272
2023-07-25 04:00:00,519.492472
2023-07-25 05:00:00,512.308096
2023-07-25 06:00:00,597.323212
2023-07-25 07:00:00,650.8512479999999
2023-07-25 08:00:00,660.8738960000001
2023-07-25 09:00:00,639.49816
2023-07-25 10:00:00,512.2194000000001
2023-07-25 11:00:00,512.2637480000001
2023-07-25 12:00:00,511.687224
2023-07-25 13:00:00,512.795924
2023-07-25 14:00:00,557.410012
2023-07-25 15:00:00,697.460996
2023-07-25 16:00:00,677.327004
2023-07-25 17:00:00,696.795776
2023-07-25 18:00:00,730.234168
2023-07-25 19:00:00,746.4655359999999
2023-07-25 20:00:00,746.5542320000001
2023-07-25 21:00:00,735.5559280000001
2023-07-25 22:00:00,722.3845719999999
2023-07-25 23:00:00,672.493072
2023-07-26 00:00:00,433.453408
2023-07-26 01:00:00,399.647936
2023-07-26 02:00:00,427.25868800000006
2023-07-26 03:00:00,439.07290400000005
2023-07-26 04:00:00,440.48884000000004
2023-07-26 05:00:00,426.948952
2023-07-26 06:00:00,501.50683200000003
2023-07-26 07:00:00,583.277136
2023-07-26 08:00:00,656.330584
2023-07-26 09:00:00,596.7285280000001
2023-07-26 10:00:00,558.321264
2023-07-26 11:00:00,565.8876720000001
2023-07-26 12:00:00,638.144656
2023-07-26 13:00:00,558.3655120000001
2023-07-26 14:00:00,550.5778640000001
2023-07-26 15:00:00,648.631432
2023-07-26 16:00:00,640.135816
2023-07-26 17:00:00,687.569672
2023-07-26 18:00:00,716.4193680000001
2023-07-26 19:00:00,652.0827760000001
2023-07-26 20:00:00,703.8086880000001
2023-07-26 21:00:00,676.1094400000001
2023-07-26 22:00:00,662.436808
2023-07-26 23:00:00,472.21465600000005
2023-07-27 00:00:00,434.987264
2023-07-27 01:00:00,421.98540799999995
2023-07-27 02:00:00,449.22739199999995
2023-07-27 03:00:00,453.51712
2023-07-27 04:00:00,449.53695999999997
2023-07-27 05:00:00,448.9620479999999
2023-07-27 06:00:00,616.349888
2023-07-27 07:00:00,714.7925119999999
2023-07-27 08:00:00,724.83136
2023-07-27 09:00:00,543.380288
2023-07-27 10:00:00,469.393536
2023-07-27 11:00:00,457.58572799999996
2023-07-27 12:00:00,449.89075199999996
2023-07-27 13:00:00,486.24287999999996
2023-07-27 14:00:00,513.4406399999999
2023-07-27 15:00:00,513.21952
2023-07-27 16:00:00,549.4832
2023-07-27 17:00:00,724.1679999999999
2023-07-27 18:00:00,709.1318399999999
2023-07-27 19:00:00,687.8600959999999
2023-07-27 20:00:00,712.3159679999999
2023-07-27 21:00:00,740.2213119999999
2023-07-27 22:00:00,697.9431679999999
2023-07-27 23:00:00,499.55430399999995
2023-07-28 00:00:00,404.73026500000003
2023-07-28 01:00:00,404.686008
2023-07-28 02:00:00,412.51949699999994
2023-07-28 03:00:00,405.925204
2023-07-28 04:00:00,420.26447199999996
2023-07-28 05:00:00,403.402555
2023-07-28 06:00:00,455.448787
2023-07-28 07:00:00,492.18209699999994
2023-07-28 08:00:00,585.431596
2023-07-28 09:00:00,662.040463
2023-07-28 10:00:00,625.6169520000001
2023-07-28 11:00:00,675.627362
2023-07-28 12:00:00,651.3745260000001
2023-07-28 13:00:00,650.5779
2023-07-28 14:00:00,587.4674180000001
2023-07-28 15:00:00,575.9605979999999
2023-07-28 16:00:00,550.645594
2023-07-28 17:00:00,585.387339
2023-07-28 18:00:00,702.933931
2023-07-28 19:00:00,714.839064
2023-07-28 20:00:00,730.550299
2023-07-28 21:00:00,702.756903
2023-07-28 22:00:00,580.4748119999999
2023-07-28 23:00:00,453.94404899999995
2023-07-29 00:00:00,462.97247699999997
2023-07-29 01:00:00,440.666949
2023-07-29 02:00:00,455.67007199999995
2023-07-29 03:00:00,451.598428
2023-07-29 04:00:00,443.410883
2023-07-29 05:00:00,449.739634
2023-07-29 06:00:00,498.112535
2023-07-29 07:00:00,498.953418
2023-07-29 08:00:00,499.484502
2023-07-29 09:00:00,498.24530599999997
2023-07-29 10:00:00,449.65112
2023-07-29 11:00:00,449.65112
2023-07-29 12:00:00,434.470969
2023-07-29 13:00:00,449.65112
2023-07-29 14:00:00,436.241249
2023-07-29 15:00:00,498.156792
2023-07-29 16:00:00,505.81325300000003
2023-07-29 17:00:00,601.364116
2023-07-29 18:00:00,619.420972
2023-07-29 19:00:00,626.856148
2023-07-29 20:00:00,648.453564
2023-07-29 21:00:00,627.210204
2023-07-29 22:00:00,525.020791
2023-07-29 23:00:00,417.077968
2023-07-30 00:00:00,451.111601
2023-07-30 01:00:00,331.48493
2023-07-30 02:00:00,348.612389
2023-07-30 03:00:00,342.726208
2023-07-30 04:00:00,347.727249
2023-07-30 05:00:00,340.82315700000004
2023-07-30 06:00:00,313.33956
2023-07-30 07:00:00,220.53263099999998
2023-07-30 08:00:00,180.347275
2023-07-30 09:00:00,97.01134400000001
2023-07-30 10:00:00,70.67842900000001
2023-07-30 11:00:00,177.603341
2023-07-30 12:00:00,101.215759
2023-07-30 13:00:00,150.827856
2023-07-30 14:00:00,180.435789
2023-07-30 15:00:00,130.336865
2023-07-30 16:00:00,220.53263099999998
2023-07-30 17:00:00,468.504602
2023-07-30 18:00:00,531.482313
2023-07-30 19:00:00,551.397963
2023-07-30 20:00:00,575.1639720000001
2023-07-30 21:00:00,573.8805189999999
2023-07-30 22:00:00,468.19480300000004
2023-07-30 23:00:00,452.88188099999996
2023-07-31 00:00:00,492.237655
2023-07-31 01:00:00,494.267865
2023-07-31 02:00:00,493.38516500000003
2023-07-31 03:00:00,494.091325
2023-07-31 04:00:00,494.532675
2023-07-31 05:00:00,493.34103
2023-07-31 06:00:00,479.83572
2023-07-31 07:00:00,540.74202
2023-07-31 08:00:00,669.7927599999999
2023-07-31 09:00:00,670.896135
2023-07-31 10:00:00,498.416555
2023-07-31 11:00:00,494.70921500000003
2023-07-31 12:00:00,494.40027
2023-07-31 13:00:00,494.40027
2023-07-31 14:00:00,495.63605
2023-07-31 15:00:00,499.87301
2023-07-31 16:00:00,559.54353
2023-07-31 17:00:00,688.41773
2023-07-31 18:00:00,722.9754350000001
2023-07-31 19:00:00,707.74886
2023-07-31 20:00:00,721.96033
2023-07-31 21:00:00,722.181005
2023-07-31 22:00:00,500.181955
2023-07-31 23:00:00,444.26291
2023-08-01 00:00:00,491.70212999999995
2023-08-01 01:00:00,455.95241999999996
2023-08-01 02:00:00,451.22408999999993
2023-08-01 03:00:00,451.40085
2023-08-01 04:00:00,452.01950999999997
2023-08-01 05:00:00,450.64961999999997
2023-08-01 06:00:00,436.99490999999995
2023-08-01 07:00:00,425.68226999999996
2023-08-01 08:00:00,463.90662
2023-08-01 09:00:00,504.60560999999996
2023-08-01 10:00:00,500.67269999999996
2023-08-01 11:00:00,507.47796
2023-08-01 12:00:00,499.1702399999999
2023-08-01 13:00:00,451.44503999999995
2023-08-01 14:00:00,477.56132999999994
2023-08-01 15:00:00,540.9297899999999
2023-08-01 16:00:00,595.9021499999999
2023-08-01 17:00:00,628.2492299999999
2023-08-01 18:00:00,669.6552599999999
2023-08-01 19:00:00,681.9400799999999
2023-08-01 20:00:00,684.1495799999999
2023-08-01 21:00:00,664.5734099999999
2023-08-01 22:00:00,501.15878999999995
2023-08-01 23:00:00,497.0933099999999
2023-08-02 00:00:00,452.6247
2023-08-02 01:00:00,453.24747600000006
2023-08-02 02:00:00,412.50013200000006
2023-08-02 03:00:00,412.50013200000006
2023-08-02 04:00:00,443.683416
2023-08-02 05:00:00,412.45564800000005
2023-08-02 06:00:00,452.6247
2023-08-02 07:00:00,476.69054400000005
2023-08-02 08:00:00,448.487688
2023-08-02 09:00:00,388.34532
2023-08-02 10:00:00,348.176268
2023-08-02 11:00:00,316.81504800000005
2023-08-02 12:00:00,316.81504800000005
2023-08-02 13:00:00,363.16737600000005
2023-08-02 14:00:00,362.144244
2023-08-02 15:00:00,415.436076
2023-08-02 16:00:00,452.71366800000004
2023-08-02 17:00:00,409.92006000000003
2023-08-02 18:00:00,495.06243600000005
2023-08-02 19:00:00,494.12827200000004
2023-08-02 20:00:00,523.754616
2023-08-02 21:00:00,454.71544800000004
2023-08-02 22:00:00,443.549964
2023-08-02 23:00:00,417.615792
2023-08-03 00:00:00,292.700525
2023-08-03 01:00:00,200.855425
2023-08-03 02:00:00,170.58220999999998
2023-08-03 03:00:00,170.58220999999998
2023-08-03 04:00:00,170.58220999999998
2023-08-03 05:00:00,172.142685
2023-08-03 06:00:00,373.934395
2023-08-03 07:00:00,331.132795
2023-08-03 08:00:00,333.45121500000005
2023-08-03 09:00:00,290.917125
2023-08-03 10:00:00,180.65842
2023-08-03 11:00:00,195.683565
2023-08-03 12:00:00,212.75961999999998
2023-08-03 13:00:00,219.62571
2023-08-03 14:00:00,225.77844
2023-08-03 15:00:00,256.943355
2023-08-03 16:00:00,232.956625
2023-08-03 17:00:00,324.623385
2023-08-03 18:00:00,371.25929499999995
2023-08-03 19:00:00,375.94071999999994
2023-08-03 20:00:00,420.34738
2023-08-03 21:00:00,431.49363
2023-08-03 22:00:00,419.500265
2023-08-03 23:00:00,390.60918499999997
2023-08-04 00:00:00,403.14153600000003
2023-08-04 01:00:00,389.18800400000003
2023-08-04 02:00:00,389.36575600000003
2023-08-04 03:00:00,398.83105000000006
2023-08-04 04:00:00,408.429658
2023-08-04 05:00:00,389.321318
2023-08-04 06:00:00,472.64256800000004
2023-08-04 07:00:00,543.965558
2023-08-04 08:00:00,530.945224
2023-08-04 09:00:00,461.44419200000004
2023-08-04 10:00:00,474.242336
2023-08-04 11:00:00,474.64227800000003
2023-08-04 12:00:00,474.64227800000003
2023-08-04 13:00:00,474.37565000000006
2023-08-04 14:00:00,469.13196600000003
2023-08-04 15:00:00,403.630354
2023-08-04 16:00:00,380.03377600000005
2023-08-04 17:00:00,420.9611740000001
2023-08-04 18:00:00,642.751232
2023-08-04 19:00:00,707.319646
2023-08-04 20:00:00,722.6063180000001
2023-08-04 21:00:00,704.2089860000001
2023-08-04 22:00:00,691.6774700000001
2023-08-04 23:00:00,567.606574
2023-08-05 00:00:00,451.26789
2023-08-05 01:00:00,421.7166200000001
2023-08-05 02:00:00,428.471196
2023-08-05 03:00:00,445.09100800000004
2023-08-05 04:00:00,450.20137800000003
2023-08-05 05:00:00,431.404104
2023-08-05 06:00:00,420.16129
2023-08-05 07:00:00,417.095068
2023-08-05 08:00:00,413.27340000000004
2023-08-05 09:00:00,397.80897600000003
2023-08-05 10:00:00,401.18626400000005
2023-08-05 11:00:00,428.33788200000004
2023-08-05 12:00:00,477.79737600000004
2023-08-05 13:00:00,480.95247400000005
2023-08-05 14:00:00,480.15259000000003
2023-08-05 15:00:00,480.3303420000001
2023-08-05 16:00:00,478.55282200000005
2023-08-05 17:00:00,435.6257140000001
2023-08-05 18:00:00,498.59436000000005
2023-08-05 19:00:00,563.7404680000001
2023-08-05 20:00:00,599.113116
2023-08-05 21:00:00,488.41805800000003
2023-08-05 22:00:00,443.8911820000001
2023-08-05 23:00:00,435.6257140000001
2023-08-06 00:00:00,394.74275400000005
2023-08-06 01:00:00,350.43806800000004
2023-08-06 02:00:00,307.822026
2023-08-06 03:00:00,301.023012
2023-08-06 04:00:00,266.22805800000003
2023-08-06 05:00:00,250.71919600000004
2023-08-06 06:00:00,250.27481600000002
2023-08-06 07:00:00,276.048856
2023-08-06 08:00:00,276.493236
2023-08-06 09:00:00,343.016922
2023-08-06 10:00:00,340.30620400000004
2023-08-06 11:00:00,296.712526
2023-08-06 12:00:00,307.555398
2023-08-06 13:00:00,319.95360000000005
2023-08-06 14:00:00,350.304754
2023-08-06 15:00:00,350.3491920000001
2023-08-06 16:00:00,409.140666
2023-08-06 17:00:00,437.04773
2023-08-06 18:00:00,423.227512
2023-08-06 19:00:00,400.297504
2023-08-06 20:00:00,368.924276
2023-08-06 21:00:00,372.92369600000006
2023-08-06 22:00:00,384.61089000000004
2023-08-06 23:00:00,291.29109
2023-08-07 00:00:00,237.77823
2023-08-07 01:00:00,194.47336800000002
2023-08-07 02:00:00,181.721016
2023-08-07 03:00:00,181.721016
2023-08-07 04:00:00,181.721016
2023-08-07 05:00:00,181.278226
2023-08-07 06:00:00,293.215538
2023-08-07 07:00:00,320.491402
2023-08-07 08:00:00,309.24453600000004
2023-08-07 09:00:00,349.184194
2023-08-07 10:00:00,384.25316200000003
2023-08-07 11:00:00,384.518836
2023-08-07 12:00:00,376.770011
2023-08-07 13:00:00,373.93615500000004
2023-08-07 14:00:00,381.463585
2023-08-07 15:00:00,384.208883
2023-08-07 16:00:00,376.94712699999997
2023-08-07 17:00:00,344.04783000000003
2023-08-07 18:00:00,349.626984
2023-08-07 19:00:00,349.051357
2023-08-07 20:00:00,399.04234800000006
2023-08-07 21:00:00,326.33623
2023-08-07 22:00:00,308.757467
2023-08-07 23:00:00,194.91615800000002
2023-08-08 00:00:00,65.186875
2023-08-08 01:00:00,51.208749999999995
2023-08-08 02:00:00,50.41
2023-08-08 03:00:00,50.49875
2023-08-08 04:00:00,55.158125
2023-08-08 05:00:00,52.45125
2023-08-08 06:00:00,136.275625
2023-08-08 07:00:00,65.94125
2023-08-08 08:00:00,100.11
2023-08-08 09:00:00,100.73125
2023-08-08 10:00:00,80.096875
2023-08-08 11:00:00,89.770625
2023-08-08 12:00:00,98.69
2023-08-08 13:00:00,100.19874999999999
2023-08-08 14:00:00,80.14125
2023-08-08 15:00:00,120.25625000000001
2023-08-08 16:00:00,225.60250000000002
2023-08-08 17:00:00,315.639375
2023-08-08 18:00:00,403.01374999999996
2023-08-08 19:00:00,422.18375
2023-08-08 20:00:00,431.901875
2023-08-08 21:00:00,403.28
2023-08-08 22:00:00,386.72812500000003
2023-08-08 23:00:00,263.765
2023-08-09 00:00:00,371.891826
2023-08-09 01:00:00,360.834498
2023-08-09 02:00:00,360.92366999999996
2023-08-09 03:00:00,360.70074
2023-08-09 04:00:00,355.03831799999995
2023-08-09 05:00:00,374.29947
2023-08-09 06:00:00,437.65617599999996
2023-08-09 07:00:00,471.27401999999995
2023-08-09 08:00:00,474.573384
2023-08-09 09:00:00,436.49694
2023-08-09 10:00:00,424.369548
2023-08-09 11:00:00,406.981008
2023-08-09 12:00:00,459.19121399999995
2023-08-09 13:00:00,470.42688599999997
2023-08-09 14:00:00,469.13389199999995
2023-08-09 15:00:00,458.656182
2023-08-09 16:00:00,492.9874019999999
2023-08-09 17:00:00,578.3695919999999
2023-08-09 18:00:00,616.3122779999999
2023-08-09 19:00:00,552.8664
2023-08-09 20:00:00,653.719932
2023-08-09 21:00:00,603.6052679999999
2023-08-09 22:00:00,546.0447419999999
2023-08-09 23:00:00,476.66892599999994
2023-08-10 00:00:00,429.84554999999995
2023-08-10 01:00:00,421.8532
2023-08-10 02:00:00,424.8001
2023-08-10 03:00:00,424.8001
2023-08-10 04:00:00,423.32665
2023-08-10 05:00:00,435.3375
2023-08-10 06:00:00,530.30805
2023-08-10 07:00:00,712.74795
2023-08-10 08:00:00,595.94355
2023-08-10 09:00:00,550.48985
2023-08-10 10:00:00,425.6038
2023-08-10 11:00:00,417.52215
2023-08-10 12:00:00,422.43365
2023-08-10 13:00:00,422.43365
2023-08-10 14:00:00,425.6038
2023-08-10 15:00:00,478.5587
2023-08-10 16:00:00,471.10215
2023-08-10 17:00:00,585.9866000000001
2023-08-10 18:00:00,648.09475
2023-08-10 19:00:00,714.9804499999999
2023-08-10 20:00:00,725.5178500000001
2023-08-10 21:00:00,696.13815
2023-08-10 22:00:00,630.458
2023-08-10 23:00:00,563.1258
2023-08-11 00:00:00,489.61607699999996
2023-08-11 01:00:00,473.445516
2023-08-11 02:00:00,466.808013
2023-08-11 03:00:00,466.85256
2023-08-11 04:00:00,466.85256
2023-08-11 05:00:00,471.886371
2023-08-11 06:00:00,541.24605
2023-08-11 07:00:00,568.909737
2023-08-11 08:00:00,487.566915
2023-08-11 09:00:00,479.370267
2023-08-11 10:00:00,465.783432
2023-08-11 11:00:00,465.694338
2023-08-11 12:00:00,465.783432
2023-08-11 13:00:00,464.62521
2023-08-11 14:00:00,466.85256
2023-08-11 15:00:00,473.445516
2023-08-11 16:00:00,487.522368
2023-08-11 17:00:00,486.18595799999997
2023-08-11 18:00:00,552.82827
2023-08-11 19:00:00,622.2770429999999
2023-08-11 20:00:00,678.0053399999999
2023-08-11 21:00:00,603.879132
2023-08-11 22:00:00,523.338156
2023-08-11 23:00:00,466.629825
2023-08-12 00:00:00,461.239638
2023-08-12 01:00:00,436.159677
2023-08-12 02:00:00,432.506823
2023-08-12 03:00:00,421.726449
2023-08-12 04:00:00,418.340877
2023-08-12 05:00:00,416.247168
2023-08-12 06:00:00,394.64187300000003
2023-08-12 07:00:00,399.809325
2023-08-12 08:00:00,416.291715
2023-08-12 09:00:00,353.569539
2023-08-12 10:00:00,260.377215
2023-08-12 11:00:00,217.83482999999998
2023-08-12 12:00:00,217.56754800000002
2023-08-12 13:00:00,217.656642
2023-08-12 14:00:00,217.745736
2023-08-12 15:00:00,249.90867
2023-08-12 16:00:00,428.54214
2023-08-12 17:00:00,473.93553299999996
2023-08-12 18:00:00,471.173619
2023-08-12 19:00:00,474.291909
2023-08-12 20:00:00,491.041581
2023-08-12 21:00:00,483.15676199999996
2023-08-12 22:00:00,479.013891
2023-08-12 23:00:00,436.51605299999994
2023-08-13 00:00:00,401.36846999999995
2023-08-13 01:00:00,368.982801
2023-08-13 02:00:00,351.03036
2023-08-13 03:00:00,354.95049600000004
2023-08-13 04:00:00,354.99504299999995
2023-08-13 05:00:00,354.95049600000004
2023-08-13 06:00:00,337.621713
2023-08-13 07:00:00,278.59693799999997
2023-08-13 08:00:00,217.032984
2023-08-13 09:00:00,210.395481
2023-08-13 10:00:00,151.4598
2023-08-13 11:00:00,124.01884799999999
2023-08-13 12:00:00,130.879086
2023-08-13 13:00:00,138.630264
2023-08-13 14:00:00,211.731891
2023-08-13 15:00:00,222.690453
2023-08-13 16:00:00,388.628028
2023-08-13 17:00:00,478.969344
2023-08-13 18:00:00,478.924797
2023-08-13 19:00:00,478.256592
2023-08-13 20:00:00,489.83881199999996
2023-08-13 21:00:00,488.636043
2023-08-13 22:00:00,480.973959
2023-08-13 23:00:00,467.34257699999995
2023-08-14 00:00:00,477.23563799999994
2023-08-14 01:00:00,478.07849699999997
2023-08-14 02:00:00,477.058194
2023-08-14 03:00:00,474.17472899999996
2023-08-14 04:00:00,477.146916
2023-08-14 05:00:00,465.479973
2023-08-14 06:00:00,452.43783899999994
2023-08-14 07:00:00,460.02357
2023-08-14 08:00:00,449.731818
2023-08-14 09:00:00,396.40989599999995
2023-08-14 10:00:00,292.294629
2023-08-14 11:00:00,285.196869
2023-08-14 12:00:00,280.982574
2023-08-14 13:00:00,284.930703
2023-08-14 14:00:00,299.392389
2023-08-14 15:00:00,421.207695
2023-08-14 16:00:00,477.19127699999996
2023-08-14 17:00:00,477.279999
2023-08-14 18:00:00,536.280129
2023-08-14 19:00:00,643.766832
2023-08-14 20:00:00,650.7758699999999
2023-08-14 21:00:00,578.822328
2023-08-14 22:00:00,492.3627389999999
2023-08-14 23:00:00,472.17848399999997
2023-08-15 00:00:00,441.83555999999993
2023-08-15 01:00:00,449.066403
2023-08-15 02:00:00,410.6497769999999
2023-08-15 03:00:00,416.99339999999995
2023-08-15 04:00:00,413.97685199999995
2023-08-15 05:00:00,390.066273
2023-08-15 06:00:00,350.05265099999997
2023-08-15 07:00:00,350.05265099999997
2023-08-15 08:00:00,300.945024
2023-08-15 09:00:00,280.00663199999997
2023-08-15 10:00:00,150.96048299999998
2023-08-15 11:00:00,150.51687299999998
2023-08-15 12:00:00,126.961182
2023-08-15 13:00:00,101.542329
2023-08-15 14:00:00,104.425794
2023-08-15 15:00:00,203.395185
2023-08-15 16:00:00,311.680386
2023-08-15 17:00:00,454.21227899999997
2023-08-15 18:00:00,478.12285799999995
2023-08-15 19:00:00,485.30934
2023-08-15 20:00:00,485.797311
2023-08-15 21:00:00,485.886033
2023-08-15 22:00:00,480.828879
2023-08-15 23:00:00,478.61082899999997
2023-08-16 00:00:00,477.935531
2023-08-16 01:00:00,479.27416100000005
2023-08-16 02:00:00,479.27416100000005
2023-08-16 03:00:00,479.497266
2023-08-16 04:00:00,479.54188700000003
2023-08-16 05:00:00,478.02477300000004
2023-08-16 06:00:00,491.143347
2023-08-16 07:00:00,490.92024200000003
2023-08-16 08:00:00,488.1537400000001
2023-08-16 09:00:00,484.3163340000001
2023-08-16 10:00:00,462.45204400000006
2023-08-16 11:00:00,463.389085
2023-08-16 12:00:00,466.69103900000005
2023-08-16 13:00:00,475.34751300000005
2023-08-16 14:00:00,479.14029800000003
2023-08-16 15:00:00,479.72037100000006
2023-08-16 16:00:00,484.13785000000007
2023-08-16 17:00:00,518.2729150000001
2023-08-16 18:00:00,585.204415
2023-08-16 19:00:00,696.2214630000001
2023-08-16 20:00:00,711.0356350000001
2023-08-16 21:00:00,607.29181
2023-08-16 22:00:00,553.657368
2023-08-16 23:00:00,479.67575000000005
2023-08-17 00:00:00,468.61432799999994
2023-08-17 01:00:00,464.727081
2023-08-17 02:00:00,482.420757
2023-08-17 03:00:00,469.15049999999997
2023-08-17 04:00:00,459.67812799999996
2023-08-17 05:00:00,452.797254
2023-08-17 06:00:00,556.2337689999999
2023-08-17 07:00:00,609.582883
2023-08-17 08:00:00,603.506267
2023-08-17 09:00:00,523.3485529999999
2023-08-17 10:00:00,494.082498
2023-08-17 11:00:00,491.13355199999995
2023-08-17 12:00:00,490.95482799999996
2023-08-17 13:00:00,490.999509
2023-08-17 14:00:00,490.910147
2023-08-17 15:00:00,490.86546599999997
2023-08-17 16:00:00,500.7399669999999
2023-08-17 17:00:00,504.537852
2023-08-17 18:00:00,583.042369
2023-08-17 19:00:00,671.1086199999999
2023-08-17 20:00:00,665.568176
2023-08-17 21:00:00,579.825337
2023-08-17 22:00:00,521.1145029999999
2023-08-17 23:00:00,482.77820499999996
2023-08-18 00:00:00,471.39371400000005
2023-08-18 01:00:00,454.97166000000004
2023-08-18 02:00:00,452.14491300000003
2023-08-18 03:00:00,451.651354
2023-08-18 04:00:00,452.369258
2023-08-18 05:00:00,463.63137700000004
2023-08-18 06:00:00,535.376908
2023-08-18 07:00:00,617.4423090000001
2023-08-18 08:00:00,551.978438
2023-08-18 09:00:00,517.115225
2023-08-18 10:00:00,497.866424
2023-08-18 11:00:00,495.8473190000001
2023-08-18 12:00:00,494.276904
2023-08-18 13:00:00,496.2062710000001
2023-08-18 14:00:00,496.116533
2023-08-18 15:00:00,447.882358
2023-08-18 16:00:00,461.118713
2023-08-18 17:00:00,508.63498400000003
2023-08-18 18:00:00,603.1739670000001
2023-08-18 19:00:00,711.2633880000001
2023-08-18 20:00:00,697.0399150000001
2023-08-18 21:00:00,571.541322
2023-08-18 22:00:00,489.296445
2023-08-18 23:00:00,495.98192600000004
2023-08-19 00:00:00,492.392406
2023-08-19 01:00:00,474.57941300000005
2023-08-19 02:00:00,485.43771100000004
2023-08-19 03:00:00,491.09120500000006
2023-08-19 04:00:00,485.7517940000001
2023-08-19 05:00:00,470.945024
2023-08-19 06:00:00,470.04764400000005
2023-08-19 07:00:00,494.994808
2023-08-19 08:00:00,498.5843280000001
2023-08-19 09:00:00,471.438583
2023-08-19 10:00:00,340.510841
2023-08-19 11:00:00,332.344683
2023-08-19 12:00:00,324.806691
2023-08-19 13:00:00,326.287368
2023-08-19 14:00:00,340.64544800000004
2023-08-19 15:00:00,453.805066
2023-08-19 16:00:00,498.67406600000004
2023-08-19 17:00:00,498.27024500000005
2023-08-19 18:00:00,518.281819
2023-08-19 19:00:00,591.6875030000001
2023-08-19 20:00:00,604.609775
2023-08-19 21:00:00,595.0078090000001
2023-08-19 22:00:00,555.074399
2023-08-19 23:00:00,504.9557260000001
2023-08-20 00:00:00,511.46173100000004
2023-08-20 01:00:00,496.2062710000001
2023-08-20 02:00:00,471.88727300000005
2023-08-20 03:00:00,471.3039760000001
2023-08-20 04:00:00,463.31729400000006
2023-08-20 05:00:00,471.6629280000001
2023-08-20 06:00:00,472.156487
2023-08-20 07:00:00,447.299061
2023-08-20 08:00:00,444.158231
2023-08-20 09:00:00,388.65527800000007
2023-08-20 10:00:00,332.658766
2023-08-20 11:00:00,243.369456
2023-08-20 12:00:00,233.81235900000001
2023-08-20 13:00:00,257.817274
2023-08-20 14:00:00,271.54718800000006
2023-08-20 15:00:00,308.87819600000006
2023-08-20 16:00:00,436.21641800000003
2023-08-20 17:00:00,495.57810500000005
2023-08-20 18:00:00,502.53280000000007
2023-08-20 19:00:00,542.1521270000001
2023-08-20 20:00:00,603.4431810000001
2023-08-20 21:00:00,602.411194
2023-08-20 22:00:00,561.400928
2023-08-20 23:00:00,502.30845500000004
2023-08-21 00:00:00,501.17776
2023-08-21 01:00:00,494.99977599999994
2023-08-21 02:00:00,494.955008
2023-08-21 03:00:00,494.955008
2023-08-21 04:00:00,481.121696
2023-08-21 05:00:00,475.301856
2023-08-21 06:00:00,609.784928
2023-08-21 07:00:00,640.85392
2023-08-21 08:00:00,597.518496
2023-08-21 09:00:00,513.981408
2023-08-21 10:00:00,491.41833599999995
2023-08-21 11:00:00,493.34336
2023-08-21 12:00:00,481.390304
2023-08-21 13:00:00,486.493856
2023-08-21 14:00:00,481.300768
2023-08-21 15:00:00,483.360096
2023-08-21 16:00:00,485.374656
2023-08-21 17:00:00,533.0525759999999
2023-08-21 18:00:00,646.763296
2023-08-21 19:00:00,840.340128
2023-08-21 20:00:00,900.374016
2023-08-21 21:00:00,756.5792
2023-08-21 22:00:00,608.8895679999999
2023-08-21 23:00:00,514.832
2023-08-22 00:00:00,507.603112
2023-08-22 01:00:00,468.402168
2023-08-22 02:00:00,468.58076000000005
2023-08-22 03:00:00,468.536112
2023-08-22 04:00:00,472.5544320000001
2023-08-22 05:00:00,501.798872
2023-08-22 06:00:00,605.560824
2023-08-22 07:00:00,668.960984
2023-08-22 08:00:00,611.320416
2023-08-22 09:00:00,517.5149680000001
2023-08-22 10:00:00,497.646608
2023-08-22 11:00:00,496.97688800000003
2023-08-22 12:00:00,497.021536
2023-08-22 13:00:00,497.82520000000005
2023-08-22 14:00:00,500.54872800000004
2023-08-22 15:00:00,549.304344
2023-08-22 16:00:00,669.630704
2023-08-22 17:00:00,710.2603840000002
2023-08-22 18:00:00,759.328536
2023-08-22 19:00:00,903.0950960000001
2023-08-22 20:00:00,937.9205360000001
2023-08-22 21:00:00,769.95476
2023-08-22 22:00:00,650.9678400000001
2023-08-22 23:00:00,569.70848
2023-08-23 00:00:00,555.4484259999999
2023-08-23 01:00:00,505.14467799999994
2023-08-23 02:00:00,492.72566
2023-08-23 03:00:00,477.03376
2023-08-23 04:00:00,493.801676
2023-08-23 05:00:00,516.756684
2023-08-23 06:00:00,631.980064
2023-08-23 07:00:00,678.5625899999999
2023-08-23 08:00:00,591.8536339999999
2023-08-23 09:00:00,503.889326
2023-08-23 10:00:00,511.645608
2023-08-23 11:00:00,503.79965799999997
2023-08-23 12:00:00,507.16220799999996
2023-08-23 13:00:00,502.90297799999996
2023-08-23 14:00:00,511.60077399999994
2023-08-23 15:00:00,552.041042
2023-08-23 16:00:00,609.876902
2023-08-23 17:00:00,713.4882759999999
2023-08-23 18:00:00,929.005314
2023-08-23 19:00:00,947.5665899999999
2023-08-23 20:00:00,953.39501
2023-08-23 21:00:00,949.5392859999998
2023-08-23 22:00:00,774.8211879999999
2023-08-23 23:00:00,621.7130779999999
2023-08-24 00:00:00,598.5768599999999
2023-08-24 01:00:00,558.90135
2023-08-24 02:00:00,528.03765
2023-08-24 03:00:00,510.68241
2023-08-24 04:00:00,538.59393
2023-08-24 05:00:00,594.4169699999999
2023-08-24 06:00:00,727.53345
2023-08-24 07:00:00,734.42187
2023-08-24 08:00:00,678.5541
2023-08-24 09:00:00,588.02058
2023-08-24 10:00:00,513.0978299999999
2023-08-24 11:00:00,489.48039
2023-08-24 12:00:00,493.32717
2023-08-24 13:00:00,509.4747
2023-08-24 14:00:00,537.3414899999999
2023-08-24 15:00:00,565.87923
2023-08-24 16:00:00,704.9895300000001
2023-08-24 17:00:00,790.87113
2023-08-24 18:00:00,937.5855300000001
2023-08-24 19:00:00,948.09708
2023-08-24 20:00:00,966.9731400000001
2023-08-24 21:00:00,914.14701
2023-08-24 22:00:00,732.36429
2023-08-24 23:00:00,598.66632
2023-08-25 00:00:00,470.14917599999995
2023-08-25 01:00:00,486.85725199999996
2023-08-25 02:00:00,527.4659179999999
2023-08-25 03:00:00,527.331896
2023-08-25 04:00:00,528.0913539999999
2023-08-25 05:00:00,475.73342599999995
2023-08-25 06:00:00,554.940428
2023-08-25 07:00:00,603.635088
2023-08-25 08:00:00,615.295002
2023-08-25 09:00:00,576.4286219999999
2023-08-25 10:00:00,521.211558
2023-08-25 11:00:00,493.8710699999999
2023-08-25 12:00:00,483.10463599999997
2023-08-25 13:00:00,485.33833599999997
2023-08-25 14:00:00,532.5140799999999
2023-08-25 15:00:00,649.11322
2023-08-25 16:00:00,654.0720339999999
2023-08-25 17:00:00,759.9940879999999
2023-08-25 18:00:00,916.8445019999999
2023-08-25 19:00:00,935.6969299999998
2023-08-25 20:00:00,910.768838
2023-08-25 21:00:00,825.2181279999999
2023-08-25 22:00:00,643.0375559999999
2023-08-25 23:00:00,517.6376379999999
2023-08-26 00:00:00,490.96725999999995
2023-08-26 01:00:00,465.0563399999999
2023-08-26 02:00:00,455.27273399999996
2023-08-26 03:00:00,444.5956479999999
2023-08-26 04:00:00,439.81552999999997
2023-08-26 05:00:00,439.81552999999997
2023-08-26 06:00:00,426.547352
2023-08-26 07:00:00,431.10409999999996
2023-08-26 08:00:00,475.956796
2023-08-26 09:00:00,480.73691399999996
2023-08-26 10:00:00,450.4032679999999
2023-08-26 11:00:00,433.471822
2023-08-26 12:00:00,424.98376199999996
2023-08-26 13:00:00,425.69854599999996
2023-08-26 14:00:00,425.38582799999995
2023-08-26 15:00:00,455.0046899999999
2023-08-26 16:00:00,500.25945199999995
2023-08-26 17:00:00,600.4632339999999
2023-08-26 18:00:00,757.8050619999999
2023-08-26 19:00:00,762.495832
2023-08-26 20:00:00,749.62972
2023-08-26 21:00:00,633.343298
2023-08-26 22:00:00,549.400852
2023-08-26 23:00:00,494.2284619999999
2023-08-27 00:00:00,457.417086
2023-08-27 01:00:00,440.843032
2023-08-27 02:00:00,432.354972
2023-08-27 03:00:00,427.7088759999999
2023-08-27 04:00:00,440.48563999999993
2023-08-27 05:00:00,435.39280399999996
2023-08-27 06:00:00,441.1110759999999
2023-08-27 07:00:00,470.5065679999999
2023-08-27 08:00:00,476.537558
2023-08-27 09:00:00,476.537558
2023-08-27 10:00:00,476.582232
2023-08-27 11:00:00,476.537558
2023-08-27 12:00:00,476.537558
2023-08-27 13:00:00,476.49288399999995
2023-08-27 14:00:00,476.80560199999996
2023-08-27 15:00:00,477.16299399999997
2023-08-27 16:00:00,451.2967479999999
2023-08-27 17:00:00,476.0908179999999
2023-08-27 18:00:00,554.0916219999999
2023-08-27 19:00:00,650.810832
2023-08-27 20:00:00,685.701226
2023-08-27 21:00:00,595.4150719999999
2023-08-27 22:00:00,531.6206
2023-08-27 23:00:00,460.09752599999996
2023-08-28 00:00:00,448.99335599999995
2023-08-28 01:00:00,427.842688
2023-08-28 02:00:00,413.84657999999996
2023-08-28 03:00:00,404.322072
2023-08-28 04:00:00,415.90351599999997
2023-08-28 05:00:00,415.8588
2023-08-28 06:00:00,497.4207839999999
2023-08-28 07:00:00,633.8493
2023-08-28 08:00:00,651.2438239999999
2023-08-28 09:00:00,595.4829719999999
2023-08-28 10:00:00,551.884872
2023-08-28 11:00:00,557.742668
2023-08-28 12:00:00,601.87736
2023-08-28 13:00:00,651.7357
2023-08-28 14:00:00,602.0562239999999
2023-08-28 15:00:00,652.0039959999999
2023-08-28 16:00:00,736.4278039999999
2023-08-28 17:00:00,801.5342999999999
2023-08-28 18:00:00,806.4083439999999
2023-08-28 19:00:00,932.4180319999999
2023-08-28 20:00:00,911.8486719999999
2023-08-28 21:00:00,655.894288
2023-08-28 22:00:00,553.2263519999999
2023-08-28 23:00:00,482.66450399999997
2023-08-29 00:00:00,510.80670000000003
2023-08-29 01:00:00,548.43568
2023-08-29 02:00:00,514.42659
2023-08-29 03:00:00,517.28675
2023-08-29 04:00:00,508.43813
2023-08-29 05:00:00,499.81296000000003
2023-08-29 06:00:00,542.84943
2023-08-29 07:00:00,649.56915
2023-08-29 08:00:00,690.5498800000001
2023-08-29 09:00:00,671.0650400000001
2023-08-29 10:00:00,586.2881100000001
2023-08-29 11:00:00,520.7725700000001
2023-08-29 12:00:00,495.74617000000006
2023-08-29 13:00:00,480.32812000000007
2023-08-29 14:00:00,505.80142000000006
2023-08-29 15:00:00,594.3770000000001
2023-08-29 16:00:00,631.9166
2023-08-29 17:00:00,724.4695900000002
2023-08-29 18:00:00,723.6651700000001
2023-08-29 19:00:00,814.2071100000001
2023-08-29 20:00:00,789.4488500000001
2023-08-29 21:00:00,610.8229200000001
2023-08-29 22:00:00,545.57552
2023-08-29 23:00:00,459.45789
2023-08-30 00:00:00,447.93688000000003
2023-08-30 01:00:00,470.39636
2023-08-30 02:00:00,490.26092
2023-08-30 03:00:00,479.07592
2023-08-30 04:00:00,461.62732000000005
2023-08-30 05:00:00,435.90182000000004
2023-08-30 06:00:00,568.91384
2023-08-30 07:00:00,640.81102
2023-08-30 08:00:00,629.9839400000001
2023-08-30 09:00:00,558.8026000000001
2023-08-30 10:00:00,511.69138000000004
2023-08-30 11:00:00,550.4809600000001
2023-08-30 12:00:00,528.64784
2023-08-30 13:00:00,505.42778000000004
2023-08-30 14:00:00,506.32258
2023-08-30 15:00:00,559.87636
2023-08-30 16:00:00,653.60666
2023-08-30 17:00:00,640.5425799999999
2023-08-30 18:00:00,644.65866
2023-08-30 19:00:00,815.3865000000001
2023-08-30 20:00:00,780.66826
2023-08-30 21:00:00,617.9041400000001
2023-08-30 22:00:00,534.59826
2023-08-30 23:00:00,480.95500000000004
2023-08-31 00:00:00,430.66439199999996
2023-08-31 01:00:00,410.02038400000004
2023-08-31 02:00:00,408.545812
2023-08-31 03:00:00,409.75228
2023-08-31 04:00:00,448.94014799999997
2023-08-31 05:00:00,461.541036
2023-08-31 06:00:00,600.463592
2023-08-31 07:00:00,669.857844
2023-08-31 08:00:00,709.4478680000001
2023-08-31 09:00:00,629.552876
2023-08-31 10:00:00,532.946068
2023-08-31 11:00:00,450.01256399999994
2023-08-31 12:00:00,449.92319599999996
2023-08-31 13:00:00,432.138964
2023-08-31 14:00:00,450.146616
2023-08-31 15:00:00,460.06646399999994
2023-08-31 16:00:00,515.7427279999999
2023-08-31 17:00:00,614.896524
2023-08-31 18:00:00,700.64512
2023-08-31 19:00:00,755.293652
2023-08-31 20:00:00,734.15812
2023-08-31 21:00:00,605.780988
2023-08-31 22:00:00,479.995528
2023-08-31 23:00:00,432.94327599999997
2023-09-01 00:00:00,450.932388
2023-09-01 01:00:00,446.635236
2023-09-01 02:00:00,417.58469800000006
2023-09-01 03:00:00,417.40565000000004
2023-09-01 04:00:00,417.31612600000005
2023-09-01 05:00:00,465.97242
2023-09-01 06:00:00,501.73725800000005
2023-09-01 07:00:00,553.3478440000001
2023-09-01 08:00:00,565.433584
2023-09-01 09:00:00,487.14484600000003
2023-09-01 10:00:00,446.59047400000003
2023-09-01 11:00:00,432.042824
2023-09-01 12:00:00,411.899924
2023-09-01 13:00:00,397.9341800000001
2023-09-01 14:00:00,397.576084
2023-09-01 15:00:00,446.008568
2023-09-01 16:00:00,477.83435000000003
2023-09-01 17:00:00,541.3068660000001
2023-09-01 18:00:00,732.3510820000001
2023-09-01 19:00:00,891.390468
2023-09-01 20:00:00,807.6407660000001
2023-09-01 21:00:00,604.421286
2023-09-01 22:00:00,530.6982720000001
2023-09-01 23:00:00,513.1963300000001
2023-09-02 00:00:00,520.716346
2023-09-02 01:00:00,476.71530000000007
2023-09-02 02:00:00,475.7752980000001
2023-09-02 03:00:00,476.58101400000004
2023-09-02 04:00:00,476.71530000000007
2023-09-02 05:00:00,481.81816800000007
2023-09-02 06:00:00,479.53530600000005
2023-09-02 07:00:00,452.49905800000005
2023-09-02 08:00:00,476.22291800000005
2023-09-02 09:00:00,423.35899600000005
2023-09-02 10:00:00,401.828474
2023-09-02 11:00:00,357.64838000000003
2023-09-02 12:00:00,340.19120000000004
2023-09-02 13:00:00,330.030226
2023-09-02 14:00:00,330.11975
2023-09-02 15:00:00,416.018028
2023-09-02 16:00:00,477.923874
2023-09-02 17:00:00,544.126872
2023-09-02 18:00:00,601.6460420000001
2023-09-02 19:00:00,570.7602620000001
2023-09-02 20:00:00,595.6031720000001
2023-09-02 21:00:00,582.756478
2023-09-02 22:00:00,472.86576800000006
2023-09-02 23:00:00,435.71330800000004
2023-09-03 00:00:00,471.254336
2023-09-03 01:00:00,452.14096200000006
2023-09-03 02:00:00,453.75239400000004
2023-09-03 03:00:00,451.20096
2023-09-03 04:00:00,446.72476
2023-09-03 05:00:00,440.0552220000001
2023-09-03 06:00:00,451.20096
2023-09-03 07:00:00,475.28291600000006
2023-09-03 08:00:00,475.23815400000007
2023-09-03 09:00:00,405.85705400000006
2023-09-03 10:00:00,293.280624
2023-09-03 11:00:00,230.92715800000005
2023-09-03 12:00:00,226.58524400000002
2023-09-03 13:00:00,150.40032000000002
2023-09-03 14:00:00,130.346944
2023-09-03 15:00:00,226.45095800000004
2023-09-03 16:00:00,317.94448600000004
2023-09-03 17:00:00,452.09620000000007
2023-09-03 18:00:00,488.980088
2023-09-03 19:00:00,556.39166
2023-09-03 20:00:00,615.02988
2023-09-03 21:00:00,532.399228
2023-09-03 22:00:00,490.54675800000007
2023-09-03 23:00:00,452.0066760000001
2023-09-04 00:00:00,474.304166
2023-09-04 01:00:00,474.61673700000006
2023-09-04 02:00:00,476.00097999999997
2023-09-04 03:00:00,476.00097999999997
2023-09-04 04:00:00,474.438125
2023-09-04 05:00:00,453.853092
2023-09-04 06:00:00,593.9295529999999
2023-09-04 07:00:00,650.103027
2023-09-04 08:00:00,578.25635
2023-09-04 09:00:00,488.325208
2023-09-04 10:00:00,474.840002
2023-09-04 11:00:00,476.22424500000005
2023-09-04 12:00:00,474.706043
2023-09-04 13:00:00,475.10792000000004
2023-09-04 14:00:00,476.35820400000006
2023-09-04 15:00:00,478.992731
2023-09-04 16:00:00,488.77173799999997
2023-09-04 17:00:00,700.15904
2023-09-04 18:00:00,759.4582240000001
2023-09-04 19:00:00,880.199936
2023-09-04 20:00:00,834.028734
2023-09-04 21:00:00,723.5572119999999
2023-09-04 22:00:00,546.55272
2023-09-04 23:00:00,478.45689500000003
2023-09-05 00:00:00,422.214048
2023-09-05 01:00:00,410.306824
2023-09-05 02:00:00,422.34833999999995
2023-09-05 03:00:00,422.258812
2023-09-05 04:00:00,411.87356400000004
2023-09-05 05:00:00,426.735212
2023-09-05 06:00:00,532.02014
2023-09-05 07:00:00,563.399704
2023-09-05 08:00:00,527.9018520000001
2023-09-05 09:00:00,437.702392
2023-09-05 10:00:00,393.9232
2023-09-05 11:00:00,366.39333999999997
2023-09-05 12:00:00,360.081616
2023-09-05 13:00:00,360.57401999999996
2023-09-05 14:00:00,371.13832399999995
2023-09-05 15:00:00,450.68395200000003
2023-09-05 16:00:00,420.96065600000003
2023-09-05 17:00:00,585.6026479999999
2023-09-05 18:00:00,696.6621319999999
2023-09-05 19:00:00,820.97176
2023-09-05 20:00:00,695.095392
2023-09-05 21:00:00,545.89698
2023-09-05 22:00:00,481.705404
2023-09-05 23:00:00,429.868692
2023-09-06 00:00:00,399.773886
2023-09-06 01:00:00,384.617648
2023-09-06 02:00:00,410.522672
2023-09-06 03:00:00,412.09676199999996
2023-09-06 04:00:00,414.795202
2023-09-06 05:00:00,460.443812
2023-09-06 06:00:00,545.354724
2023-09-06 07:00:00,637.866242
2023-09-06 08:00:00,536.0451059999999
2023-09-06 09:00:00,439.530902
2023-09-06 10:00:00,398.69451000000004
2023-09-06 11:00:00,369.23653999999993
2023-09-06 12:00:00,338.114532
2023-09-06 13:00:00,369.416436
2023-09-06 14:00:00,376.47735399999993
2023-09-06 15:00:00,470.24814399999997
2023-09-06 16:00:00,431.615478
2023-09-06 17:00:00,489.09225
2023-09-06 18:00:00,672.271352
2023-09-06 19:00:00,852.392222
2023-09-06 20:00:00,746.748296
2023-09-06 21:00:00,553.764862
2023-09-06 22:00:00,474.47569999999996
2023-09-06 23:00:00,430.491128
2023-09-07 00:00:00,438.35948
2023-09-07 01:00:00,419.75378000000006
2023-09-07 02:00:00,409.73886000000005
2023-09-07 03:00:00,404.13418
2023-09-07 04:00:00,401.69936
2023-09-07 05:00:00,422.23454000000004
2023-09-07 06:00:00,529.59632
2023-09-07 07:00:00,597.22
2023-09-07 08:00:00,522.2459200000001
2023-09-07 09:00:00,475.57088
2023-09-07 10:00:00,388.33082
2023-09-07 11:00:00,324.38234
2023-09-07 12:00:00,318.5939
2023-09-07 13:00:00,303.38776000000007
2023-09-07 14:00:00,393.06264000000004
2023-09-07 15:00:00,482.0484200000001
2023-09-07 16:00:00,481.63496000000004
2023-09-07 17:00:00,473.82516000000004
2023-09-07 18:00:00,714.22918
2023-09-07 19:00:00,768.43838
2023-09-07 20:00:00,678.0284600000001
2023-09-07 21:00:00,542.092
2023-09-07 22:00:00,465.83160000000004
2023-09-07 23:00:00,420.8104
2023-09-08 00:00:00,389.412778
2023-09-08 01:00:00,375.14688799999993
2023-09-08 02:00:00,377.631914
2023-09-08 03:00:00,377.81598999999994
2023-09-08 04:00:00,401.10160399999995
2023-09-08 05:00:00,429.17319399999997
2023-09-08 06:00:00,520.751004
2023-09-08 07:00:00,614.307631
2023-09-08 08:00:00,560.8795719999999
2023-09-08 09:00:00,461.616589
2023-09-08 10:00:00,398.110369
2023-09-08 11:00:00,379.564712
2023-09-08 12:00:00,347.213355
2023-09-08 13:00:00,326.6888809999999
2023-09-08 14:00:00,334.09793999999994
2023-09-08 15:00:00,410.99568899999997
2023-09-08 16:00:00,438.46903199999997
2023-09-08 17:00:00,681.035181
2023-09-08 18:00:00,781.494658
2023-09-08 19:00:00,940.9965119999999
2023-09-08 20:00:00,891.3880299999998
2023-09-08 21:00:00,638.973815
2023-09-08 22:00:00,524.2944669999999
2023-09-08 23:00:00,487.709362
2023-09-09 00:00:00,484.11987999999997
2023-09-09 01:00:00,471.55669299999994
2023-09-09 02:00:00,460.236019
2023-09-09 03:00:00,473.07532
2023-09-09 04:00:00,473.3054149999999
2023-09-09 05:00:00,474.041719
2023-09-09 06:00:00,477.631201
2023-09-09 07:00:00,478.45954299999994
2023-09-09 08:00:00,473.489491
2023-09-09 09:00:00,473.3054149999999
2023-09-09 10:00:00,448.731269
2023-09-09 11:00:00,416.93213999999995
2023-09-09 12:00:00,397.742217
2023-09-09 13:00:00,398.29444499999994
2023-09-09 14:00:00,409.38502399999993
2023-09-09 15:00:00,473.07532
2023-09-09 16:00:00,475.74442199999993
2023-09-09 17:00:00,538.698414
2023-09-09 18:00:00,618.8174929999999
2023-09-09 19:00:00,708.23241
2023-09-09 20:00:00,717.988438
2023-09-09 21:00:00,606.4383819999999
2023-09-09 22:00:00,510.35071
2023-09-09 23:00:00,474.73200399999996
2023-09-10 00:00:00,487.1111149999999
2023-09-10 01:00:00,478.41352399999994
2023-09-10 02:00:00,475.698403
2023-09-10 03:00:00,461.478532
2023-09-10 04:00:00,439.94163999999995
2023-09-10 05:00:00,450.341934
2023-09-10 06:00:00,454.25354899999996
2023-09-10 07:00:00,446.89050899999995
2023-09-10 08:00:00,429.21921299999997
2023-09-10 09:00:00,242.52013
2023-09-10 10:00:00,221.995656
2023-09-10 11:00:00,82.8342
2023-09-10 12:00:00,38.103731999999994
2023-09-10 13:00:00,21.536891999999998
2023-09-10 14:00:00,35.204535
2023-09-10 15:00:00,211.503324
2023-09-10 16:00:00,476.38868799999995
2023-09-10 17:00:00,461.15639899999996
2023-09-10 18:00:00,600.363874
2023-09-10 19:00:00,700.179085
2023-09-10 20:00:00,700.363161
2023-09-10 21:00:00,605.4719829999999
2023-09-10 22:00:00,524.2944669999999
2023-09-10 23:00:00,464.147634
2023-09-11 00:00:00,485.1945
2023-09-11 01:00:00,480.11151
2023-09-11 02:00:00,480.250137
2023-09-11 03:00:00,480.065301
2023-09-11 04:00:00,479.78804699999995
2023-09-11 05:00:00,479.972883
2023-09-11 06:00:00,672.9878759999999
2023-09-11 07:00:00,824.9692769999999
2023-09-11 08:00:00,630.475596
2023-09-11 09:00:00,502.014576
2023-09-11 10:00:00,461.212029
2023-09-11 11:00:00,451.50813899999997
2023-09-11 12:00:00,472.394607
2023-09-11 13:00:00,479.78804699999995
2023-09-11 14:00:00,480.11151
2023-09-11 15:00:00,480.80464499999994
2023-09-11 16:00:00,486.858024
2023-09-11 17:00:00,702.423009
2023-09-11 18:00:00,903.062487
2023-09-11 19:00:00,980.185308
2023-09-11 20:00:00,993.308664
2023-09-11 21:00:00,893.4972240000001
2023-09-11 22:00:00,680.381316
2023-09-11 23:00:00,554.230746
2023-09-12 00:00:00,497.538828
2023-09-12 01:00:00,489.57670800000005
2023-09-12 02:00:00,492.902064
2023-09-12 03:00:00,490.6071
2023-09-12 04:00:00,495.150192
2023-09-12 05:00:00,541.18998
2023-09-12 06:00:00,711.766692
2023-09-12 07:00:00,893.303028
2023-09-12 08:00:00,685.632204
2023-09-12 09:00:00,577.113192
2023-09-12 10:00:00,507.889584
2023-09-12 11:00:00,475.80692400000004
2023-09-12 12:00:00,452.061072
2023-09-12 13:00:00,439.60269600000004
2023-09-12 14:00:00,454.77756
2023-09-12 15:00:00,475.80692400000004
2023-09-12 16:00:00,523.954332
2023-09-12 17:00:00,790.076484
2023-09-12 18:00:00,875.880036
2023-09-12 19:00:00,911.569068
2023-09-12 20:00:00,863.65584
2023-09-12 21:00:00,639.8734320000001
2023-09-12 22:00:00,639.07722
2023-09-12 23:00:00,439.181172
2023-09-13 00:00:00,493.94929
2023-09-13 01:00:00,463.55598000000003
2023-09-13 02:00:00,466.247296
2023-09-13 03:00:00,468.56739600000003
2023-09-13 04:00:00,473.39320399999997
2023-09-13 05:00:00,491.025964
2023-09-13 06:00:00,637.33147
2023-09-13 07:00:00,649.210382
2023-09-13 08:00:00,639.048344
2023-09-13 09:00:00,579.607382
2023-09-13 10:00:00,478.91504199999997
2023-09-13 11:00:00,466.386502
2023-09-13 12:00:00,466.896924
2023-09-13 13:00:00,468.335386
2023-09-13 14:00:00,467.546552
2023-09-13 15:00:00,467.639356
2023-09-13 16:00:00,519.331184
2023-09-13 17:00:00,654.2682
2023-09-13 18:00:00,707.1664800000001
2023-09-13 19:00:00,744.52009
2023-09-13 20:00:00,658.9084
2023-09-13 21:00:00,569.770158
2023-09-13 22:00:00,493.763682
2023-09-13 23:00:00,455.064414
2023-09-14 00:00:00,445.72454999999997
2023-09-14 01:00:00,438.7818
2023-09-14 02:00:00,453.87071
2023-09-14 03:00:00,459.79519
2023-09-14 04:00:00,451.64903
2023-09-14 05:00:00,481.31771499999996
2023-09-14 06:00:00,647.43458
2023-09-14 07:00:00,798.32368
2023-09-14 08:00:00,717.834065
2023-09-14 09:00:00,546.53328
2023-09-14 10:00:00,448.13136999999995
2023-09-14 11:00:00,457.342085
2023-09-14 12:00:00,455.027835
2023-09-14 13:00:00,460.859745
2023-09-14 14:00:00,472.98641499999997
2023-09-14 15:00:00,444.98399
2023-09-14 16:00:00,454.935265
2023-09-14 17:00:00,675.3907199999999
2023-09-14 18:00:00,800.7767849999999
2023-09-14 19:00:00,882.238385
2023-09-14 20:00:00,859.9753000000001
2023-09-14 21:00:00,624.2920799999999
2023-09-14 22:00:00,528.2969899999999
2023-09-14 23:00:00,459.934045
2023-09-15 00:00:00,467.191323
2023-09-15 01:00:00,449.22420700000004
2023-09-15 02:00:00,445.93640999999997
2023-09-15 03:00:00,446.260559
2023-09-15 04:00:00,449.316821
2023-09-15 05:00:00,533.7344820000001
2023-09-15 06:00:00,673.859464
2023-09-15 07:00:00,708.172951
2023-09-15 08:00:00,608.5202869999999
2023-09-15 09:00:00,483.352466
2023-09-15 10:00:00,433.340906
2023-09-15 11:00:00,429.358504
2023-09-15 12:00:00,425.19087399999995
2023-09-15 13:00:00,429.636346
2023-09-15 14:00:00,450.24296100000004
2023-09-15 15:00:00,487.79793800000004
2023-09-15 16:00:00,550.266081
2023-09-15 17:00:00,725.445462
2023-09-15 18:00:00,734.4290199999999
2023-09-15 19:00:00,880.4812979999999
2023-09-15 20:00:00,754.618872
2023-09-15 21:00:00,565.038014
2023-09-15 22:00:00,474.83197800000005
2023-09-15 23:00:00,443.48213899999996
2023-09-16 00:00:00,459.31913299999997
2023-09-16 01:00:00,479.555292
2023-09-16 02:00:00,482.009563
2023-09-16 03:00:00,481.963256
2023-09-16 04:00:00,481.963256
2023-09-16 05:00:00,481.685414
2023-09-16 06:00:00,469.275138
2023-09-16 07:00:00,489.97436700000003
2023-09-16 08:00:00,479.647906
2023-09-16 09:00:00,420.42125300000004
2023-09-16 10:00:00,365.8253
2023-09-16 11:00:00,300.856579
2023-09-16 12:00:00,252.28053599999998
2023-09-16 13:00:00,150.219908
2023-09-16 14:00:00,159.29608
2023-09-16 15:00:00,344.801922
2023-09-16 16:00:00,469.55298000000005
2023-09-16 17:00:00,504.236923
2023-09-16 18:00:00,611.4839350000001
2023-09-16 19:00:00,732.900889
2023-09-16 20:00:00,649.455675
2023-09-16 21:00:00,543.088496
2023-09-16 22:00:00,486.362421
2023-09-16 23:00:00,462.14386
2023-09-17 00:00:00,504.699993
2023-09-17 01:00:00,483.21354499999995
2023-09-17 02:00:00,480.712967
2023-09-17 03:00:00,459.226519
2023-09-17 04:00:00,458.531914
2023-09-17 05:00:00,454.549512
2023-09-17 06:00:00,453.113995
2023-09-17 07:00:00,472.28509299999996
2023-09-17 08:00:00,479.27745
2023-09-17 09:00:00,381.384452
2023-09-17 10:00:00,322.481948
2023-09-17 11:00:00,183.977711
2023-09-17 12:00:00,191.71098
2023-09-17 13:00:00,108.497301
2023-09-17 14:00:00,265.80218
2023-09-17 15:00:00,369.761395
2023-09-17 16:00:00,481.12973000000005
2023-09-17 17:00:00,535.30892
2023-09-17 18:00:00,608.5202869999999
2023-09-17 19:00:00,695.484833
2023-09-17 20:00:00,631.7664010000001
2023-09-17 21:00:00,547.580275
2023-09-17 22:00:00,504.329537
2023-09-17 23:00:00,459.272826
2023-09-18 00:00:00,480.697605
2023-09-18 01:00:00,482.228046
2023-09-18 02:00:00,480.558474
2023-09-18 03:00:00,480.512097
2023-09-18 04:00:00,480.32658899999996
2023-09-18 05:00:00,427.45680899999996
2023-09-18 06:00:00,541.544229
2023-09-18 07:00:00,622.0547009999999
2023-09-18 08:00:00,541.868868
2023-09-18 09:00:00,484.63964999999996
2023-09-18 10:00:00,420.407505
2023-09-18 11:00:00,344.58110999999997
2023-09-18 12:00:00,357.33478499999995
2023-09-18 13:00:00,377.833419
2023-09-18 14:00:00,413.40457799999996
2023-09-18 15:00:00,440.0249759999999
2023-09-18 16:00:00,479.95557299999996
2023-09-18 17:00:00,610.228566
2023-09-18 18:00:00,675.0636119999999
2023-09-18 19:00:00,756.8726399999999
2023-09-18 20:00:00,609.7184189999999
2023-09-18 21:00:00,502.309287
2023-09-18 22:00:00,431.67711599999996
2023-09-18 23:00:00,480.094704
2023-09-19 00:00:00,288.922302
2023-09-19 01:00:00,302.720328
2023-09-19 02:00:00,300.443886
2023-09-19 03:00:00,306.52988400000004
2023-09-19 04:00:00,310.94339400000007
2023-09-19 05:00:00,410.084766
2023-09-19 06:00:00,611.758944
2023-09-19 07:00:00,651.062412
2023-09-19 08:00:00,610.9227000000001
2023-09-19 09:00:00,474.94013400000006
2023-09-19 10:00:00,475.31179800000007
2023-09-19 11:00:00,444.78889200000003
2023-09-19 12:00:00,440.70058800000004
2023-09-19 13:00:00,360.003042
2023-09-19 14:00:00,342.86004
2023-09-19 15:00:00,395.5898700000001
2023-09-19 16:00:00,475.8692940000001
2023-09-19 17:00:00,655.2900900000001
2023-09-19 18:00:00,705.7434780000001
2023-09-19 19:00:00,790.25058
2023-09-19 20:00:00,768.926358
2023-09-19 21:00:00,676.010358
2023-09-19 22:00:00,482.8379940000001
2023-09-19 23:00:00,395.5898700000001
2023-09-20 00:00:00,450.49377799999996
2023-09-20 01:00:00,412.29346899999996
2023-09-20 02:00:00,392.192941
2023-09-20 03:00:00,395.35691299999996
2023-09-20 04:00:00,411.176773
2023-09-20 05:00:00,468.826204
2023-09-20 06:00:00,580.542333
2023-09-20 07:00:00,489.392022
2023-09-20 08:00:00,478.03894599999995
2023-09-20 09:00:00,468.779675
2023-09-20 10:00:00,424.15836399999995
2023-09-20 11:00:00,395.49649999999997
2023-09-20 12:00:00,410.711483
2023-09-20 13:00:00,412.339998
2023-09-20 14:00:00,420.203399
2023-09-20 15:00:00,468.640088
2023-09-20 16:00:00,594.501033
2023-09-20 17:00:00,734.553323
2023-09-20 18:00:00,800.8571479999999
2023-09-20 19:00:00,882.1898399999999
2023-09-20 20:00:00,832.962158
2023-09-20 21:00:00,692.6306940000001
2023-09-20 22:00:00,500.51245299999994
2023-09-20 23:00:00,457.333541
2023-09-21 00:00:00,460.52886
2023-09-21 01:00:00,466.58237
2023-09-21 02:00:00,446.15755
2023-09-21 03:00:00,445.97271000000006
2023-09-21 04:00:00,461.73032000000006
2023-09-21 05:00:00,466.81342
2023-09-21 06:00:00,477.3493
2023-09-21 07:00:00,484.2345900000001
2023-09-21 08:00:00,478.64318000000003
2023-09-21 09:00:00,477.11825000000005
2023-09-21 10:00:00,430.44615000000005
2023-09-21 11:00:00,364.31964000000005
2023-09-21 12:00:00,347.45299
2023-09-21 13:00:00,342.97062000000005
2023-09-21 14:00:00,380.81661
2023-09-21 15:00:00,433.44980000000004
2023-09-21 16:00:00,488.80938000000003
2023-09-21 17:00:00,566.81186
2023-09-21 18:00:00,560.5273000000001
2023-09-21 19:00:00,646.6165300000001
2023-09-21 20:00:00,546.61809
2023-09-21 21:00:00,496.34161000000006
2023-09-21 22:00:00,462.56210000000004
2023-09-21 23:00:00,437.83975000000004
2023-09-22 00:00:00,406.83533900000003
2023-09-22 01:00:00,401.53740400000004
2023-09-22 02:00:00,394.39670900000004
2023-09-22 03:00:00,388.3156010000001
2023-09-22 04:00:00,392.461811
2023-09-22 05:00:00,409.55341000000004
2023-09-22 06:00:00,499.3879600000001
2023-09-22 07:00:00,498.74299400000007
2023-09-22 08:00:00,486.44257100000004
2023-09-22 09:00:00,493.7675420000001
2023-09-22 10:00:00,459.03151600000007
2023-09-22 11:00:00,418.90541700000006
2023-09-22 12:00:00,398.1743670000001
2023-09-22 13:00:00,448.481715
2023-09-22 14:00:00,490.220229
2023-09-22 15:00:00,453.87178800000004
2023-09-22 16:00:00,497.91375200000004
2023-09-22 17:00:00,691.1271380000001
2023-09-22 18:00:00,622.39219
2023-09-22 19:00:00,728.81158
2023-09-22 20:00:00,642.985033
2023-09-22 21:00:00,571.1634620000001
2023-09-22 22:00:00,488.00891700000005
2023-09-22 23:00:00,474.78711400000003
2023-09-23 00:00:00,502.3363760000001
2023-09-23 01:00:00,466.540763
2023-09-23 02:00:00,475.109597
2023-09-23 03:00:00,475.80063200000006
2023-09-23 04:00:00,477.87373700000006
2023-09-23 05:00:00,462.302415
2023-09-23 06:00:00,455.530272
2023-09-23 07:00:00,493.8596800000001
2023-09-23 08:00:00,506.712931
2023-09-23 09:00:00,490.49664300000006
2023-09-23 10:00:00,497.49913100000003
2023-09-23 11:00:00,484.50767300000007
2023-09-23 12:00:00,484.0009140000001
2023-09-23 13:00:00,484.27732800000007
2023-09-23 14:00:00,484.13912100000005
2023-09-23 15:00:00,488.23926200000005
2023-09-23 16:00:00,500.078995
2023-09-23 17:00:00,611.612044
2023-09-23 18:00:00,628.3811600000001
2023-09-23 19:00:00,718.5381930000001
2023-09-23 20:00:00,668.0005000000001
2023-09-23 21:00:00,543.1995790000001
2023-09-23 22:00:00,492.56974800000006
2023-09-23 23:00:00,461.10462100000007
2023-09-24 00:00:00,454.747099
2023-09-24 01:00:00,401.905956
2023-09-24 02:00:00,407.24996000000004
2023-09-24 03:00:00,451.6604760000001
2023-09-24 04:00:00,451.6604760000001
2023-09-24 05:00:00,412.916447
2023-09-24 06:00:00,428.48776900000007
2023-09-24 07:00:00,431.20584
2023-09-24 08:00:00,414.897414
2023-09-24 09:00:00,402.827336
2023-09-24 10:00:00,420.14928000000003
2023-09-24 11:00:00,390.3426370000001
2023-09-24 12:00:00,396.74622800000003
2023-09-24 13:00:00,416.509829
2023-09-24 14:00:00,473.35897500000004
2023-09-24 15:00:00,494.090025
2023-09-24 16:00:00,493.8596800000001
2023-09-24 17:00:00,513.8996950000001
2023-09-24 18:00:00,650.5403490000001
2023-09-24 19:00:00,724.6193010000001
2023-09-24 20:00:00,621.839362
2023-09-24 21:00:00,483.72450000000003
2023-09-24 22:00:00,451.614407
2023-09-24 23:00:00,483.95484500000003
2023-09-25 00:00:00,484.48184399999997
2023-09-25 01:00:00,465.069528
2023-09-25 02:00:00,463.876336
2023-09-25 03:00:00,460.709788
2023-09-25 04:00:00,469.47515999999996
2023-09-25 05:00:00,485.07844
2023-09-25 06:00:00,564.150356
2023-09-25 07:00:00,638.58718
2023-09-25 08:00:00,676.998784
2023-09-25 09:00:00,598.43168
2023-09-25 10:00:00,492.51294399999995
2023-09-25 11:00:00,492.008132
2023-09-25 12:00:00,492.65061999999995
2023-09-25 13:00:00,493.56845999999996
2023-09-25 14:00:00,499.80977199999995
2023-09-25 15:00:00,601.506444
2023-09-25 16:00:00,747.718356
2023-09-25 17:00:00,712.3356239999999
2023-09-25 18:00:00,899.4832
2023-09-25 19:00:00,913.663828
2023-09-25 20:00:00,900.6305
2023-09-25 21:00:00,624.7736879999999
2023-09-25 22:00:00,564.792844
2023-09-25 23:00:00,509.17174
2023-09-26 00:00:00,510.763545
2023-09-26 01:00:00,497.585523
2023-09-26 02:00:00,483.4859610000001
2023-09-26 03:00:00,481.873266
2023-09-26 04:00:00,481.1821110000001
2023-09-26 05:00:00,497.585523
2023-09-26 06:00:00,694.4725440000001
2023-09-26 07:00:00,805.840653
2023-09-26 08:00:00,735.2046120000001
2023-09-26 09:00:00,537.3499740000001
2023-09-26 10:00:00,462.659157
2023-09-26 11:00:00,428.42394600000006
2023-09-26 12:00:00,422.38785900000005
2023-09-26 13:00:00,422.48001300000004
2023-09-26 14:00:00,421.97316600000005
2023-09-26 15:00:00,451.64675400000004
2023-09-26 16:00:00,481.55072700000005
2023-09-26 17:00:00,623.237502
2023-09-26 18:00:00,815.9315160000001
2023-09-26 19:00:00,871.915071
2023-09-26 20:00:00,738.798618
2023-09-26 21:00:00,581.814279
2023-09-26 22:00:00,497.90806200000003
2023-09-26 23:00:00,466.66785600000003
2023-09-27 00:00:00,486.031815
2023-09-27 01:00:00,469.86299999999994
2023-09-27 02:00:00,474.239175
2023-09-27 03:00:00,483.40610999999996
2023-09-27 04:00:00,464.381265
2023-09-27 05:00:00,499.75918499999995
2023-09-27 06:00:00,650.2996049999999
2023-09-27 07:00:00,799.59627
2023-09-27 08:00:00,706.1303849999999
2023-09-27 09:00:00,554.4844049999999
2023-09-27 10:00:00,471.38314499999996
2023-09-27 11:00:00,429.60219
2023-09-27 12:00:00,415.50629999999995
2023-09-27 13:00:00,402.562035
2023-09-27 14:00:00,429.69431999999995
2023-09-27 15:00:00,430.61562
2023-09-27 16:00:00,595.2519299999999
2023-09-27 17:00:00,729.9920549999999
2023-09-27 18:00:00,883.98735
2023-09-27 19:00:00,884.401935
2023-09-27 20:00:00,652.050075
2023-09-27 21:00:00,496.534635
2023-09-27 22:00:00,443.97446999999994
2023-09-27 23:00:00,429.41792999999996
2023-09-28 00:00:00,407.88468
2023-09-28 01:00:00,386.10488
2023-09-28 02:00:00,335.2699
2023-09-28 03:00:00,334.85284000000007
2023-09-28 04:00:00,368.72738
2023-09-28 05:00:00,423.59394000000003
2023-09-28 06:00:00,532.6783
2023-09-28 07:00:00,572.0209600000001
2023-09-28 08:00:00,600.3810400000001
2023-09-28 09:00:00,513.6789
2023-09-28 10:00:00,432.63024
2023-09-28 11:00:00,410.38704
2023-09-28 12:00:00,308.67074
2023-09-28 13:00:00,323.82392
2023-09-28 14:00:00,406.40180000000004
2023-09-28 15:00:00,476.74592
2023-09-28 16:00:00,502.88168
2023-09-28 17:00:00,691.7635200000001
2023-09-28 18:00:00,831.66398
2023-09-28 19:00:00,889.1255800000001
2023-09-28 20:00:00,724.9893
2023-09-28 21:00:00,593.98612
2023-09-28 22:00:00,547.18272
2023-09-28 23:00:00,512.93746
2023-09-29 00:00:00,502.9626
2023-09-29 01:00:00,452.48091600000004
2023-09-29 02:00:00,436.858944
2023-09-29 03:00:00,419.799936
2023-09-29 04:00:00,432.73326
2023-09-29 05:00:00,461.2422
2023-09-29 06:00:00,591.919764
2023-09-29 07:00:00,639.7128
2023-09-29 08:00:00,602.8597800000001
2023-09-29 09:00:00,495.77742
2023-09-29 10:00:00,426.799692
2023-09-29 11:00:00,405.012372
2023-09-29 12:00:00,380.35098
2023-09-29 13:00:00,335.802864
2023-09-29 14:00:00,357.12662400000005
2023-09-29 15:00:00,436.163604
2023-09-29 16:00:00,496.0092
2023-09-29 17:00:00,634.799064
2023-09-29 18:00:00,686.3005800000001
2023-09-29 19:00:00,686.393292
2023-09-29 20:00:00,639.156528
2023-09-29 21:00:00,525.67704
2023-09-29 22:00:00,494.015892
2023-09-29 23:00:00,468.520092
2023-09-30 00:00:00,494.201316
2023-09-30 01:00:00,494.247672
2023-09-30 02:00:00,494.015892
2023-09-30 03:00:00,476.72510400000004
2023-09-30 04:00:00,472.460352
2023-09-30 05:00:00,485.34732
2023-09-30 06:00:00,494.015892
2023-09-30 07:00:00,504.863196
2023-09-30 08:00:00,501.8037
2023-09-30 09:00:00,494.34038400000003
2023-09-30 10:00:00,406.217628
2023-09-30 11:00:00,328.107768
2023-09-30 12:00:00,255.097068
2023-09-30 13:00:00,240.03136800000001
2023-09-30 14:00:00,299.83060800000004
2023-09-30 15:00:00,394.165068
2023-09-30 16:00:00,493.830468
2023-09-30 17:00:00,499.76403600000003
2023-09-30 18:00:00,589.64832
2023-09-30 19:00:00,627.150324
2023-09-30 20:00:00,592.2442560000001
2023-09-30 21:00:00,518.769996
2023-09-30 22:00:00,497.86344
2023-09-30 23:00:00,468.381024
2023-10-01 00:00:00,476.215188
2023-10-01 01:00:00,436.39538400000004
2023-10-01 02:00:00,410.71416
2023-10-01 03:00:00,411.038652
2023-10-01 04:00:00,399.86685600000004
2023-10-01 05:00:00,394.72134000000005
2023-10-01 06:00:00,393.05252400000006
2023-10-01 07:00:00,408.303648
2023-10-01 08:00:00,380.58276
2023-10-01 09:00:00,305.99595600000004
2023-10-01 10:00:00,250.276044
2023-10-01 11:00:00,180.139416
2023-10-01 12:00:00,216.29709599999998
2023-10-01 13:00:00,300.06238800000006
2023-10-01 14:00:00,301.035864
2023-10-01 15:00:00,357.914676
2023-10-01 16:00:00,353.788992
2023-10-01 17:00:00,470.467044
2023-10-01 18:00:00,556.5501360000001
2023-10-01 19:00:00,602.628
2023-10-01 20:00:00,602.628
2023-10-01 21:00:00,533.835696
2023-10-01 22:00:00,494.247672
2023-10-01 23:00:00,463.420932
2023-10-02 00:00:00,447.54360999999994
2023-10-02 01:00:00,448.419339
2023-10-02 02:00:00,444.547695
2023-10-02 03:00:00,447.72797399999996
2023-10-02 04:00:00,452.567529
2023-10-02 05:00:00,457.82190299999996
2023-10-02 06:00:00,577.52023
2023-10-02 07:00:00,667.443771
2023-10-02 08:00:00,666.01495
2023-10-02 09:00:00,589.9187089999999
2023-10-02 10:00:00,485.660867
2023-10-02 11:00:00,477.733215
2023-10-02 12:00:00,485.43041199999993
2023-10-02 13:00:00,475.520847
2023-10-02 14:00:00,441.966599
2023-10-02 15:00:00,452.19880099999995
2023-10-02 16:00:00,564.937387
2023-10-02 17:00:00,653.201652
2023-10-02 18:00:00,846.2307599999999
2023-10-02 19:00:00,886.237748
2023-10-02 20:00:00,737.7786369999999
2023-10-02 21:00:00,553.092
2023-10-02 22:00:00,492.9893359999999
2023-10-02 23:00:00,460.90999999999997
2023-10-03 00:00:00,450.30242599999997
2023-10-03 01:00:00,431.105274
2023-10-03 02:00:00,470.88398800000004
2023-10-03 03:00:00,450.948484
2023-10-03 04:00:00,419.060907
2023-10-03 05:00:00,454.686391
2023-10-03 06:00:00,481.54394499999995
2023-10-03 07:00:00,462.669822
2023-10-03 08:00:00,432.12050800000003
2023-10-03 09:00:00,250.347475
2023-10-03 10:00:00,60.083394
2023-10-03 11:00:00,55.284106
2023-10-03 12:00:00,-3.8302009999999997
2023-10-03 13:00:00,-8.214166
2023-10-03 14:00:00,59.9911
2023-10-03 15:00:00,60.083394
2023-10-03 16:00:00,180.29632900000001
2023-10-03 17:00:00,419.060907
2023-10-03 18:00:00,462.669822
2023-10-03 19:00:00,445.595432
2023-10-03 20:00:00,411.215917
2023-10-03 21:00:00,119.151554
2023-10-03 22:00:00,278.866321
2023-10-03 23:00:00,47.11608700000001
2023-10-04 00:00:00,4.769209
2023-10-04 01:00:00,6.852844
2023-10-04 02:00:00,9.445812
2023-10-04 03:00:00,4.954421
2023-10-04 04:00:00,35.375492
2023-10-04 05:00:00,144.048633
2023-10-04 06:00:00,436.544684
2023-10-04 07:00:00,410.383489
2023-10-04 08:00:00,464.048666
2023-10-04 09:00:00,463.72454500000003
2023-10-04 10:00:00,335.88196200000004
2023-10-04 11:00:00,271.289277
2023-10-04 12:00:00,140.436999
2023-10-04 13:00:00,95.152665
2023-10-04 14:00:00,134.926942
2023-10-04 15:00:00,266.334856
2023-10-04 16:00:00,395.61283199999997
2023-10-04 17:00:00,463.585636
2023-10-04 18:00:00,517.065601
2023-10-04 19:00:00,591.798643
2023-10-04 20:00:00,546.560612
2023-10-04 21:00:00,409.920459
2023-10-04 22:00:00,396.30737700000003
2023-10-04 23:00:00,359.26497700000004
2023-10-05 00:00:00,324.76033600000005
2023-10-05 01:00:00,279.705816
2023-10-05 02:00:00,264.3505
2023-10-05 03:00:00,284.625034
2023-10-05 04:00:00,279.84373800000003
2023-10-05 05:00:00,348.115128
2023-10-05 06:00:00,453.62545800000004
2023-10-05 07:00:00,446.59143600000004
2023-10-05 08:00:00,481.80752
2023-10-05 09:00:00,492.42751400000003
2023-10-05 10:00:00,401.490942
2023-10-05 11:00:00,364.80369
2023-10-05 12:00:00,344.759026
2023-10-05 13:00:00,349.44837400000006
2023-10-05 14:00:00,367.92992200000003
2023-10-05 15:00:00,384.756406
2023-10-05 16:00:00,452.61403000000007
2023-10-05 17:00:00,460.19974
2023-10-05 18:00:00,516.5638640000001
2023-10-05 19:00:00,526.4023000000001
2023-10-05 20:00:00,536.4246320000001
2023-10-05 21:00:00,500.79478200000005
2023-10-05 22:00:00,464.24545200000006
2023-10-05 23:00:00,434.82209200000005
2023-10-06 00:00:00,445.03065000000004
2023-10-06 01:00:00,430.403286
2023-10-06 02:00:00,416.74188
2023-10-06 03:00:00,409.888178
2023-10-06 04:00:00,465.03978
2023-10-06 05:00:00,480.771096
2023-10-06 06:00:00,607.081604
2023-10-06 07:00:00,630.080604
2023-10-06 08:00:00,565.223424
2023-10-06 09:00:00,480.17312200000003
2023-10-06 10:00:00,476.0793
2023-10-06 11:00:00,465.03978
2023-10-06 12:00:00,414.80996400000004
2023-10-06 13:00:00,407.680274
2023-10-06 14:00:00,415.039954
2023-10-06 15:00:00,429.897308
2023-10-06 16:00:00,468.995608
2023-10-06 17:00:00,478.3792
2023-10-06 18:00:00,445.03065000000004
2023-10-06 19:00:00,445.07664800000003
2023-10-06 20:00:00,430.035302
2023-10-06 21:00:00,356.760488
2023-10-06 22:00:00,280.035824
2023-10-06 23:00:00,129.94435000000001
2023-10-07 00:00:00,-41.996174
2023-10-07 01:00:00,-30.036694
2023-10-07 02:00:00,-33.026564
2023-10-07 03:00:00,-45.30803
2023-10-07 04:00:00,-16.007304
2023-10-07 05:00:00,-40.156254000000004
2023-10-07 06:00:00,-47.14795
2023-10-07 07:00:00,32.980566
2023-10-07 08:00:00,198.527368
2023-10-07 09:00:00,220.284422
2023-10-07 10:00:00,216.19060000000002
2023-10-07 11:00:00,88.822138
2023-10-07 12:00:00,46.733968000000004
2023-10-07 13:00:00,1.011956
2023-10-07 14:00:00,4.5998
2023-10-07 15:00:00,128.380418
2023-10-07 16:00:00,340.339202
2023-10-07 17:00:00,397.606712
2023-10-07 18:00:00,457.266118
2023-10-07 19:00:00,470.283552
2023-10-07 20:00:00,459.98
2023-10-07 21:00:00,386.337202
2023-10-07 22:00:00,350.458762
2023-10-07 23:00:00,331.1856
2023-10-08 00:00:00,386.245206
2023-10-08 01:00:00,327.367766
2023-10-08 02:00:00,324.469892
2023-10-08 03:00:00,325.06786600000004
2023-10-08 04:00:00,330.311638
2023-10-08 05:00:00,354.598582
2023-10-08 06:00:00,384.129298
2023-10-08 07:00:00,453.77027000000004
2023-10-08 08:00:00,245.445328
2023-10-08 09:00:00,200.275292
2023-10-08 10:00:00,199.63132
2023-10-08 11:00:00,199.769314
2023-10-08 12:00:00,100.04565000000001
2023-10-08 13:00:00,128.10443
2023-10-08 14:00:00,199.53932400000002
2023-10-08 15:00:00,321.480022
2023-10-08 16:00:00,380.63345
2023-10-08 17:00:00,460.071996
2023-10-08 18:00:00,451.194382
2023-10-08 19:00:00,494.202512
2023-10-08 20:00:00,493.006564
2023-10-08 21:00:00,458.324072
2023-10-08 22:00:00,457.68010000000004
2023-10-08 23:00:00,443.14473200000003
2023-10-09 00:00:00,454.312353
2023-10-09 01:00:00,454.81607599999995
2023-10-09 02:00:00,452.297461
2023-10-09 03:00:00,452.43483999999995
2023-10-09 04:00:00,468.691355
2023-10-09 05:00:00,473.591206
2023-10-09 06:00:00,606.253527
2023-10-09 07:00:00,774.588595
2023-10-09 08:00:00,774.2222509999999
2023-10-09 09:00:00,656.396862
2023-10-09 10:00:00,540.677951
2023-10-09 11:00:00,484.48994
2023-10-09 12:00:00,509.21816
2023-10-09 13:00:00,482.841392
2023-10-09 14:00:00,493.51116099999996
2023-10-09 15:00:00,603.460154
2023-10-09 16:00:00,772.8026679999999
2023-10-09 17:00:00,817.40505
2023-10-09 18:00:00,870.7081019999999
2023-10-09 19:00:00,889.620611
2023-10-09 20:00:00,844.88085
2023-10-09 21:00:00,672.2412400000001
2023-10-09 22:00:00,549.516
2023-10-09 23:00:00,516.08711
2023-10-10 00:00:00,474.04239999999993
2023-10-10 01:00:00,458.5448599999999
2023-10-10 02:00:00,455.35418999999996
2023-10-10 03:00:00,453.62211199999996
2023-10-10 04:00:00,447.92448699999994
2023-10-10 05:00:00,512.6039259999999
2023-10-10 06:00:00,686.44986
2023-10-10 07:00:00,771.68633
2023-10-10 08:00:00,771.1849389999999
2023-10-10 09:00:00,646.8855519999998
2023-10-10 10:00:00,533.662348
2023-10-10 11:00:00,508.8207029999999
2023-10-10 12:00:00,485.52881199999996
2023-10-10 13:00:00,476.95958399999995
2023-10-10 14:00:00,479.37537699999996
2023-10-10 15:00:00,581.841465
2023-10-10 16:00:00,649.5292499999999
2023-10-10 17:00:00,733.39829
2023-10-10 18:00:00,806.5557949999999
2023-10-10 19:00:00,820.959391
2023-10-10 20:00:00,771.595168
2023-10-10 21:00:00,543.826911
2023-10-10 22:00:00,450.477023
2023-10-10 23:00:00,408.223436
2023-10-11 00:00:00,400.231014
2023-10-11 01:00:00,371.72054099999997
2023-10-11 02:00:00,322.15479
2023-10-11 03:00:00,297.394506
2023-10-11 04:00:00,297.394506
2023-10-11 05:00:00,351.388191
2023-10-11 06:00:00,451.42335299999996
2023-10-11 07:00:00,495.612327
2023-10-11 08:00:00,540.614595
2023-10-11 09:00:00,450.47451
2023-10-11 10:00:00,247.73838899999998
2023-10-11 11:00:00,217.736877
2023-10-11 12:00:00,214.257786
2023-10-11 13:00:00,190.491528
2023-10-11 14:00:00,212.766747
2023-10-11 15:00:00,217.917609
2023-10-11 16:00:00,406.692183
2023-10-11 17:00:00,455.986836
2023-10-11 18:00:00,475.054062
2023-10-11 19:00:00,508.444299
2023-10-11 20:00:00,485.581701
2023-10-11 21:00:00,420.427815
2023-10-11 22:00:00,448.39609199999995
2023-10-11 23:00:00,396.75192300000003
2023-10-12 00:00:00,291.37481199999996
2023-10-12 01:00:00,303.20568099999997
2023-10-12 02:00:00,285.5727
2023-10-12 03:00:00,385.432487
2023-10-12 04:00:00,403.609416
2023-10-12 05:00:00,465.07553999999993
2023-10-12 06:00:00,573.41185
2023-10-12 07:00:00,606.864652
2023-10-12 08:00:00,672.6370309999999
2023-10-12 09:00:00,616.2477549999999
2023-10-12 10:00:00,511.71908099999996
2023-10-12 11:00:00,488.41997499999997
2023-10-12 12:00:00,501.65604299999995
2023-10-12 13:00:00,472.736141
2023-10-12 14:00:00,491.27570199999997
2023-10-12 15:00:00,543.948
2023-10-12 16:00:00,567.927041
2023-10-12 17:00:00,582.4776499999999
2023-10-12 18:00:00,651.332401
2023-10-12 19:00:00,755.7250879999999
2023-10-12 20:00:00,692.62712
2023-10-12 21:00:00,586.375944
2023-10-12 22:00:00,559.81315
2023-10-12 23:00:00,497.893736
2023-10-13 00:00:00,563.1253829999999
2023-10-13 01:00:00,522.2955
2023-10-13 02:00:00,486.59773799999994
2023-10-13 03:00:00,460.52837999999997
2023-10-13 04:00:00,462.935481
2023-10-13 05:00:00,496.68031199999996
2023-10-13 06:00:00,611.676156
2023-10-13 07:00:00,643.1047199999999
2023-10-13 08:00:00,630.84213
2023-10-13 09:00:00,551.089878
2023-10-13 10:00:00,455.714178
2023-10-13 11:00:00,455.214591
2023-10-13 12:00:00,381.3211319999999
2023-10-13 13:00:00,291.44088899999997
2023-10-13 14:00:00,341.35417199999995
2023-10-13 15:00:00,457.8941939999999
2023-10-13 16:00:00,462.70839599999994
2023-10-13 17:00:00,481.42019999999997
2023-10-13 18:00:00,473.018055
2023-10-13 19:00:00,495.99905699999994
2023-10-13 20:00:00,440.90823599999993
2023-10-13 21:00:00,177.35338499999997
2023-10-13 22:00:00,150.284853
2023-10-13 23:00:00,95.55736799999998
2023-10-14 00:00:00,47.506182
2023-10-14 01:00:00,41.511138
2023-10-14 02:00:00,40.920716999999996
2023-10-14 03:00:00,41.601971999999996
2023-10-14 04:00:00,24.752264999999998
2023-10-14 05:00:00,40.103210999999995
2023-10-14 06:00:00,8.038808999999999
2023-10-14 07:00:00,47.960352
2023-10-14 08:00:00,47.82410099999999
2023-10-14 09:00:00,173.810859
2023-10-14 10:00:00,124.85133299999998
2023-10-14 11:00:00,71.259273
2023-10-14 12:00:00,67.535079
2023-10-14 13:00:00,30.928976999999996
2023-10-14 14:00:00,72.44011499999999
2023-10-14 15:00:00,70.350933
2023-10-14 16:00:00,151.329444
2023-10-14 17:00:00,250.61100599999997
2023-10-14 18:00:00,440.5449
2023-10-14 19:00:00,375.18983699999995
2023-10-14 20:00:00,291.486306
2023-10-14 21:00:00,269.867814
2023-10-14 22:00:00,253.97186399999998
2023-10-14 23:00:00,151.147776
2023-10-15 00:00:00,-19.847229
2023-10-15 01:00:00,-19.98348
2023-10-15 02:00:00,-20.119730999999998
2023-10-15 03:00:00,-4.905036
2023-10-15 04:00:00,-19.665561
2023-10-15 05:00:00,0.181668
2023-10-15 06:00:00,-3.406275
2023-10-15 07:00:00,-13.670516999999998
2023-10-15 08:00:00,-11.853836999999999
2023-10-15 09:00:00,-25.070183999999998
2023-10-15 10:00:00,-32.064401999999994
2023-10-15 11:00:00,-40.057794
2023-10-15 12:00:00,-34.244417999999996
2023-10-15 13:00:00,-13.897602
2023-10-15 14:00:00,-11.853836999999999
2023-10-15 15:00:00,-23.662256999999997
2023-10-15 16:00:00,-2.6796029999999997
2023-10-15 17:00:00,179.079231
2023-10-15 18:00:00,384.99990899999995
2023-10-15 19:00:00,456.03209699999996
2023-10-15 20:00:00,386.13533399999994
2023-10-15 21:00:00,415.52013299999993
2023-10-15 22:00:00,329.50033499999995
2023-10-15 23:00:00,203.695245
2023-10-16 00:00:00,289.837076
2023-10-16 01:00:00,250.67838000000003
2023-10-16 02:00:00,256.771724
2023-10-16 03:00:00,208.24899200000002
2023-10-16 04:00:00,311.02936800000003
2023-10-16 05:00:00,437.51106000000004
2023-10-16 06:00:00,625.284624
2023-10-16 07:00:00,577.8371880000001
2023-10-16 08:00:00,640.0251400000001
2023-10-16 09:00:00,642.9374
2023-10-16 10:00:00,524.2068
2023-10-16 11:00:00,472.413376
2023-10-16 12:00:00,463.586988
2023-10-16 13:00:00,424.69711600000005
2023-10-16 14:00:00,490.55899600000004
2023-10-16 15:00:00,523.0867000000001
2023-10-16 16:00:00,622.5963840000001
2023-10-16 17:00:00,692.266604
2023-10-16 18:00:00,788.1471640000001
2023-10-16 19:00:00,815.567212
2023-10-16 20:00:00,722.330088
2023-10-16 21:00:00,659.7837040000001
2023-10-16 22:00:00,605.75008
2023-10-16 23:00:00,534.1532880000001
2023-10-17 00:00:00,566.3148620000001
2023-10-17 01:00:00,506.21215600000005
2023-10-17 02:00:00,503.903928
2023-10-17 03:00:00,514.690455
2023-10-17 04:00:00,494.138348
2023-10-17 05:00:00,539.9921850000001
2023-10-17 06:00:00,693.622514
2023-10-17 07:00:00,783.02196
2023-10-17 08:00:00,783.110738
2023-10-17 09:00:00,706.2733790000001
2023-10-17 10:00:00,597.3871620000001
2023-10-17 11:00:00,494.537849
2023-10-17 12:00:00,475.18424500000003
2023-10-17 13:00:00,481.753817
2023-10-17 14:00:00,496.002686
2023-10-17 15:00:00,542.389191
2023-10-17 16:00:00,689.5387260000001
2023-10-17 17:00:00,773.655881
2023-10-17 18:00:00,783.687795
2023-10-17 19:00:00,773.1676020000001
2023-10-17 20:00:00,713.8638980000001
2023-10-17 21:00:00,622.023057
2023-10-17 22:00:00,561.742795
2023-10-17 23:00:00,459.781262
2023-10-18 00:00:00,408.57779200000004
2023-10-18 01:00:00,411.469512
2023-10-18 02:00:00,411.42502400000006
2023-10-18 03:00:00,421.92419200000006
2023-10-18 04:00:00,436.47176800000005
2023-10-18 05:00:00,449.150848
2023-10-18 06:00:00,561.43856
2023-10-18 07:00:00,677.4632640000001
2023-10-18 08:00:00,626.7024560000001
2023-10-18 09:00:00,514.548208
2023-10-18 10:00:00,376.27950400000003
2023-10-18 11:00:00,342.201696
2023-10-18 12:00:00,311.81639200000006
2023-10-18 13:00:00,301.762104
2023-10-18 14:00:00,377.347216
2023-10-18 15:00:00,443.856776
2023-10-18 16:00:00,651.5712480000001
2023-10-18 17:00:00,717.413488
2023-10-18 18:00:00,739.257096
2023-10-18 19:00:00,740.4137840000001
2023-10-18 20:00:00,717.546952
2023-10-18 21:00:00,639.114608
2023-10-18 22:00:00,495.32939200000004
2023-10-18 23:00:00,389.848344
2023-10-19 00:00:00,400.00400699999994
2023-10-19 01:00:00,408.731691
2023-10-19 02:00:00,386.556249
2023-10-19 03:00:00,381.96976199999995
2023-10-19 04:00:00,383.706393
2023-10-19 05:00:00,406.10447999999997
2023-10-19 06:00:00,531.720789
2023-10-19 07:00:00,606.128748
2023-10-19 08:00:00,607.909908
2023-10-19 09:00:00,565.5183
2023-10-19 10:00:00,493.025088
2023-10-19 11:00:00,496.09758899999997
2023-10-19 12:00:00,473.031567
2023-10-19 13:00:00,477.35087999999996
2023-10-19 14:00:00,505.80491099999995
2023-10-19 15:00:00,550.2893819999999
2023-10-19 16:00:00,597.801825
2023-10-19 17:00:00,602.744544
2023-10-19 18:00:00,605.4608129999999
2023-10-19 19:00:00,567.433047
2023-10-19 20:00:00,518.406618
2023-10-19 21:00:00,397.15415099999996
2023-10-19 22:00:00,432.06488699999994
2023-10-19 23:00:00,360.23960999999997
2023-10-20 00:00:00,344.310225
2023-10-20 01:00:00,292.79995
2023-10-20 02:00:00,276.35955
2023-10-20 03:00:00,276.53825
2023-10-20 04:00:00,276.89565
2023-10-20 05:00:00,293.33605
2023-10-20 06:00:00,425.57405000000006
2023-10-20 07:00:00,440.58485
2023-10-20 08:00:00,438.217075
2023-10-20 09:00:00,441.12095
2023-10-20 10:00:00,445.32040000000006
2023-10-20 11:00:00,439.11057500000004
2023-10-20 12:00:00,439.378625
2023-10-20 13:00:00,423.20627500000006
2023-10-20 14:00:00,415.1647750000001
2023-10-20 15:00:00,425.8421
2023-10-20 16:00:00,425.8421
2023-10-20 17:00:00,395.19505
2023-10-20 18:00:00,395.15037500000005
2023-10-20 19:00:00,381.97125
2023-10-20 20:00:00,364.99475
2023-10-20 21:00:00,327.691125
2023-10-20 22:00:00,310.66995000000003
2023-10-20 23:00:00,250.76077500000002
2023-10-21 00:00:00,237.22425
2023-10-21 01:00:00,190.94095000000002
2023-10-21 02:00:00,180.08492500000003
2023-10-21 03:00:00,200.05465
2023-10-21 04:00:00,200.00997500000003
2023-10-21 05:00:00,250.09065
2023-10-21 06:00:00,347.705525
2023-10-21 07:00:00,426.42287500000003
2023-10-21 08:00:00,426.33352500000007
2023-10-21 09:00:00,428.031175
2023-10-21 10:00:00,440.1381
2023-10-21 11:00:00,426.28885
2023-10-21 12:00:00,419.453575
2023-10-21 13:00:00,426.28885
2023-10-21 14:00:00,446.615975
2023-10-21 15:00:00,438.44045000000006
2023-10-21 16:00:00,451.530225
2023-10-21 17:00:00,501.476875
2023-10-21 18:00:00,584.2149750000001
2023-10-21 19:00:00,529.6668000000001
2023-10-21 20:00:00,501.119475
2023-10-21 21:00:00,450.23465000000004
2023-10-21 22:00:00,427.80780000000004
2023-10-21 23:00:00,426.33352500000007
2023-10-22 00:00:00,427.495075
2023-10-22 01:00:00,427.6291
2023-10-22 02:00:00,427.36105000000003
2023-10-22 03:00:00,427.31637500000005
2023-10-22 04:00:00,427.2717
2023-10-22 05:00:00,427.495075
2023-10-22 06:00:00,427.405725
2023-10-22 07:00:00,427.18235000000004
2023-10-22 08:00:00,427.71845
2023-10-22 09:00:00,427.584425
2023-10-22 10:00:00,416.10295
2023-10-22 11:00:00,342.65725000000003
2023-10-22 12:00:00,342.79127500000004
2023-10-22 13:00:00,351.01147499999996
2023-10-22 14:00:00,351.547575
2023-10-22 15:00:00,363.52047500000003
2023-10-22 16:00:00,427.71845
2023-10-22 17:00:00,501.9683
2023-10-22 18:00:00,556.9632250000001
2023-10-22 19:00:00,619.5082249999999
2023-10-22 20:00:00,557.052575
2023-10-22 21:00:00,502.45972500000005
2023-10-22 22:00:00,456.48915000000005
2023-10-22 23:00:00,427.495075
2023-10-23 00:00:00,426.40719199999995
2023-10-23 01:00:00,444.4953039999999
2023-10-23 02:00:00,451.222656
2023-10-23 03:00:00,445.787312
2023-10-23 04:00:00,439.32727199999994
2023-10-23 05:00:00,468.37517599999995
2023-10-23 06:00:00,640.0340319999999
2023-10-23 07:00:00,681.066424
2023-10-23 08:00:00,699.956472
2023-10-23 09:00:00,675.18556
2023-10-23 10:00:00,570.577464
2023-10-23 11:00:00,485.750456
2023-10-23 12:00:00,455.588752
2023-10-23 13:00:00,459.86574399999995
2023-10-23 14:00:00,476.7064
2023-10-23 15:00:00,575.7454959999999
2023-10-23 16:00:00,634.554136
2023-10-23 17:00:00,726.5094639999999
2023-10-23 18:00:00,790.8425519999998
2023-10-23 19:00:00,773.4227199999999
2023-10-23 20:00:00,764.2450079999999
2023-10-23 21:00:00,670.0175279999999
2023-10-23 22:00:00,590.002136
2023-10-23 23:00:00,458.17276799999996
2023-10-24 00:00:00,451.972332
2023-10-24 01:00:00,454.693176
2023-10-24 02:00:00,456.209712
2023-10-24 03:00:00,456.209712
2023-10-24 04:00:00,441.40118399999994
2023-10-24 05:00:00,452.19535199999996
2023-10-24 06:00:00,640.870272
2023-10-24 07:00:00,726.4653480000001
2023-10-24 08:00:00,631.7710559999999
2023-10-24 09:00:00,608.17554
2023-10-24 10:00:00,572.581548
2023-10-24 11:00:00,557.55
2023-10-24 12:00:00,530.742996
2023-10-24 13:00:00,501.97341600000004
2023-10-24 14:00:00,511.87550400000003
2023-10-24 15:00:00,602.733852
2023-10-24 16:00:00,639.755172
2023-10-24 17:00:00,699.479928
2023-10-24 18:00:00,726.6437639999999
2023-10-24 19:00:00,698.8108679999999
2023-10-24 20:00:00,595.24038
2023-10-24 21:00:00,532.170324
2023-10-24 22:00:00,508.93163999999996
2023-10-24 23:00:00,458.439912
2023-10-25 00:00:00,443.41750599999995
2023-10-25 01:00:00,423.23164799999995
2023-10-25 02:00:00,400.36030999999997
2023-10-25 03:00:00,385.187348
2023-10-25 04:00:00,393.19902999999994
2023-10-25 05:00:00,427.97599599999995
2023-10-25 06:00:00,556.4314559999999
2023-10-25 07:00:00,673.965964
2023-10-25 08:00:00,691.600616
2023-10-25 09:00:00,645.5446339999999
2023-10-25 10:00:00,581.5854519999999
2023-10-25 11:00:00,559.1169359999999
2023-10-25 12:00:00,532.754474
2023-10-25 13:00:00,517.357722
2023-10-25 14:00:00,553.0746059999999
2023-10-25 15:00:00,622.0019259999999
2023-10-25 16:00:00,651.9897859999999
2023-10-25 17:00:00,683.365144
2023-10-25 18:00:00,700.6417319999999
2023-10-25 19:00:00,713.576794
2023-10-25 20:00:00,670.5643559999999
2023-10-25 21:00:00,621.68862
2023-10-25 22:00:00,537.364548
2023-10-25 23:00:00,504.8702399999999
2023-10-26 00:00:00,401.07546799999994
2023-10-26 01:00:00,403.13203599999997
2023-10-26 02:00:00,407.06633999999997
2023-10-26 03:00:00,406.574552
2023-10-26 04:00:00,402.506124
2023-10-26 05:00:00,447.08
2023-10-26 06:00:00,656.581688
2023-10-26 07:00:00,695.1199839999999
2023-10-26 08:00:00,703.882752
2023-10-26 09:00:00,666.1492
2023-10-26 10:00:00,654.390996
2023-10-26 11:00:00,625.9119999999999
2023-10-26 12:00:00,586.166588
2023-10-26 13:00:00,536.898372
2023-10-26 14:00:00,534.70768
2023-10-26 15:00:00,599.847236
2023-10-26 16:00:00,630.785172
2023-10-26 17:00:00,659.845372
2023-10-26 18:00:00,716.8927799999999
2023-10-26 19:00:00,671.3800359999999
2023-10-26 20:00:00,683.9429839999999
2023-10-26 21:00:00,568.5069279999999
2023-10-26 22:00:00,523.351848
2023-10-26 23:00:00,468.7633799999999
2023-10-27 00:00:00,466.776752
2023-10-27 01:00:00,433.87559799999997
2023-10-27 02:00:00,419.813368
2023-10-27 03:00:00,418.697318
2023-10-27 04:00:00,427.49179200000003
2023-10-27 05:00:00,461.642922
2023-10-27 06:00:00,694.495594
2023-10-27 07:00:00,719.1826199999999
2023-10-27 08:00:00,699.3169300000001
2023-10-27 09:00:00,681.6833399999999
2023-10-27 10:00:00,643.112652
2023-10-27 11:00:00,607.666904
2023-10-27 12:00:00,575.971084
2023-10-27 13:00:00,621.327356
2023-10-27 14:00:00,659.273056
2023-10-27 15:00:00,662.978342
2023-10-27 16:00:00,694.495594
2023-10-27 17:00:00,716.459458
2023-10-27 18:00:00,708.46854
2023-10-27 19:00:00,693.468828
2023-10-27 20:00:00,635.7913639999999
2023-10-27 21:00:00,503.65104399999996
2023-10-27 22:00:00,450.482422
2023-10-27 23:00:00,418.29554
2023-10-28 00:00:00,388.07290600000005
2023-10-28 01:00:00,410.884968
2023-10-28 02:00:00,427.22394
2023-10-28 03:00:00,441.598664
2023-10-28 04:00:00,441.196886
2023-10-28 05:00:00,411.73316600000004
2023-10-28 06:00:00,358.34133399999996
2023-10-28 07:00:00,438.116588
2023-10-28 08:00:00,526.2398959999999
2023-10-28 09:00:00,526.3291800000001
2023-10-28 10:00:00,526.10597
2023-10-28 11:00:00,514.27584
2023-10-28 12:00:00,497.71365799999995
2023-10-28 13:00:00,468.116012
2023-10-28 14:00:00,425.21505
2023-10-28 15:00:00,415.081316
2023-10-28 16:00:00,496.552966
2023-10-28 17:00:00,650.612508
2023-10-28 18:00:00,676.862004
2023-10-28 19:00:00,676.99593
2023-10-28 20:00:00,672.7549399999999
2023-10-28 21:00:00,505.92778599999997
2023-10-28 22:00:00,411.91173399999997
2023-10-28 23:00:00,396.912022
2023-10-29 00:00:00,373.564256
2023-10-29 01:00:00,313.565408
2023-10-29 02:00:00,126.60471199999999
2023-10-29 03:00:00,294.280064
2023-10-29 04:00:00,212.0495
2023-10-29 05:00:00,249.77199000000002
2023-10-29 06:00:00,274.77151
2023-10-29 07:00:00,198.6569
2023-10-29 08:00:00,110.44430799999999
2023-10-29 09:00:00,134.952766
2023-10-29 10:00:00,104.194428
2023-10-29 11:00:00,105.80153999999999
2023-10-29 12:00:00,104.46227999999999
2023-10-29 13:00:00,100.08736400000001
2023-10-29 14:00:00,102.54267399999999
2023-10-29 15:00:00,259.012884
2023-10-29 16:00:00,405.03686600000003
2023-10-29 17:00:00,408.25109000000003
2023-10-29 18:00:00,262.003898
2023-10-29 19:00:00,295.663966
2023-10-29 20:00:00,243.879246
2023-10-29 21:00:00,153.12205999999998
2023-10-29 22:00:00,188.255314
2023-10-29 23:00:00,129.68501
2023-10-30 00:00:00,61.13063399999999
2023-10-30 01:00:00,40.664774
2023-10-30 02:00:00,37.194475999999995
2023-10-30 03:00:00,44.579981999999994
2023-10-30 04:00:00,83.64308
2023-10-30 05:00:00,166.57430399999998
2023-10-30 06:00:00,345.472615
2023-10-30 07:00:00,432.89742999999993
2023-10-30 08:00:00,493.85009999999994
2023-10-30 09:00:00,458.2573
2023-10-30 10:00:00,400.419
2023-10-30 11:00:00,427.86994699999997
2023-10-30 12:00:00,456.210714
2023-10-30 13:00:00,509.95584199999996
2023-10-30 14:00:00,551.599418
2023-10-30 15:00:00,620.4269949999999
2023-10-30 16:00:00,668.69973
2023-10-30 17:00:00,737.8387439999999
2023-10-30 18:00:00,741.264551
2023-10-30 19:00:00,667.9433829999999
2023-10-30 20:00:00,572.777134
2023-10-30 21:00:00,519.966317
2023-10-30 22:00:00,505.28428699999995
2023-10-30 23:00:00,421.5077339999999
2023-10-31 00:00:00,382.70737499999996
2023-10-31 01:00:00,352.242
2023-10-31 02:00:00,341.47905
2023-10-31 03:00:00,349.440075
2023-10-31 04:00:00,356.8674
2023-10-31 05:00:00,392.136075
2023-10-31 06:00:00,411.83849999999995
2023-10-31 07:00:00,491.44874999999996
2023-10-31 08:00:00,488.202075
2023-10-31 09:00:00,451.86599999999993
2023-10-31 10:00:00,416.9976
2023-10-31 11:00:00,422.1567
2023-10-31 12:00:00,419.176875
2023-10-31 13:00:00,418.643175
2023-10-31 14:00:00,451.86599999999993
2023-10-31 15:00:00,518.2226999999999
2023-10-31 16:00:00,519.20115
2023-10-31 17:00:00,528.674325
2023-10-31 18:00:00,521.380425
2023-10-31 19:00:00,493.31669999999997
2023-10-31 20:00:00,501.277725
2023-10-31 21:00:00,459.78254999999996
2023-10-31 22:00:00,467.34329999999994
2023-10-31 23:00:00,417.04207499999995
2023-11-01 00:00:00,290.199375
2023-11-01 01:00:00,278.724825
2023-11-01 02:00:00,257.4213
2023-11-01 03:00:00,260.35665
2023-11-01 04:00:00,252.08429999999998
2023-11-01 05:00:00,283.3947
2023-11-01 06:00:00,327.11362499999996
2023-11-01 07:00:00,372.07784999999996
2023-11-01 08:00:00,384.130575
2023-11-01 09:00:00,307.900425
2023-11-01 10:00:00,258.711075
2023-11-01 11:00:00,226.2888
2023-11-01 12:00:00,211.8789
2023-11-01 13:00:00,227.62304999999998
2023-11-01 14:00:00,366.429525
2023-11-01 15:00:00,381.106275
2023-11-01 16:00:00,394.67114999999995
2023-11-01 17:00:00,358.86877499999997
2023-11-01 18:00:00,353.8431
2023-11-01 19:00:00,343.124625
2023-11-01 20:00:00,236.38462499999997
2023-11-01 21:00:00,279.525375
2023-11-01 22:00:00,169.8945
2023-11-01 23:00:00,125.68635
2023-11-02 00:00:00,220.54715399999998
2023-11-02 01:00:00,165.44380199999998
2023-11-02 02:00:00,140.29955399999997
2023-11-02 03:00:00,145.33732
2023-11-02 04:00:00,165.44380199999998
2023-11-02 05:00:00,220.59173599999997
2023-11-02 06:00:00,403.02128
2023-11-02 07:00:00,405.428708
2023-11-02 08:00:00,380.90860799999996
2023-11-02 09:00:00,319.474612
2023-11-02 10:00:00,256.747738
2023-11-02 11:00:00,264.01460399999996
2023-11-02 12:00:00,255.27653199999997
2023-11-02 13:00:00,251.353316
2023-11-02 14:00:00,313.143968
2023-11-02 15:00:00,406.008274
2023-11-02 16:00:00,403.065862
2023-11-02 17:00:00,404.715396
2023-11-02 18:00:00,406.76616799999994
2023-11-02 19:00:00,404.31415799999996
2023-11-02 20:00:00,378.099942
2023-11-02 21:00:00,330.79843999999997
2023-11-02 22:00:00,322.19411399999996
2023-11-02 23:00:00,254.29572799999997
2023-11-03 00:00:00,214.599735
2023-11-03 01:00:00,217.40758200000002
2023-11-03 02:00:00,215.045425
2023-11-03 03:00:00,214.599735
2023-11-03 04:00:00,219.858877
2023-11-03 05:00:00,219.858877
2023-11-03 06:00:00,395.861858
2023-11-03 07:00:00,395.861858
2023-11-03 08:00:00,413.422044
2023-11-03 09:00:00,399.293671
2023-11-03 10:00:00,389.711336
2023-11-03 11:00:00,396.08470300000005
2023-11-03 12:00:00,396.88694499999997
2023-11-03 13:00:00,399.739361
2023-11-03 14:00:00,441.76792800000004
2023-11-03 15:00:00,458.659579
2023-11-03 16:00:00,451.92966
2023-11-03 17:00:00,476.620886
2023-11-03 18:00:00,456.03000799999995
2023-11-03 19:00:00,449.879486
2023-11-03 20:00:00,399.65022300000004
2023-11-03 21:00:00,349.732943
2023-11-03 22:00:00,395.817289
2023-11-03 23:00:00,364.930972
2023-11-04 00:00:00,203.769468
2023-11-04 01:00:00,160.00271
2023-11-04 02:00:00,133.707
2023-11-04 03:00:00,135.133208
2023-11-04 04:00:00,129.606652
2023-11-04 05:00:00,149.350719
2023-11-04 06:00:00,133.083034
2023-11-04 07:00:00,203.100933
2023-11-04 08:00:00,249.85381400000003
2023-11-04 09:00:00,239.82578900000001
2023-11-04 10:00:00,127.110788
2023-11-04 11:00:00,120.78199000000001
2023-11-04 12:00:00,145.384078
2023-11-04 13:00:00,246.555708
2023-11-04 14:00:00,400.363327
2023-11-04 15:00:00,390.246164
2023-11-04 16:00:00,400.05134400000003
2023-11-04 17:00:00,400.22962
2023-11-04 18:00:00,403.88427800000005
2023-11-04 19:00:00,404.107123
2023-11-04 20:00:00,391.31582
2023-11-04 21:00:00,249.85381400000003
2023-11-04 22:00:00,129.918635
2023-11-04 23:00:00,87.578085
2023-11-05 00:00:00,110.263706
2023-11-05 01:00:00,90.207656
2023-11-05 02:00:00,70.151606
2023-11-05 03:00:00,70.196175
2023-11-05 04:00:00,70.196175
2023-11-05 05:00:00,101.037923
2023-11-05 06:00:00,75.143334
2023-11-05 07:00:00,55.978664
2023-11-05 08:00:00,95.957057
2023-11-05 09:00:00,113.338967
2023-11-05 10:00:00,229.485781
2023-11-05 11:00:00,253.062782
2023-11-05 12:00:00,317.82153900000003
2023-11-05 13:00:00,402.948329
2023-11-05 14:00:00,374.33503099999996
2023-11-05 15:00:00,366.000628
2023-11-05 16:00:00,374.691583
2023-11-05 17:00:00,390.246164
2023-11-05 18:00:00,374.112186
2023-11-05 19:00:00,320.67395500000003
2023-11-05 20:00:00,290.63444899999996
2023-11-05 21:00:00,200.471362
2023-11-05 22:00:00,189.32911199999998
2023-11-05 23:00:00,137.941055
2023-11-06 00:00:00,55.94721
2023-11-06 01:00:00,74.23936
2023-11-06 02:00:00,57.151815
2023-11-06 03:00:00,50.548795
2023-11-06 04:00:00,50.14726
2023-11-06 05:00:00,75.53319499999999
2023-11-06 06:00:00,345.097025
2023-11-06 07:00:00,401.26731
2023-11-06 08:00:00,403.40883
2023-11-06 09:00:00,324.97566
2023-11-06 10:00:00,266.039245
2023-11-06 11:00:00,251.98551999999998
2023-11-06 12:00:00,258.990075
2023-11-06 13:00:00,298.83127
2023-11-06 14:00:00,351.521585
2023-11-06 15:00:00,403.721135
2023-11-06 16:00:00,403.45344500000004
2023-11-06 17:00:00,404.70266499999997
2023-11-06 18:00:00,403.721135
2023-11-06 19:00:00,404.39036
2023-11-06 20:00:00,403.54267500000003
2023-11-06 21:00:00,403.85498
2023-11-06 22:00:00,383.465925
2023-11-06 23:00:00,374.67677000000003
2023-11-07 00:00:00,333.66944799999993
2023-11-07 01:00:00,305.22564099999994
2023-11-07 02:00:00,307.00616099999996
2023-11-07 03:00:00,302.732913
2023-11-07 04:00:00,312.703825
2023-11-07 05:00:00,353.522246
2023-11-07 06:00:00,423.31863
2023-11-07 07:00:00,498.590113
2023-11-07 08:00:00,556.189935
2023-11-07 09:00:00,486.39355099999995
2023-11-07 10:00:00,433.645646
2023-11-07 11:00:00,396.299239
2023-11-07 12:00:00,383.74657299999996
2023-11-07 13:00:00,395.230927
2023-11-07 14:00:00,447.35564999999997
2023-11-07 15:00:00,513.546481
2023-11-07 16:00:00,564.113249
2023-11-07 17:00:00,573.683544
2023-11-07 18:00:00,556.323474
2023-11-07 19:00:00,555.833831
2023-11-07 20:00:00,496.18641099999996
2023-11-07 21:00:00,410.944016
2023-11-07 22:00:00,396.210213
2023-11-07 23:00:00,334.73776
2023-11-08 00:00:00,346.01642400000003
2023-11-08 01:00:00,337.05503999999996
2023-11-08 02:00:00,335.316264
2023-11-08 03:00:00,335.316264
2023-11-08 04:00:00,348.8698
2023-11-08 05:00:00,355.33448000000004
2023-11-08 06:00:00,415.389128
2023-11-08 07:00:00,488.016464
2023-11-08 08:00:00,496.977848
2023-11-08 09:00:00,425.55428
2023-11-08 10:00:00,378.74108
2023-11-08 11:00:00,395.23716
2023-11-08 12:00:00,400.052232
2023-11-08 13:00:00,365.23212800000005
2023-11-08 14:00:00,428.89808000000005
2023-11-08 15:00:00,465.769048
2023-11-08 16:00:00,552.707848
2023-11-08 17:00:00,525.556192
2023-11-08 18:00:00,531.396696
2023-11-08 19:00:00,526.1357840000001
2023-11-08 20:00:00,483.201392
2023-11-08 21:00:00,412.402
2023-11-08 22:00:00,370.359288
2023-11-08 23:00:00,336.742952
2023-11-09 00:00:00,312.534281
2023-11-09 01:00:00,312.534281
2023-11-09 02:00:00,309.95832700000005
2023-11-09 03:00:00,322.79368400000004
2023-11-09 04:00:00,331.498632
2023-11-09 05:00:00,371.55915799999997
2023-11-09 06:00:00,407.444862
2023-11-09 07:00:00,470.244844
2023-11-09 08:00:00,512.659259
2023-11-09 09:00:00,486.98854500000004
2023-11-09 10:00:00,444.485304
2023-11-09 11:00:00,421.9235
2023-11-09 12:00:00,400.42760799999996
2023-11-09 13:00:00,410.02081599999997
2023-11-09 14:00:00,446.839193
2023-11-09 15:00:00,517.589102
2023-11-09 16:00:00,522.518945
2023-11-09 17:00:00,470.866626
2023-11-09 18:00:00,465.89237
2023-11-09 19:00:00,470.111605
2023-11-09 20:00:00,426.409213
2023-11-09 21:00:00,371.78122299999995
2023-11-09 22:00:00,373.24685200000005
2023-11-09 23:00:00,330.255068
2023-11-10 00:00:00,258.993312
2023-11-10 01:00:00,263.946736
2023-11-10 02:00:00,237.675898
2023-11-10 03:00:00,213.88177199999998
2023-11-10 04:00:00,221.135
2023-11-10 05:00:00,259.037539
2023-11-10 06:00:00,391.63008499999995
2023-11-10 07:00:00,411.88605099999995
2023-11-10 08:00:00,499.76509999999996
2023-11-10 09:00:00,464.33927299999993
2023-11-10 10:00:00,418.343193
2023-11-10 11:00:00,405.296228
2023-11-10 12:00:00,431.169023
2023-11-10 13:00:00,508.300911
2023-11-10 14:00:00,567.7862259999999
2023-11-10 15:00:00,543.284468
2023-11-10 16:00:00,567.653545
2023-11-10 17:00:00,560.267636
2023-11-10 18:00:00,547.839849
2023-11-10 19:00:00,546.557266
2023-11-10 20:00:00,499.455511
2023-11-10 21:00:00,464.82577
2023-11-10 22:00:00,459.82811899999996
2023-11-10 23:00:00,412.19564
2023-11-11 00:00:00,386.10170999999997
2023-11-11 01:00:00,379.865703
2023-11-11 02:00:00,379.82147599999996
2023-11-11 03:00:00,368.01286699999997
2023-11-11 04:00:00,365.80151699999993
2023-11-11 05:00:00,377.87548799999996
2023-11-11 06:00:00,381.67900999999995
2023-11-11 07:00:00,389.19759999999997
2023-11-11 08:00:00,406.8884
2023-11-11 09:00:00,419.670003
2023-11-11 10:00:00,403.704056
2023-11-11 11:00:00,399.015994
2023-11-11 12:00:00,388.932238
2023-11-11 13:00:00,388.31305999999995
2023-11-11 14:00:00,404.67705
2023-11-11 15:00:00,454.963149
2023-11-11 16:00:00,509.804629
2023-11-11 17:00:00,559.604231
2023-11-11 18:00:00,551.51069
2023-11-11 19:00:00,550.493469
2023-11-11 20:00:00,502.020677
2023-11-11 21:00:00,453.680566
2023-11-11 22:00:00,408.56902599999995
2023-11-11 23:00:00,386.58820699999995
2023-11-12 00:00:00,389.90523199999996
2023-11-12 01:00:00,377.52167199999997
2023-11-12 02:00:00,372.656702
2023-11-12 03:00:00,366.066879
2023-11-12 04:00:00,363.413259
2023-11-12 05:00:00,380.440654
2023-11-12 06:00:00,378.36198499999995
2023-11-12 07:00:00,379.865703
2023-11-12 08:00:00,385.924802
2023-11-12 09:00:00,396.937325
2023-11-12 10:00:00,391.762766
2023-11-12 11:00:00,382.475096
2023-11-12 12:00:00,389.595643
2023-11-12 13:00:00,390.170594
2023-11-12 14:00:00,409.497793
2023-11-12 15:00:00,480.703263
2023-11-12 16:00:00,542.178793
2023-11-12 17:00:00,588.351781
2023-11-12 18:00:00,578.8872029999999
2023-11-12 19:00:00,548.724389
2023-11-12 20:00:00,505.73574499999995
2023-11-12 21:00:00,474.68839099999997
2023-11-12 22:00:00,442.889178
2023-11-12 23:00:00,389.286054
2023-11-13 00:00:00,404.610336
2023-11-13 01:00:00,384.92515199999997
2023-11-13 02:00:00,385.7232
2023-11-13 03:00:00,385.457184
2023-11-13 04:00:00,390.33414400000004
2023-11-13 05:00:00,407.137488
2023-11-13 06:00:00,500.90812800000003
2023-11-13 07:00:00,573.752176
2023-11-13 08:00:00,589.535792
2023-11-13 09:00:00,583.195744
2023-11-13 10:00:00,537.086304
2023-11-13 11:00:00,539.1700960000001
2023-11-13 12:00:00,529.903872
2023-11-13 13:00:00,517.711472
2023-11-13 14:00:00,605.718432
2023-11-13 15:00:00,613.654576
2023-11-13 16:00:00,679.9812320000001
2023-11-13 17:00:00,654.798384
2023-11-13 18:00:00,635.1132
2023-11-13 19:00:00,602.038544
2023-11-13 20:00:00,537.174976
2023-11-13 21:00:00,387.319296
2023-11-13 22:00:00,348.170608
2023-11-13 23:00:00,330.61355199999997
2023-11-14 00:00:00,289.223487
2023-11-14 01:00:00,282.289896
2023-11-14 02:00:00,261.44496
2023-11-14 03:00:00,260.208396
2023-11-14 04:00:00,293.286483
2023-11-14 05:00:00,348.35774399999997
2023-11-14 06:00:00,427.54200299999997
2023-11-14 07:00:00,447.901146
2023-11-14 08:00:00,435.57966899999997
2023-11-14 09:00:00,398.08528199999995
2023-11-14 10:00:00,357.852789
2023-11-14 11:00:00,333.43064999999996
2023-11-14 12:00:00,363.284838
2023-11-14 13:00:00,396.053784
2023-11-14 14:00:00,411.510834
2023-11-14 15:00:00,487.692009
2023-11-14 16:00:00,497.628684
2023-11-14 17:00:00,490.65092999999996
2023-11-14 18:00:00,486.49960799999997
2023-11-14 19:00:00,514.543113
2023-11-14 20:00:00,437.876145
2023-11-14 21:00:00,389.252682
2023-11-14 22:00:00,394.154775
2023-11-14 23:00:00,377.59364999999997
2023-11-15 00:00:00,356.02899999999994
2023-11-15 01:00:00,335.4838
2023-11-15 02:00:00,320.031
2023-11-15 03:00:00,310.3291
2023-11-15 04:00:00,326.83549999999997
2023-11-15 05:00:00,330.21579999999994
2023-11-15 06:00:00,433.24909999999994
2023-11-15 07:00:00,536.4141
2023-11-15 08:00:00,564.5101
2023-11-15 09:00:00,532.4630999999999
2023-11-15 10:00:00,491.76779999999997
2023-11-15 11:00:00,435.83919999999995
2023-11-15 12:00:00,424.11789999999996
2023-11-15 13:00:00,439.35119999999995
2023-11-15 14:00:00,460.0281
2023-11-15 15:00:00,532.1118999999999
2023-11-15 16:00:00,539.7943999999999
2023-11-15 17:00:00,561.2176
2023-11-15 18:00:00,570.261
2023-11-15 19:00:00,531.5412
2023-11-15 20:00:00,482.461
2023-11-15 21:00:00,428.025
2023-11-15 22:00:00,402.38739999999996
2023-11-15 23:00:00,369.6818999999999
2023-11-16 00:00:00,374.820138
2023-11-16 01:00:00,387.01155
2023-11-16 02:00:00,387.143112
2023-11-16 03:00:00,387.143112
2023-11-16 04:00:00,377.80221
2023-11-16 05:00:00,404.640858
2023-11-16 06:00:00,549.9730139999999
2023-11-16 07:00:00,556.50726
2023-11-16 08:00:00,570.058146
2023-11-16 09:00:00,563.918586
2023-11-16 10:00:00,526.6865399999999
2023-11-16 11:00:00,511.425348
2023-11-16 12:00:00,537.7816019999999
2023-11-16 13:00:00,568.084716
2023-11-16 14:00:00,625.971996
2023-11-16 15:00:00,697.4540159999999
2023-11-16 16:00:00,698.857344
2023-11-16 17:00:00,723.327876
2023-11-16 18:00:00,631.190622
2023-11-16 19:00:00,553.174356
2023-11-16 20:00:00,531.378918
2023-11-16 21:00:00,504.32099999999997
2023-11-16 22:00:00,483.27108
2023-11-16 23:00:00,442.2675899999999
2023-11-17 00:00:00,463.93019999999996
2023-11-17 01:00:00,437.66999999999996
2023-11-17 02:00:00,442.221768
2023-11-17 03:00:00,437.53869899999995
2023-11-17 04:00:00,423.708327
2023-11-17 05:00:00,451.67544
2023-11-17 06:00:00,530.2809719999999
2023-11-17 07:00:00,573.4790009999999
2023-11-17 08:00:00,621.1412639999999
2023-11-17 09:00:00,589.760325
2023-11-17 10:00:00,560.567736
2023-11-17 11:00:00,548.619345
2023-11-17 12:00:00,531.8565839999999
2023-11-17 13:00:00,559.9112309999999
2023-11-17 14:00:00,542.3168969999999
2023-11-17 15:00:00,568.927233
2023-11-17 16:00:00,599.7829679999999
2023-11-17 17:00:00,640.398744
2023-11-17 18:00:00,646.3072889999999
2023-11-17 19:00:00,608.711436
2023-11-17 20:00:00,560.8303379999999
2023-11-17 21:00:00,524.8538639999999
2023-11-17 22:00:00,512.599104
2023-11-17 23:00:00,461.0853449999999
2023-11-18 00:00:00,483.887952
2023-11-18 01:00:00,429.48557099999994
2023-11-18 02:00:00,424.18976399999997
2023-11-18 03:00:00,405.851391
2023-11-18 04:00:00,405.72008999999997
2023-11-18 05:00:00,405.15111899999994
2023-11-18 06:00:00,379.6349579999999
2023-11-18 07:00:00,403.006536
2023-11-18 08:00:00,441.827865
2023-11-18 09:00:00,429.573105
2023-11-18 10:00:00,432.63679499999995
2023-11-18 11:00:00,450.31866299999996
2023-11-18 12:00:00,434.562543
2023-11-18 13:00:00,426.59694899999994
2023-11-18 14:00:00,424.80250199999995
2023-11-18 15:00:00,579.3875459999999
2023-11-18 16:00:00,631.0763729999999
2023-11-18 17:00:00,635.4968399999999
2023-11-18 18:00:00,619.9157879999999
2023-11-18 19:00:00,611.468757
2023-11-18 20:00:00,549.407151
2023-11-18 21:00:00,416.22416999999996
2023-11-18 22:00:00,387.600552
2023-11-18 23:00:00,390.40164
2023-11-19 00:00:00,364.010139
2023-11-19 01:00:00,333.285705
2023-11-19 02:00:00,326.15168399999993
2023-11-19 03:00:00,319.192731
2023-11-19 04:00:00,303.17400899999996
2023-11-19 05:00:00,299.234979
2023-11-19 06:00:00,318.18609
2023-11-19 07:00:00,319.98053699999997
2023-11-19 08:00:00,329.17160699999994
2023-11-19 09:00:00,376.00229699999994
2023-11-19 10:00:00,384.01165799999995
2023-11-19 11:00:00,387.031581
2023-11-19 12:00:00,387.250416
2023-11-19 13:00:00,372.0195
2023-11-19 14:00:00,359.414604
2023-11-19 15:00:00,387.1628819999999
2023-11-19 16:00:00,421.432443
2023-11-19 17:00:00,438.895476
2023-11-19 18:00:00,451.6316729999999
2023-11-19 19:00:00,448.13031299999994
2023-11-19 20:00:00,390.13903799999997
2023-11-19 21:00:00,387.64431899999994
2023-11-19 22:00:00,385.368435
2023-11-19 23:00:00,350.354835
2023-11-20 00:00:00,298.3344
2023-11-20 01:00:00,273.78624
2023-11-20 02:00:00,261.68688000000003
2023-11-20 03:00:00,259.54656
2023-11-20 04:00:00,323.10096000000004
2023-11-20 05:00:00,351.31824000000006
2023-11-20 06:00:00,492.71040000000005
2023-11-20 07:00:00,624.92976
2023-11-20 08:00:00,630.78288
2023-11-20 09:00:00,603.61392
2023-11-20 10:00:00,547.4414400000001
2023-11-20 11:00:00,560.6328
2023-11-20 12:00:00,560.5891200000001
2023-11-20 13:00:00,560.6328
2023-11-20 14:00:00,603.7012800000001
2023-11-20 15:00:00,647.03184
2023-11-20 16:00:00,696.6523200000001
2023-11-20 17:00:00,642.096
2023-11-20 18:00:00,611.43264
2023-11-20 19:00:00,582.29808
2023-11-20 20:00:00,528.7464
2023-11-20 21:00:00,467.4196800000001
2023-11-20 22:00:00,471.9624
2023-11-20 23:00:00,426.75360000000006
2023-11-21 00:00:00,448.472925
2023-11-21 01:00:00,428.61354
2023-11-21 02:00:00,420.32061
2023-11-21 03:00:00,428.831775
2023-11-21 04:00:00,418.050966
2023-11-21 05:00:00,438.259527
2023-11-21 06:00:00,574.088991
2023-11-21 07:00:00,593.948376
2023-11-21 08:00:00,622.362573
2023-11-21 09:00:00,598.793193
2023-11-21 10:00:00,589.2345
2023-11-21 11:00:00,588.79803
2023-11-21 12:00:00,610.141413
2023-11-21 13:00:00,610.097766
2023-11-21 14:00:00,613.022115
2023-11-21 15:00:00,650.7767699999999
2023-11-21 16:00:00,652.0425329999999
2023-11-21 17:00:00,640.083255
2023-11-21 18:00:00,620.1365760000001
2023-11-21 19:00:00,577.668045
2023-11-21 20:00:00,544.670913
2023-11-21 21:00:00,482.386644
2023-11-21 22:00:00,484.08887699999997
2023-11-21 23:00:00,427.91518800000006
2023-11-22 00:00:00,429.2792
2023-11-22 01:00:00,416.181804
2023-11-22 02:00:00,416.181804
2023-11-22 03:00:00,409.085556
2023-11-22 04:00:00,405.099392
2023-11-22 05:00:00,415.0429
2023-11-22 06:00:00,525.341372
2023-11-22 07:00:00,668.186216
2023-11-22 08:00:00,703.185612
2023-11-22 09:00:00,583.644496
2023-11-22 10:00:00,563.932696
2023-11-22 11:00:00,608.7879919999999
2023-11-22 12:00:00,602.392608
2023-11-22 13:00:00,562.969008
2023-11-22 14:00:00,610.759172
2023-11-22 15:00:00,702.8351799999999
2023-11-22 16:00:00,711.3331559999999
2023-11-22 17:00:00,608.0871279999999
2023-11-22 18:00:00,568.970156
2023-11-22 19:00:00,532.2186
2023-11-22 20:00:00,465.767932
2023-11-22 21:00:00,395.199688
2023-11-22 22:00:00,396.557612
2023-11-22 23:00:00,326.33979999999997
2023-11-23 00:00:00,283.646026
2023-11-23 01:00:00,201.04509
2023-11-23 02:00:00,179.521696
2023-11-23 03:00:00,131.541554
2023-11-23 04:00:00,162.538734
2023-11-23 05:00:00,201.91825
2023-11-23 06:00:00,379.344362
2023-11-23 07:00:00,374.454666
2023-11-23 08:00:00,379.562652
2023-11-23 09:00:00,382.749686
2023-11-23 10:00:00,382.356764
2023-11-23 11:00:00,384.888928
2023-11-23 12:00:00,384.1904
2023-11-23 13:00:00,380.56678600000004
2023-11-23 14:00:00,381.745552
2023-11-23 15:00:00,381.483604
2023-11-23 16:00:00,381.745552
2023-11-23 17:00:00,380.91605
2023-11-23 18:00:00,381.177998
2023-11-23 19:00:00,382.40042200000005
2023-11-23 20:00:00,379.038756
2023-11-23 21:00:00,296.132214
2023-11-23 22:00:00,268.234752
2023-11-23 23:00:00,235.884174
2023-11-24 00:00:00,139.167126
2023-11-24 01:00:00,120.62899800000001
2023-11-24 02:00:00,80.53592400000001
2023-11-24 03:00:00,96.62562000000001
2023-11-24 04:00:00,114.59536200000001
2023-11-24 05:00:00,167.19292800000002
2023-11-24 06:00:00,383.66055
2023-11-24 07:00:00,383.35449600000004
2023-11-24 08:00:00,387.1145880000001
2023-11-24 09:00:00,383.22333000000003
2023-11-24 10:00:00,383.87916
2023-11-24 11:00:00,383.52938400000005
2023-11-24 12:00:00,383.791716
2023-11-24 13:00:00,387.28947600000004
2023-11-24 14:00:00,455.58324000000005
2023-11-24 15:00:00,495.54514800000004
2023-11-24 16:00:00,530.828802
2023-11-24 17:00:00,526.325436
2023-11-24 18:00:00,518.586642
2023-11-24 19:00:00,526.2379920000001
2023-11-24 20:00:00,518.586642
2023-11-24 21:00:00,438.48793800000004
2023-11-24 22:00:00,389.91279600000007
2023-11-24 23:00:00,383.52938400000005
2023-11-25 00:00:00,341.337654
2023-11-25 01:00:00,333.81747
2023-11-25 02:00:00,318.908268
2023-11-25 03:00:00,313.92396
2023-11-25 04:00:00,306.01027799999997
2023-11-25 05:00:00,324.373518
2023-11-25 06:00:00,348.945282
2023-11-25 07:00:00,380.731176
2023-11-25 08:00:00,412.25473800000003
2023-11-25 09:00:00,441.2861460000001
2023-11-25 10:00:00,441.59220000000005
2023-11-25 11:00:00,441.548478
2023-11-25 12:00:00,465.945354
2023-11-25 13:00:00,484.920702
2023-11-25 14:00:00,418.50698400000005
2023-11-25 15:00:00,445.08996
2023-11-25 16:00:00,504.63932400000004
2023-11-25 17:00:00,542.59002
2023-11-25 18:00:00,550.110204
2023-11-25 19:00:00,556.1001180000001
2023-11-25 20:00:00,529.560864
2023-11-25 21:00:00,499.74246000000005
2023-11-25 22:00:00,476.045136
2023-11-25 23:00:00,410.199804
2023-11-26 00:00:00,396.29620800000004
2023-11-26 01:00:00,359.17623000000003
2023-11-26 02:00:00,330.188544
2023-11-26 03:00:00,321.05064600000003
2023-11-26 04:00:00,331.543926
2023-11-26 05:00:00,329.576436
2023-11-26 06:00:00,345.753576
2023-11-26 07:00:00,389.16952200000003
2023-11-26 08:00:00,402.985674
2023-11-26 09:00:00,398.788362
2023-11-26 10:00:00,401.28051600000003
2023-11-26 11:00:00,401.28051600000003
2023-11-26 12:00:00,428.956542
2023-11-26 13:00:00,445.87695600000006
2023-11-26 14:00:00,503.24022
2023-11-26 15:00:00,538.9173720000001
2023-11-26 16:00:00,586.5306300000001
2023-11-26 17:00:00,627.19209
2023-11-26 18:00:00,642.4510680000001
2023-11-26 19:00:00,625.8367079999999
2023-11-26 20:00:00,594.2257020000001
2023-11-26 21:00:00,535.201002
2023-11-26 22:00:00,520.248078
2023-11-26 23:00:00,441.85453200000006
2023-11-27 00:00:00,418.7965740000001
2023-11-27 01:00:00,396.981531
2023-11-27 02:00:00,391.45157000000006
2023-11-27 03:00:00,386.748926
2023-11-27 04:00:00,382.786513
2023-11-27 05:00:00,409.69608700000003
2023-11-27 06:00:00,531.268143
2023-11-27 07:00:00,604.899356
2023-11-27 08:00:00,631.329957
2023-11-27 09:00:00,607.032963
2023-11-27 10:00:00,600.8934
2023-11-27 11:00:00,596.2778420000001
2023-11-27 12:00:00,583.3455710000001
2023-11-27 13:00:00,577.684981
2023-11-27 14:00:00,631.80893
2023-11-27 15:00:00,711.579706
2023-11-27 16:00:00,738.8376240000001
2023-11-27 17:00:00,697.6024030000001
2023-11-27 18:00:00,655.496322
2023-11-27 19:00:00,656.5413540000001
2023-11-27 20:00:00,654.4948330000001
2023-11-27 21:00:00,508.75641200000007
2023-11-27 22:00:00,412.526382
2023-11-27 23:00:00,370.420301
2023-11-28 00:00:00,339.84531
2023-11-28 01:00:00,375.462666
2023-11-28 02:00:00,385.041906
2023-11-28 03:00:00,393.61968
2023-11-28 04:00:00,388.08984599999997
2023-11-28 05:00:00,359.91817199999997
2023-11-28 06:00:00,524.855268
2023-11-28 07:00:00,618.383484
2023-11-28 08:00:00,650.430396
2023-11-28 09:00:00,639.8496899999999
2023-11-28 10:00:00,608.4123659999999
2023-11-28 11:00:00,618.94953
2023-11-28 12:00:00,606.278808
2023-11-28 13:00:00,614.856582
2023-11-28 14:00:00,629.61732
2023-11-28 15:00:00,653.13
2023-11-28 16:00:00,714.1323419999999
2023-11-28 17:00:00,704.0741399999999
2023-11-28 18:00:00,722.231154
2023-11-28 19:00:00,692.7532199999999
2023-11-28 20:00:00,604.5806699999999
2023-11-28 21:00:00,546.190848
2023-11-28 22:00:00,504.4340699999999
2023-11-28 23:00:00,459.890604
2023-11-29 00:00:00,440.07233899999994
2023-11-29 01:00:00,470.877836
2023-11-29 02:00:00,473.99738
2023-11-29 03:00:00,473.434129
2023-11-29 04:00:00,467.06505999999996
2023-11-29 05:00:00,423.391444
2023-11-29 06:00:00,614.246879
2023-11-29 07:00:00,647.608669
2023-11-29 08:00:00,689.419224
2023-11-29 09:00:00,690.935669
2023-11-29 10:00:00,686.256353
2023-11-29 11:00:00,695.4416769999999
2023-11-29 12:00:00,678.024223
2023-11-29 13:00:00,644.359144
2023-11-29 14:00:00,657.487225
2023-11-29 15:00:00,727.8936
2023-11-29 16:00:00,773.993528
2023-11-29 17:00:00,719.184873
2023-11-29 18:00:00,709.609606
2023-11-29 19:00:00,712.29588
2023-11-29 20:00:00,697.5647
2023-11-29 21:00:00,602.2886269999999
2023-11-29 22:00:00,556.75195
2023-11-29 23:00:00,495.097629
2023-11-30 00:00:00,455.75266799999997
2023-11-30 01:00:00,454.57838399999997
2023-11-30 02:00:00,444.48823999999996
2023-11-30 03:00:00,441.44379999999995
2023-11-30 04:00:00,445.488556
2023-11-30 05:00:00,462.31996
2023-11-30 06:00:00,562.829972
2023-11-30 07:00:00,731.057028
2023-11-30 08:00:00,853.0520879999999
2023-11-30 09:00:00,801.3835919999999
2023-11-30 10:00:00,727.6646519999999
2023-11-30 11:00:00,767.5468159999999
2023-11-30 12:00:00,770.46078
2023-11-30 13:00:00,792.6416999999999
2023-11-30 14:00:00,840.308932
2023-11-30 15:00:00,783.334412
2023-11-30 16:00:00,832.3064039999999
2023-11-30 17:00:00,802.64486
2023-11-30 18:00:00,791.510908
2023-11-30 19:00:00,752.4115999999999
2023-11-30 20:00:00,672.9082239999999
2023-11-30 21:00:00,578.66106
2023-11-30 22:00:00,547.4772959999999
2023-11-30 23:00:00,500.549428
2023-12-01 00:00:00,464.994354
2023-12-01 01:00:00,467.430018
2023-12-01 02:00:00,482.391954
2023-12-01 03:00:00,477.04219200000006
2023-12-01 04:00:00,449.29302
2023-12-01 05:00:00,447.727236
2023-12-01 06:00:00,525.538002
2023-12-01 07:00:00,665.327718
2023-12-01 08:00:00,754.83837
2023-12-01 09:00:00,732.3954659999999
2023-12-01 10:00:00,716.215698
2023-12-01 11:00:00,723.8706420000001
2023-12-01 12:00:00,726.393294
2023-12-01 13:00:00,741.9206520000001
2023-12-01 14:00:00,754.664394
2023-12-01 15:00:00,767.147172
2023-12-01 16:00:00,761.188494
2023-12-01 17:00:00,766.233798
2023-12-01 18:00:00,754.83837
2023-12-01 19:00:00,740.3113740000001
2023-12-01 20:00:00,623.9649240000001
2023-12-01 21:00:00,547.1980140000001
2023-12-01 22:00:00,523.88523
2023-12-01 23:00:00,473.21472
2023-12-02 00:00:00,445.16109
2023-12-02 01:00:00,425.19734400000004
2023-12-02 02:00:00,424.71891000000005
2023-12-02 03:00:00,410.10492600000003
2023-12-02 04:00:00,406.58191200000005
2023-12-02 05:00:00,416.324568
2023-12-02 06:00:00,419.93457
2023-12-02 07:00:00,449.29302
2023-12-02 08:00:00,523.406796
2023-12-02 09:00:00,556.810188
2023-12-02 10:00:00,569.8583880000001
2023-12-02 11:00:00,554.026572
2023-12-02 12:00:00,530.931258
2023-12-02 13:00:00,498.35425200000003
2023-12-02 14:00:00,515.490888
2023-12-02 15:00:00,537.237888
2023-12-02 16:00:00,564.5086259999999
2023-12-02 17:00:00,609.872868
2023-12-02 18:00:00,600.2172
2023-12-02 19:00:00,556.9841640000001
2023-12-02 20:00:00,520.101252
2023-12-02 21:00:00,470.735562
2023-12-02 22:00:00,423.457584
2023-12-02 23:00:00,400.14480000000003
2023-12-03 00:00:00,405.36408
2023-12-03 01:00:00,375.39671400000003
2023-12-03 02:00:00,354.43260599999996
2023-12-03 03:00:00,358.477548
2023-12-03 04:00:00,351.99694200000005
2023-12-03 05:00:00,369.959964
2023-12-03 06:00:00,370.35141000000004
2023-12-03 07:00:00,375.831654
2023-12-03 08:00:00,421.978788
2023-12-03 09:00:00,435.59241000000003
2023-12-03 10:00:00,456.513024
2023-12-03 11:00:00,456.99145799999997
2023-12-03 12:00:00,447.596754
2023-12-03 13:00:00,434.94
2023-12-03 14:00:00,459.64459200000005
2023-12-03 15:00:00,500.18100000000004
2023-12-03 16:00:00,531.4966800000001
2023-12-03 17:00:00,556.28826
2023-12-03 18:00:00,561.29007
2023-12-03 19:00:00,548.328858
2023-12-03 20:00:00,488.568102
2023-12-03 21:00:00,434.94
2023-12-03 22:00:00,430.982046
2023-12-03 23:00:00,387.0966
2023-12-04 00:00:00,406.76108200000004
2023-12-04 01:00:00,389.20959700000003
2023-12-04 02:00:00,381.452274
2023-12-04 03:00:00,370.011306
2023-12-04 04:00:00,371.961471
2023-12-04 05:00:00,423.57583800000003
2023-12-04 06:00:00,508.25633600000003
2023-12-04 07:00:00,602.947681
2023-12-04 08:00:00,647.1080840000001
2023-12-04 09:00:00,654.215352
2023-12-04 10:00:00,608.2781320000001
2023-12-04 11:00:00,588.3864490000001
2023-12-04 12:00:00,548.9931160000001
2023-12-04 13:00:00,618.375653
2023-12-04 14:00:00,657.075594
2023-12-04 15:00:00,665.352961
2023-12-04 16:00:00,664.572895
2023-12-04 17:00:00,640.5208600000001
2023-12-04 18:00:00,633.5436030000001
2023-12-04 19:00:00,609.0581980000001
2023-12-04 20:00:00,548.559746
2023-12-04 21:00:00,457.42203500000005
2023-12-04 22:00:00,433.37
2023-12-04 23:00:00,397.66031200000003
2023-12-05 00:00:00,392.771805
2023-12-05 01:00:00,380.493633
2023-12-05 02:00:00,370.636509
2023-12-05 03:00:00,361.514346
2023-12-05 04:00:00,366.22674299999994
2023-12-05 05:00:00,393.50676599999997
2023-12-05 06:00:00,478.71900899999997
2023-12-05 07:00:00,569.335377
2023-12-05 08:00:00,628.218723
2023-12-05 09:00:00,634.1848769999999
2023-12-05 10:00:00,631.417965
2023-12-05 11:00:00,626.4894029999999
2023-12-05 12:00:00,631.9367609999999
2023-12-05 13:00:00,634.401042
2023-12-05 14:00:00,635.6980319999999
2023-12-05 15:00:00,633.36345
2023-12-05 16:00:00,626.705568
2023-12-05 17:00:00,610.925523
2023-12-05 18:00:00,613.995066
2023-12-05 19:00:00,609.671766
2023-12-05 20:00:00,556.1060789999999
2023-12-05 21:00:00,509.41443899999996
2023-12-05 22:00:00,482.26411499999995
2023-12-05 23:00:00,446.510424
2023-12-06 00:00:00,411.99885399999994
2023-12-06 01:00:00,403.88641999999993
2023-12-06 02:00:00,401.58717399999995
2023-12-06 03:00:00,394.6026719999999
2023-12-06 04:00:00,392.99753799999996
2023-12-06 05:00:00,407.31359799999996
2023-12-06 06:00:00,484.57694
2023-12-06 07:00:00,570.560064
2023-12-06 08:00:00,639.3639159999999
2023-12-06 09:00:00,641.923454
2023-12-06 10:00:00,645.95798
2023-12-06 11:00:00,634.6352779999999
2023-12-06 12:00:00,638.2793659999999
2023-12-06 13:00:00,626.8698999999999
2023-12-06 14:00:00,617.2824779999999
2023-12-06 15:00:00,624.657418
2023-12-06 16:00:00,659.1894899999999
2023-12-06 17:00:00,646.4351819999999
2023-12-06 18:00:00,626.4794619999999
2023-12-06 19:00:00,603.66053
2023-12-06 20:00:00,563.575562
2023-12-06 21:00:00,501.84297599999996
2023-12-06 22:00:00,465.61900599999996
2023-12-06 23:00:00,435.72880799999996
2023-12-07 00:00:00,429.87328
2023-12-07 01:00:00,424.02319
2023-12-07 02:00:00,419.73312400000003
2023-12-07 03:00:00,397.84945400000004
2023-12-07 04:00:00,389.659328
2023-12-07 05:00:00,409.636302
2023-12-07 06:00:00,506.57446000000004
2023-12-07 07:00:00,572.138802
2023-12-07 08:00:00,650.01
2023-12-07 09:00:00,596.70918
2023-12-07 10:00:00,582.235624
2023-12-07 11:00:00,598.745878
2023-12-07 12:00:00,609.4493759999999
2023-12-07 13:00:00,599.52589
2023-12-07 14:00:00,598.3558720000001
2023-12-07 15:00:00,598.0958680000001
2023-12-07 16:00:00,662.4035240000001
2023-12-07 17:00:00,646.889952
2023-12-07 18:00:00,663.0968680000001
2023-12-07 19:00:00,689.400606
2023-12-07 20:00:00,650.66001
2023-12-07 21:00:00,552.421832
2023-12-07 22:00:00,517.19129
2023-12-07 23:00:00,377.352472
2023-12-08 00:00:00,380.503461
2023-12-08 01:00:00,399.816599
2023-12-08 02:00:00,399.816599
2023-12-08 03:00:00,398.777327
2023-12-08 04:00:00,390.246636
2023-12-08 05:00:00,397.95457000000005
2023-12-08 06:00:00,533.666172
2023-12-08 07:00:00,621.6145650000001
2023-12-08 08:00:00,606.2420000000001
2023-12-08 09:00:00,569.737571
2023-12-08 10:00:00,538.342896
2023-12-08 11:00:00,554.4949150000001
2023-12-08 12:00:00,564.7577259999999
2023-12-08 13:00:00,600.0063680000001
2023-12-08 14:00:00,574.414295
2023-12-08 15:00:00,560.210911
2023-12-08 16:00:00,589.8301630000001
2023-12-08 17:00:00,559.6479720000001
2023-12-08 18:00:00,513.57358
2023-12-08 19:00:00,582.1222290000001
2023-12-08 20:00:00,499.759923
2023-12-08 21:00:00,437.87993600000004
2023-12-08 22:00:00,439.871874
2023-12-08 23:00:00,392.238574
2023-12-09 00:00:00,421.72791700000005
2023-12-09 01:00:00,386.65248700000006
2023-12-09 02:00:00,375.610222
2023-12-09 03:00:00,371.32322500000004
2023-12-09 04:00:00,375.263798
2023-12-09 05:00:00,399.773296
2023-12-09 06:00:00,374.83076800000003
2023-12-09 07:00:00,399.816599
2023-12-09 08:00:00,479.75393700000006
2023-12-09 09:00:00,540.9843790000001
2023-12-09 10:00:00,539.7718950000001
2023-12-09 11:00:00,590.3497990000001
2023-12-09 12:00:00,556.4435500000001
2023-12-09 13:00:00,596.628734
2023-12-09 14:00:00,599.8764590000001
2023-12-09 15:00:00,609.8361490000001
2023-12-09 16:00:00,574.760719
2023-12-09 17:00:00,574.760719
2023-12-09 18:00:00,596.368916
2023-12-09 19:00:00,589.743557
2023-12-09 20:00:00,526.3912680000001
2023-12-09 21:00:00,394.793451
2023-12-09 22:00:00,357.596174
2023-12-09 23:00:00,265.663905
2023-12-10 00:00:00,279.56416800000005
2023-12-10 01:00:00,269.301357
2023-12-10 02:00:00,247.39003900000003
2023-12-10 03:00:00,261.766635
2023-12-10 04:00:00,268.998236
2023-12-10 05:00:00,277.528927
2023-12-10 06:00:00,296.75545900000003
2023-12-10 07:00:00,308.836996
2023-12-10 08:00:00,351.88017800000006
2023-12-10 09:00:00,357.76938600000005
2023-12-10 10:00:00,382.66861100000006
2023-12-10 11:00:00,408.73701700000004
2023-12-10 12:00:00,391.67563500000006
2023-12-10 13:00:00,394.663542
2023-12-10 14:00:00,428.26667000000003
2023-12-10 15:00:00,431.38448600000004
2023-12-10 16:00:00,449.65835200000004
2023-12-10 17:00:00,431.47109200000006
2023-12-10 18:00:00,431.73091000000005
2023-12-10 19:00:00,429.95548700000006
2023-12-10 20:00:00,425.66849
2023-12-10 21:00:00,386.609184
2023-12-10 22:00:00,339.01918700000004
2023-12-10 23:00:00,351.793572
2023-12-11 00:00:00,213.837746
2023-12-11 01:00:00,200.56775
2023-12-11 02:00:00,200.13409
2023-12-11 03:00:00,197.53212999999997
2023-12-11 04:00:00,217.82741799999997
2023-12-11 05:00:00,337.040552
2023-12-11 06:00:00,371.82008399999995
2023-12-11 07:00:00,509.290304
2023-12-11 08:00:00,519.351216
2023-12-11 09:00:00,551.962448
2023-12-11 10:00:00,550.401272
2023-12-11 11:00:00,570.2629
2023-12-11 12:00:00,575.510186
2023-12-11 13:00:00,572.908226
2023-12-11 14:00:00,575.380088
2023-12-11 15:00:00,586.6986139999999
2023-12-11 16:00:00,616.534422
2023-12-11 17:00:00,603.43789
2023-12-11 18:00:00,550.357906
2023-12-11 19:00:00,563.497804
2023-12-11 20:00:00,541.4245099999999
2023-12-11 21:00:00,515.318178
2023-12-11 22:00:00,428.109152
2023-12-11 23:00:00,376.807174
2023-12-12 00:00:00,385.269688
2023-12-12 01:00:00,377.805576
2023-12-12 02:00:00,371.556552
2023-12-12 03:00:00,366.349032
2023-12-12 04:00:00,375.89615200000003
2023-12-12 05:00:00,386.354588
2023-12-12 06:00:00,514.850144
2023-12-12 07:00:00,623.8608959999999
2023-12-12 08:00:00,645.341916
2023-12-12 09:00:00,636.141964
2023-12-12 10:00:00,624.3816479999999
2023-12-12 11:00:00,626.117488
2023-12-12 12:00:00,635.404232
2023-12-12 13:00:00,632.887264
2023-12-12 14:00:00,650.115476
2023-12-12 15:00:00,674.1568599999999
2023-12-12 16:00:00,665.26068
2023-12-12 17:00:00,665.304076
2023-12-12 18:00:00,663.74182
2023-12-12 19:00:00,658.230528
2023-12-12 20:00:00,638.0079920000001
2023-12-12 21:00:00,555.2084239999999
2023-12-12 22:00:00,481.435224
2023-12-12 23:00:00,424.32608799999997
2023-12-13 00:00:00,380.38294699999994
2023-12-13 01:00:00,368.386354
2023-12-13 02:00:00,382.76494199999996
2023-12-13 03:00:00,384.32406599999996
2023-12-13 04:00:00,372.50070900000003
2023-12-13 05:00:00,365.09486999999996
2023-12-13 06:00:00,504.203378
2023-12-13 07:00:00,594.156171
2023-12-13 08:00:00,617.629649
2023-12-13 09:00:00,617.629649
2023-12-13 10:00:00,631.661765
2023-12-13 11:00:00,632.961035
2023-12-13 12:00:00,634.5201589999999
2023-12-13 13:00:00,601.6919369999999
2023-12-13 14:00:00,573.6277049999999
2023-12-13 15:00:00,572.761525
2023-12-13 16:00:00,615.161036
2023-12-13 17:00:00,601.7785549999999
2023-12-13 18:00:00,575.793155
2023-12-13 19:00:00,562.627219
2023-12-13 20:00:00,487.96250299999997
2023-12-13 21:00:00,393.59219199999995
2023-12-13 22:00:00,399.95861499999995
2023-12-13 23:00:00,378.82382299999995
2023-12-14 00:00:00,342.831039
2023-12-14 01:00:00,342.874092
2023-12-14 02:00:00,332.92884899999996
2023-12-14 03:00:00,338.439633
2023-12-14 04:00:00,338.138262
2023-12-14 05:00:00,354.713667
2023-12-14 06:00:00,430.35778799999997
2023-12-14 07:00:00,522.318996
2023-12-14 08:00:00,558.009933
2023-12-14 09:00:00,546.686994
2023-12-14 10:00:00,538.765242
2023-12-14 11:00:00,542.855277
2023-12-14 12:00:00,509.661414
2023-12-14 13:00:00,528.432522
2023-12-14 14:00:00,536.6986979999999
2023-12-14 15:00:00,554.178216
2023-12-14 16:00:00,616.260642
2023-12-14 17:00:00,565.0275720000001
2023-12-14 18:00:00,546.686994
2023-12-14 19:00:00,526.839561
2023-12-14 20:00:00,473.109417
2023-12-14 21:00:00,414.16986
2023-12-14 22:00:00,406.678638
2023-12-14 23:00:00,368.404521
2023-12-15 00:00:00,373.05646499999995
2023-12-15 01:00:00,359.004887
2023-12-15 02:00:00,354.522175
2023-12-15 03:00:00,354.82389599999993
2023-12-15 04:00:00,342.798159
2023-12-15 05:00:00,346.59122299999996
2023-12-15 06:00:00,413.659491
2023-12-15 07:00:00,494.305204
2023-12-15 08:00:00,523.70145
2023-12-15 09:00:00,525.253158
2023-12-15 10:00:00,474.00369099999995
2023-12-15 11:00:00,457.193521
2023-12-15 12:00:00,448.659127
2023-12-15 13:00:00,428.917953
2023-12-15 14:00:00,457.279727
2023-12-15 15:00:00,530.037591
2023-12-15 16:00:00,550.554619
2023-12-15 17:00:00,473.14163099999996
2023-12-15 18:00:00,489.34835899999996
2023-12-15 19:00:00,460.081422
2023-12-15 20:00:00,402.409608
2023-12-15 21:00:00,380.85810799999996
2023-12-15 22:00:00,374.004731
2023-12-15 23:00:00,354.565278
2023-12-16 00:00:00,300.212395
2023-12-16 01:00:00,277.540217
2023-12-16 02:00:00,260.212811
2023-12-16 03:00:00,249.9974
2023-12-16 04:00:00,233.18723
2023-12-16 05:00:00,250.256018
2023-12-16 06:00:00,316.63463799999994
2023-12-16 07:00:00,342.324026
2023-12-16 08:00:00,344.34986699999996
2023-12-16 09:00:00,358.401445
2023-12-16 10:00:00,352.92736399999995
2023-12-16 11:00:00,342.453335
2023-12-16 12:00:00,333.44480799999997
2023-12-16 13:00:00,317.15187399999996
2023-12-16 14:00:00,342.453335
2023-12-16 15:00:00,346.720532
2023-12-16 16:00:00,370.98752099999996
2023-12-16 17:00:00,362.711745
2023-12-16 18:00:00,361.332449
2023-12-16 19:00:00,345.513648
2023-12-16 20:00:00,324.13456
2023-12-16 21:00:00,268.402381
2023-12-16 22:00:00,222.152862
2023-12-16 23:00:00,219.73909399999997
2023-12-17 00:00:00,182.41189599999998
2023-12-17 01:00:00,157.713877
2023-12-17 02:00:00,114.955701
2023-12-17 03:00:00,114.481568
2023-12-17 04:00:00,111.93849099999998
2023-12-17 05:00:00,122.326314
2023-12-17 06:00:00,153.489783
2023-12-17 07:00:00,172.067176
2023-12-17 08:00:00,243.70436199999997
2023-12-17 09:00:00,255.040451
2023-12-17 10:00:00,234.60962899999998
2023-12-17 11:00:00,211.2047
2023-12-17 12:00:00,188.403213
2023-12-17 13:00:00,199.653096
2023-12-17 14:00:00,271.376488
2023-12-17 15:00:00,281.936723
2023-12-17 16:00:00,289.13492399999996
2023-12-17 17:00:00,281.33328099999994
2023-12-17 18:00:00,276.247127
2023-12-17 19:00:00,279.566058
2023-12-17 20:00:00,259.523163
2023-12-17 21:00:00,249.69567899999998
2023-12-17 22:00:00,213.230541
2023-12-17 23:00:00,148.489835
2023-12-18 00:00:00,185.23458900000003
2023-12-18 01:00:00,141.05694000000003
2023-12-18 02:00:00,155.11936500000002
2023-12-18 03:00:00,162.777978
2023-12-18 04:00:00,175.32598800000002
2023-12-18 05:00:00,191.24898000000002
2023-12-18 06:00:00,342.733749
2023-12-18 07:00:00,360.690384
2023-12-18 08:00:00,410.795886
2023-12-18 09:00:00,416.24778000000003
2023-12-18 10:00:00,385.223907
2023-12-18 11:00:00,351.214473
2023-12-18 12:00:00,346.15200000000004
2023-12-18 13:00:00,350.60870700000004
2023-12-18 14:00:00,389.247924
2023-12-18 15:00:00,420.012183
2023-12-18 16:00:00,435.63229200000006
2023-12-18 17:00:00,450.86298000000005
2023-12-18 18:00:00,420.35833500000007
2023-12-18 19:00:00,425.810229
2023-12-18 20:00:00,371.20475100000004
2023-12-18 21:00:00,343.209708
2023-12-18 22:00:00,334.685715
2023-12-18 23:00:00,227.724747
2023-12-19 00:00:00,219.63746999999998
2023-12-19 01:00:00,208.070763
2023-12-19 02:00:00,203.69534199999998
2023-12-19 03:00:00,235.882845
2023-12-19 04:00:00,230.12115199999997
2023-12-19 05:00:00,260.09928399999995
2023-12-19 06:00:00,340.11317099999997
2023-12-19 07:00:00,349.730433
2023-12-19 08:00:00,372.86384699999996
2023-12-19 09:00:00,398.29327399999994
2023-12-19 10:00:00,372.99380999999994
2023-12-19 11:00:00,347.174494
2023-12-19 12:00:00,342.92903599999994
2023-12-19 13:00:00,351.24666799999994
2023-12-19 14:00:00,355.70873099999994
2023-12-19 15:00:00,370.26458699999995
2023-12-19 16:00:00,379.18871299999995
2023-12-19 17:00:00,385.16701099999995
2023-12-19 18:00:00,384.863764
2023-12-19 19:00:00,381.138158
2023-12-19 20:00:00,351.24666799999994
2023-12-19 21:00:00,334.828009
2023-12-19 22:00:00,338.250368
2023-12-19 23:00:00,300.08456699999994
2023-12-20 00:00:00,260.00265900000005
2023-12-20 01:00:00,272.311503
2023-12-20 02:00:00,272.701572
2023-12-20 03:00:00,275.041986
2023-12-20 04:00:00,308.067828
2023-12-20 05:00:00,316.692687
2023-12-20 06:00:00,358.126683
2023-12-20 07:00:00,364.757856
2023-12-20 08:00:00,390.32904600000006
2023-12-20 09:00:00,376.416585
2023-12-20 10:00:00,363.50096700000006
2023-12-20 11:00:00,357.60659100000004
2023-12-20 12:00:00,360.16371
2023-12-20 13:00:00,362.07071400000007
2023-12-20 14:00:00,356.566407
2023-12-20 15:00:00,359.210208
2023-12-20 16:00:00,359.7303
2023-12-20 17:00:00,356.17633800000004
2023-12-20 18:00:00,346.4246130000001
2023-12-20 19:00:00,347.55147900000003
2023-12-20 20:00:00,325.66427400000003
2023-12-20 21:00:00,275.952147
2023-12-20 22:00:00,266.200422
2023-12-20 23:00:00,238.02877200000003
2023-12-21 00:00:00,196.282788
2023-12-21 01:00:00,201.923098
2023-12-21 02:00:00,196.282788
2023-12-21 03:00:00,191.380057
2023-12-21 04:00:00,222.184827
2023-12-21 05:00:00,292.601928
2023-12-21 06:00:00,364.79789600000004
2023-12-21 07:00:00,364.754509
2023-12-21 08:00:00,364.971444
2023-12-21 09:00:00,364.62434800000005
2023-12-21 10:00:00,364.754509
2023-12-21 11:00:00,364.62434800000005
2023-12-21 12:00:00,364.971444
2023-12-21 13:00:00,365.014831
2023-12-21 14:00:00,365.058218
2023-12-21 15:00:00,365.144992
2023-12-21 16:00:00,365.275153
2023-12-21 17:00:00,365.058218
2023-12-21 18:00:00,340.50117600000004
2023-12-21 19:00:00,329.524265
2023-12-21 20:00:00,288.436776
2023-12-21 21:00:00,248.390575
2023-12-21 22:00:00,248.390575
2023-12-21 23:00:00,200.231005
2023-12-22 00:00:00,79.779784
2023-12-22 01:00:00,69.823544
2023-12-22 02:00:00,69.823544
2023-12-22 03:00:00,69.823544
2023-12-22 04:00:00,74.801664
2023-12-22 05:00:00,114.886352
2023-12-22 06:00:00,199.427816
2023-12-22 07:00:00,198.77849600000002
2023-12-22 08:00:00,238.603456
2023-12-22 09:00:00,208.43172
2023-12-22 10:00:00,198.60534400000003
2023-12-22 11:00:00,198.994936
2023-12-22 12:00:00,199.297952
2023-12-22 13:00:00,234.361232
2023-12-22 14:00:00,229.253248
2023-12-22 15:00:00,249.20901600000002
2023-12-22 16:00:00,249.20901600000002
2023-12-22 17:00:00,249.20901600000002
2023-12-22 18:00:00,229.20996000000002
2023-12-22 19:00:00,234.361232
2023-12-22 20:00:00,229.20996000000002
2023-12-22 21:00:00,119.25844000000001
2023-12-22 22:00:00,131.638808
2023-12-22 23:00:00,59.780728
2023-12-23 00:00:00,25.626496
2023-12-23 01:00:00,0.519456
2023-12-23 02:00:00,0.43288000000000004
2023-12-23 03:00:00,0.173152
2023-12-23 04:00:00,0.086576
2023-12-23 05:00:00,0.086576
2023-12-23 06:00:00,0.9523360000000001
2023-12-23 07:00:00,32.162984
2023-12-23 08:00:00,86.57600000000001
2023-12-23 09:00:00,182.155904
2023-12-23 10:00:00,181.89617600000003
2023-12-23 11:00:00,200.033848
2023-12-23 12:00:00,205.964304
2023-12-23 13:00:00,213.1934
2023-12-23 14:00:00,223.409368
2023-12-23 15:00:00,234.361232
2023-12-23 16:00:00,262.281992
2023-12-23 17:00:00,299.076792
2023-12-23 18:00:00,286.176968
2023-12-23 19:00:00,268.03929600000004
2023-12-23 20:00:00,227.738168
2023-12-23 21:00:00,177.221072
2023-12-23 22:00:00,115.016216
2023-12-23 23:00:00,55.105624000000006
2023-12-24 00:00:00,70.55944000000001
2023-12-24 01:00:00,24.933888
2023-12-24 02:00:00,49.65133600000001
2023-12-24 03:00:00,51.859024000000005
2023-12-24 04:00:00,71.814792
2023-12-24 05:00:00,71.814792
2023-12-24 06:00:00,138.478312
2023-12-24 07:00:00,199.51439200000002
2023-12-24 08:00:00,224.44828
2023-12-24 09:00:00,249.68518400000002
2023-12-24 10:00:00,257.303872
2023-12-24 11:00:00,301.50092000000006
2023-12-24 12:00:00,300.029128
2023-12-24 13:00:00,296.30636000000004
2023-12-24 14:00:00,291.97756000000004
2023-12-24 15:00:00,286.69642400000004
2023-12-24 16:00:00,289.38027999999997
2023-12-24 17:00:00,171.20404
2023-12-24 18:00:00,99.82212799999999
2023-12-24 19:00:00,49.824488
2023-12-24 20:00:00,29.912008000000004
2023-12-24 21:00:00,22.336608000000002
2023-12-24 22:00:00,49.867776
2023-12-24 23:00:00,27.531168
2023-12-25 00:00:00,-15.973272
2023-12-25 01:00:00,-26.925136000000002
2023-12-25 02:00:00,-40.863872
2023-12-25 03:00:00,-52.551632000000005
2023-12-25 04:00:00,-59.780728
2023-12-25 05:00:00,-37.66056
2023-12-25 06:00:00,-33.721352
2023-12-25 07:00:00,-25.020464
2023-12-25 08:00:00,-0.519456
2023-12-25 09:00:00,-3.2898880000000004
2023-12-25 10:00:00,-2.121112
2023-12-25 11:00:00,-0.086576
2023-12-25 12:00:00,-0.043288
2023-12-25 13:00:00,0.0
2023-12-25 14:00:00,0.086576
2023-12-25 15:00:00,10.562272
2023-12-25 16:00:00,51.642584
2023-12-25 17:00:00,86.186408
2023-12-25 18:00:00,82.68008
2023-12-25 19:00:00,64.06624000000001
2023-12-25 20:00:00,43.11484800000001
2023-12-25 21:00:00,39.651808
2023-12-25 22:00:00,26.708696
2023-12-25 23:00:00,0.346304
2023-12-26 00:00:00,0.043288
2023-12-26 01:00:00,0.7358960000000001
2023-12-26 02:00:00,1.2120640000000003
2023-12-26 03:00:00,7.748552
2023-12-26 04:00:00,9.350208
2023-12-26 05:00:00,7.748552
2023-12-26 06:00:00,9.436784000000001
2023-12-26 07:00:00,12.856536000000002
2023-12-26 08:00:00,1.6449440000000002
2023-12-26 09:00:00,8.830752
2023-12-26 10:00:00,6.536488
2023-12-26 11:00:00,3.8093440000000003
2023-12-26 12:00:00,1.125488
2023-12-26 13:00:00,0.519456
2023-12-26 14:00:00,6.752928000000001
2023-12-26 15:00:00,39.695096
2023-12-26 16:00:00,80.429104
2023-12-26 17:00:00,110.60084
2023-12-26 18:00:00,120.600368
2023-12-26 19:00:00,103.198592
2023-12-26 20:00:00,128.82508800000002
2023-12-26 21:00:00,176.441888
2023-12-26 22:00:00,164.104808
2023-12-26 23:00:00,112.721952
2023-12-27 00:00:00,152.064921
2023-12-27 01:00:00,134.69721
2023-12-27 02:00:00,132.878148
2023-12-27 03:00:00,134.177478
2023-12-27 04:00:00,140.977305
2023-12-27 05:00:00,170.125608
2023-12-27 06:00:00,281.78136600000005
2023-12-27 07:00:00,299.365632
2023-12-27 08:00:00,336.613092
2023-12-27 09:00:00,337.176135
2023-12-27 10:00:00,317.85942900000003
2023-12-27 11:00:00,314.177994
2023-12-27 12:00:00,311.925822
2023-12-27 13:00:00,326.954739
2023-12-27 14:00:00,389.322579
2023-12-27 15:00:00,389.322579
2023-12-27 16:00:00,379.664226
2023-12-27 17:00:00,373.47075300000006
2023-12-27 18:00:00,349.606392
2023-12-27 19:00:00,364.765242
2023-12-27 20:00:00,375.116571
2023-12-27 21:00:00,338.995197
2023-12-27 22:00:00,349.303215
2023-12-27 23:00:00,292.04607300000004
2023-12-28 00:00:00,143.714304
2023-12-28 01:00:00,129.438336
2023-12-28 02:00:00,120.36940799999999
2023-12-28 03:00:00,109.99872
2023-12-28 04:00:00,120.326016
2023-12-28 05:00:00,154.518912
2023-12-28 06:00:00,237.657984
2023-12-28 07:00:00,201.252096
2023-12-28 08:00:00,200.514432
2023-12-28 09:00:00,197.520384
2023-12-28 10:00:00,199.733376
2023-12-28 11:00:00,199.776768
2023-12-28 12:00:00,200.03712000000002
2023-12-28 13:00:00,291.464064
2023-12-28 14:00:00,316.674816
2023-12-28 15:00:00,304.698624
2023-12-28 16:00:00,303.570432
2023-12-28 17:00:00,298.710528
2023-12-28 18:00:00,272.458368
2023-12-28 19:00:00,246.379776
2023-12-28 20:00:00,272.67532800000004
2023-12-28 21:00:00,145.883904
2023-12-28 22:00:00,134.385024
2023-12-28 23:00:00,112.124928
2023-12-29 00:00:00,14.95712
2023-12-29 01:00:00,11.91352
2023-12-29 02:00:00,8.86992
2023-12-29 03:00:00,5.52196
2023-12-29 04:00:00,10.17432
2023-12-29 05:00:00,16.9572
2023-12-29 06:00:00,83.00332
2023-12-29 07:00:00,79.43795999999999
2023-12-29 08:00:00,103.39544000000001
2023-12-29 09:00:00,107.96083999999999
2023-12-29 10:00:00,53.95868
2023-12-29 11:00:00,60.17632
2023-12-29 12:00:00,57.52404
2023-12-29 13:00:00,74.17688
2023-12-29 14:00:00,115.91767999999999
2023-12-29 15:00:00,133.2662
2023-12-29 16:00:00,143.57096
2023-12-29 17:00:00,155.96275999999997
2023-12-29 18:00:00,148.35376
2023-12-29 19:00:00,133.74448
2023-12-29 20:00:00,130.52696
2023-12-29 21:00:00,116.22203999999999
2023-12-29 22:00:00,110.17832
2023-12-29 23:00:00,82.17719999999998
2023-12-30 00:00:00,50.17592
2023-12-30 01:00:00,42.566919999999996
2023-12-30 02:00:00,38.610240000000005
2023-12-30 03:00:00,25.522759999999998
2023-12-30 04:00:00,25.000999999999998
2023-12-30 05:00:00,38.566759999999995
2023-12-30 06:00:00,50.6542
2023-12-30 07:00:00,92.78632
2023-12-30 08:00:00,124.3528
2023-12-30 09:00:00,125.87459999999999
2023-12-30 10:00:00,106.9608
2023-12-30 11:00:00,90.04708
2023-12-30 12:00:00,89.17748
2023-12-30 13:00:00,104.87376
2023-12-30 14:00:00,182.78992
2023-12-30 15:00:00,243.83584
2023-12-30 16:00:00,324.05644
2023-12-30 17:00:00,347.49216
2023-12-30 18:00:00,347.79652
2023-12-30 19:00:00,309.09932
2023-12-30 20:00:00,269.61948
2023-12-30 21:00:00,239.74872
2023-12-30 22:00:00,217.8348
2023-12-30 23:00:00,187.96403999999998
2023-12-31 00:00:00,182.26816
2023-12-31 01:00:00,212.31284
2023-12-31 02:00:00,212.31284
2023-12-31 03:00:00,237.4008
2023-12-31 04:00:00,222.31324
2023-12-31 05:00:00,192.1816
2023-12-31 06:00:00,182.26816
2023-12-31 07:00:00,191.61636
2023-12-31 08:00:00,255.2276
2023-12-31 09:00:00,275.35884
2023-12-31 10:00:00,300.40332
2023-12-31 11:00:00,300.40332
2023-12-31 12:00:00,300.75115999999997
2023-12-31 13:00:00,374.66716
2023-12-31 14:00:00,323.57816
2023-12-31 15:00:00,270.53256
2023-12-31 16:00:00,263.35836
2023-12-31 17:00:00,237.87908
2023-12-31 18:00:00,199.18188
2023-12-31 19:00:00,200.26888
2023-12-31 20:00:00,152.22348
2023-12-31 21:00:00,182.26816
2023-12-31 22:00:00,209.87796
2023-12-31 23:00:00,155.2236
