,price_pln_mwh
2024-01-01 00:00:00,333.44811999999996
2024-01-01 01:00:00,323.926
2024-01-01 02:00:00,318.66492
2024-01-01 03:00:00,311.22983999999997
2024-01-01 04:00:00,318.57795999999996
2024-01-01 05:00:00,323.14336
2024-01-01 06:00:00,333.44811999999996
2024-01-01 07:00:00,324.1434
2024-01-01 08:00:00,314.143
2024-01-01 09:00:00,330.49148
2024-01-01 10:00:00,357.4056
2024-01-01 11:00:00,360.49267999999995
2024-01-01 12:00:00,351.62276
2024-01-01 13:00:00,346.92692
2024-01-01 14:00:00,359.49264
2024-01-01 15:00:00,337.23088
2024-01-01 16:00:00,328.10007999999993
2024-01-01 17:00:00,322.44768
2024-01-01 18:00:00,322.44768
2024-01-01 19:00:00,328.75228
2024-01-01 20:00:00,374.36279999999994
2024-01-01 21:00:00,374.01496
2024-01-01 22:00:00,353.10107999999997
2024-01-01 23:00:00,335.92648
2024-01-02 00:00:00,357.67898999999994
2024-01-02 01:00:00,353.509326
2024-01-02 02:00:00,351.98913600000003
2024-01-02 03:00:00,353.813364
2024-01-02 04:00:00,394.16355
2024-01-02 05:00:00,398.159478
2024-01-02 06:00:00,398.637252
2024-01-02 07:00:00,412.145226
2024-01-02 08:00:00,409.27858200000003
2024-01-02 09:00:00,398.46351599999997
2024-01-02 10:00:00,380.090934
2024-01-02 11:00:00,379.52629199999996
2024-01-02 12:00:00,379.569726
2024-01-02 13:00:00,386.86663799999997
2024-01-02 14:00:00,408.887676
2024-01-02 15:00:00,421.917876
2024-01-02 16:00:00,431.08245
2024-01-02 17:00:00,412.145226
2024-01-02 18:00:00,398.28978
2024-01-02 19:00:00,384.47776799999997
2024-01-02 20:00:00,379.482858
2024-01-02 21:00:00,381.958596
2024-01-02 22:00:00,398.81098799999995
2024-01-02 23:00:00,362.63046599999996
2024-01-03 00:00:00,309.75566200000003
2024-01-03 01:00:00,306.83138
2024-01-03 02:00:00,302.16125800000003
2024-01-03 03:00:00,300.459064
2024-01-03 04:00:00,303.25240800000006
2024-01-03 05:00:00,307.224194
2024-01-03 06:00:00,397.35318400000006
2024-01-03 07:00:00,400.102882
2024-01-03 08:00:00,381.33510200000006
2024-01-03 09:00:00,400.408404
2024-01-03 10:00:00,400.190174
2024-01-03 11:00:00,400.059236
2024-01-03 12:00:00,400.49569600000007
2024-01-03 13:00:00,399.928298
2024-01-03 14:00:00,376.27216599999997
2024-01-03 15:00:00,373.740698
2024-01-03 16:00:00,377.58154600000006
2024-01-03 17:00:00,377.66883800000005
2024-01-03 18:00:00,374.395388
2024-01-03 19:00:00,372.86777800000004
2024-01-03 20:00:00,373.69705200000004
2024-01-03 21:00:00,377.31967000000003
2024-01-03 22:00:00,400.36475800000005
2024-01-03 23:00:00,400.059236
2024-01-04 00:00:00,348.765825
2024-01-04 01:00:00,348.765825
2024-01-04 02:00:00,335.57775
2024-01-04 03:00:00,335.57775
2024-01-04 04:00:00,357.383775
2024-01-04 05:00:00,373.662125
2024-01-04 06:00:00,407.2199
2024-01-04 07:00:00,383.93402499999996
2024-01-04 08:00:00,398.123175
2024-01-04 09:00:00,410.00550000000004
2024-01-04 10:00:00,400.34295000000003
2024-01-04 11:00:00,393.683625
2024-01-04 12:00:00,377.1006
2024-01-04 13:00:00,374.1409
2024-01-04 14:00:00,400.908775
2024-01-04 15:00:00,429.24355
2024-01-04 16:00:00,457.5348
2024-01-04 17:00:00,524.258625
2024-01-04 18:00:00,547.10925
2024-01-04 19:00:00,505.06410000000005
2024-01-04 20:00:00,444.86902499999997
2024-01-04 21:00:00,423.36767499999996
2024-01-04 22:00:00,407.263425
2024-01-04 23:00:00,406.741125
2024-01-05 00:00:00,382.96358799999996
2024-01-05 01:00:00,381.87648799999994
2024-01-05 02:00:00,383.22449199999994
2024-01-05 03:00:00,392.399616
2024-01-05 04:00:00,410.662896
2024-01-05 05:00:00,410.48896
2024-01-05 06:00:00,477.410836
2024-01-05 07:00:00,540.027796
2024-01-05 08:00:00,547.985368
2024-01-05 09:00:00,465.88757599999997
2024-01-05 10:00:00,430.100244
2024-01-05 11:00:00,429.969792
2024-01-05 12:00:00,446.972036
2024-01-05 13:00:00,503.15336399999995
2024-01-05 14:00:00,548.3332399999999
2024-01-05 15:00:00,548.55066
2024-01-05 16:00:00,549.3333719999999
2024-01-05 17:00:00,548.289756
2024-01-05 18:00:00,510.980484
2024-01-05 19:00:00,506.80602
2024-01-05 20:00:00,487.93396399999995
2024-01-05 21:00:00,436.970716
2024-01-05 22:00:00,412.750128
2024-01-05 23:00:00,414.576456
2024-01-06 00:00:00,382.00694
2024-01-06 01:00:00,398.18298799999997
2024-01-06 02:00:00,405.662236
2024-01-06 03:00:00,406.227528
2024-01-06 04:00:00,406.271012
2024-01-06 05:00:00,403.00971200000004
2024-01-06 06:00:00,402.70532399999996
2024-01-06 07:00:00,410.53244399999994
2024-01-06 08:00:00,393.74762
2024-01-06 09:00:00,401.052932
2024-01-06 10:00:00,423.09932
2024-01-06 11:00:00,437.057684
2024-01-06 12:00:00,431.18734399999994
2024-01-06 13:00:00,413.18496799999997
2024-01-06 14:00:00,402.313968
2024-01-06 15:00:00,412.09786799999995
2024-01-06 16:00:00,431.92657199999996
2024-01-06 17:00:00,453.451152
2024-01-06 18:00:00,450.624692
2024-01-06 19:00:00,430.4916
2024-01-06 20:00:00,400.66157599999997
2024-01-06 21:00:00,382.6592
2024-01-06 22:00:00,378.87609199999997
2024-01-06 23:00:00,379.18048
2024-01-07 00:00:00,396.834984
2024-01-07 01:00:00,364.78727599999996
2024-01-07 02:00:00,352.568272
2024-01-07 03:00:00,352.43782
2024-01-07 04:00:00,353.655372
2024-01-07 05:00:00,356.09047599999997
2024-01-07 06:00:00,389.573156
2024-01-07 07:00:00,400.792028
2024-01-07 08:00:00,406.053592
2024-01-07 09:00:00,411.83696399999997
2024-01-07 10:00:00,417.27246399999996
2024-01-07 11:00:00,423.01235199999996
2024-01-07 12:00:00,430.143728
2024-01-07 13:00:00,430.143728
2024-01-07 14:00:00,435.14438799999994
2024-01-07 15:00:00,439.449304
2024-01-07 16:00:00,431.317796
2024-01-07 17:00:00,442.53666799999996
2024-01-07 18:00:00,455.92974
2024-01-07 19:00:00,450.32030399999996
2024-01-07 20:00:00,437.01419999999996
2024-01-07 21:00:00,405.749204
2024-01-07 22:00:00,400.400672
2024-01-07 23:00:00,400.878996
2024-01-08 00:00:00,402.775452
2024-01-08 01:00:00,402.73190400000004
2024-01-08 02:00:00,401.207724
2024-01-08 03:00:00,401.07707999999997
2024-01-08 04:00:00,403.210932
2024-01-08 05:00:00,412.57375199999996
2024-01-08 06:00:00,541.693572
2024-01-08 07:00:00,545.961276
2024-01-08 08:00:00,601.267236
2024-01-08 09:00:00,675.952056
2024-01-08 10:00:00,677.6068799999999
2024-01-08 11:00:00,671.8149960000001
2024-01-08 12:00:00,677.432688
2024-01-08 13:00:00,691.3680479999999
2024-01-08 14:00:00,677.737524
2024-01-08 15:00:00,638.544324
2024-01-08 16:00:00,611.109084
2024-01-08 17:00:00,600.3527280000001
2024-01-08 18:00:00,566.167548
2024-01-08 19:00:00,541.040352
2024-01-08 20:00:00,497.36170799999996
2024-01-08 21:00:00,447.804084
2024-01-08 22:00:00,435.39290400000004
2024-01-08 23:00:00,398.42065199999996
2024-01-09 00:00:00,380.70848199999995
2024-01-09 01:00:00,393.106868
2024-01-09 02:00:00,390.982669
2024-01-09 03:00:00,393.19356999999997
2024-01-09 04:00:00,394.7975569999999
2024-01-09 05:00:00,390.679212
2024-01-09 06:00:00,470.401701
2024-01-09 07:00:00,547.609832
2024-01-09 08:00:00,630.973805
2024-01-09 09:00:00,669.816301
2024-01-09 10:00:00,658.545041
2024-01-09 11:00:00,657.7647229999999
2024-01-09 12:00:00,660.409134
2024-01-09 13:00:00,651.1320199999999
2024-01-09 14:00:00,624.9480159999999
2024-01-09 15:00:00,566.5975699999999
2024-01-09 16:00:00,567.854749
2024-01-09 17:00:00,598.0270449999999
2024-01-09 18:00:00,597.0299719999999
2024-01-09 19:00:00,564.9935830000001
2024-01-09 20:00:00,521.989391
2024-01-09 21:00:00,493.85459199999997
2024-01-09 22:00:00,459.34719599999994
2024-01-09 23:00:00,420.24459399999995
2024-01-10 00:00:00,392.97447600000004
2024-01-10 01:00:00,381.252966
2024-01-10 02:00:00,384.85624500000006
2024-01-10 03:00:00,384.422115
2024-01-10 04:00:00,390.803826
2024-01-10 05:00:00,413.50882500000006
2024-01-10 06:00:00,498.55489200000005
2024-01-10 07:00:00,585.5111310000001
2024-01-10 08:00:00,620.8059000000001
2024-01-10 09:00:00,566.062107
2024-01-10 10:00:00,527.337711
2024-01-10 11:00:00,529.595187
2024-01-10 12:00:00,529.508361
2024-01-10 13:00:00,492.04294200000004
2024-01-10 14:00:00,529.7688390000001
2024-01-10 15:00:00,564.6294780000001
2024-01-10 16:00:00,601.877832
2024-01-10 17:00:00,624.235527
2024-01-10 18:00:00,607.782
2024-01-10 19:00:00,573.702795
2024-01-10 20:00:00,520.956
2024-01-10 21:00:00,476.284023
2024-01-10 22:00:00,459.83049600000004
2024-01-10 23:00:00,417.15551700000003
2024-01-11 00:00:00,399.15837500000004
2024-01-11 01:00:00,385.41079500000006
2024-01-11 02:00:00,381.32132500000006
2024-01-11 03:00:00,381.19081000000006
2024-01-11 04:00:00,381.495345
2024-01-11 05:00:00,391.63201
2024-01-11 06:00:00,469.810495
2024-01-11 07:00:00,506.963765
2024-01-11 08:00:00,548.07599
2024-01-11 09:00:00,540.027565
2024-01-11 10:00:00,494.43432500000006
2024-01-11 11:00:00,463.24124000000006
2024-01-11 12:00:00,432.35269
2024-01-11 13:00:00,430.6995
2024-01-11 14:00:00,461.06599000000006
2024-01-11 15:00:00,513.402505
2024-01-11 16:00:00,561.083985
2024-01-11 17:00:00,584.489675
2024-01-11 18:00:00,584.79421
2024-01-11 19:00:00,575.6146550000001
2024-01-11 20:00:00,517.491975
2024-01-11 21:00:00,466.33009500000003
2024-01-11 22:00:00,499.08936
2024-01-11 23:00:00,466.33009500000003
2024-01-12 00:00:00,396.261956
2024-01-12 01:00:00,384.017662
2024-01-12 02:00:00,376.04362
2024-01-12 03:00:00,378.44019
2024-01-12 04:00:00,401.926576
2024-01-12 05:00:00,450.598734
2024-01-12 06:00:00,542.4963
2024-01-12 07:00:00,551.123952
2024-01-12 08:00:00,613.260476
2024-01-12 09:00:00,588.0747040000001
2024-01-12 10:00:00,531.646374
2024-01-12 11:00:00,499.924502
2024-01-12 12:00:00,474.564434
2024-01-12 13:00:00,450.729456
2024-01-12 14:00:00,455.522596
2024-01-12 15:00:00,479.314
2024-01-12 16:00:00,522.888
2024-01-12 17:00:00,555.5685
2024-01-12 18:00:00,549.0324
2024-01-12 19:00:00,520.578578
2024-01-12 20:00:00,474.39013800000004
2024-01-12 21:00:00,429.901084
2024-01-12 22:00:00,407.72191799999996
2024-01-12 23:00:00,371.03261000000003
2024-01-13 00:00:00,392.166
2024-01-13 01:00:00,369.986834
2024-01-13 02:00:00,360.182684
2024-01-13 03:00:00,360.008388
2024-01-13 04:00:00,362.44853200000006
2024-01-13 05:00:00,364.06077
2024-01-13 06:00:00,363.18928999999997
2024-01-13 07:00:00,364.49651000000006
2024-01-13 08:00:00,432.38480200000004
2024-01-13 09:00:00,425.151518
2024-01-13 10:00:00,424.585056
2024-01-13 11:00:00,443.14758
2024-01-13 12:00:00,450.33729
2024-01-13 13:00:00,449.90155000000004
2024-01-13 14:00:00,424.67220399999997
2024-01-13 15:00:00,419.57404600000007
2024-01-13 16:00:00,414.563036
2024-01-13 17:00:00,385.6299
2024-01-13 18:00:00,370.16113
2024-01-13 19:00:00,362.884272
2024-01-13 20:00:00,360.313406
2024-01-13 21:00:00,353.210844
2024-01-13 22:00:00,293.47089
2024-01-13 23:00:00,287.37053000000003
2024-01-14 00:00:00,286.93478999999996
2024-01-14 01:00:00,279.875802
2024-01-14 02:00:00,279.483636
2024-01-14 03:00:00,282.70811199999997
2024-01-14 04:00:00,284.88681199999996
2024-01-14 05:00:00,288.154862
2024-01-14 06:00:00,294.64738800000003
2024-01-14 07:00:00,313.77637400000003
2024-01-14 08:00:00,334.60474600000003
2024-01-14 09:00:00,354.605212
2024-01-14 10:00:00,354.387342
2024-01-14 11:00:00,360.74914600000005
2024-01-14 12:00:00,353.254418
2024-01-14 13:00:00,346.761892
2024-01-14 14:00:00,349.812072
2024-01-14 15:00:00,358.701168
2024-01-14 16:00:00,377.437988
2024-01-14 17:00:00,400.270764
2024-01-14 18:00:00,423.844298
2024-01-14 19:00:00,389.02867200000003
2024-01-14 20:00:00,354.953804
2024-01-14 21:00:00,341.663734
2024-01-14 22:00:00,327.24073999999996
2024-01-14 23:00:00,291.46648600000003
2024-01-15 00:00:00,304.70482
2024-01-15 01:00:00,288.95554
2024-01-15 02:00:00,281.343388
2024-01-15 03:00:00,271.41259199999996
2024-01-15 04:00:00,278.10603599999996
2024-01-15 05:00:00,308.7296359999999
2024-01-15 06:00:00,356.80868799999996
2024-01-15 07:00:00,374.395384
2024-01-15 08:00:00,434.41763999999995
2024-01-15 09:00:00,437.4362519999999
2024-01-15 10:00:00,413.681088
2024-01-15 11:00:00,394.91319599999997
2024-01-15 12:00:00,366.914476
2024-01-15 13:00:00,384.632416
2024-01-15 14:00:00,418.0996359999999
2024-01-15 15:00:00,473.70334399999996
2024-01-15 16:00:00,481.31549599999994
2024-01-15 17:00:00,462.76634399999995
2024-01-15 18:00:00,492.73372399999994
2024-01-15 19:00:00,484.11536799999993
2024-01-15 20:00:00,451.26061999999996
2024-01-15 21:00:00,406.63766
2024-01-15 22:00:00,396.313132
2024-01-15 23:00:00,378.113964
2024-01-16 00:00:00,361.09354599999995
2024-01-16 01:00:00,357.62276
2024-01-16 02:00:00,351.77953799999995
2024-01-16 03:00:00,349.71464
2024-01-16 04:00:00,361.75255599999997
2024-01-16 05:00:00,401.86429799999996
2024-01-16 06:00:00,540.3882
2024-01-16 07:00:00,608.178362
2024-01-16 08:00:00,633.132874
2024-01-16 09:00:00,608.9252399999999
2024-01-16 10:00:00,535.9947999999999
2024-01-16 11:00:00,521.93592
2024-01-16 12:00:00,511.69929799999994
2024-01-16 13:00:00,565.079108
2024-01-16 14:00:00,630.8043720000001
2024-01-16 15:00:00,686.0733439999999
2024-01-16 16:00:00,703.60301
2024-01-16 17:00:00,703.427274
2024-01-16 18:00:00,631.7269859999999
2024-01-16 19:00:00,638.8882279999999
2024-01-16 20:00:00,665.6440339999999
2024-01-16 21:00:00,577.468496
2024-01-16 22:00:00,532.216476
2024-01-16 23:00:00,450.015962
2024-01-17 00:00:00,420.561614
2024-01-17 01:00:00,420.605592
2024-01-17 02:00:00,426.05886399999997
2024-01-17 03:00:00,433.798992
2024-01-17 04:00:00,405.345226
2024-01-17 05:00:00,423.991898
2024-01-17 06:00:00,520.523608
2024-01-17 07:00:00,571.010352
2024-01-17 08:00:00,532.441646
2024-01-17 09:00:00,532.35369
2024-01-17 10:00:00,489.958898
2024-01-17 11:00:00,506.714516
2024-01-17 12:00:00,512.299722
2024-01-17 13:00:00,527.2962200000001
2024-01-17 14:00:00,527.51611
2024-01-17 15:00:00,538.246742
2024-01-17 16:00:00,550.780472
2024-01-17 17:00:00,590.360672
2024-01-17 18:00:00,539.61006
2024-01-17 19:00:00,507.242252
2024-01-17 20:00:00,482.92241800000005
2024-01-17 21:00:00,451.03836800000005
2024-01-17 22:00:00,415.196298
2024-01-17 23:00:00,369.898958
2024-01-18 00:00:00,366.257136
2024-01-18 01:00:00,366.47721600000006
2024-01-18 02:00:00,371.9352
2024-01-18 03:00:00,365.11272
2024-01-18 04:00:00,359.17055999999997
2024-01-18 05:00:00,375.368448
2024-01-18 06:00:00,490.77840000000003
2024-01-18 07:00:00,523.7904
2024-01-18 08:00:00,592.279296
2024-01-18 09:00:00,570.3593280000001
2024-01-18 10:00:00,559.971552
2024-01-18 11:00:00,553.149072
2024-01-18 12:00:00,552.973008
2024-01-18 13:00:00,562.260384
2024-01-18 14:00:00,563.6248800000001
2024-01-18 15:00:00,555.92208
2024-01-18 16:00:00,568.9948320000001
2024-01-18 17:00:00,563.492832
2024-01-18 18:00:00,508.64889600000004
2024-01-18 19:00:00,521.6336160000001
2024-01-18 20:00:00,503.9832
2024-01-18 21:00:00,379.81406400000003
2024-01-18 22:00:00,367.79769600000003
2024-01-18 23:00:00,363.440112
2024-01-19 00:00:00,354.97721599999994
2024-01-19 01:00:00,347.91801
2024-01-19 02:00:00,341.51649399999997
2024-01-19 03:00:00,340.85880399999996
2024-01-19 04:00:00,341.735724
2024-01-19 05:00:00,349.01415999999995
2024-01-19 06:00:00,408.46933599999994
2024-01-19 07:00:00,437.977694
2024-01-19 08:00:00,504.316692
2024-01-19 09:00:00,497.38902399999995
2024-01-19 10:00:00,477.70216999999997
2024-01-19 11:00:00,458.0153159999999
2024-01-19 12:00:00,454.02533
2024-01-19 13:00:00,467.749128
2024-01-19 14:00:00,496.99440999999996
2024-01-19 15:00:00,488.97059199999995
2024-01-19 16:00:00,507.561296
2024-01-19 17:00:00,503.22054199999997
2024-01-19 18:00:00,487.085214
2024-01-19 19:00:00,493.22365399999995
2024-01-19 20:00:00,454.770712
2024-01-19 21:00:00,373.041768
2024-01-19 22:00:00,347.830318
2024-01-19 23:00:00,338.05265999999995
2024-01-20 00:00:00,299.862794
2024-01-20 01:00:00,279.781326
2024-01-20 02:00:00,282.192856
2024-01-20 03:00:00,272.897504
2024-01-20 04:00:00,271.976738
2024-01-20 05:00:00,272.590582
2024-01-20 06:00:00,279.869018
2024-01-20 07:00:00,298.24049199999996
2024-01-20 08:00:00,333.492676
2024-01-20 09:00:00,347.78647199999995
2024-01-20 10:00:00,323.495788
2024-01-20 11:00:00,323.495788
2024-01-20 12:00:00,330.86191599999995
2024-01-20 13:00:00,348.04954799999996
2024-01-20 14:00:00,352.872608
2024-01-20 15:00:00,407.02241799999996
2024-01-20 16:00:00,427.103886
2024-01-20 17:00:00,427.06004
2024-01-20 18:00:00,443.326906
2024-01-20 19:00:00,416.537
2024-01-20 20:00:00,420.790062
2024-01-20 21:00:00,416.887768
2024-01-20 22:00:00,441.003068
2024-01-20 23:00:00,365.105642
2024-01-21 00:00:00,314.507358
2024-01-21 01:00:00,294.82050399999997
2024-01-21 02:00:00,296.17972999999995
2024-01-21 03:00:00,318.19042199999996
2024-01-21 04:00:00,309.158146
2024-01-21 05:00:00,333.624214
2024-01-21 06:00:00,343.928024
2024-01-21 07:00:00,344.27879199999995
2024-01-21 08:00:00,347.17262800000003
2024-01-21 09:00:00,347.435704
2024-01-21 10:00:00,346.646476
2024-01-21 11:00:00,343.621102
2024-01-21 12:00:00,343.53340999999995
2024-01-21 13:00:00,343.708794
2024-01-21 14:00:00,343.664948
2024-01-21 15:00:00,343.358026
2024-01-21 16:00:00,342.30572199999995
2024-01-21 17:00:00,343.708794
2024-01-21 18:00:00,343.577256
2024-01-21 19:00:00,343.577256
2024-01-21 20:00:00,341.078034
2024-01-21 21:00:00,317.62042399999996
2024-01-21 22:00:00,282.412086
2024-01-21 23:00:00,248.299898
2024-01-22 00:00:00,199.89684
2024-01-22 01:00:00,158.95044000000001
2024-01-22 02:00:00,139.8276
2024-01-22 03:00:00,139.60979999999998
2024-01-22 04:00:00,144.00936000000002
2024-01-22 05:00:00,214.14095999999998
2024-01-22 06:00:00,341.64108000000004
2024-01-22 07:00:00,350.74512
2024-01-22 08:00:00,359.45712
2024-01-22 09:00:00,359.97983999999997
2024-01-22 10:00:00,359.10864
2024-01-22 11:00:00,346.17132
2024-01-22 12:00:00,347.39099999999996
2024-01-22 13:00:00,355.05756
2024-01-22 14:00:00,356.93064
2024-01-22 15:00:00,364.51008
2024-01-22 16:00:00,381.28068
2024-01-22 17:00:00,374.22396
2024-01-22 18:00:00,376.96824000000004
2024-01-22 19:00:00,363.37752
2024-01-22 20:00:00,345.8664
2024-01-22 21:00:00,328.79088
2024-01-22 22:00:00,309.23244
2024-01-22 23:00:00,258.35436
2024-01-23 00:00:00,173.564484
2024-01-23 01:00:00,169.762845
2024-01-23 02:00:00,172.55945300000002
2024-01-23 03:00:00,171.554422
2024-01-23 04:00:00,170.811573
2024-01-23 05:00:00,225.520217
2024-01-23 06:00:00,314.880582
2024-01-23 07:00:00,380.207597
2024-01-23 08:00:00,371.118621
2024-01-23 09:00:00,356.78600500000005
2024-01-23 10:00:00,348.833151
2024-01-23 11:00:00,340.79290299999997
2024-01-23 12:00:00,335.68035399999997
2024-01-23 13:00:00,331.004775
2024-01-23 14:00:00,332.446776
2024-01-23 15:00:00,333.62659499999995
2024-01-23 16:00:00,401.531733
2024-01-23 17:00:00,420.27774600000004
2024-01-23 18:00:00,389.427664
2024-01-23 19:00:00,395.982214
2024-01-23 20:00:00,367.622861
2024-01-23 21:00:00,334.762717
2024-01-23 22:00:00,337.38453699999997
2024-01-23 23:00:00,297.445479
2024-01-24 00:00:00,258.76707
2024-01-24 01:00:00,241.87763999999999
2024-01-24 02:00:00,224.41939499999998
2024-01-24 03:00:00,214.04945999999998
2024-01-24 04:00:00,243.27779999999998
2024-01-24 05:00:00,262.17996
2024-01-24 06:00:00,337.70109
2024-01-24 07:00:00,356.07818999999995
2024-01-24 08:00:00,382.19992499999995
2024-01-24 09:00:00,365.26673999999997
2024-01-24 10:00:00,357.04079999999993
2024-01-24 11:00:00,361.54756499999996
2024-01-24 12:00:00,355.33435499999996
2024-01-24 13:00:00,359.009775
2024-01-24 14:00:00,356.121945
2024-01-24 15:00:00,388.28186999999997
2024-01-24 16:00:00,404.60248499999994
2024-01-24 17:00:00,401.27710499999995
2024-01-24 18:00:00,380.362215
2024-01-24 19:00:00,349.33992
2024-01-24 20:00:00,336.519705
2024-01-24 21:00:00,290.97075
2024-01-24 22:00:00,260.123475
2024-01-24 23:00:00,214.180725
2024-01-25 00:00:00,203.01044
2024-01-25 01:00:00,204.28034999999997
2024-01-25 02:00:00,197.18636999999998
2024-01-25 03:00:00,200.38303999999997
2024-01-25 04:00:00,200.1203
2024-01-25 05:00:00,206.16331999999997
2024-01-25 06:00:00,325.53486
2024-01-25 07:00:00,329.65112
2024-01-25 08:00:00,394.15378999999996
2024-01-25 09:00:00,380.18477999999993
2024-01-25 10:00:00,366.47850999999997
2024-01-25 11:00:00,344.45213999999993
2024-01-25 12:00:00,328.20605
2024-01-25 13:00:00,350.53894999999994
2024-01-25 14:00:00,375.10513999999995
2024-01-25 15:00:00,403.17452999999995
2024-01-25 16:00:00,443.94301999999993
2024-01-25 17:00:00,511.42341
2024-01-25 18:00:00,500.51969999999994
2024-01-25 19:00:00,432.60141
2024-01-25 20:00:00,398.7955299999999
2024-01-25 21:00:00,385.83368999999993
2024-01-25 22:00:00,350.40757999999994
2024-01-25 23:00:00,329.12564
2024-01-26 00:00:00,360.27145
2024-01-26 01:00:00,361.05988600000006
2024-01-26 02:00:00,360.884678
2024-01-26 03:00:00,360.27145
2024-01-26 04:00:00,360.27145
2024-01-26 05:00:00,475.29550200000006
2024-01-26 06:00:00,589.8377320000001
2024-01-26 07:00:00,638.983576
2024-01-26 08:00:00,619.842102
2024-01-26 09:00:00,595.0063680000001
2024-01-26 10:00:00,568.856574
2024-01-26 11:00:00,541.39272
2024-01-26 12:00:00,529.6975860000001
2024-01-26 13:00:00,556.635816
2024-01-26 14:00:00,561.1474220000001
2024-01-26 15:00:00,589.706326
2024-01-26 16:00:00,579.4566580000001
2024-01-26 17:00:00,555.759776
2024-01-26 18:00:00,502.18993000000006
2024-01-26 19:00:00,470.783896
2024-01-26 20:00:00,446.56139
2024-01-26 21:00:00,360.49046000000004
2024-01-26 22:00:00,350.810218
2024-01-26 23:00:00,303.94207800000004
2024-01-27 00:00:00,247.831716
2024-01-27 01:00:00,243.23250600000003
2024-01-27 02:00:00,247.218488
2024-01-27 03:00:00,241.56803000000002
2024-01-27 04:00:00,244.23995200000002
2024-01-27 05:00:00,249.101974
2024-01-27 06:00:00,276.741036
2024-01-27 07:00:00,286.640288
2024-01-27 08:00:00,340.21013400000004
2024-01-27 09:00:00,345.94819600000005
2024-01-27 10:00:00,342.66304600000007
2024-01-27 11:00:00,346.342414
2024-01-27 12:00:00,349.53996
2024-01-27 13:00:00,364.8268580000001
2024-01-27 14:00:00,378.405478
2024-01-27 15:00:00,358.25655800000004
2024-01-27 16:00:00,393.473366
2024-01-27 17:00:00,425.186014
2024-01-27 18:00:00,426.806688
2024-01-27 19:00:00,418.92232800000005
2024-01-27 20:00:00,375.470744
2024-01-27 21:00:00,363.60040200000003
2024-01-27 22:00:00,332.763794
2024-01-27 23:00:00,336.311756
2024-01-28 00:00:00,340.691956
2024-01-28 01:00:00,340.91096600000003
2024-01-28 02:00:00,346.82423600000004
2024-01-28 03:00:00,347.963088
2024-01-28 04:00:00,346.99944400000004
2024-01-28 05:00:00,346.56142400000004
2024-01-28 06:00:00,345.29116600000003
2024-01-28 07:00:00,348.35730600000005
2024-01-28 08:00:00,353.525942
2024-01-28 09:00:00,354.40198200000003
2024-01-28 10:00:00,352.64990200000005
2024-01-28 11:00:00,357.86234
2024-01-28 12:00:00,350.284594
2024-01-28 13:00:00,350.240792
2024-01-28 14:00:00,388.43613600000003
2024-01-28 15:00:00,465.30864600000007
2024-01-28 16:00:00,511.30074600000006
2024-01-28 17:00:00,513.2280340000001
2024-01-28 18:00:00,513.447044
2024-01-28 19:00:00,498.86097800000005
2024-01-28 20:00:00,480.332732
2024-01-28 21:00:00,440.297704
2024-01-28 22:00:00,360.92848000000004
2024-01-28 23:00:00,343.714294
2024-01-29 00:00:00,305.35273500000005
2024-01-29 01:00:00,297.757113
2024-01-29 02:00:00,289.20112500000005
2024-01-29 03:00:00,289.026513
2024-01-29 04:00:00,278.549793
2024-01-29 05:00:00,314.126988
2024-01-29 06:00:00,366.6852
2024-01-29 07:00:00,443.77639800000003
2024-01-29 08:00:00,439.06187400000005
2024-01-29 09:00:00,385.84886700000004
2024-01-29 10:00:00,344.42217000000005
2024-01-29 11:00:00,339.66399300000006
2024-01-29 12:00:00,351.97413900000004
2024-01-29 13:00:00,409.858017
2024-01-29 14:00:00,491.35816800000003
2024-01-29 15:00:00,488.65168200000005
2024-01-29 16:00:00,488.65168200000005
2024-01-29 17:00:00,502.1841120000001
2024-01-29 18:00:00,506.81133
2024-01-29 19:00:00,469.357056
2024-01-29 20:00:00,402.91719
2024-01-29 21:00:00,377.6421030000001
2024-01-29 22:00:00,363.9350610000001
2024-01-29 23:00:00,350.48993700000005
2024-01-30 00:00:00,329.82940600000006
2024-01-30 01:00:00,341.91602400000005
2024-01-30 02:00:00,341.95965800000005
2024-01-30 03:00:00,342.003292
2024-01-30 04:00:00,342.87597200000005
2024-01-30 05:00:00,346.01762
2024-01-30 06:00:00,428.96585400000004
2024-01-30 07:00:00,448.4702520000001
2024-01-30 08:00:00,421.024466
2024-01-30 09:00:00,382.36474200000004
2024-01-30 10:00:00,359.89323200000007
2024-01-30 11:00:00,367.48554800000005
2024-01-30 12:00:00,379.17946000000006
2024-01-30 13:00:00,379.35399600000005
2024-01-30 14:00:00,350.250118
2024-01-30 15:00:00,445.983114
2024-01-30 16:00:00,500.3947120000001
2024-01-30 17:00:00,499.914738
2024-01-30 18:00:00,448.95022600000004
2024-01-30 19:00:00,430.75484800000004
2024-01-30 20:00:00,439.219844
2024-01-30 21:00:00,347.54481000000004
2024-01-30 22:00:00,344.01045600000003
2024-01-30 23:00:00,343.96682200000004
2024-01-31 00:00:00,303.299622
2024-01-31 01:00:00,295.438068
2024-01-31 02:00:00,307.903626
2024-01-31 03:00:00,303.25618799999995
2024-01-31 04:00:00,296.87138999999996
2024-01-31 05:00:00,314.375292
2024-01-31 06:00:00,354.160836
2024-01-31 07:00:00,464.700366
2024-01-31 08:00:00,490.36986
2024-01-31 09:00:00,406.498806
2024-01-31 10:00:00,360.41533200000003
2024-01-31 11:00:00,340.04478600000004
2024-01-31 12:00:00,337.04783999999995
2024-01-31 13:00:00,340.04478600000004
2024-01-31 14:00:00,370.144548
2024-01-31 15:00:00,427.868334
2024-01-31 16:00:00,441.07227
2024-01-31 17:00:00,453.407526
2024-01-31 18:00:00,437.858154
2024-01-31 19:00:00,448.499484
2024-01-31 20:00:00,380.134368
2024-01-31 21:00:00,333.31251599999996
2024-01-31 22:00:00,332.530704
2024-01-31 23:00:00,293.266368
2024-02-01 00:00:00,209.358727
2024-02-01 01:00:00,211.953547
2024-02-01 02:00:00,183.280786
2024-02-01 03:00:00,177.009971
2024-02-01 04:00:00,176.836983
2024-02-01 05:00:00,223.370755
2024-02-01 06:00:00,313.929973
2024-02-01 07:00:00,331.920725
2024-02-01 08:00:00,346.538211
2024-02-01 09:00:00,346.927434
2024-02-01 10:00:00,344.28936699999997
2024-02-01 11:00:00,335.20749700000005
2024-02-01 12:00:00,294.03635299999996
2024-02-01 13:00:00,276.607812
2024-02-01 14:00:00,310.902683
2024-02-01 15:00:00,324.78497
2024-02-01 16:00:00,340.87285399999996
2024-02-01 17:00:00,338.105046
2024-02-01 18:00:00,343.72715600000004
2024-02-01 19:00:00,340.007914
2024-02-01 20:00:00,343.72715600000004
2024-02-01 21:00:00,341.435065
2024-02-01 22:00:00,341.954029
2024-02-01 23:00:00,300.955873
2024-02-02 00:00:00,259.642422
2024-02-02 01:00:00,253.080126
2024-02-02 02:00:00,250.40340000000003
2024-02-02 03:00:00,243.71158500000004
2024-02-02 04:00:00,260.50588200000004
2024-02-02 05:00:00,283.344399
2024-02-02 06:00:00,342.18919800000003
2024-02-02 07:00:00,381.95153100000005
2024-02-02 08:00:00,400.12736400000006
2024-02-02 09:00:00,387.866232
2024-02-02 10:00:00,351.77360400000003
2024-02-02 11:00:00,337.440168
2024-02-02 12:00:00,339.77151000000003
2024-02-02 13:00:00,339.944202
2024-02-02 14:00:00,348.88101300000005
2024-02-02 15:00:00,361.876086
2024-02-02 16:00:00,362.610027
2024-02-02 17:00:00,361.66022100000004
2024-02-02 18:00:00,341.973333
2024-02-02 19:00:00,331.266429
2024-02-02 20:00:00,315.853668
2024-02-02 21:00:00,294.526206
2024-02-02 22:00:00,250.27388100000002
2024-02-02 23:00:00,198.85483800000003
2024-02-03 00:00:00,198.07772400000002
2024-02-03 01:00:00,187.11178200000003
2024-02-03 02:00:00,162.200961
2024-02-03 03:00:00,159.955965
2024-02-03 04:00:00,164.31643800000003
2024-02-03 05:00:00,139.966866
2024-02-03 06:00:00,199.45926000000003
2024-02-03 07:00:00,242.97764400000003
2024-02-03 08:00:00,275.61643200000003
2024-02-03 09:00:00,289.215927
2024-02-03 10:00:00,297.46197000000006
2024-02-03 11:00:00,301.90878900000007
2024-02-03 12:00:00,290.46794400000005
2024-02-03 13:00:00,282.265074
2024-02-03 14:00:00,275.91864300000003
2024-02-03 15:00:00,315.9400140000001
2024-02-03 16:00:00,308.29839300000003
2024-02-03 17:00:00,311.881752
2024-02-03 18:00:00,332.259408
2024-02-03 19:00:00,327.035475
2024-02-03 20:00:00,307.00320300000004
2024-02-03 21:00:00,275.702778
2024-02-03 22:00:00,241.81197300000002
2024-02-03 23:00:00,193.112829
2024-02-04 00:00:00,158.401737
2024-02-04 01:00:00,73.782657
2024-02-04 02:00:00,69.94026000000001
2024-02-04 03:00:00,50.426064000000004
2024-02-04 04:00:00,55.736343000000005
2024-02-04 05:00:00,75.33688500000001
2024-02-04 06:00:00,60.13998900000001
2024-02-04 07:00:00,78.661206
2024-02-04 08:00:00,107.630289
2024-02-04 09:00:00,111.81807
2024-02-04 10:00:00,110.609226
2024-02-04 11:00:00,110.350188
2024-02-04 12:00:00,109.91845800000002
2024-02-04 13:00:00,129.95073000000002
2024-02-04 14:00:00,184.95313200000004
2024-02-04 15:00:00,211.80673800000002
2024-02-04 16:00:00,258.131367
2024-02-04 17:00:00,278.03412000000003
2024-02-04 18:00:00,278.03412000000003
2024-02-04 19:00:00,274.53710700000005
2024-02-04 20:00:00,263.31212700000003
2024-02-04 21:00:00,237.36515400000002
2024-02-04 22:00:00,211.54770000000002
2024-02-04 23:00:00,99.72963000000001
2024-02-05 00:00:00,69.98052600000001
2024-02-05 01:00:00,70.672974
2024-02-05 02:00:00,49.466753999999995
2024-02-05 03:00:00,48.990696
2024-02-05 04:00:00,46.826796
2024-02-05 05:00:00,196.395564
2024-02-05 06:00:00,339.86213399999997
2024-02-05 07:00:00,359.85657000000003
2024-02-05 08:00:00,357.13005599999997
2024-02-05 09:00:00,340.727694
2024-02-05 10:00:00,329.82163799999995
2024-02-05 11:00:00,338.34740400000004
2024-02-05 12:00:00,340.554582
2024-02-05 13:00:00,341.72308799999996
2024-02-05 14:00:00,340.900806
2024-02-05 15:00:00,379.807728
2024-02-05 16:00:00,389.804946
2024-02-05 17:00:00,424.98996
2024-02-05 18:00:00,426.2883
2024-02-05 19:00:00,410.62166399999995
2024-02-05 20:00:00,380.716566
2024-02-05 21:00:00,351.374082
2024-02-05 22:00:00,342.675204
2024-02-05 23:00:00,292.68911399999996
2024-02-06 00:00:00,260.95748
2024-02-06 01:00:00,242.10669
2024-02-06 02:00:00,232.8116
2024-02-06 03:00:00,231.11763499999998
2024-02-06 04:00:00,236.98136
2024-02-06 05:00:00,271.077835
2024-02-06 06:00:00,340.26979
2024-02-06 07:00:00,345.004205
2024-02-06 08:00:00,347.13252
2024-02-06 09:00:00,319.46442499999995
2024-02-06 10:00:00,318.55228999999997
2024-02-06 11:00:00,335.75255
2024-02-06 12:00:00,335.62224499999996
2024-02-06 13:00:00,335.88285499999995
2024-02-06 14:00:00,319.46442499999995
2024-02-06 15:00:00,335.83941999999996
2024-02-06 16:00:00,345.30825
2024-02-06 17:00:00,346.741605
2024-02-06 18:00:00,342.398105
2024-02-06 19:00:00,350.52045
2024-02-06 20:00:00,340.79100999999997
2024-02-06 21:00:00,335.9697249999999
2024-02-06 22:00:00,272.68493
2024-02-06 23:00:00,239.15311
2024-02-07 00:00:00,238.67180599999998
2024-02-07 01:00:00,227.63144199999996
2024-02-07 02:00:00,220.15528999999998
2024-02-07 03:00:00,220.15528999999998
2024-02-07 04:00:00,243.53999799999997
2024-02-07 05:00:00,251.36387799999997
2024-02-07 06:00:00,337.9046839999999
2024-02-07 07:00:00,372.11242599999997
2024-02-07 08:00:00,377.67607399999997
2024-02-07 09:00:00,368.243952
2024-02-07 10:00:00,349.16237799999993
2024-02-07 11:00:00,336.3399079999999
2024-02-07 12:00:00,330.254668
2024-02-07 13:00:00,340.295314
2024-02-07 14:00:00,336.07911199999995
2024-02-07 15:00:00,377.02408399999996
2024-02-07 16:00:00,415.14376599999997
2024-02-07 17:00:00,508.247938
2024-02-07 18:00:00,519.244836
2024-02-07 19:00:00,472.562352
2024-02-07 20:00:00,429.79180799999995
2024-02-07 21:00:00,415.491494
2024-02-07 22:00:00,390.498544
2024-02-07 23:00:00,344.2941859999999
2024-02-08 00:00:00,334.5573
2024-02-08 01:00:00,340.466364
2024-02-08 02:00:00,340.37946600000004
2024-02-08 03:00:00,340.64016000000004
2024-02-08 04:00:00,334.340055
2024-02-08 05:00:00,358.45425
2024-02-08 06:00:00,476.157591
2024-02-08 07:00:00,492.581313
2024-02-08 08:00:00,556.407894
2024-02-08 09:00:00,479.763858
2024-02-08 10:00:00,426.278139
2024-02-08 11:00:00,457.21382700000004
2024-02-08 12:00:00,449.870946
2024-02-08 13:00:00,425.973996
2024-02-08 14:00:00,420.54287100000005
2024-02-08 15:00:00,463.470483
2024-02-08 16:00:00,536.073762
2024-02-08 17:00:00,577.046169
2024-02-08 18:00:00,554.84373
2024-02-08 19:00:00,555.843057
2024-02-08 20:00:00,523.082511
2024-02-08 21:00:00,489.53988300000003
2024-02-08 22:00:00,441.398391
2024-02-08 23:00:00,383.437425
2024-02-09 00:00:00,349.523199
2024-02-09 01:00:00,343.091316
2024-02-09 02:00:00,343.091316
2024-02-09 03:00:00,350.08437
2024-02-09 04:00:00,356.516253
2024-02-09 05:00:00,378.27242099999995
2024-02-09 06:00:00,459.90121800000003
2024-02-09 07:00:00,493.571478
2024-02-09 08:00:00,487.61443199999997
2024-02-09 09:00:00,445.008603
2024-02-09 10:00:00,375.034896
2024-02-09 11:00:00,382.632288
2024-02-09 12:00:00,389.62534200000005
2024-02-09 13:00:00,404.690625
2024-02-09 14:00:00,403.007112
2024-02-09 15:00:00,411.295176
2024-02-09 16:00:00,412.67652
2024-02-09 17:00:00,416.086713
2024-02-09 18:00:00,417.51122399999997
2024-02-09 19:00:00,410.345502
2024-02-09 20:00:00,421.223586
2024-02-09 21:00:00,342.098475
2024-02-09 22:00:00,335.752926
2024-02-09 23:00:00,339.206286
2024-02-10 00:00:00,326.81735699999996
2024-02-10 01:00:00,325.867683
2024-02-10 02:00:00,325.26334499999996
2024-02-10 03:00:00,325.34967900000004
2024-02-10 04:00:00,325.651848
2024-02-10 05:00:00,326.94685799999996
2024-02-10 06:00:00,327.119526
2024-02-10 07:00:00,323.148162
2024-02-10 08:00:00,335.40759
2024-02-10 09:00:00,372.142707
2024-02-10 10:00:00,421.396254
2024-02-10 11:00:00,431.410998
2024-02-10 12:00:00,429.38214899999997
2024-02-10 13:00:00,429.81381899999997
2024-02-10 14:00:00,426.40362600000003
2024-02-10 15:00:00,394.373712
2024-02-10 16:00:00,370.545528
2024-02-10 17:00:00,383.02079100000003
2024-02-10 18:00:00,379.43793000000005
2024-02-10 19:00:00,349.523199
2024-02-10 20:00:00,321.16248
2024-02-10 21:00:00,326.731023
2024-02-10 22:00:00,322.15532099999996
2024-02-10 23:00:00,310.068561
2024-02-11 00:00:00,292.75859399999996
2024-02-11 01:00:00,250.282266
2024-02-11 02:00:00,245.231727
2024-02-11 03:00:00,243.418713
2024-02-11 04:00:00,243.505047
2024-02-11 05:00:00,249.548427
2024-02-11 06:00:00,250.195932
2024-02-11 07:00:00,252.95862
2024-02-11 08:00:00,277.13214
2024-02-11 09:00:00,315.16226700000004
2024-02-11 10:00:00,317.191116
2024-02-11 11:00:00,318.442959
2024-02-11 12:00:00,317.363784
2024-02-11 13:00:00,315.464436
2024-02-11 14:00:00,303.118674
2024-02-11 15:00:00,301.52149499999996
2024-02-11 16:00:00,299.190477
2024-02-11 17:00:00,334.760085
2024-02-11 18:00:00,350.990877
2024-02-11 19:00:00,345.98350500000004
2024-02-11 20:00:00,331.306725
2024-02-11 21:00:00,305.277024
2024-02-11 22:00:00,299.535813
2024-02-11 23:00:00,315.55077
2024-02-12 00:00:00,316.63648
2024-02-12 01:00:00,321.35400000000004
2024-02-12 02:00:00,320.96448
2024-02-12 03:00:00,321.35400000000004
2024-02-12 04:00:00,324.16720000000004
2024-02-12 05:00:00,333.34256
2024-02-12 06:00:00,460.15296
2024-02-12 07:00:00,478.97976000000006
2024-02-12 08:00:00,450.112
2024-02-12 09:00:00,417.65200000000004
2024-02-12 10:00:00,369.91416000000004
2024-02-12 11:00:00,346.41312000000005
2024-02-12 12:00:00,345.76392000000004
2024-02-12 13:00:00,359.09416000000004
2024-02-12 14:00:00,400.38328000000007
2024-02-12 15:00:00,433.4492000000001
2024-02-12 16:00:00,408.95272
2024-02-12 17:00:00,403.71584
2024-02-12 18:00:00,415.48800000000006
2024-02-12 19:00:00,385.53824000000003
2024-02-12 20:00:00,439.98448
2024-02-12 21:00:00,363.20576000000005
2024-02-12 22:00:00,325.59544000000005
2024-02-12 23:00:00,314.51576
2024-02-13 00:00:00,296.404826
2024-02-13 01:00:00,289.36094399999996
2024-02-13 02:00:00,286.16310799999997
2024-02-13 03:00:00,291.348788
2024-02-13 04:00:00,291.132718
2024-02-13 05:00:00,311.745796
2024-02-13 06:00:00,359.49726599999997
2024-02-13 07:00:00,429.417518
2024-02-13 08:00:00,386.808514
2024-02-13 09:00:00,474.87864599999995
2024-02-13 10:00:00,410.14407399999993
2024-02-13 11:00:00,380.23998599999993
2024-02-13 12:00:00,359.49726599999997
2024-02-13 13:00:00,424.40469399999995
2024-02-13 14:00:00,479.93468399999995
2024-02-13 15:00:00,413.99011999999993
2024-02-13 16:00:00,487.84284599999995
2024-02-13 17:00:00,504.30737999999997
2024-02-13 18:00:00,500.93668799999995
2024-02-13 19:00:00,500.7638319999999
2024-02-13 20:00:00,498.3438479999999
2024-02-13 21:00:00,480.49646599999994
2024-02-13 22:00:00,398.822006
2024-02-13 23:00:00,319.61074399999995
2024-02-14 00:00:00,331.75652999999994
2024-02-14 01:00:00,361.248895
2024-02-14 02:00:00,370.76115999999996
2024-02-14 03:00:00,372.88947499999995
2024-02-14 04:00:00,329.3241699999999
2024-02-14 05:00:00,357.33974499999994
2024-02-14 06:00:00,504.7581349999999
2024-02-14 07:00:00,497.41761999999994
2024-02-14 08:00:00,445.20874999999995
2024-02-14 09:00:00,426.79231
2024-02-14 10:00:00,467.18685999999997
2024-02-14 11:00:00,431.874205
2024-02-14 12:00:00,422.62254999999993
2024-02-14 13:00:00,426.79231
2024-02-14 14:00:00,406.98595
2024-02-14 15:00:00,341.616275
2024-02-14 16:00:00,454.4604049999999
2024-02-14 17:00:00,488.90436
2024-02-14 18:00:00,479.47896499999996
2024-02-14 19:00:00,458.022075
2024-02-14 20:00:00,421.84072
2024-02-14 21:00:00,368.85002
2024-02-14 22:00:00,319.5512949999999
2024-02-14 23:00:00,327.41302999999994
2024-02-15 00:00:00,310.06504200000006
2024-02-15 01:00:00,305.37103800000006
2024-02-15 02:00:00,302.415554
2024-02-15 03:00:00,303.632518
2024-02-15 04:00:00,307.066095
2024-02-15 05:00:00,302.545943
2024-02-15 06:00:00,405.33593800000006
2024-02-15 07:00:00,394.20941000000005
2024-02-15 08:00:00,396.599875
2024-02-15 09:00:00,351.267966
2024-02-15 10:00:00,332.622339
2024-02-15 11:00:00,326.71137100000004
2024-02-15 12:00:00,345.878554
2024-02-15 13:00:00,378.91043400000007
2024-02-15 14:00:00,325.016314
2024-02-15 15:00:00,364.480718
2024-02-15 16:00:00,474.22479300000003
2024-02-15 17:00:00,481.309262
2024-02-15 18:00:00,480.78770600000007
2024-02-15 19:00:00,478.397241
2024-02-15 20:00:00,438.845911
2024-02-15 21:00:00,425.155066
2024-02-15 22:00:00,347.13898100000006
2024-02-15 23:00:00,306.45761300000004
2024-02-16 00:00:00,339.410652
2024-02-16 01:00:00,317.009028
2024-02-16 02:00:00,311.71252
2024-02-16 03:00:00,310.93106800000004
2024-02-16 04:00:00,312.928112
2024-02-16 05:00:00,317.660238
2024-02-16 06:00:00,391.420624
2024-02-16 07:00:00,379.78567200000003
2024-02-16 08:00:00,390.205032
2024-02-16 09:00:00,312.75445600000006
2024-02-16 10:00:00,288.92017
2024-02-16 11:00:00,278.50081000000006
2024-02-16 12:00:00,272.20578
2024-02-16 13:00:00,287.140196
2024-02-16 14:00:00,299.99073999999996
2024-02-16 15:00:00,319.483626
2024-02-16 16:00:00,391.550866
2024-02-16 17:00:00,374.57599200000004
2024-02-16 18:00:00,352.695336
2024-02-16 19:00:00,347.70272600000004
2024-02-16 20:00:00,339.540894
2024-02-16 21:00:00,309.84571800000003
2024-02-16 22:00:00,309.54182
2024-02-16 23:00:00,284.491942
2024-02-17 00:00:00,251.280232
2024-02-17 01:00:00,246.07055200000002
2024-02-17 02:00:00,240.687216
2024-02-17 03:00:00,238.516516
2024-02-17 04:00:00,238.90724200000002
2024-02-17 05:00:00,247.24273000000002
2024-02-17 06:00:00,280.28078400000004
2024-02-17 07:00:00,302.72582200000005
2024-02-17 08:00:00,306.50284
2024-02-17 09:00:00,308.326228
2024-02-17 10:00:00,306.763324
2024-02-17 11:00:00,303.767758
2024-02-17 12:00:00,291.004042
2024-02-17 13:00:00,290.135762
2024-02-17 14:00:00,305.808216
2024-02-17 15:00:00,308.543298
2024-02-17 16:00:00,321.220186
2024-02-17 17:00:00,377.658386
2024-02-17 18:00:00,464.44297200000005
2024-02-17 19:00:00,390.63917200000003
2024-02-17 20:00:00,350.264152
2024-02-17 21:00:00,322.956746
2024-02-17 22:00:00,313.92663400000004
2024-02-17 23:00:00,306.50284
2024-02-18 00:00:00,289.61479399999996
2024-02-18 01:00:00,295.822996
2024-02-18 02:00:00,300.511708
2024-02-18 03:00:00,292.39329
2024-02-18 04:00:00,286.57581400000004
2024-02-18 05:00:00,283.580248
2024-02-18 06:00:00,274.59355
2024-02-18 07:00:00,274.636964
2024-02-18 08:00:00,305.63456
2024-02-18 09:00:00,304.98335000000003
2024-02-18 10:00:00,290.352832
2024-02-18 11:00:00,283.319764
2024-02-18 12:00:00,280.367612
2024-02-18 13:00:00,288.92017
2024-02-18 14:00:00,301.42340200000007
2024-02-18 15:00:00,308.28281400000003
2024-02-18 16:00:00,310.93106800000004
2024-02-18 17:00:00,308.369642
2024-02-18 18:00:00,317.616824
2024-02-18 19:00:00,305.895044
2024-02-18 20:00:00,289.48455200000006
2024-02-18 21:00:00,305.63456
2024-02-18 22:00:00,298.55807799999997
2024-02-18 23:00:00,267.64731
2024-02-19 00:00:00,200.41841000000002
2024-02-19 01:00:00,199.89773000000002
2024-02-19 02:00:00,200.54858000000002
2024-02-19 03:00:00,203.23876000000004
2024-02-19 04:00:00,219.07611000000003
2024-02-19 05:00:00,270.36309000000006
2024-02-19 06:00:00,314.96801000000005
2024-02-19 07:00:00,362.65362000000005
2024-02-19 08:00:00,386.25778
2024-02-19 09:00:00,342.91117
2024-02-19 10:00:00,345.6013500000001
2024-02-19 11:00:00,361.82921000000005
2024-02-19 12:00:00,362.43667000000005
2024-02-19 13:00:00,394.19815
2024-02-19 14:00:00,392.2456000000001
2024-02-19 15:00:00,380.35674
2024-02-19 16:00:00,401.87818000000004
2024-02-19 17:00:00,405.43616000000003
2024-02-19 18:00:00,413.5067
2024-02-19 19:00:00,382.13573
2024-02-19 20:00:00,346.12203
2024-02-19 21:00:00,305.50899000000004
2024-02-19 22:00:00,303.42627000000005
2024-02-19 23:00:00,304.38085000000007
2024-02-20 00:00:00,265.550714
2024-02-20 01:00:00,260.10927799999996
2024-02-20 02:00:00,259.80697599999996
2024-02-20 03:00:00,259.461488
2024-02-20 04:00:00,273.58331
2024-02-20 05:00:00,294.91719400000005
2024-02-20 06:00:00,298.63119
2024-02-20 07:00:00,373.688458
2024-02-20 08:00:00,381.76424000000003
2024-02-20 09:00:00,335.900708
2024-02-20 10:00:00,303.511208
2024-02-20 11:00:00,311.630176
2024-02-20 12:00:00,306.18874000000005
2024-02-20 13:00:00,301.43827999999996
2024-02-20 14:00:00,298.372074
2024-02-20 15:00:00,300.57455999999996
2024-02-20 16:00:00,353.47740999999996
2024-02-20 17:00:00,399.125012
2024-02-20 18:00:00,398.477222
2024-02-20 19:00:00,404.739192
2024-02-20 20:00:00,398.952268
2024-02-20 21:00:00,338.275938
2024-02-20 22:00:00,297.421982
2024-02-20 23:00:00,289.30301399999996
2024-02-21 00:00:00,294.63063800000003
2024-02-21 01:00:00,293.98319299999997
2024-02-21 02:00:00,293.89686700000004
2024-02-21 03:00:00,293.163096
2024-02-21 04:00:00,294.026356
2024-02-21 05:00:00,295.01910499999997
2024-02-21 06:00:00,342.62789399999997
2024-02-21 07:00:00,364.597861
2024-02-21 08:00:00,368.827835
2024-02-21 09:00:00,338.57057199999997
2024-02-21 10:00:00,306.54362599999996
2024-02-21 11:00:00,300.112339
2024-02-21 12:00:00,297.738374
2024-02-21 13:00:00,295.968691
2024-02-21 14:00:00,297.479396
2024-02-21 15:00:00,369.950073
2024-02-21 16:00:00,379.74807400000003
2024-02-21 17:00:00,450.233253
2024-02-21 18:00:00,448.03193999999996
2024-02-21 19:00:00,455.45597599999996
2024-02-21 20:00:00,429.299198
2024-02-21 21:00:00,336.23977
2024-02-21 22:00:00,296.055017
2024-02-21 23:00:00,295.925528
2024-02-22 00:00:00,292.932419
2024-02-22 01:00:00,292.54362799999996
2024-02-22 02:00:00,292.370832
2024-02-22 03:00:00,292.198036
2024-02-22 04:00:00,292.50042899999994
2024-02-22 05:00:00,292.97561799999994
2024-02-22 06:00:00,332.20031
2024-02-22 07:00:00,369.22185299999995
2024-02-22 08:00:00,355.39817299999993
2024-02-22 09:00:00,316.087083
2024-02-22 10:00:00,305.157736
2024-02-22 11:00:00,299.239473
2024-02-22 12:00:00,297.986702
2024-02-22 13:00:00,300.405846
2024-02-22 14:00:00,313.322347
2024-02-22 15:00:00,340.75371199999995
2024-02-22 16:00:00,367.19149999999996
2024-02-22 17:00:00,382.354349
2024-02-22 18:00:00,369.22185299999995
2024-02-22 19:00:00,369.22185299999995
2024-02-22 20:00:00,340.14892599999996
2024-02-22 21:00:00,293.10521499999993
2024-02-22 22:00:00,284.076624
2024-02-22 23:00:00,230.16427199999998
2024-02-23 00:00:00,101.98940400000001
2024-02-23 01:00:00,75.907152
2024-02-23 02:00:00,79.156602
2024-02-23 03:00:00,70.664706
2024-02-23 04:00:00,95.880438
2024-02-23 05:00:00,198.86634
2024-02-23 06:00:00,291.324024
2024-02-23 07:00:00,295.093386
2024-02-23 08:00:00,314.59008600000004
2024-02-23 09:00:00,297.909576
2024-02-23 10:00:00,268.144614
2024-02-23 11:00:00,265.848336
2024-02-23 12:00:00,268.491222
2024-02-23 13:00:00,296.869752
2024-02-23 14:00:00,361.16553600000003
2024-02-23 15:00:00,399.33574200000004
2024-02-23 16:00:00,384.73488000000003
2024-02-23 17:00:00,381.225474
2024-02-23 18:00:00,374.509944
2024-02-23 19:00:00,363.98172600000004
2024-02-23 20:00:00,316.14982200000003
2024-02-23 21:00:00,300.07587600000005
2024-02-23 22:00:00,294.53014800000005
2024-02-23 23:00:00,282.05226
2024-02-24 00:00:00,287.987922
2024-02-24 01:00:00,284.21855999999997
2024-02-24 02:00:00,284.348538
2024-02-24 03:00:00,283.74197399999997
2024-02-24 04:00:00,281.055762
2024-02-24 05:00:00,282.312216
2024-02-24 06:00:00,284.69514599999997
2024-02-24 07:00:00,286.42818600000004
2024-02-24 08:00:00,287.338032
2024-02-24 09:00:00,287.46801
2024-02-24 10:00:00,284.21855999999997
2024-02-24 11:00:00,264.72186
2024-02-24 12:00:00,258.482916
2024-02-24 13:00:00,260.129304
2024-02-24 14:00:00,284.261886
2024-02-24 15:00:00,293.40367200000003
2024-02-24 16:00:00,371.910384
2024-02-24 17:00:00,380.272302
2024-02-24 18:00:00,344.13841800000006
2024-02-24 19:00:00,321.175638
2024-02-24 20:00:00,282.355542
2024-02-24 21:00:00,275.163426
2024-02-24 22:00:00,284.131908
2024-02-24 23:00:00,284.17523400000005
2024-02-25 00:00:00,278.62950600000005
2024-02-25 01:00:00,268.83783
2024-02-25 02:00:00,269.35774200000003
2024-02-25 03:00:00,271.82732400000003
2024-02-25 04:00:00,274.340232
2024-02-25 05:00:00,281.445696
2024-02-25 06:00:00,281.705652
2024-02-25 07:00:00,283.438692
2024-02-25 08:00:00,267.71135400000003
2024-02-25 09:00:00,268.491222
2024-02-25 10:00:00,243.92538
2024-02-25 11:00:00,234.43698600000002
2024-02-25 12:00:00,216.63000000000002
2024-02-25 13:00:00,218.709648
2024-02-25 14:00:00,228.154716
2024-02-25 15:00:00,285.08508
2024-02-25 16:00:00,310.517442
2024-02-25 17:00:00,350.9406
2024-02-25 18:00:00,401.328738
2024-02-25 19:00:00,342.622008
2024-02-25 20:00:00,303.152022
2024-02-25 21:00:00,285.38836200000003
2024-02-25 22:00:00,282.61549800000006
2024-02-25 23:00:00,252.93718800000002
2024-02-26 00:00:00,293.066249
2024-02-26 01:00:00,297.162364
2024-02-26 02:00:00,301.560298
2024-02-26 03:00:00,293.15248299999996
2024-02-26 04:00:00,293.928589
2024-02-26 05:00:00,294.187291
2024-02-26 06:00:00,429.57467099999997
2024-02-26 07:00:00,462.516059
2024-02-26 08:00:00,462.47294200000005
2024-02-26 09:00:00,438.974177
2024-02-26 10:00:00,375.333485
2024-02-26 11:00:00,306.475636
2024-02-26 12:00:00,301.99146800000005
2024-02-26 13:00:00,357.267462
2024-02-26 14:00:00,409.61150000000004
2024-02-26 15:00:00,464.49944100000005
2024-02-26 16:00:00,456.134743
2024-02-26 17:00:00,467.60386500000004
2024-02-26 18:00:00,459.497869
2024-02-26 19:00:00,410.215138
2024-02-26 20:00:00,411.93981800000006
2024-02-26 21:00:00,392.537168
2024-02-26 22:00:00,365.157873
2024-02-26 23:00:00,329.112061
2024-02-27 00:00:00,279.07416
2024-02-27 01:00:00,291.089853
2024-02-27 02:00:00,290.185446
2024-02-27 03:00:00,290.185446
2024-02-27 04:00:00,288.678101
2024-02-27 05:00:00,291.391322
2024-02-27 06:00:00,393.50317900000005
2024-02-27 07:00:00,435.40737
2024-02-27 08:00:00,442.16888900000004
2024-02-27 09:00:00,390.876092
2024-02-27 10:00:00,400.22163100000006
2024-02-27 11:00:00,336.18100200000003
2024-02-27 12:00:00,314.475234
2024-02-27 13:00:00,349.316437
2024-02-27 14:00:00,374.25223000000005
2024-02-27 15:00:00,379.334136
2024-02-27 16:00:00,466.54481100000004
2024-02-27 17:00:00,474.46913900000004
2024-02-27 18:00:00,483.728544
2024-02-27 19:00:00,452.93563900000004
2024-02-27 20:00:00,416.84549300000003
2024-02-27 21:00:00,419.171111
2024-02-27 22:00:00,323.605438
2024-02-27 23:00:00,279.806299
2024-02-28 00:00:00,271.32898800000004
2024-02-28 01:00:00,292.671408
2024-02-28 02:00:00,297.586632
2024-02-28 03:00:00,295.86199200000004
2024-02-28 04:00:00,297.93156
2024-02-28 05:00:00,318.62724000000003
2024-02-28 06:00:00,419.08752000000004
2024-02-28 07:00:00,422.40745200000003
2024-02-28 08:00:00,450.519084
2024-02-28 09:00:00,368.469336
2024-02-28 10:00:00,319.015284
2024-02-28 11:00:00,322.33521600000006
2024-02-28 12:00:00,317.721804
2024-02-28 13:00:00,308.96925600000003
2024-02-28 14:00:00,314.7468
2024-02-28 15:00:00,373.513908
2024-02-28 16:00:00,421.41578400000003
2024-02-28 17:00:00,447.11292000000003
2024-02-28 18:00:00,461.94482400000004
2024-02-28 19:00:00,455.39119200000005
2024-02-28 20:00:00,459.44409600000006
2024-02-28 21:00:00,442.887552
2024-02-28 22:00:00,363.855924
2024-02-28 23:00:00,302.02758
2024-02-29 00:00:00,300.66103296
2024-02-29 01:00:00,299.29448592
2024-02-29 02:00:00,297.92793888
2024-02-29 03:00:00,296.56139184
2024-02-29 04:00:00,295.1948448
2024-02-29 05:00:00,293.82829776
2024-02-29 06:00:00,292.46175072
2024-02-29 07:00:00,291.09520368
2024-02-29 08:00:00,289.72865664
2024-02-29 09:00:00,288.3621096
2024-02-29 10:00:00,286.99556256
2024-02-29 11:00:00,285.62901552
2024-02-29 12:00:00,284.26246848
2024-02-29 13:00:00,282.89592144
2024-02-29 14:00:00,281.5293744
2024-02-29 15:00:00,280.16282736
2024-02-29 16:00:00,278.79628032
2024-02-29 17:00:00,277.42973328
2024-02-29 18:00:00,276.06318624
2024-02-29 19:00:00,274.6966392
2024-02-29 20:00:00,273.33009216
2024-02-29 21:00:00,271.96354512
2024-02-29 22:00:00,270.59699808
2024-02-29 23:00:00,269.23045104
2024-03-01 00:00:00,267.863904
2024-03-01 01:00:00,265.186992
2024-03-01 02:00:00,251.025264
2024-03-01 03:00:00,249.68680799999998
2024-03-01 04:00:00,251.71607999999998
2024-03-01 05:00:00,303.268224
2024-03-01 06:00:00,309.05380799999995
2024-03-01 07:00:00,342.64473599999997
2024-03-01 08:00:00,350.80499999999995
2024-03-01 09:00:00,314.148576
2024-03-01 10:00:00,285.479712
2024-03-01 11:00:00,258.883296
2024-03-01 12:00:00,256.163208
2024-03-01 13:00:00,276.11052
2024-03-01 14:00:00,306.074664
2024-03-01 15:00:00,334.614
2024-03-01 16:00:00,395.66486399999997
2024-03-01 17:00:00,384.309576
2024-03-01 18:00:00,401.62315199999995
2024-03-01 19:00:00,376.45154399999996
2024-03-01 20:00:00,334.57082399999996
2024-03-01 21:00:00,309.226512
2024-03-01 22:00:00,310.521792
2024-03-01 23:00:00,311.51484
2024-03-02 00:00:00,312.85329599999994
2024-03-02 01:00:00,307.71535199999994
2024-03-02 02:00:00,306.722304
2024-03-02 03:00:00,306.722304
2024-03-02 04:00:00,306.722304
2024-03-02 05:00:00,306.938184
2024-03-02 06:00:00,307.11088799999993
2024-03-02 07:00:00,311.342136
2024-03-02 08:00:00,316.39372799999995
2024-03-02 09:00:00,319.32969599999996
2024-03-02 10:00:00,317.041368
2024-03-02 11:00:00,308.103936
2024-03-02 12:00:00,306.85183199999994
2024-03-02 13:00:00,309.312864
2024-03-02 14:00:00,332.88695999999993
2024-03-02 15:00:00,414.83500799999996
2024-03-02 16:00:00,441.21554399999997
2024-03-02 17:00:00,417.64144799999997
2024-03-02 18:00:00,404.12735999999995
2024-03-02 19:00:00,388.15224
2024-03-02 20:00:00,332.368848
2024-03-02 21:00:00,315.05527199999995
2024-03-02 22:00:00,316.22102399999994
2024-03-02 23:00:00,308.79475199999996
2024-03-03 00:00:00,282.58691999999996
2024-03-03 01:00:00,284.74572
2024-03-03 02:00:00,262.51007999999996
2024-03-03 03:00:00,249.77316
2024-03-03 04:00:00,249.77316
2024-03-03 05:00:00,259.660464
2024-03-03 06:00:00,249.470928
2024-03-03 07:00:00,248.26199999999997
2024-03-03 08:00:00,240.05856
2024-03-03 09:00:00,236.777184
2024-03-03 10:00:00,228.8328
2024-03-03 11:00:00,218.427384
2024-03-03 12:00:00,206.68351199999998
2024-03-03 13:00:00,213.030384
2024-03-03 14:00:00,230.43031199999996
2024-03-03 15:00:00,269.763648
2024-03-03 16:00:00,302.36152799999996
2024-03-03 17:00:00,322.783776
2024-03-03 18:00:00,358.188096
2024-03-03 19:00:00,375.45849599999997
2024-03-03 20:00:00,353.17967999999996
2024-03-03 21:00:00,323.82
2024-03-03 22:00:00,311.644368
2024-03-03 23:00:00,312.680592
2024-03-04 00:00:00,298.648513
2024-03-04 01:00:00,293.33479000000005
2024-03-04 02:00:00,291.217941
2024-03-04 03:00:00,286.077022
2024-03-04 04:00:00,294.06920699999995
2024-03-04 05:00:00,305.992683
2024-03-04 06:00:00,350.70571800000005
2024-03-04 07:00:00,417.624067
2024-03-04 08:00:00,444.840697
2024-03-04 09:00:00,367.294902
2024-03-04 10:00:00,312.861642
2024-03-04 11:00:00,308.498341
2024-03-04 12:00:00,309.837572
2024-03-04 13:00:00,316.360923
2024-03-04 14:00:00,319.125787
2024-03-04 15:00:00,324.87152000000003
2024-03-04 16:00:00,356.624255
2024-03-04 17:00:00,420.216127
2024-03-04 18:00:00,454.388118
2024-03-04 19:00:00,428.251513
2024-03-04 20:00:00,347.854452
2024-03-04 21:00:00,308.411939
2024-03-04 22:00:00,291.86595600000004
2024-03-04 23:00:00,276.183993
2024-03-05 00:00:00,296.587308
2024-03-05 01:00:00,298.878392
2024-03-05 02:00:00,296.500852
2024-03-05 03:00:00,296.500852
2024-03-05 04:00:00,296.716992
2024-03-05 05:00:00,301.29916000000003
2024-03-05 06:00:00,331.645216
2024-03-05 07:00:00,342.711584
2024-03-05 08:00:00,358.878856
2024-03-05 09:00:00,332.8556
2024-03-05 10:00:00,307.56722
2024-03-05 11:00:00,301.38561599999997
2024-03-05 12:00:00,302.985052
2024-03-05 13:00:00,309.426024
2024-03-05 14:00:00,322.221512
2024-03-05 15:00:00,348.763504
2024-03-05 16:00:00,341.06892000000005
2024-03-05 17:00:00,453.288808
2024-03-05 18:00:00,478.231364
2024-03-05 19:00:00,494.09603999999996
2024-03-05 20:00:00,407.596812
2024-03-05 21:00:00,361.299624
2024-03-05 22:00:00,333.02851200000003
2024-03-05 23:00:00,310.982232
2024-03-06 00:00:00,318.9844
2024-03-06 01:00:00,320.320686
2024-03-06 02:00:00,323.208788
2024-03-06 03:00:00,322.044926
2024-03-06 04:00:00,315.83766199999997
2024-03-06 05:00:00,318.59644599999996
2024-03-06 06:00:00,362.004188
2024-03-06 07:00:00,459.682384
2024-03-06 08:00:00,468.56222
2024-03-06 09:00:00,375.92742599999997
2024-03-06 10:00:00,323.381212
2024-03-06 11:00:00,378.858634
2024-03-06 12:00:00,346.399816
2024-03-06 13:00:00,306.354342
2024-03-06 14:00:00,304.500784
2024-03-06 15:00:00,325.191664
2024-03-06 16:00:00,363.426686
2024-03-06 17:00:00,457.052918
2024-03-06 18:00:00,514.03905
2024-03-06 19:00:00,513.090718
2024-03-06 20:00:00,400.67027
2024-03-06 21:00:00,345.40837799999997
2024-03-06 22:00:00,336.14058800000004
2024-03-06 23:00:00,320.45000400000004
2024-03-07 00:00:00,320.642205
2024-03-07 01:00:00,330.800825
2024-03-07 02:00:00,333.77093
2024-03-07 03:00:00,320.59916000000004
2024-03-07 04:00:00,312.980195
2024-03-07 05:00:00,314.78808499999997
2024-03-07 06:00:00,362.740215
2024-03-07 07:00:00,444.2244
2024-03-07 08:00:00,416.24515
2024-03-07 09:00:00,340.442905
2024-03-07 10:00:00,319.264765
2024-03-07 11:00:00,313.23846499999996
2024-03-07 12:00:00,307.12607499999996
2024-03-07 13:00:00,335.751
2024-03-07 14:00:00,343.06865
2024-03-07 15:00:00,349.137995
2024-03-07 16:00:00,417.45041000000003
2024-03-07 17:00:00,459.505375
2024-03-07 18:00:00,480.03783999999996
2024-03-07 19:00:00,462.43243500000005
2024-03-07 20:00:00,452.74731
2024-03-07 21:00:00,386.11365
2024-03-07 22:00:00,343.886505
2024-03-07 23:00:00,325.721515
2024-03-08 00:00:00,324.557186
2024-03-08 01:00:00,321.541656
2024-03-08 02:00:00,322.57555199999996
2024-03-08 03:00:00,324.126396
2024-03-08 04:00:00,325.375687
2024-03-08 05:00:00,340.97028500000005
2024-03-08 06:00:00,437.38108700000004
2024-03-08 07:00:00,409.465895
2024-03-08 08:00:00,382.929231
2024-03-08 09:00:00,320.335444
2024-03-08 10:00:00,287.50924599999996
2024-03-08 11:00:00,267.692906
2024-03-08 12:00:00,285.139901
2024-03-08 13:00:00,300.04523500000005
2024-03-08 14:00:00,326.15110899999996
2024-03-08 15:00:00,396.714511
2024-03-08 16:00:00,478.521532
2024-03-08 17:00:00,500.750296
2024-03-08 18:00:00,516.344894
2024-03-08 19:00:00,511.99391499999996
2024-03-08 20:00:00,477.78918899999996
2024-03-08 21:00:00,401.453201
2024-03-08 22:00:00,354.066301
2024-03-08 23:00:00,326.711136
2024-03-09 00:00:00,334.336119
2024-03-09 01:00:00,324.212554
2024-03-09 02:00:00,322.101683
2024-03-09 03:00:00,310.082642
2024-03-09 04:00:00,316.070623
2024-03-09 05:00:00,324.643344
2024-03-09 06:00:00,322.489394
2024-03-09 07:00:00,322.403236
2024-03-09 08:00:00,318.267652
2024-03-09 09:00:00,286.04456000000005
2024-03-09 10:00:00,201.911273
2024-03-09 11:00:00,200.489666
2024-03-09 12:00:00,199.843481
2024-03-09 13:00:00,202.255905
2024-03-09 14:00:00,215.955027
2024-03-09 15:00:00,286.518429
2024-03-09 16:00:00,322.403236
2024-03-09 17:00:00,326.23726700000003
2024-03-09 18:00:00,327.055768
2024-03-09 19:00:00,323.566369
2024-03-09 20:00:00,320.766234
2024-03-09 21:00:00,311.245775
2024-03-09 22:00:00,301.682237
2024-03-09 23:00:00,286.518429
2024-03-10 00:00:00,209.579335
2024-03-10 01:00:00,220.21984799999998
2024-03-10 02:00:00,216.55813300000003
2024-03-10 03:00:00,202.643616
2024-03-10 04:00:00,199.62808600000002
2024-03-10 05:00:00,209.579335
2024-03-10 06:00:00,196.354082
2024-03-10 07:00:00,170.11897100000002
2024-03-10 08:00:00,155.687506
2024-03-10 09:00:00,121.095069
2024-03-10 10:00:00,19.945577
2024-03-10 11:00:00,21.453342000000003
2024-03-10 12:00:00,0.129237
2024-03-10 13:00:00,9.994328
2024-03-10 14:00:00,56.045779
2024-03-10 15:00:00,75.689803
2024-03-10 16:00:00,212.55178600000002
2024-03-10 17:00:00,248.99661999999998
2024-03-10 18:00:00,289.87859100000003
2024-03-10 19:00:00,278.548814
2024-03-10 20:00:00,253.95070500000003
2024-03-10 21:00:00,238.356107
2024-03-10 22:00:00,230.128018
2024-03-10 23:00:00,224.829301
2024-03-11 00:00:00,157.47824400000002
2024-03-11 01:00:00,145.54287
2024-03-11 02:00:00,149.57857200000004
2024-03-11 03:00:00,150.2655
2024-03-11 04:00:00,190.92305100000002
2024-03-11 05:00:00,235.91683500000002
2024-03-11 06:00:00,319.078056
2024-03-11 07:00:00,324.831078
2024-03-11 08:00:00,329.29611000000006
2024-03-11 09:00:00,331.22809500000005
2024-03-11 10:00:00,306.75628500000005
2024-03-11 11:00:00,309.332265
2024-03-11 12:00:00,315.72928200000007
2024-03-11 13:00:00,315.72928200000007
2024-03-11 14:00:00,318.777525
2024-03-11 15:00:00,315.342885
2024-03-11 16:00:00,341.48908200000005
2024-03-11 17:00:00,390.089238
2024-03-11 18:00:00,431.133186
2024-03-11 19:00:00,465.307854
2024-03-11 20:00:00,378.45439500000003
2024-03-11 21:00:00,330.798765
2024-03-11 22:00:00,323.027892
2024-03-11 23:00:00,287.994564
2024-03-12 00:00:00,311.270688
2024-03-12 01:00:00,311.741532
2024-03-12 02:00:00,313.32528
2024-03-12 03:00:00,311.441904
2024-03-12 04:00:00,308.23160400000006
2024-03-12 05:00:00,304.67887200000007
2024-03-12 06:00:00,369.31291200000004
2024-03-12 07:00:00,411.646068
2024-03-12 08:00:00,430.95067200000005
2024-03-12 09:00:00,404.49780000000004
2024-03-12 10:00:00,367.42953600000004
2024-03-12 11:00:00,347.311656
2024-03-12 12:00:00,338.964876
2024-03-12 13:00:00,335.626164
2024-03-12 14:00:00,338.237208
2024-03-12 15:00:00,369.56973600000003
2024-03-12 16:00:00,425.25774
2024-03-12 17:00:00,484.07043600000003
2024-03-12 18:00:00,565.269624
2024-03-12 19:00:00,528.286968
2024-03-12 20:00:00,413.27262
2024-03-12 21:00:00,355.27320000000003
2024-03-12 22:00:00,336.18261600000005
2024-03-12 23:00:00,299.79921600000006
2024-03-13 00:00:00,291.86438400000003
2024-03-13 01:00:00,305.033456
2024-03-13 02:00:00,305.07635200000004
2024-03-13 03:00:00,305.07635200000004
2024-03-13 04:00:00,304.818976
2024-03-13 05:00:00,309.28015999999997
2024-03-13 06:00:00,402.36448
2024-03-13 07:00:00,416.00540800000005
2024-03-13 08:00:00,431.233488
2024-03-13 09:00:00,369.54904000000005
2024-03-13 10:00:00,323.092672
2024-03-13 11:00:00,312.797632
2024-03-13 12:00:00,320.69049600000005
2024-03-13 13:00:00,347.071536
2024-03-13 14:00:00,396.659312
2024-03-13 15:00:00,416.13409600000006
2024-03-13 16:00:00,451.609088
2024-03-13 17:00:00,487.04118400000004
2024-03-13 18:00:00,492.917936
2024-03-13 19:00:00,486.483536
2024-03-13 20:00:00,445.732336
2024-03-13 21:00:00,390.653872
2024-03-13 22:00:00,310.438352
2024-03-13 23:00:00,301.001232
2024-03-14 00:00:00,304.24839
2024-03-14 01:00:00,304.377
2024-03-14 02:00:00,305.19153
2024-03-14 03:00:00,304.67708999999996
2024-03-14 04:00:00,304.29126
2024-03-14 05:00:00,306.22041
2024-03-14 06:00:00,422.52672
2024-03-14 07:00:00,404.69280000000003
2024-03-14 08:00:00,351.49113
2024-03-14 09:00:00,315.69468
2024-03-14 10:00:00,324.48303
2024-03-14 11:00:00,312.99387
2024-03-14 12:00:00,315.69468
2024-03-14 13:00:00,306.64911
2024-03-14 14:00:00,308.49251999999996
2024-03-14 15:00:00,377.38461
2024-03-14 16:00:00,424.49874
2024-03-14 17:00:00,472.34166000000005
2024-03-14 18:00:00,494.11962
2024-03-14 19:00:00,469.51223999999996
2024-03-14 20:00:00,455.06505000000004
2024-03-14 21:00:00,328.77002999999996
2024-03-14 22:00:00,308.19243
2024-03-14 23:00:00,304.50561
2024-03-15 00:00:00,297.712615
2024-03-15 01:00:00,276.291044
2024-03-15 02:00:00,274.27338100000003
2024-03-15 03:00:00,274.359239
2024-03-15 04:00:00,285.091489
2024-03-15 05:00:00,299.08634300000006
2024-03-15 06:00:00,306.08377
2024-03-15 07:00:00,312.48019100000005
2024-03-15 08:00:00,300.67471600000005
2024-03-15 09:00:00,271.05370600000003
2024-03-15 10:00:00,250.14728300000004
2024-03-15 11:00:00,200.993578
2024-03-15 12:00:00,240.101897
2024-03-15 13:00:00,250.83414700000003
2024-03-15 14:00:00,272.298647
2024-03-15 15:00:00,305.353977
2024-03-15 16:00:00,336.90679200000005
2024-03-15 17:00:00,375.37117600000005
2024-03-15 18:00:00,404.219464
2024-03-15 19:00:00,377.517626
2024-03-15 20:00:00,374.4696670000001
2024-03-15 21:00:00,300.717645
2024-03-15 22:00:00,304.752971
2024-03-15 23:00:00,300.331284
2024-03-16 00:00:00,270.23805500000003
2024-03-16 01:00:00,269.894623
2024-03-16 02:00:00,289.64196300000003
2024-03-16 03:00:00,288.18237700000003
2024-03-16 04:00:00,272.38450500000005
2024-03-16 05:00:00,282.25817500000005
2024-03-16 06:00:00,299.901994
2024-03-16 07:00:00,317.631671
2024-03-16 08:00:00,318.232677
2024-03-16 09:00:00,317.975103
2024-03-16 10:00:00,301.61915400000004
2024-03-16 11:00:00,279.725364
2024-03-16 12:00:00,274.702671
2024-03-16 13:00:00,287.109152
2024-03-16 14:00:00,293.84900500000003
2024-03-16 15:00:00,312.995339
2024-03-16 16:00:00,317.80338700000004
2024-03-16 17:00:00,318.232677
2024-03-16 18:00:00,344.11886400000003
2024-03-16 19:00:00,357.126351
2024-03-16 20:00:00,336.04821200000004
2024-03-16 21:00:00,312.737765
2024-03-16 22:00:00,310.462528
2024-03-16 23:00:00,288.05359
2024-03-17 00:00:00,278.995571
2024-03-17 01:00:00,258.690154
2024-03-17 02:00:00,240.101897
2024-03-17 03:00:00,250.104354
2024-03-17 04:00:00,256.629562
2024-03-17 05:00:00,256.071485
2024-03-17 06:00:00,263.841634
2024-03-17 07:00:00,238.85695600000003
2024-03-17 08:00:00,214.04399400000003
2024-03-17 09:00:00,200.77893300000002
2024-03-17 10:00:00,181.63259900000003
2024-03-17 11:00:00,177.72606000000002
2024-03-17 12:00:00,178.71342700000002
2024-03-17 13:00:00,202.32437700000003
2024-03-17 14:00:00,200.736004
2024-03-17 15:00:00,233.83426300000002
2024-03-17 16:00:00,301.61915400000004
2024-03-17 17:00:00,355.709694
2024-03-17 18:00:00,396.23467000000005
2024-03-17 19:00:00,377.603484
2024-03-17 20:00:00,334.373981
2024-03-17 21:00:00,310.50545700000004
2024-03-17 22:00:00,309.51809000000003
2024-03-17 23:00:00,282.945039
2024-03-18 00:00:00,315.949638
2024-03-18 01:00:00,315.734208
2024-03-18 02:00:00,316.639014
2024-03-18 03:00:00,319.00874400000004
2024-03-18 04:00:00,319.26725999999996
2024-03-18 05:00:00,322.197108
2024-03-18 06:00:00,405.99937800000004
2024-03-18 07:00:00,420.993306
2024-03-18 08:00:00,406.94727000000006
2024-03-18 09:00:00,417.330996
2024-03-18 10:00:00,416.59853400000003
2024-03-18 11:00:00,394.624674
2024-03-18 12:00:00,370.884288
2024-03-18 13:00:00,321.464646
2024-03-18 14:00:00,369.89331
2024-03-18 15:00:00,413.06548200000003
2024-03-18 16:00:00,496.95392400000003
2024-03-18 17:00:00,500.05611600000003
2024-03-18 18:00:00,614.018586
2024-03-18 19:00:00,544.951728
2024-03-18 20:00:00,498.76353600000004
2024-03-18 21:00:00,457.31480400000004
2024-03-18 22:00:00,399.83808
2024-03-18 23:00:00,324.99769800000007
2024-03-19 00:00:00,333.166112
2024-03-19 01:00:00,330.91965999999996
2024-03-19 02:00:00,331.26526800000005
2024-03-19 03:00:00,331.22206700000004
2024-03-19 04:00:00,331.48127300000004
2024-03-19 05:00:00,348.67527099999995
2024-03-19 06:00:00,444.79749599999997
2024-03-19 07:00:00,477.241447
2024-03-19 08:00:00,414.16798700000004
2024-03-19 09:00:00,364.48683700000004
2024-03-19 10:00:00,354.07539599999996
2024-03-19 11:00:00,340.85589000000004
2024-03-19 12:00:00,332.906906
2024-03-19 13:00:00,310.010376
2024-03-19 14:00:00,307.677522
2024-03-19 15:00:00,330.660454
2024-03-19 16:00:00,452.357671
2024-03-19 17:00:00,496.76829899999996
2024-03-19 18:00:00,562.174613
2024-03-19 19:00:00,557.120096
2024-03-19 20:00:00,475.211
2024-03-19 21:00:00,401.94210400000003
2024-03-19 22:00:00,358.481898
2024-03-19 23:00:00,328.75960999999995
2024-03-20 00:00:00,328.68244200000004
2024-03-20 01:00:00,326.04468
2024-03-20 02:00:00,328.20678000000004
2024-03-20 03:00:00,328.033812
2024-03-20 04:00:00,326.087922
2024-03-20 05:00:00,348.400794
2024-03-20 06:00:00,498.969438
2024-03-20 07:00:00,490.40752200000003
2024-03-20 08:00:00,378.108048
2024-03-20 09:00:00,362.54092800000006
2024-03-20 10:00:00,336.076824
2024-03-20 11:00:00,328.379748
2024-03-20 12:00:00,328.55271600000003
2024-03-20 13:00:00,334.86604800000003
2024-03-20 14:00:00,358.389696
2024-03-20 15:00:00,415.252926
2024-03-20 16:00:00,475.402548
2024-03-20 17:00:00,574.988874
2024-03-20 18:00:00,603.961014
2024-03-20 19:00:00,608.4581820000001
2024-03-20 20:00:00,567.291798
2024-03-20 21:00:00,466.01903400000003
2024-03-20 22:00:00,410.020644
2024-03-20 23:00:00,341.6118
2024-03-21 00:00:00,326.218011
2024-03-21 01:00:00,320.8821669999999
2024-03-21 02:00:00,323.07674799999995
2024-03-21 03:00:00,322.818562
2024-03-21 04:00:00,321.355508
2024-03-21 05:00:00,326.60529
2024-03-21 06:00:00,422.86563699999994
2024-03-21 07:00:00,419.55224999999996
2024-03-21 08:00:00,433.49429399999997
2024-03-21 09:00:00,407.67569399999996
2024-03-21 10:00:00,381.34072199999997
2024-03-21 11:00:00,383.87955099999994
2024-03-21 12:00:00,378.070366
2024-03-21 13:00:00,341.623109
2024-03-21 14:00:00,343.17222499999997
2024-03-21 15:00:00,347.819573
2024-03-21 16:00:00,387.666279
2024-03-21 17:00:00,463.357808
2024-03-21 18:00:00,547.053103
2024-03-21 19:00:00,530.787385
2024-03-21 20:00:00,432.977922
2024-03-21 21:00:00,367.355647
2024-03-21 22:00:00,331.295669
2024-03-21 23:00:00,320.710043
2024-03-22 00:00:00,325.449696
2024-03-22 01:00:00,327.090764
2024-03-22 02:00:00,325.665626
2024-03-22 03:00:00,327.090764
2024-03-22 04:00:00,325.40650999999997
2024-03-22 05:00:00,330.67520199999996
2024-03-22 06:00:00,427.455028
2024-03-22 07:00:00,426.591308
2024-03-22 08:00:00,346.13579000000004
2024-03-22 09:00:00,311.02557199999995
2024-03-22 10:00:00,325.751998
2024-03-22 11:00:00,330.632016
2024-03-22 12:00:00,329.984226
2024-03-22 13:00:00,329.854668
2024-03-22 14:00:00,330.54564400000004
2024-03-22 15:00:00,329.854668
2024-03-22 16:00:00,329.465994
2024-03-22 17:00:00,388.587628
2024-03-22 18:00:00,513.567912
2024-03-22 19:00:00,505.880804
2024-03-22 20:00:00,402.191218
2024-03-22 21:00:00,348.07916
2024-03-22 22:00:00,338.535054
2024-03-22 23:00:00,326.70209
2024-03-23 00:00:00,328.29997199999997
2024-03-23 01:00:00,317.84896
2024-03-23 02:00:00,327.608996
2024-03-23 03:00:00,327.65218200000004
2024-03-23 04:00:00,323.419954
2024-03-23 05:00:00,327.479438
2024-03-23 06:00:00,329.984226
2024-03-23 07:00:00,331.927596
2024-03-23 08:00:00,328.386344
2024-03-23 09:00:00,334.734686
2024-03-23 10:00:00,334.389198
2024-03-23 11:00:00,327.99767
2024-03-23 12:00:00,327.91129800000004
2024-03-23 13:00:00,327.738554
2024-03-23 14:00:00,327.954484
2024-03-23 15:00:00,334.90743
2024-03-23 16:00:00,343.58781600000003
2024-03-23 17:00:00,359.393892
2024-03-23 18:00:00,400.24784800000003
2024-03-23 19:00:00,392.43118200000004
2024-03-23 20:00:00,359.912124
2024-03-23 21:00:00,328.25678600000003
2024-03-23 22:00:00,328.084042
2024-03-23 23:00:00,307.872994
2024-03-24 00:00:00,293.319312
2024-03-24 01:00:00,278.11784
2024-03-24 02:00:00,278.463328
2024-03-24 03:00:00,293.23294000000004
2024-03-24 04:00:00,295.00356600000003
2024-03-24 05:00:00,304.418114
2024-03-24 06:00:00,294.614892
2024-03-24 07:00:00,281.44316200000003
2024-03-24 08:00:00,238.17078999999998
2024-03-24 09:00:00,230.310938
2024-03-24 10:00:00,201.289946
2024-03-24 11:00:00,193.127792
2024-03-24 12:00:00,200.16711
2024-03-24 13:00:00,202.240038
2024-03-24 14:00:00,237.998046
2024-03-24 15:00:00,296.169588
2024-03-24 16:00:00,327.39306600000003
2024-03-24 17:00:00,395.71331799999996
2024-03-24 18:00:00,420.54526799999996
2024-03-24 19:00:00,420.458896
2024-03-24 20:00:00,382.32565800000003
2024-03-24 21:00:00,370.406322
2024-03-24 22:00:00,335.59840599999995
2024-03-24 23:00:00,299.624468
2024-03-25 00:00:00,341.927085
2024-03-25 01:00:00,334.299978
2024-03-25 02:00:00,334.170705
2024-03-25 03:00:00,336.626892
2024-03-25 04:00:00,342.228722
2024-03-25 05:00:00,343.47836099999995
2024-03-25 06:00:00,400.44466300000005
2024-03-25 07:00:00,490.677217
2024-03-25 08:00:00,429.531088
2024-03-25 09:00:00,333.653613
2024-03-25 10:00:00,349.683465
2024-03-25 11:00:00,408.890499
2024-03-25 12:00:00,364.46367799999996
2024-03-25 13:00:00,324.690685
2024-03-25 14:00:00,313.745571
2024-03-25 15:00:00,366.014954
2024-03-25 16:00:00,438.838744
2024-03-25 17:00:00,535.362584
2024-03-25 18:00:00,630.679876
2024-03-25 19:00:00,645.287725
2024-03-25 20:00:00,597.025805
2024-03-25 21:00:00,519.634369
2024-03-25 22:00:00,453.446593
2024-03-25 23:00:00,357.396754
2024-03-26 00:00:00,349.18257900000003
2024-03-26 01:00:00,344.14069800000004
2024-03-26 02:00:00,344.18379100000004
2024-03-26 03:00:00,340.95181600000006
2024-03-26 04:00:00,344.14069800000004
2024-03-26 05:00:00,355.90508700000004
2024-03-26 06:00:00,377.149936
2024-03-26 07:00:00,372.02186900000004
2024-03-26 08:00:00,346.46772000000004
2024-03-26 09:00:00,278.984082
2024-03-26 10:00:00,213.31035000000003
2024-03-26 11:00:00,159.57337900000002
2024-03-26 12:00:00,90.92623000000002
2024-03-26 13:00:00,118.16100600000001
2024-03-26 14:00:00,159.87503
2024-03-26 15:00:00,221.972043
2024-03-26 16:00:00,320.00861800000007
2024-03-26 17:00:00,344.31307000000004
2024-03-26 18:00:00,427.00853700000005
2024-03-26 19:00:00,432.22279000000003
2024-03-26 20:00:00,344.18379100000004
2024-03-26 21:00:00,327.334428
2024-03-26 22:00:00,310.657437
2024-03-26 23:00:00,287.301031
2024-03-27 00:00:00,251.797755
2024-03-27 01:00:00,246.360477
2024-03-27 02:00:00,247.18038399999998
2024-03-27 03:00:00,248.34551499999998
2024-03-27 04:00:00,257.62341
2024-03-27 05:00:00,308.15557299999995
2024-03-27 06:00:00,348.80569899999995
2024-03-27 07:00:00,355.969097
2024-03-27 08:00:00,311.99618999999996
2024-03-27 09:00:00,254.43008799999998
2024-03-27 10:00:00,199.36686
2024-03-27 11:00:00,183.87493299999997
2024-03-27 12:00:00,187.888162
2024-03-27 13:00:00,205.40828
2024-03-27 14:00:00,221.07281899999998
2024-03-27 15:00:00,296.41795699999994
2024-03-27 16:00:00,343.325268
2024-03-27 17:00:00,395.15202099999993
2024-03-27 18:00:00,479.5592889999999
2024-03-27 19:00:00,500.4021879999999
2024-03-27 20:00:00,422.85624699999994
2024-03-27 21:00:00,353.120999
2024-03-27 22:00:00,347.89948599999997
2024-03-27 23:00:00,315.318971
2024-03-28 00:00:00,295.34005799999994
2024-03-28 01:00:00,275.08347899999995
2024-03-28 02:00:00,276.595164
2024-03-28 03:00:00,272.016918
2024-03-28 04:00:00,281.17340999999993
2024-03-28 05:00:00,304.194213
2024-03-28 06:00:00,349.156044
2024-03-28 07:00:00,352.352178
2024-03-28 08:00:00,343.843551
2024-03-28 09:00:00,282.555522
2024-03-28 10:00:00,230.942277
2024-03-28 11:00:00,230.33760299999997
2024-03-28 12:00:00,230.251221
2024-03-28 13:00:00,226.70955899999998
2024-03-28 14:00:00,235.779669
2024-03-28 15:00:00,300.99807899999996
2024-03-28 16:00:00,334.29834
2024-03-28 17:00:00,334.73024999999996
2024-03-28 18:00:00,355.764267
2024-03-28 19:00:00,410.87598299999996
2024-03-28 20:00:00,382.24035
2024-03-28 21:00:00,334.859823
2024-03-28 22:00:00,325.22822999999994
2024-03-28 23:00:00,312.70284
2024-03-29 00:00:00,293.794479
2024-03-29 01:00:00,285.837814
2024-03-29 02:00:00,278.82734700000003
2024-03-29 03:00:00,282.82718400000005
2024-03-29 04:00:00,298.783523
2024-03-29 05:00:00,320.67510400000003
2024-03-29 06:00:00,331.255318
2024-03-29 07:00:00,330.82522800000004
2024-03-29 08:00:00,314.524817
2024-03-29 09:00:00,154.05823800000002
2024-03-29 10:00:00,124.425037
2024-03-29 11:00:00,98.53361900000002
2024-03-29 12:00:00,94.53378200000002
2024-03-29 13:00:00,147.004762
2024-03-29 14:00:00,216.85137800000004
2024-03-29 15:00:00,309.965863
2024-03-29 16:00:00,332.63160600000003
2024-03-29 17:00:00,340.674289
2024-03-29 18:00:00,423.42360500000007
2024-03-29 19:00:00,453.40087800000003
2024-03-29 20:00:00,375.89866000000006
2024-03-29 21:00:00,342.265622
2024-03-29 22:00:00,331.1693
2024-03-29 23:00:00,331.255318
2024-03-30 00:00:00,308.63258400000007
2024-03-30 01:00:00,318.309609
2024-03-30 02:00:00,314.266763
2024-03-30 03:00:00,308.675593
2024-03-30 04:00:00,309.57878200000005
2024-03-30 05:00:00,318.352618
2024-03-30 06:00:00,330.180093
2024-03-30 07:00:00,304.116639
2024-03-30 08:00:00,266.956863
2024-03-30 09:00:00,150.10141000000002
2024-03-30 10:00:00,114.61898500000001
2024-03-30 11:00:00,67.481121
2024-03-30 12:00:00,27.611778
2024-03-30 13:00:00,21.633527000000004
2024-03-30 14:00:00,126.01637000000001
2024-03-30 15:00:00,160.59560600000003
2024-03-30 16:00:00,330.95425500000005
2024-03-30 17:00:00,336.20135300000004
2024-03-30 18:00:00,362.04976200000004
2024-03-30 19:00:00,352.58778200000006
2024-03-30 20:00:00,328.58876000000004
2024-03-30 21:00:00,322.18041900000003
2024-03-30 22:00:00,307.987449
2024-03-30 23:00:00,282.741166
2024-03-31 00:00:00,287.60118300000005
2024-03-31 01:00:00,251.60265
2024-03-31 02:00:00,240.9579225
2024-03-31 03:00:00,230.313195
2024-03-31 04:00:00,230.313195
2024-03-31 05:00:00,243.904039
2024-03-31 06:00:00,208.12055100000003
2024-03-31 07:00:00,210.40002800000002
2024-03-31 08:00:00,192.809347
2024-03-31 09:00:00,107.694536
2024-03-31 10:00:00,19.999185000000004
2024-03-31 11:00:00,15.483240000000002
2024-03-31 12:00:00,19.182014000000002
2024-03-31 13:00:00,1.032216
2024-03-31 14:00:00,1.2042520000000003
2024-03-31 15:00:00,30.020282000000005
2024-03-31 16:00:00,101.630267
2024-03-31 17:00:00,301.019991
2024-03-31 18:00:00,321.10519400000004
2024-03-31 19:00:00,343.727928
2024-03-31 20:00:00,327.68557100000004
2024-03-31 21:00:00,301.019991
2024-03-31 22:00:00,311.51418700000005
2024-03-31 23:00:00,323.728743
2024-04-01 00:00:00,295.47183
2024-04-01 01:00:00,295.428821
2024-04-01 02:00:00,297.837325
2024-04-01 03:00:00,298.396442
2024-04-01 04:00:00,305.40690900000004
2024-04-01 05:00:00,310.395953
2024-04-01 06:00:00,321.06218500000006
2024-04-01 07:00:00,306.396116
2024-04-01 08:00:00,261.537729
2024-04-01 09:00:00,177.45513400000002
2024-04-01 10:00:00,155.305499
2024-04-01 11:00:00,100.08194300000001
2024-04-01 12:00:00,55.09452900000001
2024-04-01 13:00:00,50.191503000000004
2024-04-01 14:00:00,96.12511500000001
2024-04-01 15:00:00,107.04940100000002
2024-04-01 16:00:00,203.08849800000002
2024-04-01 17:00:00,311.299142
2024-04-01 18:00:00,314.35278100000005
2024-04-01 19:00:00,313.922691
2024-04-01 20:00:00,314.09472700000003
2024-04-01 21:00:00,308.97665600000005
2024-04-01 22:00:00,299.42865800000004
2024-04-01 23:00:00,284.71958000000006
2024-04-02 00:00:00,274.34826
2024-04-02 01:00:00,274.434128
2024-04-02 02:00:00,259.879502
2024-04-02 03:00:00,269.067378
2024-04-02 04:00:00,284.00841
2024-04-02 05:00:00,290.920784
2024-04-02 06:00:00,330.076592
2024-04-02 07:00:00,326.427202
2024-04-02 08:00:00,332.867302
2024-04-02 09:00:00,353.13215
2024-04-02 10:00:00,330.548866
2024-04-02 11:00:00,290.44851000000006
2024-04-02 12:00:00,272.28742800000003
2024-04-02 13:00:00,259.53603000000004
2024-04-02 14:00:00,249.961748
2024-04-02 15:00:00,264.645176
2024-04-02 16:00:00,309.85467800000004
2024-04-02 17:00:00,344.58828400000004
2024-04-02 18:00:00,333.554246
2024-04-02 19:00:00,410.577842
2024-04-02 20:00:00,407.958868
2024-04-02 21:00:00,333.554246
2024-04-02 22:00:00,320.244706
2024-04-02 23:00:00,302.427096
2024-04-03 00:00:00,314.496821
2024-04-03 01:00:00,303.46561
2024-04-03 02:00:00,297.02716000000004
2024-04-03 03:00:00,306.384374
2024-04-03 04:00:00,305.568837
2024-04-03 05:00:00,323.081421
2024-04-03 06:00:00,378.452091
2024-04-03 07:00:00,494.04373
2024-04-03 08:00:00,489.622661
2024-04-03 09:00:00,383.73162
2024-04-03 10:00:00,348.66352900000004
2024-04-03 11:00:00,332.524481
2024-04-03 12:00:00,317.50143099999997
2024-04-03 13:00:00,327.545413
2024-04-03 14:00:00,332.43863500000003
2024-04-03 15:00:00,334.71355400000004
2024-04-03 16:00:00,326.343569
2024-04-03 17:00:00,404.892659
2024-04-03 18:00:00,474.900072
2024-04-03 19:00:00,550.144091
2024-04-03 20:00:00,515.076
2024-04-03 21:00:00,427.684772
2024-04-03 22:00:00,395.406676
2024-04-03 23:00:00,350.637987
2024-04-04 00:00:00,326.32836299999997
2024-04-04 01:00:00,318.43089899999995
2024-04-04 02:00:00,326.714652
2024-04-04 03:00:00,326.7575729999999
2024-04-04 04:00:00,321.34952699999997
2024-04-04 05:00:00,336.92985
2024-04-04 06:00:00,483.59090699999996
2024-04-04 07:00:00,484.19180099999994
2024-04-04 08:00:00,505.051407
2024-04-04 09:00:00,482.2174349999999
2024-04-04 10:00:00,459.426384
2024-04-04 11:00:00,475.736364
2024-04-04 12:00:00,403.11403199999995
2024-04-04 13:00:00,368.090496
2024-04-04 14:00:00,355.77216899999996
2024-04-04 15:00:00,403.156953
2024-04-04 16:00:00,478.56915
2024-04-04 17:00:00,501.6606479999999
2024-04-04 18:00:00,509.55811199999994
2024-04-04 19:00:00,509.94440099999997
2024-04-04 20:00:00,503.89254
2024-04-04 21:00:00,459.5551469999999
2024-04-04 22:00:00,341.007345
2024-04-04 23:00:00,332.165619
2024-04-05 00:00:00,287.444749
2024-04-05 01:00:00,284.357173
2024-04-05 02:00:00,282.17013999999995
2024-04-05 03:00:00,282.98491699999994
2024-04-05 04:00:00,287.23033399999997
2024-04-05 05:00:00,303.61163999999997
2024-04-05 06:00:00,408.50345799999997
2024-04-05 07:00:00,379.51455
2024-04-05 08:00:00,420.767996
2024-04-05 09:00:00,310.944633
2024-04-05 10:00:00,287.87357899999995
2024-04-05 11:00:00,284.614471
2024-04-05 12:00:00,289.503133
2024-04-05 13:00:00,284.485822
2024-04-05 14:00:00,286.50132299999996
2024-04-05 15:00:00,299.0660419999999
2024-04-05 16:00:00,319.649882
2024-04-05 17:00:00,454.47403399999996
2024-04-05 18:00:00,464.7659539999999
2024-04-05 19:00:00,446.4120299999999
2024-04-05 20:00:00,422.183135
2024-04-05 21:00:00,365.40604299999995
2024-04-05 22:00:00,304.12623599999995
2024-04-05 23:00:00,295.12080599999996
2024-04-06 00:00:00,291.38998499999997
2024-04-06 01:00:00,263.644684
2024-04-06 02:00:00,262.57260899999994
2024-04-06 03:00:00,279.29697899999996
2024-04-06 04:00:00,291.733049
2024-04-06 05:00:00,302.110735
2024-04-06 06:00:00,319.521233
2024-04-06 07:00:00,325.953683
2024-04-06 08:00:00,326.039449
2024-04-06 09:00:00,307.556876
2024-04-06 10:00:00,234.22694599999997
2024-04-06 11:00:00,164.02747499999998
2024-04-06 12:00:00,160.082239
2024-04-06 13:00:00,150.90527699999998
2024-04-06 14:00:00,192.673319
2024-04-06 15:00:00,263.773333
2024-04-06 16:00:00,326.25386399999996
2024-04-06 17:00:00,336.7173159999999
2024-04-06 18:00:00,409.83283099999994
2024-04-06 19:00:00,499.6727159999999
2024-04-06 20:00:00,505.46192099999996
2024-04-06 21:00:00,479.68923799999993
2024-04-06 22:00:00,406.91678699999994
2024-04-06 23:00:00,338.43263599999995
2024-04-07 00:00:00,344.82220299999994
2024-04-07 01:00:00,326.425396
2024-04-07 02:00:00,301.08154299999995
2024-04-07 03:00:00,300.56694699999997
2024-04-07 04:00:00,290.446559
2024-04-07 05:00:00,280.068873
2024-04-07 06:00:00,263.901982
2024-04-07 07:00:00,189.97168999999997
2024-04-07 08:00:00,79.11913499999999
2024-04-07 09:00:00,46.056341999999994
2024-04-07 10:00:00,50.51617399999999
2024-04-07 11:00:00,20.669605999999998
2024-04-07 12:00:00,14.623102999999999
2024-04-07 13:00:00,40.009839
2024-04-07 14:00:00,59.521603999999996
2024-04-07 15:00:00,90.52601299999999
2024-04-07 16:00:00,259.913863
2024-04-07 17:00:00,334.401634
2024-04-07 18:00:00,387.147724
2024-04-07 19:00:00,463.52234699999997
2024-04-07 20:00:00,470.083446
2024-04-07 21:00:00,420.81087899999994
2024-04-07 22:00:00,365.277394
2024-04-07 23:00:00,335.00199599999996
2024-04-08 00:00:00,331.439115
2024-04-08 01:00:00,325.91727
2024-04-08 02:00:00,325.66044
2024-04-08 03:00:00,325.48922000000005
2024-04-08 04:00:00,324.97556000000003
2024-04-08 05:00:00,325.74604999999997
2024-04-08 06:00:00,428.90610000000004
2024-04-08 07:00:00,502.744725
2024-04-08 08:00:00,492.55713499999996
2024-04-08 09:00:00,371.11935
2024-04-08 10:00:00,325.788855
2024-04-08 11:00:00,322.022015
2024-04-08 12:00:00,316.24334
2024-04-08 13:00:00,316.50016999999997
2024-04-08 14:00:00,319.32529999999997
2024-04-08 15:00:00,326.13129499999997
2024-04-08 16:00:00,399.37065
2024-04-08 17:00:00,479.24478
2024-04-08 18:00:00,479.71563499999996
2024-04-08 19:00:00,583.474955
2024-04-08 20:00:00,535.83299
2024-04-08 21:00:00,411.52727
2024-04-08 22:00:00,322.022015
2024-04-08 23:00:00,326.045685
2024-04-09 00:00:00,329.33300399999996
2024-04-09 01:00:00,329.034888
2024-04-09 02:00:00,328.864536
2024-04-09 03:00:00,330.14217599999995
2024-04-09 04:00:00,337.59507599999995
2024-04-09 05:00:00,328.52383199999997
2024-04-09 06:00:00,375.753924
2024-04-09 07:00:00,393.598296
2024-04-09 08:00:00,342.70563599999997
2024-04-09 09:00:00,301.13974799999994
2024-04-09 10:00:00,246.328992
2024-04-09 11:00:00,191.646
2024-04-09 12:00:00,158.72547600000001
2024-04-09 13:00:00,151.783632
2024-04-09 14:00:00,184.23568799999998
2024-04-09 15:00:00,262.12914
2024-04-09 16:00:00,319.83588
2024-04-09 17:00:00,377.925912
2024-04-09 18:00:00,417.916044
2024-04-09 19:00:00,457.52288400000003
2024-04-09 20:00:00,435.03642
2024-04-09 21:00:00,371.06924399999997
2024-04-09 22:00:00,366.341976
2024-04-09 23:00:00,331.377228
2024-04-10 00:00:00,311.15137699999997
2024-04-10 01:00:00,305.52276500000005
2024-04-10 02:00:00,302.708459
2024-04-10 03:00:00,302.45261300000004
2024-04-10 04:00:00,299.083974
2024-04-10 05:00:00,340.189898
2024-04-10 06:00:00,348.931303
2024-04-10 07:00:00,424.83228299999996
2024-04-10 08:00:00,451.56819
2024-04-10 09:00:00,360.31645
2024-04-10 10:00:00,348.50489300000004
2024-04-10 11:00:00,336.139003
2024-04-10 12:00:00,340.31782100000004
2024-04-10 13:00:00,337.75936099999996
2024-04-10 14:00:00,336.053721
2024-04-10 15:00:00,348.462252
2024-04-10 16:00:00,351.575045
2024-04-10 17:00:00,358.909297
2024-04-10 18:00:00,425.088129
2024-04-10 19:00:00,546.614979
2024-04-10 20:00:00,573.52145
2024-04-10 21:00:00,490.32885899999997
2024-04-10 22:00:00,366.41411300000004
2024-04-10 23:00:00,341.085359
2024-04-11 00:00:00,348.82617100000004
2024-04-11 01:00:00,349.59385299999997
2024-04-11 02:00:00,348.527628
2024-04-11 03:00:00,348.57027700000003
2024-04-11 04:00:00,342.855311
2024-04-11 05:00:00,349.935045
2024-04-11 06:00:00,376.078882
2024-04-11 07:00:00,330.52975
2024-04-11 08:00:00,331.723922
2024-04-11 09:00:00,274.872805
2024-04-11 10:00:00,151.40395
2024-04-11 11:00:00,107.304884
2024-04-11 12:00:00,70.02965800000001
2024-04-11 13:00:00,82.056676
2024-04-11 14:00:00,141.893223
2024-04-11 15:00:00,162.151498
2024-04-11 16:00:00,283.871744
2024-04-11 17:00:00,353.56021000000004
2024-04-11 18:00:00,420.90298099999995
2024-04-11 19:00:00,526.71515
2024-04-11 20:00:00,538.400976
2024-04-11 21:00:00,419.538213
2024-04-11 22:00:00,350.489482
2024-04-11 23:00:00,341.106702
2024-04-12 00:00:00,352.42116
2024-04-12 01:00:00,349.98919800000004
2024-04-12 02:00:00,342.43731600000007
2024-04-12 03:00:00,350.03186400000004
2024-04-12 04:00:00,352.12249800000006
2024-04-12 05:00:00,327.58954800000004
2024-04-12 06:00:00,383.14068000000003
2024-04-12 07:00:00,411.85489800000005
2024-04-12 08:00:00,364.32497400000005
2024-04-12 09:00:00,357.41308200000003
2024-04-12 10:00:00,352.42116
2024-04-12 11:00:00,340.005354
2024-04-12 12:00:00,334.88543400000003
2024-04-12 13:00:00,327.930876
2024-04-12 14:00:00,349.86120000000005
2024-04-12 15:00:00,354.89578800000004
2024-04-12 16:00:00,352.59182400000003
2024-04-12 17:00:00,314.36308800000006
2024-04-12 18:00:00,393.423186
2024-04-12 19:00:00,529.7410560000001
2024-04-12 20:00:00,526.07178
2024-04-12 21:00:00,380.1113940000001
2024-04-12 22:00:00,346.87458000000004
2024-04-12 23:00:00,340.38934800000004
2024-04-13 00:00:00,323.53627800000004
2024-04-13 01:00:00,309.456498
2024-04-13 02:00:00,309.54183
2024-04-13 03:00:00,312.78444600000006
2024-04-13 04:00:00,321.616308
2024-04-13 05:00:00,334.88543400000003
2024-04-13 06:00:00,340.30401600000005
2024-04-13 07:00:00,349.90386600000005
2024-04-13 08:00:00,320.805654
2024-04-13 09:00:00,303.013932
2024-04-13 10:00:00,149.245668
2024-04-13 11:00:00,124.28605800000001
2024-04-13 12:00:00,74.87883000000001
2024-04-13 13:00:00,68.13760200000002
2024-04-13 14:00:00,70.569564
2024-04-13 15:00:00,134.31256800000003
2024-04-13 16:00:00,245.67082800000003
2024-04-13 17:00:00,345.21060600000004
2024-04-13 18:00:00,366.415608
2024-04-13 19:00:00,341.626662
2024-04-13 20:00:00,399.26842800000003
2024-04-13 21:00:00,374.94880800000004
2024-04-13 22:00:00,359.84504400000003
2024-04-13 23:00:00,345.03994200000005
2024-04-14 00:00:00,301.392624
2024-04-14 01:00:00,269.179794
2024-04-14 02:00:00,218.535252
2024-04-14 03:00:00,91.689234
2024-04-14 04:00:00,86.270652
2024-04-14 05:00:00,45.780618000000004
2024-04-14 06:00:00,54.868476
2024-04-14 07:00:00,55.4658
2024-04-14 08:00:00,31.658172000000004
2024-04-14 09:00:00,0.0
2024-04-14 10:00:00,-9.813180000000001
2024-04-14 11:00:00,-51.113868000000004
2024-04-14 12:00:00,-147.112368
2024-04-14 13:00:00,-158.71752000000004
2024-04-14 14:00:00,-141.99244800000002
2024-04-14 15:00:00,-133.24591800000002
2024-04-14 16:00:00,-26.66625
2024-04-14 17:00:00,10.538502000000001
2024-04-14 18:00:00,286.758186
2024-04-14 19:00:00,309.58449600000006
2024-04-14 20:00:00,375.11947200000003
2024-04-14 21:00:00,378.14875800000004
2024-04-14 22:00:00,346.19192400000003
2024-04-14 23:00:00,308.98717200000004
2024-04-15 00:00:00,342.165235
2024-04-15 01:00:00,340.66544999999996
2024-04-15 02:00:00,342.250937
2024-04-15 03:00:00,342.42234099999996
2024-04-15 04:00:00,365.73328499999997
2024-04-15 05:00:00,377.13165100000003
2024-04-15 06:00:00,484.002045
2024-04-15 07:00:00,622.025116
2024-04-15 08:00:00,640.879556
2024-04-15 09:00:00,406.22747999999996
2024-04-15 10:00:00,384.116364
2024-04-15 11:00:00,382.916536
2024-04-15 12:00:00,384.073513
2024-04-15 13:00:00,391.44388499999997
2024-04-15 14:00:00,380.259774
2024-04-15 15:00:00,377.13165100000003
2024-04-15 16:00:00,398.899959
2024-04-15 17:00:00,465.87607199999997
2024-04-15 18:00:00,533.409248
2024-04-15 19:00:00,579.34552
2024-04-15 20:00:00,584.873299
2024-04-15 21:00:00,490.686801
2024-04-15 22:00:00,399.49987300000004
2024-04-15 23:00:00,376.531737
2024-04-16 00:00:00,358.405509
2024-04-16 01:00:00,341.040315
2024-04-16 02:00:00,320.262558
2024-04-16 03:00:00,311.277582
2024-04-16 04:00:00,310.97520299999996
2024-04-16 05:00:00,310.111263
2024-04-16 06:00:00,341.77466400000003
2024-04-16 07:00:00,342.55221
2024-04-16 08:00:00,343.891317
2024-04-16 09:00:00,308.51297400000004
2024-04-16 10:00:00,225.747522
2024-04-16 11:00:00,199.354155
2024-04-16 12:00:00,187.04300999999998
2024-04-16 13:00:00,199.267761
2024-04-16 14:00:00,199.224564
2024-04-16 15:00:00,279.786969
2024-04-16 16:00:00,342.37942200000003
2024-04-16 17:00:00,360.219783
2024-04-16 18:00:00,415.46874600000007
2024-04-16 19:00:00,501.0852
2024-04-16 20:00:00,537.889044
2024-04-16 21:00:00,484.843128
2024-04-16 22:00:00,411.23544000000004
2024-04-16 23:00:00,363.28677
2024-04-17 00:00:00,382.28675400000003
2024-04-17 01:00:00,389.266587
2024-04-17 02:00:00,389.483352
2024-04-17 03:00:00,388.572939
2024-04-17 04:00:00,379.815633
2024-04-17 05:00:00,371.18838600000004
2024-04-17 06:00:00,477.056412
2024-04-17 07:00:00,602.3899349999999
2024-04-17 08:00:00,598.965048
2024-04-17 09:00:00,437.691888
2024-04-17 10:00:00,392.084532
2024-04-17 11:00:00,369.02073600000006
2024-04-17 12:00:00,381.679812
2024-04-17 13:00:00,384.10758
2024-04-17 14:00:00,380.335869
2024-04-17 15:00:00,389.483352
2024-04-17 16:00:00,371.145033
2024-04-17 17:00:00,417.09921299999996
2024-04-17 18:00:00,519.455646
2024-04-17 19:00:00,622.0721970000001
2024-04-17 20:00:00,640.063692
2024-04-17 21:00:00,563.849118
2024-04-17 22:00:00,445.061898
2024-04-17 23:00:00,395.682831
2024-04-18 00:00:00,397.57662
2024-04-18 01:00:00,391.77321399999994
2024-04-18 02:00:00,392.899248
2024-04-18 03:00:00,393.50557399999997
2024-04-18 04:00:00,389.954236
2024-04-18 05:00:00,404.809223
2024-04-18 06:00:00,539.889994
2024-04-18 07:00:00,581.250089
2024-04-18 08:00:00,568.170771
2024-04-18 09:00:00,437.940608
2024-04-18 10:00:00,387.399005
2024-04-18 11:00:00,374.18976
2024-04-18 12:00:00,359.681245
2024-04-18 13:00:00,351.495844
2024-04-18 14:00:00,351.452535
2024-04-18 15:00:00,339.022852
2024-04-18 16:00:00,373.626743
2024-04-18 17:00:00,390.64718
2024-04-18 18:00:00,499.22284299999995
2024-04-18 19:00:00,567.0447369999999
2024-04-18 20:00:00,590.5182149999999
2024-04-18 21:00:00,488.785374
2024-04-18 22:00:00,389.91092699999996
2024-04-18 23:00:00,381.508981
2024-04-19 00:00:00,381.960488
2024-04-19 01:00:00,383.389916
2024-04-19 02:00:00,383.736444
2024-04-19 03:00:00,383.866392
2024-04-19 04:00:00,382.82680799999997
2024-04-19 05:00:00,391.619956
2024-04-19 06:00:00,512.0384359999999
2024-04-19 07:00:00,477.34232
2024-04-19 08:00:00,411.805212
2024-04-19 09:00:00,377.802152
2024-04-19 10:00:00,375.939564
2024-04-19 11:00:00,375.939564
2024-04-19 12:00:00,381.960488
2024-04-19 13:00:00,382.003804
2024-04-19 14:00:00,381.960488
2024-04-19 15:00:00,386.768564
2024-04-19 16:00:00,413.23464
2024-04-19 17:00:00,499.90995599999997
2024-04-19 18:00:00,527.58888
2024-04-19 19:00:00,574.889952
2024-04-19 20:00:00,579.0482880000001
2024-04-19 21:00:00,534.909284
2024-04-19 22:00:00,469.93528399999997
2024-04-19 23:00:00,391.83653599999997
2024-04-20 00:00:00,379.058316
2024-04-20 01:00:00,378.27862799999997
2024-04-20 02:00:00,378.27862799999997
2024-04-20 03:00:00,372.864128
2024-04-20 04:00:00,369.528796
2024-04-20 05:00:00,369.528796
2024-04-20 06:00:00,354.75804
2024-04-20 07:00:00,345.66168
2024-04-20 08:00:00,378.191996
2024-04-20 09:00:00,378.971684
2024-04-20 10:00:00,377.06577999999996
2024-04-20 11:00:00,368.53252799999996
2024-04-20 12:00:00,359.869328
2024-04-20 13:00:00,351.206128
2024-04-20 14:00:00,339.294228
2024-04-20 15:00:00,337.64822
2024-04-20 16:00:00,368.05605199999997
2024-04-20 17:00:00,378.451892
2024-04-20 18:00:00,375.54972
2024-04-20 19:00:00,420.20851600000003
2024-04-20 20:00:00,481.803868
2024-04-20 21:00:00,435.02258800000004
2024-04-20 22:00:00,380.53105999999997
2024-04-20 23:00:00,365.32714400000003
2024-04-21 00:00:00,375.11656
2024-04-21 01:00:00,339.03433199999995
2024-04-21 02:00:00,358.959692
2024-04-21 03:00:00,358.959692
2024-04-21 04:00:00,366.280096
2024-04-21 05:00:00,366.0202
2024-04-21 06:00:00,346.657948
2024-04-21 07:00:00,370.52506400000004
2024-04-21 08:00:00,340.68034
2024-04-21 09:00:00,329.374864
2024-04-21 10:00:00,308.539868
2024-04-21 11:00:00,306.374068
2024-04-21 12:00:00,307.32702
2024-04-21 13:00:00,312.9581
2024-04-21 14:00:00,313.304628
2024-04-21 15:00:00,302.042468
2024-04-21 16:00:00,324.87
2024-04-21 17:00:00,366.106832
2024-04-21 18:00:00,342.10976800000003
2024-04-21 19:00:00,387.071776
2024-04-21 20:00:00,420.46841199999994
2024-04-21 21:00:00,398.897044
2024-04-21 22:00:00,383.606496
2024-04-21 23:00:00,383.043388
2024-04-22 00:00:00,375.304461
2024-04-22 01:00:00,375.39086699999996
2024-04-22 02:00:00,375.39086699999996
2024-04-22 03:00:00,375.131649
2024-04-22 04:00:00,376.859769
2024-04-22 05:00:00,379.75437
2024-04-22 06:00:00,460.19835599999993
2024-04-22 07:00:00,562.330248
2024-04-22 08:00:00,507.4624379999999
2024-04-22 09:00:00,451.86017699999996
2024-04-22 10:00:00,386.01880499999993
2024-04-22 11:00:00,386.49403799999993
2024-04-22 12:00:00,389.95027799999997
2024-04-22 13:00:00,391.07355599999994
2024-04-22 14:00:00,386.32122599999997
2024-04-22 15:00:00,360.52903499999996
2024-04-22 16:00:00,381.61209899999994
2024-04-22 17:00:00,420.49479899999994
2024-04-22 18:00:00,516.3622559999999
2024-04-22 19:00:00,644.7183689999999
2024-04-22 20:00:00,653.7477959999999
2024-04-22 21:00:00,581.037147
2024-04-22 22:00:00,479.42369099999996
2024-04-22 23:00:00,428.098527
2024-04-23 00:00:00,382.73472
2024-04-23 01:00:00,375.671115
2024-04-23 02:00:00,372.46432500000003
2024-04-23 03:00:00,371.33761499999997
2024-04-23 04:00:00,375.80111999999997
2024-04-23 05:00:00,434.693385
2024-04-23 06:00:00,528.556995
2024-04-23 07:00:00,580.08231
2024-04-23 08:00:00,558.718155
2024-04-23 09:00:00,426.32973
2024-04-23 10:00:00,364.44735
2024-04-23 11:00:00,363.71065500000003
2024-04-23 12:00:00,363.797325
2024-04-23 13:00:00,369.82089
2024-04-23 14:00:00,368.130825
2024-04-23 15:00:00,381.17465999999996
2024-04-23 16:00:00,411.6825
2024-04-23 17:00:00,488.12543999999997
2024-04-23 18:00:00,530.59374
2024-04-23 19:00:00,607.080015
2024-04-23 20:00:00,629.2241999999999
2024-04-23 21:00:00,542.337525
2024-04-23 22:00:00,430.359885
2024-04-23 23:00:00,359.24715000000003
2024-04-24 00:00:00,374.905891
2024-04-24 01:00:00,365.4933050000001
2024-04-24 02:00:00,367.13403100000005
2024-04-24 03:00:00,367.47944700000005
2024-04-24 04:00:00,371.84032400000007
2024-04-24 05:00:00,393.86059400000005
2024-04-24 06:00:00,499.255651
2024-04-24 07:00:00,567.000364
2024-04-24 08:00:00,557.976371
2024-04-24 09:00:00,487.252445
2024-04-24 10:00:00,439.887276
2024-04-24 11:00:00,438.41925800000007
2024-04-24 12:00:00,452.27907500000003
2024-04-24 13:00:00,452.32225200000005
2024-04-24 14:00:00,435.39686800000004
2024-04-24 15:00:00,420.71668800000003
2024-04-24 16:00:00,452.27907500000003
2024-04-24 17:00:00,500.8532
2024-04-24 18:00:00,553.356432
2024-04-24 19:00:00,583.7530399999999
2024-04-24 20:00:00,619.3308880000001
2024-04-24 21:00:00,541.094164
2024-04-24 22:00:00,481.25084200000003
2024-04-24 23:00:00,395.54449700000004
2024-04-25 00:00:00,360.7033
2024-04-25 01:00:00,345.584
2024-04-25 02:00:00,336.987598
2024-04-25 03:00:00,346.27516799999995
2024-04-25 04:00:00,352.884462
2024-04-25 05:00:00,370.94122600000003
2024-04-25 06:00:00,495.91303999999997
2024-04-25 07:00:00,565.8074039999999
2024-04-25 08:00:00,494.01232799999997
2024-04-25 09:00:00,399.840688
2024-04-25 10:00:00,363.72716
2024-04-25 11:00:00,358.54339999999996
2024-04-25 12:00:00,359.536954
2024-04-25 13:00:00,354.569184
2024-04-25 14:00:00,356.037916
2024-04-25 15:00:00,357.03147
2024-04-25 16:00:00,337.937954
2024-04-25 17:00:00,376.94574800000004
2024-04-25 18:00:00,484.811154
2024-04-25 19:00:00,618.120182
2024-04-25 20:00:00,658.639906
2024-04-25 21:00:00,500.36243399999995
2024-04-25 22:00:00,394.61373
2024-04-25 23:00:00,344.460852
2024-04-26 00:00:00,362.095825
2024-04-26 01:00:00,365.640275
2024-04-26 02:00:00,373.334325
2024-04-26 03:00:00,374.8472
2024-04-26 04:00:00,370.6976
2024-04-26 05:00:00,378.04585
2024-04-26 06:00:00,458.228225
2024-04-26 07:00:00,446.903275
2024-04-26 08:00:00,415.21934999999996
2024-04-26 09:00:00,350.4683
2024-04-26 10:00:00,316.709575
2024-04-26 11:00:00,315.326375
2024-04-26 12:00:00,304.08787499999994
2024-04-26 13:00:00,297.12864999999994
2024-04-26 14:00:00,290.64489999999995
2024-04-26 15:00:00,339.445925
2024-04-26 16:00:00,358.4217
2024-04-26 17:00:00,348.004475
2024-04-26 18:00:00,422.99985
2024-04-26 19:00:00,574.2008999999999
2024-04-26 20:00:00,616.2156
2024-04-26 21:00:00,481.3536
2024-04-26 22:00:00,400.393175
2024-04-26 23:00:00,381.50385
2024-04-27 00:00:00,389.759825
2024-04-27 01:00:00,380.077425
2024-04-27 02:00:00,367.02347499999996
2024-04-27 03:00:00,368.19055000000003
2024-04-27 04:00:00,366.15897499999994
2024-04-27 05:00:00,369.91954999999996
2024-04-27 06:00:00,366.072525
2024-04-27 07:00:00,350.03605
2024-04-27 08:00:00,328.899025
2024-04-27 09:00:00,291.03392499999995
2024-04-27 10:00:00,167.669775
2024-04-27 11:00:00,140.13545
2024-04-27 12:00:00,67.69035
2024-04-27 13:00:00,80.960425
2024-04-27 14:00:00,153.92422499999998
2024-04-27 15:00:00,207.52322499999997
2024-04-27 16:00:00,301.148575
2024-04-27 17:00:00,357.77332499999994
2024-04-27 18:00:00,371.73499999999996
2024-04-27 19:00:00,469.380275
2024-04-27 20:00:00,465.14422499999995
2024-04-27 21:00:00,369.8331
2024-04-27 22:00:00,355.871425
2024-04-27 23:00:00,348.82574999999997
2024-04-28 00:00:00,297.388
2024-04-28 01:00:00,301.407925
2024-04-28 02:00:00,297.5609
2024-04-28 03:00:00,303.48272499999996
2024-04-28 04:00:00,301.407925
2024-04-28 05:00:00,282.95084999999995
2024-04-28 06:00:00,209.81414999999998
2024-04-28 07:00:00,88.395125
2024-04-28 08:00:00,-0.30257500000000004
2024-04-28 09:00:00,-4.40895
2024-04-28 10:00:00,-71.19157499999999
2024-04-28 11:00:00,-157.728025
2024-04-28 12:00:00,-199.8724
2024-04-28 13:00:00,-159.629925
2024-04-28 14:00:00,-144.45795
2024-04-28 15:00:00,-99.28782499999998
2024-04-28 16:00:00,10.849474999999998
2024-04-28 17:00:00,257.621
2024-04-28 18:00:00,349.819925
2024-04-28 19:00:00,341.952975
2024-04-28 20:00:00,350.338625
2024-04-28 21:00:00,339.5756
2024-04-28 22:00:00,312.12772499999994
2024-04-28 23:00:00,289.34815
2024-04-29 00:00:00,296.58573
2024-04-29 01:00:00,296.45616
2024-04-29 02:00:00,295.98107
2024-04-29 03:00:00,297.10401
2024-04-29 04:00:00,331.87196
2024-04-29 05:00:00,367.97880000000004
2024-04-29 06:00:00,400.41448999999994
2024-04-29 07:00:00,485.62836
2024-04-29 08:00:00,418.72705
2024-04-29 09:00:00,343.05817
2024-04-29 10:00:00,294.55580000000003
2024-04-29 11:00:00,286.22013
2024-04-29 12:00:00,255.90075
2024-04-29 13:00:00,264.19323
2024-04-29 14:00:00,279.4393
2024-04-29 15:00:00,313.08430999999996
2024-04-29 16:00:00,369.49045
2024-04-29 17:00:00,370.31106
2024-04-29 18:00:00,453.40862
2024-04-29 19:00:00,548.29705
2024-04-29 20:00:00,547.51963
2024-04-29 21:00:00,470.03677
2024-04-29 22:00:00,377.26464999999996
2024-04-29 23:00:00,350.18451999999996
2024-04-30 00:00:00,355.81584200000003
2024-04-30 01:00:00,353.741618
2024-04-30 02:00:00,348.38320600000003
2024-04-30 03:00:00,353.48233999999997
2024-04-30 04:00:00,357.80364
2024-04-30 05:00:00,359.877864
2024-04-30 06:00:00,381.916494
2024-04-30 07:00:00,366.01411
2024-04-30 08:00:00,364.933785
2024-04-30 09:00:00,314.93634399999996
2024-04-30 10:00:00,216.45391700000002
2024-04-30 11:00:00,156.517486
2024-04-30 12:00:00,149.94911000000002
2024-04-30 13:00:00,149.430554
2024-04-30 14:00:00,149.77625799999998
2024-04-30 15:00:00,179.982145
2024-04-30 16:00:00,289.5271
2024-04-30 17:00:00,360.18035499999996
2024-04-30 18:00:00,372.49606
2024-04-30 19:00:00,401.79447400000004
2024-04-30 20:00:00,413.505197
2024-04-30 21:00:00,381.830068
2024-04-30 22:00:00,359.921077
2024-04-30 23:00:00,349.89566099999996
2024-05-01 00:00:00,291.385259
2024-05-01 01:00:00,319.862626
2024-05-01 02:00:00,310.70147000000003
2024-05-01 03:00:00,324.183926
2024-05-01 04:00:00,321.461507
2024-05-01 05:00:00,317.961254
2024-05-01 06:00:00,295.62013299999995
2024-05-01 07:00:00,153.14687199999997
2024-05-01 08:00:00,50.213505999999995
2024-05-01 09:00:00,-1.037112
2024-05-01 10:00:00,-5.747329000000001
2024-05-01 11:00:00,-99.433113
2024-05-01 12:00:00,-101.680189
2024-05-01 13:00:00,-106.90896199999999
2024-05-01 14:00:00,-99.908456
2024-05-01 15:00:00,-69.78899499999999
2024-05-01 16:00:00,-3.5866789999999997
2024-05-01 17:00:00,170.12958099999997
2024-05-01 18:00:00,300.373563
2024-05-01 19:00:00,297.175801
2024-05-01 20:00:00,285.335439
2024-05-01 21:00:00,278.42135900000005
2024-05-01 22:00:00,290.045656
2024-05-01 23:00:00,262.432549
2024-05-02 00:00:00,304.084137
2024-05-02 01:00:00,280.34313299999997
2024-05-02 02:00:00,270.465489
2024-05-02 03:00:00,270.942042
2024-05-02 04:00:00,271.28862599999997
2024-05-02 05:00:00,263.750424
2024-05-02 06:00:00,295.766121
2024-05-02 07:00:00,294.553077
2024-05-02 08:00:00,254.00274900000002
2024-05-02 09:00:00,140.713104
2024-05-02 10:00:00,22.614606
2024-05-02 11:00:00,-0.346584
2024-05-02 12:00:00,-4.505592
2024-05-02 13:00:00,-11.69721
2024-05-02 14:00:00,-0.216615
2024-05-02 15:00:00,0.0
2024-05-02 16:00:00,149.421027
2024-05-02 17:00:00,296.19935100000004
2024-05-02 18:00:00,329.384769
2024-05-02 19:00:00,370.758234
2024-05-02 20:00:00,370.45497300000005
2024-05-02 21:00:00,351.08959200000004
2024-05-02 22:00:00,337.096263
2024-05-02 23:00:00,300.704943
2024-05-03 00:00:00,341.428563
2024-05-03 01:00:00,336.61971
2024-05-03 02:00:00,335.579958
2024-05-03 03:00:00,340.172196
2024-05-03 04:00:00,340.128873
2024-05-03 05:00:00,327.868464
2024-05-03 06:00:00,326.352159
2024-05-03 07:00:00,330.164583
2024-05-03 08:00:00,336.229803
2024-05-03 09:00:00,308.676375
2024-05-03 10:00:00,288.184596
2024-05-03 11:00:00,260.067969
2024-05-03 12:00:00,187.19868300000002
2024-05-03 13:00:00,179.83377299999998
2024-05-03 14:00:00,212.455992
2024-05-03 15:00:00,232.514541
2024-05-03 16:00:00,310.106034
2024-05-03 17:00:00,354.12220199999996
2024-05-03 18:00:00,382.71538200000003
2024-05-03 19:00:00,409.488996
2024-05-03 20:00:00,425.43186000000003
2024-05-03 21:00:00,420.103131
2024-05-03 22:00:00,388.17408
2024-05-03 23:00:00,368.375469
2024-05-04 00:00:00,395.10576000000003
2024-05-04 01:00:00,390.860106
2024-05-04 02:00:00,390.730137
2024-05-04 03:00:00,390.730137
2024-05-04 04:00:00,396.57874200000003
2024-05-04 05:00:00,402.427347
2024-05-04 06:00:00,402.03744
2024-05-04 07:00:00,390.123615
2024-05-04 08:00:00,378.20979
2024-05-04 09:00:00,315.348117
2024-05-04 10:00:00,244.471689
2024-05-04 11:00:00,165.92709
2024-05-04 12:00:00,149.680965
2024-05-04 13:00:00,150.89400899999998
2024-05-04 14:00:00,250.14700200000001
2024-05-04 15:00:00,295.592829
2024-05-04 16:00:00,349.010088
2024-05-04 17:00:00,394.975791
2024-05-04 18:00:00,425.128599
2024-05-04 19:00:00,487.643688
2024-05-04 20:00:00,513.464196
2024-05-04 21:00:00,484.35114
2024-05-04 22:00:00,393.45948599999997
2024-05-04 23:00:00,363.220032
2024-05-05 00:00:00,395.668959
2024-05-05 01:00:00,372.187893
2024-05-05 02:00:00,365.689443
2024-05-05 03:00:00,366.729195
2024-05-05 04:00:00,365.949381
2024-05-05 05:00:00,366.339288
2024-05-05 06:00:00,352.17266700000005
2024-05-05 07:00:00,320.24361600000003
2024-05-05 08:00:00,272.111763
2024-05-05 09:00:00,108.350823
2024-05-05 10:00:00,40.420359
2024-05-05 11:00:00,1.906212
2024-05-05 12:00:00,0.0
2024-05-05 13:00:00,-0.173292
2024-05-05 14:00:00,99.036378
2024-05-05 15:00:00,217.308168
2024-05-05 16:00:00,321.97653599999995
2024-05-05 17:00:00,386.311191
2024-05-05 18:00:00,376.47687
2024-05-05 19:00:00,418.71679500000005
2024-05-05 20:00:00,475.469925
2024-05-05 21:00:00,468.234984
2024-05-05 22:00:00,432.146925
2024-05-05 23:00:00,386.961036
2024-05-06 00:00:00,386.39894999999996
2024-05-06 01:00:00,386.009304
2024-05-06 02:00:00,380.94390599999997
2024-05-06 03:00:00,384.97024799999997
2024-05-06 04:00:00,386.35565599999995
2024-05-06 05:00:00,386.39894999999996
2024-05-06 06:00:00,459.86886799999996
2024-05-06 07:00:00,472.164364
2024-05-06 08:00:00,434.93152399999997
2024-05-06 09:00:00,379.90484999999995
2024-05-06 10:00:00,344.66353399999997
2024-05-06 11:00:00,329.94357399999996
2024-05-06 12:00:00,339.68472399999996
2024-05-06 13:00:00,339.511548
2024-05-06 14:00:00,342.71530399999995
2024-05-06 15:00:00,351.72045599999996
2024-05-06 16:00:00,388.21729799999997
2024-05-06 17:00:00,399.300562
2024-05-06 18:00:00,464.41473799999994
2024-05-06 19:00:00,592.69486
2024-05-06 20:00:00,628.0227639999999
2024-05-06 21:00:00,467.09896599999996
2024-05-06 22:00:00,409.517946
2024-05-06 23:00:00,365.48794799999996
2024-05-07 00:00:00,383.64616800000005
2024-05-07 01:00:00,392.700528
2024-05-07 02:00:00,392.959224
2024-05-07 03:00:00,393.13168800000005
2024-05-07 04:00:00,393.30415200000004
2024-05-07 05:00:00,372.09108000000003
2024-05-07 06:00:00,427.9694160000001
2024-05-07 07:00:00,476.56114800000006
2024-05-07 08:00:00,476.56114800000006
2024-05-07 09:00:00,395.58930000000004
2024-05-07 10:00:00,367.175856
2024-05-07 11:00:00,353.89612800000003
2024-05-07 12:00:00,351.481632
2024-05-07 13:00:00,354.1979400000001
2024-05-07 14:00:00,349.8863400000001
2024-05-07 15:00:00,355.70700000000005
2024-05-07 16:00:00,392.48494800000003
2024-05-07 17:00:00,393.00234000000006
2024-05-07 18:00:00,457.63322400000004
2024-05-07 19:00:00,577.9699800000001
2024-05-07 20:00:00,588.10224
2024-05-07 21:00:00,524.549256
2024-05-07 22:00:00,437.756748
2024-05-07 23:00:00,373.772604
2024-05-08 00:00:00,386.94080999999994
2024-05-08 01:00:00,387.07039499999996
2024-05-08 02:00:00,387.11359
2024-05-08 03:00:00,387.02719999999994
2024-05-08 04:00:00,383.355625
2024-05-08 05:00:00,387.15678499999996
2024-05-08 06:00:00,462.70484
2024-05-08 07:00:00,475.145
2024-05-08 08:00:00,457.564635
2024-05-08 09:00:00,391.00113999999996
2024-05-08 10:00:00,361.36936999999995
2024-05-08 11:00:00,335.71153999999996
2024-05-08 12:00:00,321.327605
2024-05-08 13:00:00,303.48807
2024-05-08 14:00:00,290.57276499999995
2024-05-08 15:00:00,325.6039099999999
2024-05-08 16:00:00,382.75089499999996
2024-05-08 17:00:00,391.38989499999997
2024-05-08 18:00:00,464.64861499999995
2024-05-08 19:00:00,551.25459
2024-05-08 20:00:00,582.78694
2024-05-08 21:00:00,492.293415
2024-05-08 22:00:00,413.72171
2024-05-08 23:00:00,376.01247499999994
2024-05-09 00:00:00,384.529392
2024-05-09 01:00:00,387.15196499999996
2024-05-09 02:00:00,384.7443569999999
2024-05-09 03:00:00,385.045308
2024-05-09 04:00:00,393.514929
2024-05-09 05:00:00,400.13585099999995
2024-05-09 06:00:00,395.14866299999994
2024-05-09 07:00:00,379.84315499999997
2024-05-09 08:00:00,384.7443569999999
2024-05-09 09:00:00,355.810068
2024-05-09 10:00:00,249.144435
2024-05-09 11:00:00,225.49828499999998
2024-05-09 12:00:00,232.119207
2024-05-09 13:00:00,254.389581
2024-05-09 14:00:00,264.23497799999996
2024-05-09 15:00:00,310.151502
2024-05-09 16:00:00,384.443406
2024-05-09 17:00:00,367.375185
2024-05-09 18:00:00,397.0403549999999
2024-05-09 19:00:00,518.839524
2024-05-09 20:00:00,597.344742
2024-05-09 21:00:00,544.076415
2024-05-09 22:00:00,439.4314529999999
2024-05-09 23:00:00,384.529392
2024-05-10 00:00:00,393.42976600000003
2024-05-10 01:00:00,394.03147200000006
2024-05-10 02:00:00,393.90253500000006
2024-05-10 03:00:00,394.246367
2024-05-10 04:00:00,394.160409
2024-05-10 05:00:00,389.90548800000005
2024-05-10 06:00:00,495.37595400000004
2024-05-10 07:00:00,478.52818600000006
2024-05-10 08:00:00,414.704371
2024-05-10 09:00:00,404.7762220000001
2024-05-10 10:00:00,393.85955600000005
2024-05-10 11:00:00,393.73061900000005
2024-05-10 12:00:00,394.160409
2024-05-10 13:00:00,402.06854500000003
2024-05-10 14:00:00,402.36939800000005
2024-05-10 15:00:00,423.9878350000001
2024-05-10 16:00:00,409.5468910000001
2024-05-10 17:00:00,402.025566
2024-05-10 18:00:00,459.402531
2024-05-10 19:00:00,593.53999
2024-05-10 20:00:00,649.4986480000001
2024-05-10 21:00:00,586.577392
2024-05-10 22:00:00,450.46289900000005
2024-05-10 23:00:00,396.911065
2024-05-11 00:00:00,424.761457
2024-05-11 01:00:00,413.973728
2024-05-11 02:00:00,408.3005
2024-05-11 03:00:00,406.624319
2024-05-11 04:00:00,407.09708800000004
2024-05-11 05:00:00,407.91368900000003
2024-05-11 06:00:00,420.33462000000003
2024-05-11 07:00:00,430.735538
2024-05-11 08:00:00,464.68894800000004
2024-05-11 09:00:00,431.595118
2024-05-11 10:00:00,406.28048700000005
2024-05-11 11:00:00,394.41828300000003
2024-05-11 12:00:00,385.00588200000004
2024-05-11 13:00:00,382.126289
2024-05-11 14:00:00,369.447484
2024-05-11 15:00:00,379.805423
2024-05-11 16:00:00,396.52425400000004
2024-05-11 17:00:00,406.839214
2024-05-11 18:00:00,425.62103700000006
2024-05-11 19:00:00,504.831334
2024-05-11 20:00:00,547.939271
2024-05-11 21:00:00,493.78573100000006
2024-05-11 22:00:00,424.761457
2024-05-11 23:00:00,408.429437
2024-05-12 00:00:00,370.521959
2024-05-12 01:00:00,394.50424100000004
2024-05-12 02:00:00,394.934031
2024-05-12 03:00:00,394.84807300000006
2024-05-12 04:00:00,394.805094
2024-05-12 05:00:00,394.891052
2024-05-12 06:00:00,382.255226
2024-05-12 07:00:00,324.36251300000004
2024-05-12 08:00:00,192.50294100000002
2024-05-12 09:00:00,55.614826
2024-05-12 10:00:00,-19.469487
2024-05-12 11:00:00,-80.069877
2024-05-12 12:00:00,-80.069877
2024-05-12 13:00:00,-64.08168900000001
2024-05-12 14:00:00,-53.20800200000001
2024-05-12 15:00:00,4.8996059999999995
2024-05-12 16:00:00,137.14598900000001
2024-05-12 17:00:00,365.880227
2024-05-12 18:00:00,404.43239
2024-05-12 19:00:00,476.33625700000005
2024-05-12 20:00:00,500.533434
2024-05-12 21:00:00,500.49045500000005
2024-05-12 22:00:00,464.08724200000006
2024-05-12 23:00:00,403.228978
2024-05-13 00:00:00,396.033055
2024-05-13 01:00:00,396.591756
2024-05-13 02:00:00,395.904124
2024-05-13 03:00:00,397.795112
2024-05-13 04:00:00,395.130538
2024-05-13 05:00:00,396.333894
2024-05-13 06:00:00,465.52686399999993
2024-05-13 07:00:00,464.065646
2024-05-13 08:00:00,390.403068
2024-05-13 09:00:00,330.87992299999996
2024-05-13 10:00:00,278.233098
2024-05-13 11:00:00,194.943672
2024-05-13 12:00:00,181.105078
2024-05-13 13:00:00,217.11980400000002
2024-05-13 14:00:00,240.24142999999998
2024-05-13 15:00:00,310.422871
2024-05-13 16:00:00,365.175569
2024-05-13 17:00:00,422.377956
2024-05-13 18:00:00,510.52378300000004
2024-05-13 19:00:00,622.822684
2024-05-13 20:00:00,620.630857
2024-05-13 21:00:00,616.29018
2024-05-13 22:00:00,496.126488
2024-05-13 23:00:00,472.832954
2024-05-14 00:00:00,398.494096
2024-05-14 01:00:00,398.494096
2024-05-14 02:00:00,397.466608
2024-05-14 03:00:00,393.69915199999997
2024-05-14 04:00:00,383.766768
2024-05-14 05:00:00,390.27419199999997
2024-05-14 06:00:00,490.111776
2024-05-14 07:00:00,458.345272
2024-05-14 08:00:00,366.984464
2024-05-14 09:00:00,335.73170400000004
2024-05-14 10:00:00,244.841828
2024-05-14 11:00:00,204.76979599999999
2024-05-14 12:00:00,209.222244
2024-05-14 13:00:00,215.04467599999998
2024-05-14 14:00:00,261.024764
2024-05-14 15:00:00,300.497428
2024-05-14 16:00:00,345.107532
2024-05-14 17:00:00,357.180516
2024-05-14 18:00:00,502.48444400000005
2024-05-14 19:00:00,573.852048
2024-05-14 20:00:00,574.32298
2024-05-14 21:00:00,503.340684
2024-05-14 22:00:00,474.485396
2024-05-14 23:00:00,395.411632
2024-05-15 00:00:00,364.82769499999995
2024-05-15 01:00:00,358.34717499999994
2024-05-15 02:00:00,358.47507999999993
2024-05-15 03:00:00,362.269595
2024-05-15 04:00:00,358.34717499999994
2024-05-15 05:00:00,353.14570499999996
2024-05-15 06:00:00,381.028995
2024-05-15 07:00:00,351.525575
2024-05-15 08:00:00,359.45568499999996
2024-05-15 09:00:00,193.39235999999997
2024-05-15 10:00:00,30.100309999999997
2024-05-15 11:00:00,0.93797
2024-05-15 12:00:00,-3.965055
2024-05-15 13:00:00,-4.476675
2024-05-15 14:00:00,-2.38756
2024-05-15 15:00:00,43.87141499999999
2024-05-15 16:00:00,153.272825
2024-05-15 17:00:00,308.84793999999994
2024-05-15 18:00:00,380.73054999999994
2024-05-15 19:00:00,455.98132499999997
2024-05-15 20:00:00,480.283275
2024-05-15 21:00:00,424.17561499999994
2024-05-15 22:00:00,350.54497
2024-05-15 23:00:00,376.38178
2024-05-16 00:00:00,351.37716500000005
2024-05-16 01:00:00,340.296745
2024-05-16 02:00:00,335.651492
2024-05-16 03:00:00,341.23431899999997
2024-05-16 04:00:00,340.63768100000004
2024-05-16 05:00:00,345.155083
2024-05-16 06:00:00,357.769715
2024-05-16 07:00:00,357.55663000000004
2024-05-16 08:00:00,352.485207
2024-05-16 09:00:00,183.849738
2024-05-16 10:00:00,-39.974746
2024-05-16 11:00:00,-9.972378
2024-05-16 12:00:00,-29.959751000000004
2024-05-16 13:00:00,-31.962750000000003
2024-05-16 14:00:00,-0.681872
2024-05-16 15:00:00,3.9207640000000006
2024-05-16 16:00:00,71.59656000000001
2024-05-16 17:00:00,288.644941
2024-05-16 18:00:00,365.185073
2024-05-16 19:00:00,398.38371600000005
2024-05-16 20:00:00,456.470687
2024-05-16 21:00:00,389.775082
2024-05-16 22:00:00,367.74209300000007
2024-05-16 23:00:00,337.65449100000006
2024-05-17 00:00:00,330.89412
2024-05-17 01:00:00,298.795
2024-05-17 02:00:00,295.20946000000004
2024-05-17 03:00:00,299.73407000000003
2024-05-17 04:00:00,300.58777000000003
2024-05-17 05:00:00,303.66109000000006
2024-05-17 06:00:00,365.3836
2024-05-17 07:00:00,329.229405
2024-05-17 08:00:00,297.30102500000004
2024-05-17 09:00:00,153.45257500000002
2024-05-17 10:00:00,47.721830000000004
2024-05-17 11:00:00,15.238545
2024-05-17 12:00:00,0.0
2024-05-17 13:00:00,-14.598270000000001
2024-05-17 14:00:00,-20.019265000000004
2024-05-17 15:00:00,21.299815000000002
2024-05-17 16:00:00,193.661845
2024-05-17 17:00:00,328.37570500000004
2024-05-17 18:00:00,348.35228500000005
2024-05-17 19:00:00,396.28754000000004
2024-05-17 20:00:00,473.20591
2024-05-17 21:00:00,429.41110000000003
2024-05-17 22:00:00,381.646585
2024-05-17 23:00:00,355.30994000000004
2024-05-18 00:00:00,386.08582500000006
2024-05-18 01:00:00,382.5429700000001
2024-05-18 02:00:00,382.20149000000004
2024-05-18 03:00:00,382.28686000000005
2024-05-18 04:00:00,382.11612
2024-05-18 05:00:00,372.72542
2024-05-18 06:00:00,378.7440050000001
2024-05-18 07:00:00,375.58531500000004
2024-05-18 08:00:00,370.548485
2024-05-18 09:00:00,291.92271500000004
2024-05-18 10:00:00,120.072905
2024-05-18 11:00:00,5.63442
2024-05-18 12:00:00,7.854040000000001
2024-05-18 13:00:00,35.94077
2024-05-18 14:00:00,166.599555
2024-05-18 15:00:00,260.03702000000004
2024-05-18 16:00:00,360.94436
2024-05-18 17:00:00,390.3543250000001
2024-05-18 18:00:00,377.67688000000004
2024-05-18 19:00:00,485.92604000000006
2024-05-18 20:00:00,570.95456
2024-05-18 21:00:00,538.898125
2024-05-18 22:00:00,423.86205
2024-05-18 23:00:00,384.976015
2024-05-19 00:00:00,391.93367
2024-05-19 01:00:00,392.18978000000004
2024-05-19 02:00:00,388.43350000000004
2024-05-19 03:00:00,382.75639500000005
2024-05-19 04:00:00,379.00011500000005
2024-05-19 05:00:00,377.59151
2024-05-19 06:00:00,371.78635
2024-05-19 07:00:00,364.6579550000001
2024-05-19 08:00:00,319.88139
2024-05-19 09:00:00,270.87901000000005
2024-05-19 10:00:00,176.11831
2024-05-19 11:00:00,181.06977000000003
2024-05-19 12:00:00,203.43671
2024-05-19 13:00:00,219.52895500000002
2024-05-19 14:00:00,304.215995
2024-05-19 15:00:00,339.815285
2024-05-19 16:00:00,377.16466
2024-05-19 17:00:00,386.93952500000006
2024-05-19 18:00:00,378.10373000000004
2024-05-19 19:00:00,398.33642000000003
2024-05-19 20:00:00,508.33566500000006
2024-05-19 21:00:00,540.7335800000001
2024-05-19 22:00:00,448.27787
2024-05-19 23:00:00,376.2682750000001
2024-05-20 00:00:00,404.845675
2024-05-20 01:00:00,410.33785
2024-05-20 02:00:00,406.25065
2024-05-20 03:00:00,413.6587
2024-05-20 04:00:00,403.01495
2024-05-20 05:00:00,404.419925
2024-05-20 06:00:00,461.1724
2024-05-20 07:00:00,462.492225
2024-05-20 08:00:00,482.03415
2024-05-20 09:00:00,430.26295000000005
2024-05-20 10:00:00,380.2799
2024-05-20 11:00:00,377.55510000000004
2024-05-20 12:00:00,379.811575
2024-05-20 13:00:00,380.663075
2024-05-20 14:00:00,391.988025
2024-05-20 15:00:00,456.06340000000006
2024-05-20 16:00:00,440.0552
2024-05-20 17:00:00,459.682275
2024-05-20 18:00:00,561.1385000000001
2024-05-20 19:00:00,599.37085
2024-05-20 20:00:00,623.596025
2024-05-20 21:00:00,573.9110000000001
2024-05-20 22:00:00,513.582225
2024-05-20 23:00:00,455.80795000000006
2024-05-21 00:00:00,424.82598800000005
2024-05-21 01:00:00,366.672636
2024-05-21 02:00:00,370.63183200000003
2024-05-21 03:00:00,378.209648
2024-05-21 04:00:00,371.951564
2024-05-21 05:00:00,365.863768
2024-05-21 06:00:00,482.29818800000004
2024-05-21 07:00:00,528.53138
2024-05-21 08:00:00,415.460148
2024-05-21 09:00:00,351.00614
2024-05-21 10:00:00,306.646116
2024-05-21 11:00:00,311.712184
2024-05-21 12:00:00,313.372492
2024-05-21 13:00:00,318.52370399999995
2024-05-21 14:00:00,349.814124
2024-05-21 15:00:00,366.41720399999997
2024-05-21 16:00:00,392.64155600000004
2024-05-21 17:00:00,380.16796
2024-05-21 18:00:00,447.602008
2024-05-21 19:00:00,554.4577280000001
2024-05-21 20:00:00,550.45596
2024-05-21 21:00:00,503.711904
2024-05-21 22:00:00,458.7133
2024-05-21 23:00:00,428.785184
2024-05-22 00:00:00,392.54150000000004
2024-05-22 01:00:00,392.20090000000005
2024-05-22 02:00:00,392.15832500000005
2024-05-22 03:00:00,392.20090000000005
2024-05-22 04:00:00,392.11575
2024-05-22 05:00:00,386.4107
2024-05-22 06:00:00,424.8985
2024-05-22 07:00:00,446.6969
2024-05-22 08:00:00,379.17295
2024-05-22 09:00:00,344.644625
2024-05-22 10:00:00,289.42485000000005
2024-05-22 11:00:00,302.4528
2024-05-22 12:00:00,280.611825
2024-05-22 13:00:00,292.74570000000006
2024-05-22 14:00:00,317.69465
2024-05-22 15:00:00,351.882375
2024-05-22 16:00:00,392.62665000000004
2024-05-22 17:00:00,403.78130000000004
2024-05-22 18:00:00,432.1788250000001
2024-05-22 19:00:00,614.1443750000001
2024-05-22 20:00:00,612.441375
2024-05-22 21:00:00,590.17465
2024-05-22 22:00:00,463.003125
2024-05-22 23:00:00,400.41787500000004
2024-05-23 00:00:00,381.088575
2024-05-23 01:00:00,408.842925
2024-05-23 02:00:00,412.386942
2024-05-23 03:00:00,410.93517599999996
2024-05-23 04:00:00,408.159741
2024-05-23 05:00:00,405.042714
2024-05-23 06:00:00,456.70850399999995
2024-05-23 07:00:00,502.60992899999997
2024-05-23 08:00:00,423.061692
2024-05-23 09:00:00,471.73855199999997
2024-05-23 10:00:00,410.678982
2024-05-23 11:00:00,409.355313
2024-05-23 12:00:00,409.14181799999994
2024-05-23 13:00:00,405.59780099999995
2024-05-23 14:00:00,405.51240299999995
2024-05-23 15:00:00,431.046405
2024-05-23 16:00:00,444.880881
2024-05-23 17:00:00,411.319467
2024-05-23 18:00:00,517.127589
2024-05-23 19:00:00,642.577251
2024-05-23 20:00:00,674.729598
2024-05-23 21:00:00,656.625222
2024-05-23 22:00:00,537.58041
2024-05-23 23:00:00,447.95520899999997
2024-05-24 00:00:00,439.49606400000005
2024-05-24 01:00:00,435.574656
2024-05-24 02:00:00,437.0664960000001
2024-05-24 03:00:00,439.53868800000004
2024-05-24 04:00:00,434.21068800000006
2024-05-24 05:00:00,439.28294400000004
2024-05-24 06:00:00,526.491648
2024-05-24 07:00:00,520.353792
2024-05-24 08:00:00,458.4637440000001
2024-05-24 09:00:00,428.84006400000004
2024-05-24 10:00:00,409.91500800000006
2024-05-24 11:00:00,397.809792
2024-05-24 12:00:00,396.872064
2024-05-24 13:00:00,403.095168
2024-05-24 14:00:00,411.278976
2024-05-24 15:00:00,411.44947200000007
2024-05-24 16:00:00,455.2669440000001
2024-05-24 17:00:00,430.41715200000004
2024-05-24 18:00:00,476.23795200000006
2024-05-24 19:00:00,556.5841920000001
2024-05-24 20:00:00,564.469632
2024-05-24 21:00:00,500.57625600000006
2024-05-24 22:00:00,467.45740800000004
2024-05-24 23:00:00,437.15174400000006
2024-05-25 00:00:00,404.416512
2024-05-25 01:00:00,390.9899520000001
2024-05-25 02:00:00,395.167104
2024-05-25 03:00:00,403.478784
2024-05-25 04:00:00,401.81644800000004
2024-05-25 05:00:00,404.6296320000001
2024-05-25 06:00:00,394.44249600000006
2024-05-25 07:00:00,406.931328
2024-05-25 08:00:00,407.86905600000006
2024-05-25 09:00:00,389.71123200000005
2024-05-25 10:00:00,349.857792
2024-05-25 11:00:00,340.18214400000005
2024-05-25 12:00:00,340.35264
2024-05-25 13:00:00,339.92640000000006
2024-05-25 14:00:00,354.50380800000005
2024-05-25 15:00:00,389.839104
2024-05-25 16:00:00,411.15110400000003
2024-05-25 17:00:00,412.131456
2024-05-25 18:00:00,406.71820800000006
2024-05-25 19:00:00,491.45472
2024-05-25 20:00:00,574.742016
2024-05-25 21:00:00,594.050688
2024-05-25 22:00:00,500.320512
2024-05-25 23:00:00,450.40780800000005
2024-05-26 00:00:00,473.25427200000007
2024-05-26 01:00:00,439.837056
2024-05-26 02:00:00,405.3116160000001
2024-05-26 03:00:00,405.950976
2024-05-26 04:00:00,411.70521600000006
2024-05-26 05:00:00,400.36723200000006
2024-05-26 06:00:00,391.416192
2024-05-26 07:00:00,350.36928000000006
2024-05-26 08:00:00,346.149504
2024-05-26 09:00:00,160.01049600000002
2024-05-26 10:00:00,9.249408
2024-05-26 11:00:00,-0.383616
2024-05-26 12:00:00,-9.334656
2024-05-26 13:00:00,-5.157504
2024-05-26 14:00:00,38.915712000000006
2024-05-26 15:00:00,254.72102400000003
2024-05-26 16:00:00,322.02432000000005
2024-05-26 17:00:00,394.99660800000004
2024-05-26 18:00:00,410.85273600000005
2024-05-26 19:00:00,479.69049600000005
2024-05-26 20:00:00,517.5832320000001
2024-05-26 21:00:00,498.999168
2024-05-26 22:00:00,443.07648000000006
2024-05-26 23:00:00,401.34758400000004
2024-05-27 00:00:00,394.149504
2024-05-27 01:00:00,389.21625599999993
2024-05-27 02:00:00,388.40822399999996
2024-05-27 03:00:00,384.49564799999996
2024-05-27 04:00:00,385.68643199999997
2024-05-27 05:00:00,366.71894399999996
2024-05-27 06:00:00,462.27936
2024-05-27 07:00:00,489.92256
2024-05-27 08:00:00,456.19785599999994
2024-05-27 09:00:00,393.38399999999996
2024-05-27 10:00:00,337.67232
2024-05-27 11:00:00,327.4656
2024-05-27 12:00:00,300.24767999999995
2024-05-27 13:00:00,299.439648
2024-05-27 14:00:00,315.85545599999995
2024-05-27 15:00:00,344.859552
2024-05-27 16:00:00,394.149504
2024-05-27 17:00:00,445.73596799999996
2024-05-27 18:00:00,561.837408
2024-05-27 19:00:00,635.0280959999999
2024-05-27 20:00:00,651.6565439999999
2024-05-27 21:00:00,623.8857599999999
2024-05-27 22:00:00,549.334176
2024-05-27 23:00:00,461.64143999999993
2024-05-28 00:00:00,418.25344
2024-05-28 01:00:00,410.544288
2024-05-28 02:00:00,409.30911999999995
2024-05-28 03:00:00,409.138752
2024-05-28 04:00:00,408.329504
2024-05-28 05:00:00,407.30729599999995
2024-05-28 06:00:00,473.367488
2024-05-28 07:00:00,515.320608
2024-05-28 08:00:00,437.760576
2024-05-28 09:00:00,365.694912
2024-05-28 10:00:00,328.682464
2024-05-28 11:00:00,320.80294399999997
2024-05-28 12:00:00,323.017728
2024-05-28 13:00:00,331.962048
2024-05-28 14:00:00,374.255904
2024-05-28 15:00:00,394.657472
2024-05-28 16:00:00,412.97203199999996
2024-05-28 17:00:00,395.50931199999997
2024-05-28 18:00:00,451.09187199999997
2024-05-28 19:00:00,580.188224
2024-05-28 20:00:00,644.246592
2024-05-28 21:00:00,526.096384
2024-05-28 22:00:00,428.390336
2024-05-28 23:00:00,432.60694399999994
2024-05-29 00:00:00,407.08758800000004
2024-05-29 01:00:00,405.51401500000003
2024-05-29 02:00:00,404.23814500000003
2024-05-29 03:00:00,403.387565
2024-05-29 04:00:00,403.387565
2024-05-29 05:00:00,422.99343400000004
2024-05-29 06:00:00,502.09737400000006
2024-05-29 07:00:00,508.39166600000004
2024-05-29 08:00:00,449.78670400000004
2024-05-29 09:00:00,434.64638
2024-05-29 10:00:00,404.0255
2024-05-29 11:00:00,396.667983
2024-05-29 12:00:00,391.01162600000004
2024-05-29 13:00:00,397.98638200000005
2024-05-29 14:00:00,395.17946800000004
2024-05-29 15:00:00,425.88540600000005
2024-05-29 16:00:00,433.455568
2024-05-29 17:00:00,448.34071800000004
2024-05-29 18:00:00,523.4469320000001
2024-05-29 19:00:00,594.0876010000001
2024-05-29 20:00:00,628.5786200000001
2024-05-29 21:00:00,616.330268
2024-05-29 22:00:00,519.6193220000001
2024-05-29 23:00:00,480.49264200000005
2024-05-30 00:00:00,438.644106
2024-05-30 01:00:00,424.22677500000003
2024-05-30 02:00:00,403.387565
2024-05-30 03:00:00,414.87039500000003
2024-05-30 04:00:00,421.54744800000003
2024-05-30 05:00:00,448.638421
2024-05-30 06:00:00,453.274082
2024-05-30 07:00:00,439.707331
2024-05-30 08:00:00,405.55654400000003
2024-05-30 09:00:00,389.77828500000004
2024-05-30 10:00:00,350.05619900000005
2024-05-30 11:00:00,332.023903
2024-05-30 12:00:00,306.37891600000006
2024-05-30 13:00:00,331.17332300000004
2024-05-30 14:00:00,340.57223200000004
2024-05-30 15:00:00,357.71141900000003
2024-05-30 16:00:00,393.86106900000004
2024-05-30 17:00:00,403.387565
2024-05-30 18:00:00,458.12238800000006
2024-05-30 19:00:00,540.1183000000001
2024-05-30 20:00:00,580.053031
2024-05-30 21:00:00,571.8449340000001
2024-05-30 22:00:00,463.8212740000001
2024-05-30 23:00:00,426.608399
2024-05-31 00:00:00,437.705568
2024-05-31 01:00:00,437.10807600000004
2024-05-31 02:00:00,425.4143040000001
2024-05-31 03:00:00,424.944846
2024-05-31 04:00:00,425.328948
2024-05-31 05:00:00,389.77817400000004
2024-05-31 06:00:00,465.10484400000007
2024-05-31 07:00:00,469.71406800000005
2024-05-31 08:00:00,468.04962600000005
2024-05-31 09:00:00,431.8160040000001
2024-05-31 10:00:00,385.33966200000003
2024-05-31 11:00:00,352.0935
2024-05-31 12:00:00,345.39305400000006
2024-05-31 13:00:00,374.328738
2024-05-31 14:00:00,385.425018
2024-05-31 15:00:00,396.350586
2024-05-31 16:00:00,406.5506280000001
2024-05-31 17:00:00,424.73145600000004
2024-05-31 18:00:00,479.743398
2024-05-31 19:00:00,519.7326840000001
2024-05-31 20:00:00,500.31419400000004
2024-05-31 21:00:00,534.669984
2024-05-31 22:00:00,494.894088
2024-05-31 23:00:00,414.31802400000004
2024-06-01 00:00:00,421.95738600000004
2024-06-01 01:00:00,369.93290400000006
2024-06-01 02:00:00,369.93290400000006
2024-06-01 03:00:00,369.93290400000006
2024-06-01 04:00:00,369.93290400000006
2024-06-01 05:00:00,364.128696
2024-06-01 06:00:00,364.811544
2024-06-01 07:00:00,375.310332
2024-06-01 08:00:00,409.28202000000005
2024-06-01 09:00:00,389.991564
2024-06-01 10:00:00,336.558708
2024-06-01 11:00:00,354.312756
2024-06-01 12:00:00,343.00308600000005
2024-06-01 13:00:00,355.379706
2024-06-01 14:00:00,353.41651800000005
2024-06-01 15:00:00,394.43007600000004
2024-06-01 16:00:00,375.865146
2024-06-01 17:00:00,398.95394400000004
2024-06-01 18:00:00,453.411072
2024-06-01 19:00:00,473.89651200000003
2024-06-01 20:00:00,505.222164
2024-06-01 21:00:00,524.9394
2024-06-01 22:00:00,500.698296
2024-06-01 23:00:00,463.09897800000005
2024-06-02 00:00:00,404.11798200000004
2024-06-02 01:00:00,395.4116700000001
2024-06-02 02:00:00,393.78990600000003
2024-06-02 03:00:00,385.211628
2024-06-02 04:00:00,385.723764
2024-06-02 05:00:00,396.26523
2024-06-02 06:00:00,389.991564
2024-06-02 07:00:00,398.271096
2024-06-02 08:00:00,398.868588
2024-06-02 09:00:00,389.1380040000001
2024-06-02 10:00:00,380.30365800000004
2024-06-02 11:00:00,325.803852
2024-06-02 12:00:00,320.59713600000003
2024-06-02 13:00:00,325.59046200000006
2024-06-02 14:00:00,326.102598
2024-06-02 15:00:00,325.54778400000004
2024-06-02 16:00:00,367.24419
2024-06-02 17:00:00,398.527164
2024-06-02 18:00:00,434.24865000000005
2024-06-02 19:00:00,470.65298400000006
2024-06-02 20:00:00,482.30407800000006
2024-06-02 21:00:00,484.82208
2024-06-02 22:00:00,454.09392
2024-06-02 23:00:00,399.25269000000003
2024-06-03 00:00:00,400.76712
2024-06-03 01:00:00,399.782329
2024-06-03 02:00:00,393.48823
2024-06-03 03:00:00,400.124865
2024-06-03 04:00:00,399.867963
2024-06-03 05:00:00,415.581802
2024-06-03 06:00:00,546.302103
2024-06-03 07:00:00,553.324091
2024-06-03 08:00:00,579.185559
2024-06-03 09:00:00,535.940389
2024-06-03 10:00:00,421.57618199999996
2024-06-03 11:00:00,407.06121899999994
2024-06-03 12:00:00,399.525427
2024-06-03 13:00:00,379.35862
2024-06-03 14:00:00,397.08485799999994
2024-06-03 15:00:00,391.00484399999993
2024-06-03 16:00:00,418.83589399999994
2024-06-03 17:00:00,469.103052
2024-06-03 18:00:00,569.680185
2024-06-03 19:00:00,613.053806
2024-06-03 20:00:00,604.4475889999999
2024-06-03 21:00:00,602.263922
2024-06-03 22:00:00,582.182749
2024-06-03 23:00:00,497.233821
2024-06-04 00:00:00,459.619484
2024-06-04 01:00:00,430.13138299999997
2024-06-04 02:00:00,425.324007
2024-06-04 03:00:00,425.066469
2024-06-04 04:00:00,411.717416
2024-06-04 05:00:00,450.133501
2024-06-04 06:00:00,609.0344469999999
2024-06-04 07:00:00,621.911347
2024-06-04 08:00:00,603.196919
2024-06-04 09:00:00,489.579738
2024-06-04 10:00:00,520.65599
2024-06-04 11:00:00,501.29771700000003
2024-06-04 12:00:00,481.252676
2024-06-04 13:00:00,476.702838
2024-06-04 14:00:00,476.18776199999996
2024-06-04 15:00:00,491.296658
2024-06-04 16:00:00,482.23990499999996
2024-06-04 17:00:00,551.3459349999999
2024-06-04 18:00:00,600.922
2024-06-04 19:00:00,681.7460090000001
2024-06-04 20:00:00,700.8038210000001
2024-06-04 21:00:00,642.943617
2024-06-04 22:00:00,576.5846590000001
2024-06-04 23:00:00,556.410849
2024-06-05 00:00:00,569.2723339999999
2024-06-05 01:00:00,509.088177
2024-06-05 02:00:00,487.332272
2024-06-05 03:00:00,487.28919099999996
2024-06-05 04:00:00,481.473256
2024-06-05 05:00:00,481.947147
2024-06-05 06:00:00,569.703144
2024-06-05 07:00:00,568.539957
2024-06-05 08:00:00,494.48371799999995
2024-06-05 09:00:00,370.453519
2024-06-05 10:00:00,351.79944599999993
2024-06-05 11:00:00,337.84120199999995
2024-06-05 12:00:00,351.11015
2024-06-05 13:00:00,356.064465
2024-06-05 14:00:00,367.524011
2024-06-05 15:00:00,369.07492699999995
2024-06-05 16:00:00,448.300886
2024-06-05 17:00:00,484.23044
2024-06-05 18:00:00,611.8794429999999
2024-06-05 19:00:00,675.94089
2024-06-05 20:00:00,705.8821849999999
2024-06-05 21:00:00,709.759475
2024-06-05 22:00:00,617.523054
2024-06-05 23:00:00,561.690078
2024-06-06 00:00:00,512.3522519999999
2024-06-06 01:00:00,474.42889799999995
2024-06-06 02:00:00,469.39824899999996
2024-06-06 03:00:00,470.344183
2024-06-06 04:00:00,469.613234
2024-06-06 05:00:00,469.39824899999996
2024-06-06 06:00:00,537.376506
2024-06-06 07:00:00,552.0814799999999
2024-06-06 08:00:00,568.033367
2024-06-06 09:00:00,481.265421
2024-06-06 10:00:00,453.79033799999996
2024-06-06 11:00:00,419.60772299999996
2024-06-06 12:00:00,418.70478599999996
2024-06-06 13:00:00,429.71201799999994
2024-06-06 14:00:00,452.6294189999999
2024-06-06 15:00:00,474.29990699999996
2024-06-06 16:00:00,482.2543519999999
2024-06-06 17:00:00,510.632372
2024-06-06 18:00:00,615.4160609999999
2024-06-06 19:00:00,683.5663059999999
2024-06-06 20:00:00,728.7991499999999
2024-06-06 21:00:00,721.6616479999999
2024-06-06 22:00:00,574.7408989999999
2024-06-06 23:00:00,520.0917119999999
2024-06-07 00:00:00,471.414981
2024-06-07 01:00:00,468.884412
2024-06-07 02:00:00,470.85739800000005
2024-06-07 03:00:00,468.2839380000001
2024-06-07 04:00:00,452.971851
2024-06-07 05:00:00,471.07185300000003
2024-06-07 06:00:00,487.027305
2024-06-07 07:00:00,510.61735500000003
2024-06-07 08:00:00,547.5893970000001
2024-06-07 09:00:00,487.07019600000007
2024-06-07 10:00:00,436.415925
2024-06-07 11:00:00,409.13724900000005
2024-06-07 12:00:00,403.732983
2024-06-07 13:00:00,399.14364600000005
2024-06-07 14:00:00,404.89104000000003
2024-06-07 15:00:00,418.144359
2024-06-07 16:00:00,469.3562130000001
2024-06-07 17:00:00,500.06616900000006
2024-06-07 18:00:00,548.833236
2024-06-07 19:00:00,569.6353710000001
2024-06-07 20:00:00,676.648416
2024-06-07 21:00:00,651.6858540000001
2024-06-07 22:00:00,543.9865530000001
2024-06-07 23:00:00,510.44579100000004
2024-06-08 00:00:00,468.71284800000006
2024-06-08 01:00:00,427.19436
2024-06-08 02:00:00,400.30170300000003
2024-06-08 03:00:00,363.758571
2024-06-08 04:00:00,399.787011
2024-06-08 05:00:00,357.196248
2024-06-08 06:00:00,354.02231400000005
2024-06-08 07:00:00,391.251702
2024-06-08 08:00:00,380.142933
2024-06-08 09:00:00,365.474211
2024-06-08 10:00:00,283.380837
2024-06-08 11:00:00,254.68675800000003
2024-06-08 12:00:00,229.93865100000002
2024-06-08 13:00:00,260.863062
2024-06-08 14:00:00,286.254534
2024-06-08 15:00:00,330.818283
2024-06-08 16:00:00,379.97136900000004
2024-06-08 17:00:00,387.520185
2024-06-08 18:00:00,469.82801400000005
2024-06-08 19:00:00,517.994607
2024-06-08 20:00:00,527.773755
2024-06-08 21:00:00,523.227309
2024-06-08 22:00:00,466.13938800000005
2024-06-08 23:00:00,401.80288800000005
2024-06-09 00:00:00,378.813312
2024-06-09 01:00:00,378.72753
2024-06-09 02:00:00,376.15407000000005
2024-06-09 03:00:00,378.64174800000006
2024-06-09 04:00:00,377.69814600000007
2024-06-09 05:00:00,367.661652
2024-06-09 06:00:00,348.789612
2024-06-09 07:00:00,303.882735
2024-06-09 08:00:00,199.271586
2024-06-09 09:00:00,30.323937000000004
2024-06-09 10:00:00,-9.135783
2024-06-09 11:00:00,-38.859246000000006
2024-06-09 12:00:00,-63.30711600000001
2024-06-09 13:00:00,-45.46446
2024-06-09 14:00:00,-9.993603000000002
2024-06-09 15:00:00,0.08578200000000001
2024-06-09 16:00:00,155.136747
2024-06-09 17:00:00,368.691036
2024-06-09 18:00:00,352.049328
2024-06-09 19:00:00,417.15786600000007
2024-06-09 20:00:00,529.017594
2024-06-09 21:00:00,538.4107230000001
2024-06-09 22:00:00,465.924933
2024-06-09 23:00:00,417.15786600000007
2024-06-10 00:00:00,441.084567
2024-06-10 01:00:00,484.497552
2024-06-10 02:00:00,496.76550000000003
2024-06-10 03:00:00,441.47334
2024-06-10 04:00:00,430.717287
2024-06-10 05:00:00,401.42972100000003
2024-06-10 06:00:00,512.014041
2024-06-10 07:00:00,641.518647
2024-06-10 08:00:00,628.51635
2024-06-10 09:00:00,544.368594
2024-06-10 10:00:00,544.368594
2024-06-10 11:00:00,544.368594
2024-06-10 12:00:00,538.277817
2024-06-10 13:00:00,544.368594
2024-06-10 14:00:00,539.746515
2024-06-10 15:00:00,551.928069
2024-06-10 16:00:00,489.37881300000004
2024-06-10 17:00:00,498.96854700000006
2024-06-10 18:00:00,530.45916
2024-06-10 19:00:00,565.923897
2024-06-10 20:00:00,630.071442
2024-06-10 21:00:00,621.475239
2024-06-10 22:00:00,572.273856
2024-06-10 23:00:00,496.981485
2024-06-11 00:00:00,442.55590400000006
2024-06-11 01:00:00,391.62547200000006
2024-06-11 02:00:00,375.19910400000003
2024-06-11 03:00:00,385.802368
2024-06-11 04:00:00,385.02016
2024-06-11 05:00:00,346.95270400000004
2024-06-11 06:00:00,398.448064
2024-06-11 07:00:00,421.52320000000003
2024-06-11 08:00:00,399.534464
2024-06-11 09:00:00,332.00384
2024-06-11 10:00:00,243.614336
2024-06-11 11:00:00,202.244224
2024-06-11 12:00:00,205.851072
2024-06-11 13:00:00,200.28870400000002
2024-06-11 14:00:00,202.244224
2024-06-11 15:00:00,282.768192
2024-06-11 16:00:00,343.51968
2024-06-11 17:00:00,375.286016
2024-06-11 18:00:00,420.176064
2024-06-11 19:00:00,495.963328
2024-06-11 20:00:00,526.643264
2024-06-11 21:00:00,535.942848
2024-06-11 22:00:00,502.56864
2024-06-11 23:00:00,400.44704
2024-06-12 00:00:00,393.39419599999997
2024-06-12 01:00:00,385.980662
2024-06-12 02:00:00,390.706248
2024-06-12 03:00:00,390.14264599999996
2024-06-12 04:00:00,381.211722
2024-06-12 05:00:00,415.201258
2024-06-12 06:00:00,541.231336
2024-06-12 07:00:00,554.06412
2024-06-12 08:00:00,483.440454
2024-06-12 09:00:00,376.356074
2024-06-12 10:00:00,379.737686
2024-06-12 11:00:00,378.56712799999997
2024-06-12 12:00:00,379.99781
2024-06-12 13:00:00,379.954456
2024-06-12 14:00:00,379.65097799999995
2024-06-12 15:00:00,390.61954
2024-06-12 16:00:00,452.875884
2024-06-12 17:00:00,465.66531399999997
2024-06-12 18:00:00,541.925
2024-06-12 19:00:00,607.0427080000001
2024-06-12 20:00:00,670.8597960000001
2024-06-12 21:00:00,663.663032
2024-06-12 22:00:00,585.105584
2024-06-12 23:00:00,465.795376
2024-06-13 00:00:00,446.599855
2024-06-13 01:00:00,459.82313
2024-06-13 02:00:00,458.7826099999999
2024-06-13 03:00:00,458.26234999999997
2024-06-13 04:00:00,458.52248
2024-06-13 05:00:00,444.90900999999997
2024-06-13 06:00:00,533.7000499999999
2024-06-13 07:00:00,570.074895
2024-06-13 08:00:00,507.296855
2024-06-13 09:00:00,509.811445
2024-06-13 10:00:00,484.62219
2024-06-13 11:00:00,486.31303499999996
2024-06-13 12:00:00,484.838965
2024-06-13 13:00:00,502.96135499999997
2024-06-13 14:00:00,494.8106149999999
2024-06-13 15:00:00,487.613685
2024-06-13 16:00:00,482.9747
2024-06-13 17:00:00,511.9358399999999
2024-06-13 18:00:00,555.03071
2024-06-13 19:00:00,638.1422449999999
2024-06-13 20:00:00,687.43688
2024-06-13 21:00:00,697.1484
2024-06-13 22:00:00,605.58264
2024-06-13 23:00:00,567.560305
2024-06-14 00:00:00,941.06
2024-06-14 01:00:00,414.69
2024-06-14 02:00:00,369.6
2024-06-14 03:00:00,369.38
2024-06-14 04:00:00,372.42
2024-06-14 05:00:00,371.47
2024-06-14 06:00:00,370.64
2024-06-14 07:00:00,424.36
2024-06-14 08:00:00,417.08
2024-06-14 09:00:00,369.6
2024-06-14 10:00:00,312.5
2024-06-14 11:00:00,285.28
2024-06-14 12:00:00,289.96
2024-06-14 13:00:00,331.67
2024-06-14 14:00:00,340.55
2024-06-14 15:00:00,368.95
2024-06-14 16:00:00,369.95
2024-06-14 17:00:00,375.71
2024-06-14 18:00:00,749.82
2024-06-14 19:00:00,575.8
2024-06-14 20:00:00,577.32
2024-06-14 21:00:00,494.2
2024-06-14 22:00:00,406.37
2024-06-14 23:00:00,374.02
2024-06-15 00:00:00,575.44
2024-06-15 01:00:00,573.87
2024-06-15 02:00:00,552.21
2024-06-15 03:00:00,564.72
2024-06-15 04:00:00,496.34
2024-06-15 05:00:00,478.3
2024-06-15 06:00:00,403.12
2024-06-15 07:00:00,403.43
2024-06-15 08:00:00,327.16
2024-06-15 09:00:00,-0.26
2024-06-15 10:00:00,-43.93
2024-06-15 11:00:00,-120.55
2024-06-15 12:00:00,-139.63
2024-06-15 13:00:00,-38.44
2024-06-15 14:00:00,0.48
2024-06-15 15:00:00,120.55
2024-06-15 16:00:00,370.79
2024-06-15 17:00:00,581.5
2024-06-15 18:00:00,660.64
2024-06-15 19:00:00,571.04
2024-06-15 20:00:00,567.69
2024-06-15 21:00:00,577.27
2024-06-15 22:00:00,579.85
2024-06-15 23:00:00,540.14
2024-06-16 00:00:00,438.16
2024-06-16 01:00:00,369.26
2024-06-16 02:00:00,358.89
2024-06-16 03:00:00,358.67
2024-06-16 04:00:00,351.66
2024-06-16 05:00:00,359.33
2024-06-16 06:00:00,329.47
2024-06-16 07:00:00,379.59
2024-06-16 08:00:00,362.2
2024-06-16 09:00:00,359.15
2024-06-16 10:00:00,360.02
2024-06-16 11:00:00,358.45
2024-06-16 12:00:00,359.76
2024-06-16 13:00:00,360.85
2024-06-16 14:00:00,367.91
2024-06-16 15:00:00,370.31
2024-06-16 16:00:00,397.37
2024-06-16 17:00:00,459.52
2024-06-16 18:00:00,427.36
2024-06-16 19:00:00,550.86
2024-06-16 20:00:00,632.8
2024-06-16 21:00:00,674.46
2024-06-16 22:00:00,596.71
2024-06-16 23:00:00,430.49
2024-06-17 00:00:00,432.02
2024-06-17 01:00:00,317.49
2024-06-17 02:00:00,299.05
2024-06-17 03:00:00,310.17
2024-06-17 04:00:00,318.1
2024-06-17 05:00:00,399.07
2024-06-17 06:00:00,522.97
2024-06-17 07:00:00,564.37
2024-06-17 08:00:00,468.1
2024-06-17 09:00:00,360.37
2024-06-17 10:00:00,281.45
2024-06-17 11:00:00,259.74
2024-06-17 12:00:00,199.43
2024-06-17 13:00:00,198.86
2024-06-17 14:00:00,273.86
2024-06-17 15:00:00,309.56
2024-06-17 16:00:00,376.06
2024-06-17 17:00:00,386.04
2024-06-17 18:00:00,616.67
2024-06-17 19:00:00,1089.57
2024-06-17 20:00:00,1194.69
2024-06-17 21:00:00,1141.82
2024-06-17 22:00:00,760.92
2024-06-17 23:00:00,498.39
2024-06-18 00:00:00,566.73
2024-06-18 01:00:00,458.15
2024-06-18 02:00:00,438.26
2024-06-18 03:00:00,400.5
2024-06-18 04:00:00,396.31
2024-06-18 05:00:00,429.67
2024-06-18 06:00:00,583.17
2024-06-18 07:00:00,552.16
2024-06-18 08:00:00,449.47
2024-06-18 09:00:00,328.72
2024-06-18 10:00:00,271.94
2024-06-18 11:00:00,237.66
2024-06-18 12:00:00,264.66
2024-06-18 13:00:00,281.49
2024-06-18 14:00:00,294.44
2024-06-18 15:00:00,422.56
2024-06-18 16:00:00,502.54
2024-06-18 17:00:00,441.09
2024-06-18 18:00:00,600.74
2024-06-18 19:00:00,1415.17
2024-06-18 20:00:00,1564.52
2024-06-18 21:00:00,1425.15
2024-06-18 22:00:00,654.43
2024-06-18 23:00:00,409.57
2024-06-19 00:00:00,443.16
2024-06-19 01:00:00,405.12
2024-06-19 02:00:00,387.82
2024-06-19 03:00:00,383.08
2024-06-19 04:00:00,375.91
2024-06-19 05:00:00,386.6
2024-06-19 06:00:00,477.76
2024-06-19 07:00:00,495.62
2024-06-19 08:00:00,459.02
2024-06-19 09:00:00,375.17
2024-06-19 10:00:00,326.53
2024-06-19 11:00:00,295.71
2024-06-19 12:00:00,267.15
2024-06-19 13:00:00,365.65
2024-06-19 14:00:00,423.86
2024-06-19 15:00:00,460.41
2024-06-19 16:00:00,508.62
2024-06-19 17:00:00,561.08
2024-06-19 18:00:00,649.5
2024-06-19 19:00:00,937.26
2024-06-19 20:00:00,969.29
2024-06-19 21:00:00,778.77
2024-06-19 22:00:00,555.56
2024-06-19 23:00:00,472.06
2024-06-20 00:00:00,492.19
2024-06-20 01:00:00,468.11
2024-06-20 02:00:00,410.12
2024-06-20 03:00:00,466.16
2024-06-20 04:00:00,397.37
2024-06-20 05:00:00,450.94
2024-06-20 06:00:00,496.09
2024-06-20 07:00:00,560.24
2024-06-20 08:00:00,446.43
2024-06-20 09:00:00,310.62
2024-06-20 10:00:00,220.7
2024-06-20 11:00:00,114.82
2024-06-20 12:00:00,103.71
2024-06-20 13:00:00,88.49
2024-06-20 14:00:00,149.0
2024-06-20 15:00:00,269.54
2024-06-20 16:00:00,375.77
2024-06-20 17:00:00,602.19
2024-06-20 18:00:00,519.69
2024-06-20 19:00:00,811.43
2024-06-20 20:00:00,1260.72
2024-06-20 21:00:00,1189.76
2024-06-20 22:00:00,602.19
2024-06-20 23:00:00,437.4
2024-06-21 00:00:00,454.22
2024-06-21 01:00:00,409.29
2024-06-21 02:00:00,388.93
2024-06-21 03:00:00,379.98
2024-06-21 04:00:00,375.44
2024-06-21 05:00:00,376.86
2024-06-21 06:00:00,556.6
2024-06-21 07:00:00,528.76
2024-06-21 08:00:00,599.97
2024-06-21 09:00:00,454.82
2024-06-21 10:00:00,424.51
2024-06-21 11:00:00,391.56
2024-06-21 12:00:00,382.74
2024-06-21 13:00:00,358.44
2024-06-21 14:00:00,341.8
2024-06-21 15:00:00,381.23
2024-06-21 16:00:00,481.89
2024-06-21 17:00:00,532.65
2024-06-21 18:00:00,600.88
2024-06-21 19:00:00,882.06
2024-06-21 20:00:00,889.1
2024-06-21 21:00:00,742.4
2024-06-21 22:00:00,520.93
2024-06-21 23:00:00,447.47
2024-06-22 00:00:00,439.42
2024-06-22 01:00:00,400.6
2024-06-22 02:00:00,364.98
2024-06-22 03:00:00,349.81
2024-06-22 04:00:00,350.33
2024-06-22 05:00:00,371.13
2024-06-22 06:00:00,322.99
2024-06-22 07:00:00,468.75
2024-06-22 08:00:00,479.54
2024-06-22 09:00:00,381.83
2024-06-22 10:00:00,374.29
2024-06-22 11:00:00,344.35
2024-06-22 12:00:00,329.53
2024-06-22 13:00:00,112.31
2024-06-22 14:00:00,0.22
2024-06-22 15:00:00,-23.1
2024-06-22 16:00:00,35.79
2024-06-22 17:00:00,319.26
2024-06-22 18:00:00,403.54
2024-06-22 19:00:00,475.51
2024-06-22 20:00:00,544.45
2024-06-22 21:00:00,560.23
2024-06-22 22:00:00,483.92
2024-06-22 23:00:00,475.64
2024-06-23 00:00:00,487.17
2024-06-23 01:00:00,388.77
2024-06-23 02:00:00,376.33
2024-06-23 03:00:00,375.29
2024-06-23 04:00:00,368.31
2024-06-23 05:00:00,273.03
2024-06-23 06:00:00,249.93
2024-06-23 07:00:00,200.97
2024-06-23 08:00:00,86.36
2024-06-23 09:00:00,18.37
2024-06-23 10:00:00,0.0
2024-06-23 11:00:00,-0.22
2024-06-23 12:00:00,-0.39
2024-06-23 13:00:00,-4.29
2024-06-23 14:00:00,-9.19
2024-06-23 15:00:00,-7.67
2024-06-23 16:00:00,3.77
2024-06-23 17:00:00,151.01
2024-06-23 18:00:00,485.61
2024-06-23 19:00:00,587.35
2024-06-23 20:00:00,660.93
2024-06-23 21:00:00,689.7
2024-06-23 22:00:00,576.17
2024-06-23 23:00:00,483.18
2024-06-24 00:00:00,466.28
2024-06-24 01:00:00,402.46
2024-06-24 02:00:00,368.57
2024-06-24 03:00:00,367.79
2024-06-24 04:00:00,372.6
2024-06-24 05:00:00,423.21
2024-06-24 06:00:00,575.39
2024-06-24 07:00:00,552.34
2024-06-24 08:00:00,457.23
2024-06-24 09:00:00,486.95
2024-06-24 10:00:00,386.04
2024-06-24 11:00:00,485.39
2024-06-24 12:00:00,538.99
2024-06-24 13:00:00,550.87
2024-06-24 14:00:00,552.73
2024-06-24 15:00:00,453.11
2024-06-24 16:00:00,480.58
2024-06-24 17:00:00,551.26
2024-06-24 18:00:00,750.28
2024-06-24 19:00:00,951.38
2024-06-24 20:00:00,1400.8
2024-06-24 21:00:00,1365.45
2024-06-24 22:00:00,750.28
2024-06-24 23:00:00,587.7
2024-06-25 00:00:00,699.29
2024-06-25 01:00:00,574.97
2024-06-25 02:00:00,548.44
2024-06-25 03:00:00,513.19
2024-06-25 04:00:00,486.19
2024-06-25 05:00:00,513.37
2024-06-25 06:00:00,629.14
2024-06-25 07:00:00,578.08
2024-06-25 08:00:00,457.55
2024-06-25 09:00:00,319.45
2024-06-25 10:00:00,312.36
2024-06-25 11:00:00,286.96
2024-06-25 12:00:00,313.62
2024-06-25 13:00:00,310.42
2024-06-25 14:00:00,309.3
2024-06-25 15:00:00,371.63
2024-06-25 16:00:00,370.16
2024-06-25 17:00:00,478.72
2024-06-25 18:00:00,784.78
2024-06-25 19:00:00,1398.54
2024-06-25 20:00:00,1520.79
2024-06-25 21:00:00,1350.59
2024-06-25 22:00:00,854.11
2024-06-25 23:00:00,574.49
2024-06-26 00:00:00,469.38
2024-06-26 01:00:00,429.99
2024-06-26 02:00:00,409.01
2024-06-26 03:00:00,409.61
2024-06-26 04:00:00,393.48
2024-06-26 05:00:00,418.58
2024-06-26 06:00:00,481.83
2024-06-26 07:00:00,557.82
2024-06-26 08:00:00,519.63
2024-06-26 09:00:00,436.64
2024-06-26 10:00:00,359.28
2024-06-26 11:00:00,337.39
2024-06-26 12:00:00,323.49
2024-06-26 13:00:00,329.28
2024-06-26 14:00:00,341.3
2024-06-26 15:00:00,387.98
2024-06-26 16:00:00,477.92
2024-06-26 17:00:00,587.98
2024-06-26 18:00:00,789.31
2024-06-26 19:00:00,1281.86
2024-06-26 20:00:00,1542.15
2024-06-26 21:00:00,841.19
2024-06-26 22:00:00,533.44
2024-06-26 23:00:00,472.0
2024-06-27 00:00:00,615.15
2024-06-27 01:00:00,506.96
2024-06-27 02:00:00,485.59
2024-06-27 03:00:00,492.1
2024-06-27 04:00:00,464.18
2024-06-27 05:00:00,482.36
2024-06-27 06:00:00,507.0
2024-06-27 07:00:00,539.36
2024-06-27 08:00:00,587.92
2024-06-27 09:00:00,380.07
2024-06-27 10:00:00,196.48
2024-06-27 11:00:00,145.25
2024-06-27 12:00:00,240.3
2024-06-27 13:00:00,315.57
2024-06-27 14:00:00,324.96
2024-06-27 15:00:00,473.22
2024-06-27 16:00:00,650.53
2024-06-27 17:00:00,604.81
2024-06-27 18:00:00,740.92
2024-06-27 19:00:00,1250.99
2024-06-27 20:00:00,1491.33
2024-06-27 21:00:00,1101.65
2024-06-27 22:00:00,605.07
2024-06-27 23:00:00,455.86
2024-06-28 00:00:00,611.59
2024-06-28 01:00:00,491.94
2024-06-28 02:00:00,486.43
2024-06-28 03:00:00,486.9
2024-06-28 04:00:00,485.83
2024-06-28 05:00:00,505.47
2024-06-28 06:00:00,535.98
2024-06-28 07:00:00,539.77
2024-06-28 08:00:00,759.67
2024-06-28 09:00:00,539.77
2024-06-28 10:00:00,435.24
2024-06-28 11:00:00,385.52
2024-06-28 12:00:00,387.46
2024-06-28 13:00:00,437.49
2024-06-28 14:00:00,500.04
2024-06-28 15:00:00,619.73
2024-06-28 16:00:00,721.98
2024-06-28 17:00:00,645.37
2024-06-28 18:00:00,779.32
2024-06-28 19:00:00,843.39
2024-06-28 20:00:00,784.32
2024-06-28 21:00:00,618.87
2024-06-28 22:00:00,552.78
2024-06-28 23:00:00,469.93
2024-06-29 00:00:00,593.94
2024-06-29 01:00:00,500.83
2024-06-29 02:00:00,483.4
2024-06-29 03:00:00,481.24
2024-06-29 04:00:00,473.27
2024-06-29 05:00:00,457.18
2024-06-29 06:00:00,471.11
2024-06-29 07:00:00,545.81
2024-06-29 08:00:00,459.55
2024-06-29 09:00:00,312.05
2024-06-29 10:00:00,51.89
2024-06-29 11:00:00,0.22
2024-06-29 12:00:00,8.19
2024-06-29 13:00:00,50.03
2024-06-29 14:00:00,66.38
2024-06-29 15:00:00,253.17
2024-06-29 16:00:00,415.17
2024-06-29 17:00:00,545.94
2024-06-29 18:00:00,612.49
2024-06-29 19:00:00,655.45
2024-06-29 20:00:00,716.09
2024-06-29 21:00:00,633.97
2024-06-29 22:00:00,690.94
2024-06-29 23:00:00,545.68
2024-06-30 00:00:00,439.58
2024-06-30 01:00:00,321.75
2024-06-30 02:00:00,313.38
2024-06-30 03:00:00,316.88
2024-06-30 04:00:00,282.54
2024-06-30 05:00:00,225.61
2024-06-30 06:00:00,217.55
2024-06-30 07:00:00,88.07
2024-06-30 08:00:00,29.46
2024-06-30 09:00:00,3.54
2024-06-30 10:00:00,0.0
2024-06-30 11:00:00,0.0
2024-06-30 12:00:00,-0.04
2024-06-30 13:00:00,-6.25
2024-06-30 14:00:00,-4.53
2024-06-30 15:00:00,0.0
2024-06-30 16:00:00,3.32
2024-06-30 17:00:00,152.25
2024-06-30 18:00:00,449.67
2024-06-30 19:00:00,519.89
2024-06-30 20:00:00,492.76
2024-06-30 21:00:00,479.69
2024-06-30 22:00:00,449.59
2024-06-30 23:00:00,413.14
2024-07-01 00:00:00,527.82
2024-07-01 01:00:00,486.29
2024-07-01 02:00:00,417.8
2024-07-01 03:00:00,384.5
2024-07-01 04:00:00,380.41
2024-07-01 05:00:00,384.98
2024-07-01 06:00:00,618.05
2024-07-01 07:00:00,624.65
2024-07-01 08:00:00,623.53
2024-07-01 09:00:00,621.29
2024-07-01 10:00:00,548.96
2024-07-01 11:00:00,554.39
2024-07-01 12:00:00,505.83
2024-07-01 13:00:00,503.59
2024-07-01 14:00:00,588.29
2024-07-01 15:00:00,535.29
2024-07-01 16:00:00,763.57
2024-07-01 17:00:00,866.48
2024-07-01 18:00:00,1199.32
2024-07-01 19:00:00,1349.62
2024-07-01 20:00:00,1454.17
2024-07-01 21:00:00,1124.36
2024-07-01 22:00:00,824.52
2024-07-01 23:00:00,604.64
2024-07-02 00:00:00,717.4
2024-07-02 01:00:00,629.28
2024-07-02 02:00:00,591.89
2024-07-02 03:00:00,555.19
2024-07-02 04:00:00,523.55
2024-07-02 05:00:00,537.91
2024-07-02 06:00:00,643.04
2024-07-02 07:00:00,458.56
2024-07-02 08:00:00,610.59
2024-07-02 09:00:00,461.53
2024-07-02 10:00:00,359.32
2024-07-02 11:00:00,321.37
2024-07-02 12:00:00,314.19
2024-07-02 13:00:00,305.34
2024-07-02 14:00:00,274.95
2024-07-02 15:00:00,290.55
2024-07-02 16:00:00,343.5
2024-07-02 17:00:00,409.39
2024-07-02 18:00:00,753.63
2024-07-02 19:00:00,487.28
2024-07-02 20:00:00,607.67
2024-07-02 21:00:00,485.26
2024-07-02 22:00:00,514.31
2024-07-02 23:00:00,445.46
2024-07-03 00:00:00,450.0
2024-07-03 01:00:00,400.01
2024-07-03 02:00:00,400.79
2024-07-03 03:00:00,399.53
2024-07-03 04:00:00,402.95
2024-07-03 05:00:00,390.05
2024-07-03 06:00:00,456.97
2024-07-03 07:00:00,494.46
2024-07-03 08:00:00,484.41
2024-07-03 09:00:00,402.43
2024-07-03 10:00:00,379.53
2024-07-03 11:00:00,425.03
2024-07-03 12:00:00,380.4
2024-07-03 13:00:00,375.77
2024-07-03 14:00:00,384.51
2024-07-03 15:00:00,425.07
2024-07-03 16:00:00,352.3
2024-07-03 17:00:00,410.83
2024-07-03 18:00:00,691.32
2024-07-03 19:00:00,822.43
2024-07-03 20:00:00,973.76
2024-07-03 21:00:00,804.77
2024-07-03 22:00:00,720.58
2024-07-03 23:00:00,503.33
2024-07-04 00:00:00,534.58
2024-07-04 01:00:00,493.45
2024-07-04 02:00:00,402.42
2024-07-04 03:00:00,394.72
2024-07-04 04:00:00,397.56
2024-07-04 05:00:00,449.57
2024-07-04 06:00:00,615.85
2024-07-04 07:00:00,521.76
2024-07-04 08:00:00,492.33
2024-07-04 09:00:00,361.76
2024-07-04 10:00:00,275.33
2024-07-04 11:00:00,308.03
2024-07-04 12:00:00,311.86
2024-07-04 13:00:00,309.32
2024-07-04 14:00:00,308.42
2024-07-04 15:00:00,291.04
2024-07-04 16:00:00,352.21
2024-07-04 17:00:00,463.77
2024-07-04 18:00:00,710.79
2024-07-04 19:00:00,849.58
2024-07-04 20:00:00,803.59
2024-07-04 21:00:00,611.67
2024-07-04 22:00:00,546.71
2024-07-04 23:00:00,482.74
2024-07-05 00:00:00,522.49
2024-07-05 01:00:00,481.06
2024-07-05 02:00:00,450.42
2024-07-05 03:00:00,448.92
2024-07-05 04:00:00,394.81
2024-07-05 05:00:00,393.99
2024-07-05 06:00:00,526.44
2024-07-05 07:00:00,475.05
2024-07-05 08:00:00,348.31
2024-07-05 09:00:00,153.21
2024-07-05 10:00:00,9.88
2024-07-05 11:00:00,0.52
2024-07-05 12:00:00,-0.17
2024-07-05 13:00:00,-12.59
2024-07-05 14:00:00,-3.31
2024-07-05 15:00:00,201.04
2024-07-05 16:00:00,339.42
2024-07-05 17:00:00,470.83
2024-07-05 18:00:00,587.6
2024-07-05 19:00:00,564.18
2024-07-05 20:00:00,769.85
2024-07-05 21:00:00,651.89
2024-07-05 22:00:00,517.5
2024-07-05 23:00:00,495.67
2024-07-06 00:00:00,481.55
2024-07-06 01:00:00,381.52
2024-07-06 02:00:00,384.61
2024-07-06 03:00:00,385.51
2024-07-06 04:00:00,389.88
2024-07-06 05:00:00,415.38
2024-07-06 06:00:00,417.22
2024-07-06 07:00:00,423.65
2024-07-06 08:00:00,329.71
2024-07-06 09:00:00,100.03
2024-07-06 10:00:00,-8.91
2024-07-06 11:00:00,-52.42
2024-07-06 12:00:00,-99.6
2024-07-06 13:00:00,-7.59
2024-07-06 14:00:00,-112.67
2024-07-06 15:00:00,-50.14
2024-07-06 16:00:00,-1.03
2024-07-06 17:00:00,271.29
2024-07-06 18:00:00,476.41
2024-07-06 19:00:00,440.79
2024-07-06 20:00:00,520.6
2024-07-06 21:00:00,536.8
2024-07-06 22:00:00,529.81
2024-07-06 23:00:00,405.69
2024-07-07 00:00:00,247.85
2024-07-07 01:00:00,297.48
2024-07-07 02:00:00,328.12
2024-07-07 03:00:00,304.33
2024-07-07 04:00:00,299.53
2024-07-07 05:00:00,306.22
2024-07-07 06:00:00,319.72
2024-07-07 07:00:00,259.89
2024-07-07 08:00:00,149.23
2024-07-07 09:00:00,0.0
2024-07-07 10:00:00,-34.03
2024-07-07 11:00:00,-49.33
2024-07-07 12:00:00,-8.49
2024-07-07 13:00:00,10.71
2024-07-07 14:00:00,209.62
2024-07-07 15:00:00,343.68
2024-07-07 16:00:00,424.85
2024-07-07 17:00:00,516.57
2024-07-07 18:00:00,561.65
2024-07-07 19:00:00,664.51
2024-07-07 20:00:00,685.21
2024-07-07 21:00:00,682.73
2024-07-07 22:00:00,525.87
2024-07-07 23:00:00,454.29
2024-07-08 00:00:00,371.11
2024-07-08 01:00:00,349.12
2024-07-08 02:00:00,341.41
2024-07-08 03:00:00,339.69
2024-07-08 04:00:00,339.35
2024-07-08 05:00:00,349.29
2024-07-08 06:00:00,532.68
2024-07-08 07:00:00,556.21
2024-07-08 08:00:00,489.91
2024-07-08 09:00:00,389.75
2024-07-08 10:00:00,347.62
2024-07-08 11:00:00,347.54
2024-07-08 12:00:00,348.05
2024-07-08 13:00:00,354.48
2024-07-08 14:00:00,360.26
2024-07-08 15:00:00,379.42
2024-07-08 16:00:00,423.18
2024-07-08 17:00:00,451.04
2024-07-08 18:00:00,710.46
2024-07-08 19:00:00,984.79
2024-07-08 20:00:00,1409.56
2024-07-08 21:00:00,1120.57
2024-07-08 22:00:00,751.04
2024-07-08 23:00:00,510.27
2024-07-09 00:00:00,524.95
2024-07-09 01:00:00,434.13
2024-07-09 02:00:00,407.35
2024-07-09 03:00:00,396.49
2024-07-09 04:00:00,377.41
2024-07-09 05:00:00,408.68
2024-07-09 06:00:00,473.4
2024-07-09 07:00:00,450.0
2024-07-09 08:00:00,578.04
2024-07-09 09:00:00,357.13
2024-07-09 10:00:00,250.01
2024-07-09 11:00:00,301.0
2024-07-09 12:00:00,250.9
2024-07-09 13:00:00,304.47
2024-07-09 14:00:00,310.71
2024-07-09 15:00:00,367.57
2024-07-09 16:00:00,365.13
2024-07-09 17:00:00,450.43
2024-07-09 18:00:00,614.36
2024-07-09 19:00:00,969.69
2024-07-09 20:00:00,1017.22
2024-07-09 21:00:00,699.75
2024-07-09 22:00:00,567.69
2024-07-09 23:00:00,531.28
2024-07-10 00:00:00,458.39
2024-07-10 01:00:00,340.34
2024-07-10 02:00:00,311.6
2024-07-10 03:00:00,311.22
2024-07-10 04:00:00,330.83
2024-07-10 05:00:00,330.11
2024-07-10 06:00:00,474.16
2024-07-10 07:00:00,453.74
2024-07-10 08:00:00,434.9
2024-07-10 09:00:00,362.08
2024-07-10 10:00:00,277.11
2024-07-10 11:00:00,234.4
2024-07-10 12:00:00,140.94
2024-07-10 13:00:00,144.31
2024-07-10 14:00:00,192.7
2024-07-10 15:00:00,296.0
2024-07-10 16:00:00,321.75
2024-07-10 17:00:00,475.57
2024-07-10 18:00:00,670.49
2024-07-10 19:00:00,1034.96
2024-07-10 20:00:00,1172.41
2024-07-10 21:00:00,1044.59
2024-07-10 22:00:00,693.68
2024-07-10 23:00:00,577.81
2024-07-11 00:00:00,521.53
2024-07-11 01:00:00,433.5
2024-07-11 02:00:00,400.33
2024-07-11 03:00:00,390.54
2024-07-11 04:00:00,391.56
2024-07-11 05:00:00,393.48
2024-07-11 06:00:00,540.8
2024-07-11 07:00:00,511.33
2024-07-11 08:00:00,463.14
2024-07-11 09:00:00,524.68
2024-07-11 10:00:00,527.53
2024-07-11 11:00:00,528.25
2024-07-11 12:00:00,550.03
2024-07-11 13:00:00,519.53
2024-07-11 14:00:00,480.83
2024-07-11 15:00:00,505.16
2024-07-11 16:00:00,405.77
2024-07-11 17:00:00,549.99
2024-07-11 18:00:00,930.83
2024-07-11 19:00:00,1215.18
2024-07-11 20:00:00,1452.83
2024-07-11 21:00:00,1280.08
2024-07-11 22:00:00,870.06
2024-07-11 23:00:00,768.63
2024-07-12 00:00:00,605.57
2024-07-12 01:00:00,457.46
2024-07-12 02:00:00,405.67
2024-07-12 03:00:00,393.92
2024-07-12 04:00:00,400.9
2024-07-12 05:00:00,427.31
2024-07-12 06:00:00,591.14
2024-07-12 07:00:00,669.79
2024-07-12 08:00:00,516.53
2024-07-12 09:00:00,517.04
2024-07-12 10:00:00,410.87
2024-07-12 11:00:00,390.64
2024-07-12 12:00:00,375.61
2024-07-12 13:00:00,387.75
2024-07-12 14:00:00,381.49
2024-07-12 15:00:00,473.6
2024-07-12 16:00:00,481.01
2024-07-12 17:00:00,548.0
2024-07-12 18:00:00,899.25
2024-07-12 19:00:00,1073.12
2024-07-12 20:00:00,1075.64
2024-07-12 21:00:00,903.29
2024-07-12 22:00:00,599.48
2024-07-12 23:00:00,488.55
2024-07-13 00:00:00,566.14
2024-07-13 01:00:00,485.09
2024-07-13 02:00:00,470.11
2024-07-13 03:00:00,465.3
2024-07-13 04:00:00,409.45
2024-07-13 05:00:00,441.59
2024-07-13 06:00:00,508.89
2024-07-13 07:00:00,388.08
2024-07-13 08:00:00,355.95
2024-07-13 09:00:00,100.8
2024-07-13 10:00:00,22.01
2024-07-13 11:00:00,1.53
2024-07-13 12:00:00,1.96
2024-07-13 13:00:00,-17.54
2024-07-13 14:00:00,-51.63
2024-07-13 15:00:00,-0.26
2024-07-13 16:00:00,60.36
2024-07-13 17:00:00,349.3
2024-07-13 18:00:00,670.77
2024-07-13 19:00:00,772.17
2024-07-13 20:00:00,909.44
2024-07-13 21:00:00,892.76
2024-07-13 22:00:00,689.59
2024-07-13 23:00:00,539.66
2024-07-14 00:00:00,500.25
2024-07-14 01:00:00,483.6
2024-07-14 02:00:00,450.15
2024-07-14 03:00:00,473.86
2024-07-14 04:00:00,489.05
2024-07-14 05:00:00,438.91
2024-07-14 06:00:00,405.58
2024-07-14 07:00:00,392.04
2024-07-14 08:00:00,471.9
2024-07-14 09:00:00,323.17
2024-07-14 10:00:00,196.57
2024-07-14 11:00:00,129.91
2024-07-14 12:00:00,139.75
2024-07-14 13:00:00,105.1
2024-07-14 14:00:00,36.78
2024-07-14 15:00:00,54.4
2024-07-14 16:00:00,341.17
2024-07-14 17:00:00,506.21
2024-07-14 18:00:00,549.37
2024-07-14 19:00:00,818.14
2024-07-14 20:00:00,879.99
2024-07-14 21:00:00,874.33
2024-07-14 22:00:00,583.38
2024-07-14 23:00:00,454.49
2024-07-15 00:00:00,429.25
2024-07-15 01:00:00,360.76
2024-07-15 02:00:00,340.88
2024-07-15 03:00:00,340.49
2024-07-15 04:00:00,344.37
2024-07-15 05:00:00,403.11
2024-07-15 06:00:00,589.64
2024-07-15 07:00:00,657.87
2024-07-15 08:00:00,447.04
2024-07-15 09:00:00,359.69
2024-07-15 10:00:00,250.59
2024-07-15 11:00:00,236.67
2024-07-15 12:00:00,285.16
2024-07-15 13:00:00,298.69
2024-07-15 14:00:00,310.53
2024-07-15 15:00:00,334.7
2024-07-15 16:00:00,466.58
2024-07-15 17:00:00,681.16
2024-07-15 18:00:00,1045.45
2024-07-15 19:00:00,1598.22
2024-07-15 20:00:00,1752.82
2024-07-15 21:00:00,1423.87
2024-07-15 22:00:00,893.4
2024-07-15 23:00:00,537.79
2024-07-16 00:00:00,499.92
2024-07-16 01:00:00,415.81
2024-07-16 02:00:00,382.79
2024-07-16 03:00:00,384.32
2024-07-16 04:00:00,389.89
2024-07-16 05:00:00,392.52
2024-07-16 06:00:00,521.25
2024-07-16 07:00:00,517.6
2024-07-16 08:00:00,456.18
2024-07-16 09:00:00,347.81
2024-07-16 10:00:00,324.27
2024-07-16 11:00:00,380.28
2024-07-16 12:00:00,436.46
2024-07-16 13:00:00,467.91
2024-07-16 14:00:00,498.73
2024-07-16 15:00:00,511.77
2024-07-16 16:00:00,618.79
2024-07-16 17:00:00,1280.54
2024-07-16 18:00:00,1199.92
2024-07-16 19:00:00,1689.59
2024-07-16 20:00:00,1848.96
2024-07-16 21:00:00,1574.8
2024-07-16 22:00:00,886.83
2024-07-16 23:00:00,533.15
2024-07-17 00:00:00,494.93
2024-07-17 01:00:00,399.88
2024-07-17 02:00:00,359.75
2024-07-17 03:00:00,353.91
2024-07-17 04:00:00,370.78
2024-07-17 05:00:00,389.91
2024-07-17 06:00:00,569.79
2024-07-17 07:00:00,546.61
2024-07-17 08:00:00,450.32
2024-07-17 09:00:00,349.95
2024-07-17 10:00:00,285.87
2024-07-17 11:00:00,242.71
2024-07-17 12:00:00,284.68
2024-07-17 13:00:00,284.68
2024-07-17 14:00:00,324.64
2024-07-17 15:00:00,329.63
2024-07-17 16:00:00,349.95
2024-07-17 17:00:00,530.55
2024-07-17 18:00:00,1074.43
2024-07-17 19:00:00,1736.84
2024-07-17 20:00:00,2042.61
2024-07-17 21:00:00,1798.78
2024-07-17 22:00:00,1042.43
2024-07-17 23:00:00,706.84
2024-07-18 00:00:00,569.12
2024-07-18 01:00:00,421.88
2024-07-18 02:00:00,382.27
2024-07-18 03:00:00,376.1
2024-07-18 04:00:00,371.16
2024-07-18 05:00:00,437.15
2024-07-18 06:00:00,545.18
2024-07-18 07:00:00,504.64
2024-07-18 08:00:00,418.66
2024-07-18 09:00:00,338.81
2024-07-18 10:00:00,260.77
2024-07-18 11:00:00,207.83
2024-07-18 12:00:00,177.71
2024-07-18 13:00:00,172.9
2024-07-18 14:00:00,170.37
2024-07-18 15:00:00,280.33
2024-07-18 16:00:00,343.58
2024-07-18 17:00:00,355.8
2024-07-18 18:00:00,759.87
2024-07-18 19:00:00,1699.21
2024-07-18 20:00:00,2251.82
2024-07-18 21:00:00,1640.26
2024-07-18 22:00:00,1049.6
2024-07-18 23:00:00,484.69
2024-07-19 00:00:00,519.79
2024-07-19 01:00:00,410.47
2024-07-19 02:00:00,398.4
2024-07-19 03:00:00,405.57
2024-07-19 04:00:00,387.87
2024-07-19 05:00:00,404.71
2024-07-19 06:00:00,493.5
2024-07-19 07:00:00,474.3
2024-07-19 08:00:00,422.67
2024-07-19 09:00:00,349.77
2024-07-19 10:00:00,307.46
2024-07-19 11:00:00,267.86
2024-07-19 12:00:00,222.76
2024-07-19 13:00:00,226.41
2024-07-19 14:00:00,239.25
2024-07-19 15:00:00,324.99
2024-07-19 16:00:00,325.42
2024-07-19 17:00:00,418.89
2024-07-19 18:00:00,636.88
2024-07-19 19:00:00,1353.27
2024-07-19 20:00:00,1598.83
2024-07-19 21:00:00,961.22
2024-07-19 22:00:00,528.81
2024-07-19 23:00:00,435.04
2024-07-20 00:00:00,443.9
2024-07-20 01:00:00,437.89
2024-07-20 02:00:00,406.07
2024-07-20 03:00:00,410.15
2024-07-20 04:00:00,420.97
2024-07-20 05:00:00,411.18
2024-07-20 06:00:00,398.61
2024-07-20 07:00:00,372.16
2024-07-20 08:00:00,359.8
2024-07-20 09:00:00,213.45
2024-07-20 10:00:00,68.26
2024-07-20 11:00:00,46.84
2024-07-20 12:00:00,67.66
2024-07-20 13:00:00,99.77
2024-07-20 14:00:00,105.91
2024-07-20 15:00:00,261.53
2024-07-20 16:00:00,362.76
2024-07-20 17:00:00,419.9
2024-07-20 18:00:00,515.2
2024-07-20 19:00:00,779.87
2024-07-20 20:00:00,1016.58
2024-07-20 21:00:00,772.83
2024-07-20 22:00:00,492.79
2024-07-20 23:00:00,391.61
2024-07-21 00:00:00,451.62
2024-07-21 01:00:00,383.28
2024-07-21 02:00:00,363.92
2024-07-21 03:00:00,363.57
2024-07-21 04:00:00,374.82
2024-07-21 05:00:00,369.5
2024-07-21 06:00:00,359.24
2024-07-21 07:00:00,350.22
2024-07-21 08:00:00,210.23
2024-07-21 09:00:00,53.75
2024-07-21 10:00:00,9.02
2024-07-21 11:00:00,5.84
2024-07-21 12:00:00,5.19
2024-07-21 13:00:00,7.08
2024-07-21 14:00:00,12.62
2024-07-21 15:00:00,16.79
2024-07-21 16:00:00,98.57
2024-07-21 17:00:00,306.39
2024-07-21 18:00:00,440.93
2024-07-21 19:00:00,563.54
2024-07-21 20:00:00,719.25
2024-07-21 21:00:00,651.42
2024-07-21 22:00:00,521.3
2024-07-21 23:00:00,432.65
2024-07-22 00:00:00,526.45
2024-07-22 01:00:00,431.1
2024-07-22 02:00:00,392.64
2024-07-22 03:00:00,392.77
2024-07-22 04:00:00,391.14
2024-07-22 05:00:00,381.73
2024-07-22 06:00:00,555.13
2024-07-22 07:00:00,561.74
2024-07-22 08:00:00,522.42
2024-07-22 09:00:00,418.18
2024-07-22 10:00:00,337.22
2024-07-22 11:00:00,331.76
2024-07-22 12:00:00,305.4
2024-07-22 13:00:00,385.51
2024-07-22 14:00:00,427.45
2024-07-22 15:00:00,462.23
2024-07-22 16:00:00,407.28
2024-07-22 17:00:00,566.59
2024-07-22 18:00:00,671.64
2024-07-22 19:00:00,700.92
2024-07-22 20:00:00,1174.95
2024-07-22 21:00:00,717.62
2024-07-22 22:00:00,529.5
2024-07-22 23:00:00,393.07
2024-07-23 00:00:00,411.24
2024-07-23 01:00:00,368.52
2024-07-23 02:00:00,363.73
2024-07-23 03:00:00,363.18
2024-07-23 04:00:00,361.68
2024-07-23 05:00:00,361.16
2024-07-23 06:00:00,466.14
2024-07-23 07:00:00,541.85
2024-07-23 08:00:00,500.51
2024-07-23 09:00:00,461.39
2024-07-23 10:00:00,353.76
2024-07-23 11:00:00,374.82
2024-07-23 12:00:00,356.46
2024-07-23 13:00:00,375.5
2024-07-23 14:00:00,361.68
2024-07-23 15:00:00,375.12
2024-07-23 16:00:00,441.02
2024-07-23 17:00:00,514.68
2024-07-23 18:00:00,799.75
2024-07-23 19:00:00,1050.97
2024-07-23 20:00:00,1308.39
2024-07-23 21:00:00,997.51
2024-07-23 22:00:00,639.6
2024-07-23 23:00:00,414.75
2024-07-24 00:00:00,386.19
2024-07-24 01:00:00,354.12
2024-07-24 02:00:00,353.52
2024-07-24 03:00:00,354.3
2024-07-24 04:00:00,347.1
2024-07-24 05:00:00,390.56
2024-07-24 06:00:00,539.75
2024-07-24 07:00:00,590.22
2024-07-24 08:00:00,513.46
2024-07-24 09:00:00,473.82
2024-07-24 10:00:00,409.48
2024-07-24 11:00:00,439.06
2024-07-24 12:00:00,484.69
2024-07-24 13:00:00,505.24
2024-07-24 14:00:00,478.1
2024-07-24 15:00:00,441.16
2024-07-24 16:00:00,459.35
2024-07-24 17:00:00,485.38
2024-07-24 18:00:00,604.35
2024-07-24 19:00:00,655.38
2024-07-24 20:00:00,685.13
2024-07-24 21:00:00,586.75
2024-07-24 22:00:00,564.28
2024-07-24 23:00:00,391.15
2024-07-25 00:00:00,575.26
2024-07-25 01:00:00,459.03
2024-07-25 02:00:00,447.22
2024-07-25 03:00:00,428.82
2024-07-25 04:00:00,435.24
2024-07-25 05:00:00,458.43
2024-07-25 06:00:00,685.51
2024-07-25 07:00:00,986.79
2024-07-25 08:00:00,616.99
2024-07-25 09:00:00,459.42
2024-07-25 10:00:00,337.66
2024-07-25 11:00:00,335.09
2024-07-25 12:00:00,322.25
2024-07-25 13:00:00,336.68
2024-07-25 14:00:00,350.29
2024-07-25 15:00:00,376.95
2024-07-25 16:00:00,454.84
2024-07-25 17:00:00,570.21
2024-07-25 18:00:00,675.36
2024-07-25 19:00:00,924.86
2024-07-25 20:00:00,1149.8
2024-07-25 21:00:00,1018.97
2024-07-25 22:00:00,768.49
2024-07-25 23:00:00,587.93
2024-07-26 00:00:00,514.79
2024-07-26 01:00:00,433.66
2024-07-26 02:00:00,400.32
2024-07-26 03:00:00,400.79
2024-07-26 04:00:00,403.8
2024-07-26 05:00:00,420.26
2024-07-26 06:00:00,564.3
2024-07-26 07:00:00,515.48
2024-07-26 08:00:00,475.43
2024-07-26 09:00:00,416.09
2024-07-26 10:00:00,389.75
2024-07-26 11:00:00,349.18
2024-07-26 12:00:00,336.81
2024-07-26 13:00:00,343.85
2024-07-26 14:00:00,360.44
2024-07-26 15:00:00,435.04
2024-07-26 16:00:00,470.88
2024-07-26 17:00:00,514.84
2024-07-26 18:00:00,596.57
2024-07-26 19:00:00,676.36
2024-07-26 20:00:00,807.08
2024-07-26 21:00:00,601.94
2024-07-26 22:00:00,489.05
2024-07-26 23:00:00,399.93
2024-07-27 00:00:00,500.74
2024-07-27 01:00:00,447.02
2024-07-27 02:00:00,425.51
2024-07-27 03:00:00,412.46
2024-07-27 04:00:00,410.15
2024-07-27 05:00:00,395.09
2024-07-27 06:00:00,425.85
2024-07-27 07:00:00,462.93
2024-07-27 08:00:00,462.93
2024-07-27 09:00:00,350.05
2024-07-27 10:00:00,330.16
2024-07-27 11:00:00,374.91
2024-07-27 12:00:00,375.63
2024-07-27 13:00:00,369.05
2024-07-27 14:00:00,373.15
2024-07-27 15:00:00,442.79
2024-07-27 16:00:00,458.78
2024-07-27 17:00:00,418.02
2024-07-27 18:00:00,488.98
2024-07-27 19:00:00,584.45
2024-07-27 20:00:00,627.69
2024-07-27 21:00:00,596.68
2024-07-27 22:00:00,498.6
2024-07-27 23:00:00,444.45
2024-07-28 00:00:00,485.64
2024-07-28 01:00:00,435.9
2024-07-28 02:00:00,390.43
2024-07-28 03:00:00,420.5
2024-07-28 04:00:00,414.47
2024-07-28 05:00:00,443.34
2024-07-28 06:00:00,416.44
2024-07-28 07:00:00,365.71
2024-07-28 08:00:00,346.42
2024-07-28 09:00:00,70.06
2024-07-28 10:00:00,0.0
2024-07-28 11:00:00,-6.2
2024-07-28 12:00:00,-34.69
2024-07-28 13:00:00,-113.26
2024-07-28 14:00:00,-263.65
2024-07-28 15:00:00,-159.5
2024-07-28 16:00:00,-56.8
2024-07-28 17:00:00,-15.18
2024-07-28 18:00:00,135.98
2024-07-28 19:00:00,355.36
2024-07-28 20:00:00,443.47
2024-07-28 21:00:00,451.98
2024-07-28 22:00:00,427.94
2024-07-28 23:00:00,333.8
2024-07-29 00:00:00,338.25
2024-07-29 01:00:00,324.01
2024-07-29 02:00:00,308.14
2024-07-29 03:00:00,325.37
2024-07-29 04:00:00,341.29
2024-07-29 05:00:00,432.48
2024-07-29 06:00:00,520.68
2024-07-29 07:00:00,493.34
2024-07-29 08:00:00,402.28
2024-07-29 09:00:00,245.82
2024-07-29 10:00:00,29.51
2024-07-29 11:00:00,-28.57
2024-07-29 12:00:00,-1.24
2024-07-29 13:00:00,-7.4
2024-07-29 14:00:00,-26.73
2024-07-29 15:00:00,-0.3
2024-07-29 16:00:00,55.13
2024-07-29 17:00:00,263.95
2024-07-29 18:00:00,391.03
2024-07-29 19:00:00,550.62
2024-07-29 20:00:00,742.92
2024-07-29 21:00:00,570.08
2024-07-29 22:00:00,474.52
2024-07-29 23:00:00,385.81
2024-07-30 00:00:00,432.93
2024-07-30 01:00:00,374.65
2024-07-30 02:00:00,380.35
2024-07-30 03:00:00,374.83
2024-07-30 04:00:00,374.65
2024-07-30 05:00:00,430.4
2024-07-30 06:00:00,490.08
2024-07-30 07:00:00,485.33
2024-07-30 08:00:00,423.24
2024-07-30 09:00:00,283.48
2024-07-30 10:00:00,160.76
2024-07-30 11:00:00,33.59
2024-07-30 12:00:00,4.67
2024-07-30 13:00:00,0.04
2024-07-30 14:00:00,7.46
2024-07-30 15:00:00,60.11
2024-07-30 16:00:00,333.18
2024-07-30 17:00:00,351.86
2024-07-30 18:00:00,435.03
2024-07-30 19:00:00,655.94
2024-07-30 20:00:00,900.43
2024-07-30 21:00:00,649.65
2024-07-30 22:00:00,509.19
2024-07-30 23:00:00,424.36
2024-07-31 00:00:00,423.14
2024-07-31 01:00:00,372.37
2024-07-31 02:00:00,362.98
2024-07-31 03:00:00,357.16
2024-07-31 04:00:00,388.56
2024-07-31 05:00:00,435.35
2024-07-31 06:00:00,493.4
2024-07-31 07:00:00,468.77
2024-07-31 08:00:00,407.88
2024-07-31 09:00:00,338.69
2024-07-31 10:00:00,239.46
2024-07-31 11:00:00,143.36
2024-07-31 12:00:00,107.54
2024-07-31 13:00:00,71.72
2024-07-31 14:00:00,98.59
2024-07-31 15:00:00,175.15
2024-07-31 16:00:00,306.94
2024-07-31 17:00:00,343.23
2024-07-31 18:00:00,405.14
2024-07-31 19:00:00,512.98
2024-07-31 20:00:00,689.59
2024-07-31 21:00:00,549.66
2024-07-31 22:00:00,519.92
2024-07-31 23:00:00,420.7
2024-08-01 00:00:00,431.59
2024-08-01 01:00:00,373.78
2024-08-01 02:00:00,362.61
2024-08-01 03:00:00,362.61
2024-08-01 04:00:00,358.79
2024-08-01 05:00:00,436.53
2024-08-01 06:00:00,544.09
2024-08-01 07:00:00,488.68
2024-08-01 08:00:00,455.09
2024-08-01 09:00:00,387.01
2024-08-01 10:00:00,330.52
2024-08-01 11:00:00,290.53
2024-08-01 12:00:00,275.03
2024-08-01 13:00:00,246.55
2024-08-01 14:00:00,226.49
2024-08-01 15:00:00,295.3
2024-08-01 16:00:00,378.37
2024-08-01 17:00:00,379.58
2024-08-01 18:00:00,459.6
2024-08-01 19:00:00,640.13
2024-08-01 20:00:00,752.54
2024-08-01 21:00:00,519.95
2024-08-01 22:00:00,536.53
2024-08-01 23:00:00,446.67
2024-08-02 00:00:00,429.37
2024-08-02 01:00:00,385.37
2024-08-02 02:00:00,385.2
2024-08-02 03:00:00,387.0
2024-08-02 04:00:00,385.2
2024-08-02 05:00:00,387.39
2024-08-02 06:00:00,476.03
2024-08-02 07:00:00,519.81
2024-08-02 08:00:00,485.56
2024-08-02 09:00:00,448.21
2024-08-02 10:00:00,384.9
2024-08-02 11:00:00,343.61
2024-08-02 12:00:00,354.25
2024-08-02 13:00:00,367.6
2024-08-02 14:00:00,404.9
2024-08-02 15:00:00,483.67
2024-08-02 16:00:00,495.43
2024-08-02 17:00:00,490.19
2024-08-02 18:00:00,549.9
2024-08-02 19:00:00,564.84
2024-08-02 20:00:00,673.43
2024-08-02 21:00:00,552.47
2024-08-02 22:00:00,494.83
2024-08-02 23:00:00,434.65
2024-08-03 00:00:00,489.82
2024-08-03 01:00:00,487.89
2024-08-03 02:00:00,474.16
2024-08-03 03:00:00,480.9
2024-08-03 04:00:00,480.73
2024-08-03 05:00:00,486.82
2024-08-03 06:00:00,485.1
2024-08-03 07:00:00,504.2
2024-08-03 08:00:00,532.9
2024-08-03 09:00:00,430.06
2024-08-03 10:00:00,389.52
2024-08-03 11:00:00,387.67
2024-08-03 12:00:00,378.7
2024-08-03 13:00:00,300.58
2024-08-03 14:00:00,290.32
2024-08-03 15:00:00,323.27
2024-08-03 16:00:00,398.7
2024-08-03 17:00:00,492.87
2024-08-03 18:00:00,489.78
2024-08-03 19:00:00,488.84
2024-08-03 20:00:00,547.7
2024-08-03 21:00:00,519.73
2024-08-03 22:00:00,480.26
2024-08-03 23:00:00,419.76
2024-08-04 00:00:00,466.7
2024-08-04 01:00:00,429.37
2024-08-04 02:00:00,410.11
2024-08-04 03:00:00,390.89
2024-08-04 04:00:00,389.95
2024-08-04 05:00:00,388.66
2024-08-04 06:00:00,382.61
2024-08-04 07:00:00,327.09
2024-08-04 08:00:00,276.42
2024-08-04 09:00:00,121.54
2024-08-04 10:00:00,34.54
2024-08-04 11:00:00,8.8
2024-08-04 12:00:00,0.26
2024-08-04 13:00:00,150.46
2024-08-04 14:00:00,222.24
2024-08-04 15:00:00,307.06
2024-08-04 16:00:00,377.33
2024-08-04 17:00:00,479.18
2024-08-04 18:00:00,465.33
2024-08-04 19:00:00,382.18
2024-08-04 20:00:00,440.06
2024-08-04 21:00:00,444.82
2024-08-04 22:00:00,449.24
2024-08-04 23:00:00,447.31
2024-08-05 00:00:00,446.15
2024-08-05 01:00:00,370.42
2024-08-05 02:00:00,354.34
2024-08-05 03:00:00,369.95
2024-08-05 04:00:00,362.4
2024-08-05 05:00:00,395.91
2024-08-05 06:00:00,510.46
2024-08-05 07:00:00,589.83
2024-08-05 08:00:00,506.98
2024-08-05 09:00:00,457.65
2024-08-05 10:00:00,356.35
2024-08-05 11:00:00,340.74
2024-08-05 12:00:00,313.58
2024-08-05 13:00:00,287.58
2024-08-05 14:00:00,290.07
2024-08-05 15:00:00,327.22
2024-08-05 16:00:00,335.76
2024-08-05 17:00:00,412.81
2024-08-05 18:00:00,500.85
2024-08-05 19:00:00,707.94
2024-08-05 20:00:00,900.58
2024-08-05 21:00:00,689.24
2024-08-05 22:00:00,552.33
2024-08-05 23:00:00,461.16
2024-08-06 00:00:00,510.37
2024-08-06 01:00:00,444.38
2024-08-06 02:00:00,415.44
2024-08-06 03:00:00,424.36
2024-08-06 04:00:00,431.29
2024-08-06 05:00:00,479.32
2024-08-06 06:00:00,557.75
2024-08-06 07:00:00,564.0
2024-08-06 08:00:00,489.91
2024-08-06 09:00:00,330.11
2024-08-06 10:00:00,258.27
2024-08-06 11:00:00,279.07
2024-08-06 12:00:00,288.46
2024-08-06 13:00:00,289.32
2024-08-06 14:00:00,314.09
2024-08-06 15:00:00,335.54
2024-08-06 16:00:00,379.47
2024-08-06 17:00:00,394.63
2024-08-06 18:00:00,548.1
2024-08-06 19:00:00,761.53
2024-08-06 20:00:00,1010.66
2024-08-06 21:00:00,745.94
2024-08-06 22:00:00,537.42
2024-08-06 23:00:00,437.1
2024-08-07 00:00:00,466.45
2024-08-07 01:00:00,407.62
2024-08-07 02:00:00,397.92
2024-08-07 03:00:00,391.19
2024-08-07 04:00:00,401.02
2024-08-07 05:00:00,470.55
2024-08-07 06:00:00,567.46
2024-08-07 07:00:00,577.25
2024-08-07 08:00:00,487.24
2024-08-07 09:00:00,396.24
2024-08-07 10:00:00,327.18
2024-08-07 11:00:00,278.58
2024-08-07 12:00:00,186.8
2024-08-07 13:00:00,152.38
2024-08-07 14:00:00,223.15
2024-08-07 15:00:00,301.26
2024-08-07 16:00:00,379.54
2024-08-07 17:00:00,481.2
2024-08-07 18:00:00,599.25
2024-08-07 19:00:00,742.01
2024-08-07 20:00:00,896.67
2024-08-07 21:00:00,708.15
2024-08-07 22:00:00,563.54
2024-08-07 23:00:00,458.0
2024-08-08 00:00:00,429.85
2024-08-08 01:00:00,388.25
2024-08-08 02:00:00,388.81
2024-08-08 03:00:00,392.44
2024-08-08 04:00:00,393.82
2024-08-08 05:00:00,426.57
2024-08-08 06:00:00,559.41
2024-08-08 07:00:00,559.76
2024-08-08 08:00:00,509.35
2024-08-08 09:00:00,476.9
2024-08-08 10:00:00,389.76
2024-08-08 11:00:00,413.41
2024-08-08 12:00:00,405.43
2024-08-08 13:00:00,399.86
2024-08-08 14:00:00,399.86
2024-08-08 15:00:00,379.88
2024-08-08 16:00:00,352.6
2024-08-08 17:00:00,430.63
2024-08-08 18:00:00,483.54
2024-08-08 19:00:00,633.39
2024-08-08 20:00:00,876.15
2024-08-08 21:00:00,608.18
2024-08-08 22:00:00,484.1
2024-08-08 23:00:00,409.7
2024-08-09 00:00:00,459.61
2024-08-09 01:00:00,382.84
2024-08-09 02:00:00,381.46
2024-08-09 03:00:00,380.16
2024-08-09 04:00:00,387.25
2024-08-09 05:00:00,414.66
2024-08-09 06:00:00,595.9
2024-08-09 07:00:00,473.05
2024-08-09 08:00:00,349.09
2024-08-09 09:00:00,262.03
2024-08-09 10:00:00,51.61
2024-08-09 11:00:00,24.98
2024-08-09 12:00:00,12.97
2024-08-09 13:00:00,20.06
2024-08-09 14:00:00,70.98
2024-08-09 15:00:00,264.84
2024-08-09 16:00:00,395.6
2024-08-09 17:00:00,485.76
2024-08-09 18:00:00,532.83
2024-08-09 19:00:00,606.53
2024-08-09 20:00:00,629.44
2024-08-09 21:00:00,585.96
2024-08-09 22:00:00,482.17
2024-08-09 23:00:00,389.15
2024-08-10 00:00:00,419.37
2024-08-10 01:00:00,394.94
2024-08-10 02:00:00,390.53
2024-08-10 03:00:00,381.62
2024-08-10 04:00:00,381.23
2024-08-10 05:00:00,392.95
2024-08-10 06:00:00,402.89
2024-08-10 07:00:00,360.86
2024-08-10 08:00:00,138.75
2024-08-10 09:00:00,-1.21
2024-08-10 10:00:00,-14.79
2024-08-10 11:00:00,-57.33
2024-08-10 12:00:00,-103.38
2024-08-10 13:00:00,-209.23
2024-08-10 14:00:00,-226.05
2024-08-10 15:00:00,-149.73
2024-08-10 16:00:00,-35.15
2024-08-10 17:00:00,219.82
2024-08-10 18:00:00,442.93
2024-08-10 19:00:00,494.69
2024-08-10 20:00:00,601.01
2024-08-10 21:00:00,567.67
2024-08-10 22:00:00,526.9
2024-08-10 23:00:00,469.0
2024-08-11 00:00:00,479.64
2024-08-11 01:00:00,467.32
2024-08-11 02:00:00,445.31
2024-08-11 03:00:00,423.0
2024-08-11 04:00:00,437.4
2024-08-11 05:00:00,73.12
2024-08-11 06:00:00,-0.04
2024-08-11 07:00:00,317.8
2024-08-11 08:00:00,119.86
2024-08-11 09:00:00,0.0
2024-08-11 10:00:00,-22.18
2024-08-11 11:00:00,-66.5
2024-08-11 12:00:00,-142.12
2024-08-11 13:00:00,-265.14
2024-08-11 14:00:00,-224.06
2024-08-11 15:00:00,-179.39
2024-08-11 16:00:00,-18.64
2024-08-11 17:00:00,-3.85
2024-08-11 18:00:00,357.75
2024-08-11 19:00:00,523.79
2024-08-11 20:00:00,570.22
2024-08-11 21:00:00,537.19
2024-08-11 22:00:00,482.28
2024-08-11 23:00:00,424.73
2024-08-12 00:00:00,451.45
2024-08-12 01:00:00,408.04
2024-08-12 02:00:00,368.82
2024-08-12 03:00:00,378.64
2024-08-12 04:00:00,404.15
2024-08-12 05:00:00,497.67
2024-08-12 06:00:00,644.46
2024-08-12 07:00:00,614.97
2024-08-12 08:00:00,485.22
2024-08-12 09:00:00,305.91
2024-08-12 10:00:00,173.47
2024-08-12 11:00:00,69.35
2024-08-12 12:00:00,43.5
2024-08-12 13:00:00,30.18
2024-08-12 14:00:00,58.24
2024-08-12 15:00:00,63.82
2024-08-12 16:00:00,299.38
2024-08-12 17:00:00,393.47
2024-08-12 18:00:00,616.44
2024-08-12 19:00:00,877.73
2024-08-12 20:00:00,976.05
2024-08-12 21:00:00,588.3
2024-08-12 22:00:00,536.63
2024-08-12 23:00:00,444.27
2024-08-13 00:00:00,484.31
2024-08-13 01:00:00,418.38
2024-08-13 02:00:00,390.48
2024-08-13 03:00:00,375.39
2024-08-13 04:00:00,392.51
2024-08-13 05:00:00,422.56
2024-08-13 06:00:00,572.98
2024-08-13 07:00:00,576.43
2024-08-13 08:00:00,508.38
2024-08-13 09:00:00,304.71
2024-08-13 10:00:00,150.02
2024-08-13 11:00:00,84.82
2024-08-13 12:00:00,-31.95
2024-08-13 13:00:00,-43.3
2024-08-13 14:00:00,3.67
2024-08-13 15:00:00,91.38
2024-08-13 16:00:00,278.06
2024-08-13 17:00:00,377.8
2024-08-13 18:00:00,613.12
2024-08-13 19:00:00,867.25
2024-08-13 20:00:00,875.1
2024-08-13 21:00:00,509.84
2024-08-13 22:00:00,485.82
2024-08-13 23:00:00,420.45
2024-08-14 00:00:00,385.3
2024-08-14 01:00:00,362.28
2024-08-14 02:00:00,356.57
2024-08-14 03:00:00,384.4
2024-08-14 04:00:00,398.1
2024-08-14 05:00:00,460.03
2024-08-14 06:00:00,557.08
2024-08-14 07:00:00,582.85
2024-08-14 08:00:00,519.16
2024-08-14 09:00:00,466.64
2024-08-14 10:00:00,355.28
2024-08-14 11:00:00,331.32
2024-08-14 12:00:00,295.68
2024-08-14 13:00:00,284.08
2024-08-14 14:00:00,253.2
2024-08-14 15:00:00,267.63
2024-08-14 16:00:00,335.74
2024-08-14 17:00:00,494.43
2024-08-14 18:00:00,630.52
2024-08-14 19:00:00,910.69
2024-08-14 20:00:00,989.15
2024-08-14 21:00:00,609.52
2024-08-14 22:00:00,505.38
2024-08-14 23:00:00,465.44
2024-08-15 00:00:00,468.53
2024-08-15 01:00:00,447.06
2024-08-15 02:00:00,408.08
2024-08-15 03:00:00,398.8
2024-08-15 04:00:00,404.43
2024-08-15 05:00:00,449.85
2024-08-15 06:00:00,465.05
2024-08-15 07:00:00,498.24
2024-08-15 08:00:00,481.75
2024-08-15 09:00:00,390.86
2024-08-15 10:00:00,142.19
2024-08-15 11:00:00,65.17
2024-08-15 12:00:00,22.41
2024-08-15 13:00:00,-59.89
2024-08-15 14:00:00,-58.99
2024-08-15 15:00:00,9.45
2024-08-15 16:00:00,261.2
2024-08-15 17:00:00,363.81
2024-08-15 18:00:00,601.32
2024-08-15 19:00:00,708.57
2024-08-15 20:00:00,884.81
2024-08-15 21:00:00,682.72
2024-08-15 22:00:00,594.97
2024-08-15 23:00:00,488.49
2024-08-16 00:00:00,482.35
2024-08-16 01:00:00,402.5
2024-08-16 02:00:00,395.93
2024-08-16 03:00:00,397.0
2024-08-16 04:00:00,400.14
2024-08-16 05:00:00,430.45
2024-08-16 06:00:00,546.67
2024-08-16 07:00:00,574.66
2024-08-16 08:00:00,533.23
2024-08-16 09:00:00,429.37
2024-08-16 10:00:00,322.21
2024-08-16 11:00:00,241.8
2024-08-16 12:00:00,107.93
2024-08-16 13:00:00,50.83
2024-08-16 14:00:00,46.71
2024-08-16 15:00:00,231.15
2024-08-16 16:00:00,331.06
2024-08-16 17:00:00,492.27
2024-08-16 18:00:00,800.61
2024-08-16 19:00:00,1194.95
2024-08-16 20:00:00,1333.97
2024-08-16 21:00:00,903.83
2024-08-16 22:00:00,650.91
2024-08-16 23:00:00,512.88
2024-08-17 00:00:00,492.66
2024-08-17 01:00:00,470.65
2024-08-17 02:00:00,440.14
2024-08-17 03:00:00,450.57
2024-08-17 04:00:00,479.03
2024-08-17 05:00:00,472.83
2024-08-17 06:00:00,453.73
2024-08-17 07:00:00,441.98
2024-08-17 08:00:00,440.4
2024-08-17 09:00:00,358.09
2024-08-17 10:00:00,296.94
2024-08-17 11:00:00,242.76
2024-08-17 12:00:00,204.77
2024-08-17 13:00:00,188.53
2024-08-17 14:00:00,257.76
2024-08-17 15:00:00,313.1
2024-08-17 16:00:00,404.46
2024-08-17 17:00:00,503.04
2024-08-17 18:00:00,602.86
2024-08-17 19:00:00,662.18
2024-08-17 20:00:00,762.77
2024-08-17 21:00:00,600.38
2024-08-17 22:00:00,512.01
2024-08-17 23:00:00,464.11
2024-08-18 00:00:00,490.09
2024-08-18 01:00:00,480.35
2024-08-18 02:00:00,452.02
2024-08-18 03:00:00,451.93
2024-08-18 04:00:00,445.61
2024-08-18 05:00:00,446.21
2024-08-18 06:00:00,422.23
2024-08-18 07:00:00,403.39
2024-08-18 08:00:00,374.55
2024-08-18 09:00:00,348.35
2024-08-18 10:00:00,297.88
2024-08-18 11:00:00,295.02
2024-08-18 12:00:00,273.53
2024-08-18 13:00:00,139.31
2024-08-18 14:00:00,263.19
2024-08-18 15:00:00,319.29
2024-08-18 16:00:00,401.68
2024-08-18 17:00:00,438.17
2024-08-18 18:00:00,486.85
2024-08-18 19:00:00,549.66
2024-08-18 20:00:00,626.19
2024-08-18 21:00:00,525.09
2024-08-18 22:00:00,518.6
2024-08-18 23:00:00,465.95
2024-08-19 00:00:00,455.91
2024-08-19 01:00:00,414.2
2024-08-19 02:00:00,388.39
2024-08-19 03:00:00,388.73
2024-08-19 04:00:00,367.62
2024-08-19 05:00:00,396.55
2024-08-19 06:00:00,560.94
2024-08-19 07:00:00,658.63
2024-08-19 08:00:00,554.53
2024-08-19 09:00:00,481.08
2024-08-19 10:00:00,414.84
2024-08-19 11:00:00,385.61
2024-08-19 12:00:00,396.17
2024-08-19 13:00:00,407.92
2024-08-19 14:00:00,409.2
2024-08-19 15:00:00,400.14
2024-08-19 16:00:00,525.18
2024-08-19 17:00:00,597.48
2024-08-19 18:00:00,842.46
2024-08-19 19:00:00,1107.27
2024-08-19 20:00:00,1341.4
2024-08-19 21:00:00,814.77
2024-08-19 22:00:00,539.11
2024-08-19 23:00:00,429.2
2024-08-20 00:00:00,455.75
2024-08-20 01:00:00,409.38
2024-08-20 02:00:00,400.29
2024-08-20 03:00:00,403.83
2024-08-20 04:00:00,417.58
2024-08-20 05:00:00,461.47
2024-08-20 06:00:00,605.3
2024-08-20 07:00:00,570.25
2024-08-20 08:00:00,523.67
2024-08-20 09:00:00,438.03
2024-08-20 10:00:00,360.88
2024-08-20 11:00:00,362.25
2024-08-20 12:00:00,364.34
2024-08-20 13:00:00,363.66
2024-08-20 14:00:00,367.46
2024-08-20 15:00:00,378.6
2024-08-20 16:00:00,489.48
2024-08-20 17:00:00,590.61
2024-08-20 18:00:00,821.88
2024-08-20 19:00:00,1227.21
2024-08-20 20:00:00,1371.64
2024-08-20 21:00:00,813.73
2024-08-20 22:00:00,599.96
2024-08-20 23:00:00,466.25
2024-08-21 00:00:00,504.56
2024-08-21 01:00:00,424.35
2024-08-21 02:00:00,411.8
2024-08-21 03:00:00,419.18
2024-08-21 04:00:00,418.37
2024-08-21 05:00:00,453.32
2024-08-21 06:00:00,569.92
2024-08-21 07:00:00,606.61
2024-08-21 08:00:00,545.0
2024-08-21 09:00:00,549.99
2024-08-21 10:00:00,568.72
2024-08-21 11:00:00,501.31
2024-08-21 12:00:00,439.75
2024-08-21 13:00:00,446.79
2024-08-21 14:00:00,414.96
2024-08-21 15:00:00,391.07
2024-08-21 16:00:00,372.64
2024-08-21 17:00:00,370.5
2024-08-21 18:00:00,479.94
2024-08-21 19:00:00,616.17
2024-08-21 20:00:00,697.87
2024-08-21 21:00:00,591.64
2024-08-21 22:00:00,460.1
2024-08-21 23:00:00,391.24
2024-08-22 00:00:00,363.44
2024-08-22 01:00:00,350.06
2024-08-22 02:00:00,348.73
2024-08-22 03:00:00,350.62
2024-08-22 04:00:00,356.45
2024-08-22 05:00:00,380.25
2024-08-22 06:00:00,483.46
2024-08-22 07:00:00,577.84
2024-08-22 08:00:00,499.37
2024-08-22 09:00:00,348.65
2024-08-22 10:00:00,259.98
2024-08-22 11:00:00,271.94
2024-08-22 12:00:00,265.98
2024-08-22 13:00:00,291.02
2024-08-22 14:00:00,306.93
2024-08-22 15:00:00,350.24
2024-08-22 16:00:00,370.3
2024-08-22 17:00:00,458.38
2024-08-22 18:00:00,759.22
2024-08-22 19:00:00,979.91
2024-08-22 20:00:00,1164.51
2024-08-22 21:00:00,754.88
2024-08-22 22:00:00,509.45
2024-08-22 23:00:00,389.98
2024-08-23 00:00:00,468.35
2024-08-23 01:00:00,410.2
2024-08-23 02:00:00,400.99
2024-08-23 03:00:00,402.1
2024-08-23 04:00:00,400.78
2024-08-23 05:00:00,423.7
2024-08-23 06:00:00,590.82
2024-08-23 07:00:00,528.9
2024-08-23 08:00:00,423.23
2024-08-23 09:00:00,364.87
2024-08-23 10:00:00,220.12
2024-08-23 11:00:00,90.76
2024-08-23 12:00:00,9.04
2024-08-23 13:00:00,-26.65
2024-08-23 14:00:00,-53.86
2024-08-23 15:00:00,7.16
2024-08-23 16:00:00,306.12
2024-08-23 17:00:00,415.0
2024-08-23 18:00:00,527.27
2024-08-23 19:00:00,685.81
2024-08-23 20:00:00,701.15
2024-08-23 21:00:00,568.02
2024-08-23 22:00:00,526.16
2024-08-23 23:00:00,406.05
2024-08-24 00:00:00,488.98
2024-08-24 01:00:00,454.29
2024-08-24 02:00:00,449.07
2024-08-24 03:00:00,449.54
2024-08-24 04:00:00,475.98
2024-08-24 05:00:00,490.18
2024-08-24 06:00:00,501.08
2024-08-24 07:00:00,503.6
2024-08-24 08:00:00,460.07
2024-08-24 09:00:00,230.91
2024-08-24 10:00:00,-0.98
2024-08-24 11:00:00,-32.8
2024-08-24 12:00:00,-89.94
2024-08-24 13:00:00,-125.44
2024-08-24 14:00:00,-9.62
2024-08-24 15:00:00,75.44
2024-08-24 16:00:00,356.27
2024-08-24 17:00:00,617.63
2024-08-24 18:00:00,871.67
2024-08-24 19:00:00,929.46
2024-08-24 20:00:00,865.35
2024-08-24 21:00:00,600.65
2024-08-24 22:00:00,491.24
2024-08-24 23:00:00,363.71
2024-08-25 00:00:00,218.89
2024-08-25 01:00:00,95.93
2024-08-25 02:00:00,1.8
2024-08-25 03:00:00,22.07
2024-08-25 04:00:00,35.58
2024-08-25 05:00:00,53.2
2024-08-25 06:00:00,34.99
2024-08-25 07:00:00,-0.64
2024-08-25 08:00:00,-19.12
2024-08-25 09:00:00,-12.06
2024-08-25 10:00:00,-53.89
2024-08-25 11:00:00,-106.02
2024-08-25 12:00:00,-143.49
2024-08-25 13:00:00,-166.8
2024-08-25 14:00:00,-165.86
2024-08-25 15:00:00,-86.35
2024-08-25 16:00:00,0.09
2024-08-25 17:00:00,398.91
2024-08-25 18:00:00,749.78
2024-08-25 19:00:00,739.86
2024-08-25 20:00:00,999.17
2024-08-25 21:00:00,847.94
2024-08-25 22:00:00,674.42
2024-08-25 23:00:00,473.84
2024-08-26 00:00:00,451.04
2024-08-26 01:00:00,399.63
2024-08-26 02:00:00,382.7
2024-08-26 03:00:00,372.95
2024-08-26 04:00:00,390.05
2024-08-26 05:00:00,420.03
2024-08-26 06:00:00,589.91
2024-08-26 07:00:00,654.79
2024-08-26 08:00:00,551.55
2024-08-26 09:00:00,456.69
2024-08-26 10:00:00,372.9
2024-08-26 11:00:00,362.21
2024-08-26 12:00:00,391.72
2024-08-26 13:00:00,426.62
2024-08-26 14:00:00,398.69
2024-08-26 15:00:00,467.08
2024-08-26 16:00:00,532.39
2024-08-26 17:00:00,622.59
2024-08-26 18:00:00,784.34
2024-08-26 19:00:00,1138.55
2024-08-26 20:00:00,1304.41
2024-08-26 21:00:00,700.43
2024-08-26 22:00:00,507.71
2024-08-26 23:00:00,471.31
2024-08-27 00:00:00,452.77
2024-08-27 01:00:00,417.93
2024-08-27 02:00:00,408.51
2024-08-27 03:00:00,405.56
2024-08-27 04:00:00,412.79
2024-08-27 05:00:00,474.56
2024-08-27 06:00:00,634.55
2024-08-27 07:00:00,682.02
2024-08-27 08:00:00,498.31
2024-08-27 09:00:00,385.7
2024-08-27 10:00:00,318.67
2024-08-27 11:00:00,217.05
2024-08-27 12:00:00,157.17
2024-08-27 13:00:00,150.02
2024-08-27 14:00:00,249.93
2024-08-27 15:00:00,329.45
2024-08-27 16:00:00,401.02
2024-08-27 17:00:00,545.48
2024-08-27 18:00:00,722.6
2024-08-27 19:00:00,1236.58
2024-08-27 20:00:00,1186.46
2024-08-27 21:00:00,576.39
2024-08-27 22:00:00,431.93
2024-08-27 23:00:00,388.78
2024-08-28 00:00:00,402.12
2024-08-28 01:00:00,390.74
2024-08-28 02:00:00,391.64
2024-08-28 03:00:00,390.83
2024-08-28 04:00:00,396.56
2024-08-28 05:00:00,443.3
2024-08-28 06:00:00,522.78
2024-08-28 07:00:00,554.93
2024-08-28 08:00:00,529.76
2024-08-28 09:00:00,419.63
2024-08-28 10:00:00,220.9
2024-08-28 11:00:00,81.37
2024-08-28 12:00:00,-30.0
2024-08-28 13:00:00,-49.95
2024-08-28 14:00:00,5.22
2024-08-28 15:00:00,310.01
2024-08-28 16:00:00,367.33
2024-08-28 17:00:00,580.61
2024-08-28 18:00:00,949.95
2024-08-28 19:00:00,1229.96
2024-08-28 20:00:00,1161.86
2024-08-28 21:00:00,554.97
2024-08-28 22:00:00,444.76
2024-08-28 23:00:00,388.81
2024-08-29 00:00:00,397.13
2024-08-29 01:00:00,406.88
2024-08-29 02:00:00,391.25
2024-08-29 03:00:00,398.08
2024-08-29 04:00:00,414.18
2024-08-29 05:00:00,437.62
2024-08-29 06:00:00,547.33
2024-08-29 07:00:00,579.1
2024-08-29 08:00:00,542.05
2024-08-29 09:00:00,467.17
2024-08-29 10:00:00,389.88
2024-08-29 11:00:00,347.37
2024-08-29 12:00:00,219.24
2024-08-29 13:00:00,114.22
2024-08-29 14:00:00,157.02
2024-08-29 15:00:00,362.7
2024-08-29 16:00:00,469.61
2024-08-29 17:00:00,679.75
2024-08-29 18:00:00,1303.81
2024-08-29 19:00:00,1749.38
2024-08-29 20:00:00,1711.85
2024-08-29 21:00:00,794.1
2024-08-29 22:00:00,553.04
2024-08-29 23:00:00,489.19
2024-08-30 00:00:00,521.54
2024-08-30 01:00:00,458.19
2024-08-30 02:00:00,417.35
2024-08-30 03:00:00,438.39
2024-08-30 04:00:00,421.98
2024-08-30 05:00:00,485.11
2024-08-30 06:00:00,640.49
2024-08-30 07:00:00,677.18
2024-08-30 08:00:00,575.25
2024-08-30 09:00:00,487.34
2024-08-30 10:00:00,413.49
2024-08-30 11:00:00,379.71
2024-08-30 12:00:00,331.11
2024-08-30 13:00:00,304.92
2024-08-30 14:00:00,372.47
2024-08-30 15:00:00,361.16
2024-08-30 16:00:00,453.14
2024-08-30 17:00:00,704.09
2024-08-30 18:00:00,1003.96
2024-08-30 19:00:00,1580.49
2024-08-30 20:00:00,1601.15
2024-08-30 21:00:00,719.65
2024-08-30 22:00:00,469.85
2024-08-30 23:00:00,447.99
2024-08-31 00:00:00,467.31
2024-08-31 01:00:00,460.38
2024-08-31 02:00:00,441.42
2024-08-31 03:00:00,430.29
2024-08-31 04:00:00,422.33
2024-08-31 05:00:00,427.94
2024-08-31 06:00:00,490.21
2024-08-31 07:00:00,492.73
2024-08-31 08:00:00,475.44
2024-08-31 09:00:00,363.44
2024-08-31 10:00:00,257.34
2024-08-31 11:00:00,78.49
2024-08-31 12:00:00,9.84
2024-08-31 13:00:00,0.09
2024-08-31 14:00:00,69.76
2024-08-31 15:00:00,189.85
2024-08-31 16:00:00,354.67
2024-08-31 17:00:00,467.35
2024-08-31 18:00:00,677.24
2024-08-31 19:00:00,719.43
2024-08-31 20:00:00,671.59
2024-08-31 21:00:00,642.18
2024-08-31 22:00:00,552.01
2024-08-31 23:00:00,467.05
2024-09-01 00:00:00,423.14
2024-09-01 01:00:00,368.36
2024-09-01 02:00:00,390.23
2024-09-01 03:00:00,385.52
2024-09-01 04:00:00,391.47
2024-09-01 05:00:00,394.64
2024-09-01 06:00:00,397.25
2024-09-01 07:00:00,402.52
2024-09-01 08:00:00,285.89
2024-09-01 09:00:00,176.63
2024-09-01 10:00:00,54.48
2024-09-01 11:00:00,-41.09
2024-09-01 12:00:00,-110.38
2024-09-01 13:00:00,-231.79
2024-09-01 14:00:00,-223.02
2024-09-01 15:00:00,35.01
2024-09-01 16:00:00,197.17
2024-09-01 17:00:00,476.68
2024-09-01 18:00:00,742.2
2024-09-01 19:00:00,747.47
2024-09-01 20:00:00,770.62
2024-09-01 21:00:00,601.78
2024-09-01 22:00:00,532.32
2024-09-01 23:00:00,470.95
2024-09-02 00:00:00,532.32
2024-09-02 01:00:00,439.36
2024-09-02 02:00:00,410.95
2024-09-02 03:00:00,408.34
2024-09-02 04:00:00,444.84
2024-09-02 05:00:00,519.82
2024-09-02 06:00:00,849.67
2024-09-02 07:00:00,801.39
2024-09-02 08:00:00,649.8
2024-09-02 09:00:00,524.87
2024-09-02 10:00:00,440.09
2024-09-02 11:00:00,380.43
2024-09-02 12:00:00,330.57
2024-09-02 13:00:00,341.53
2024-09-02 14:00:00,350.56
2024-09-02 15:00:00,405.3
2024-09-02 16:00:00,565.06
2024-09-02 17:00:00,850.4
2024-09-02 18:00:00,1399.54
2024-09-02 19:00:00,1960.83
2024-09-02 20:00:00,1447.77
2024-09-02 21:00:00,756.5
2024-09-02 22:00:00,481.82
2024-09-02 23:00:00,433.76
2024-09-03 00:00:00,443.75
2024-09-03 01:00:00,419.99
2024-09-03 02:00:00,401.49
2024-09-03 03:00:00,406.2
2024-09-03 04:00:00,417.37
2024-09-03 05:00:00,452.39
2024-09-03 06:00:00,624.07
2024-09-03 07:00:00,742.49
2024-09-03 08:00:00,573.47
2024-09-03 09:00:00,496.53
2024-09-03 10:00:00,423.33
2024-09-03 11:00:00,385.39
2024-09-03 12:00:00,357.31
2024-09-03 13:00:00,343.01
2024-09-03 14:00:00,347.8
2024-09-03 15:00:00,370.07
2024-09-03 16:00:00,504.63
2024-09-03 17:00:00,878.37
2024-09-03 18:00:00,1826.32
2024-09-03 19:00:00,2321.35
2024-09-03 20:00:00,1637.6
2024-09-03 21:00:00,789.45
2024-09-03 22:00:00,533.57
2024-09-03 23:00:00,475.9
2024-09-04 00:00:00,451.9
2024-09-04 01:00:00,428.25
2024-09-04 02:00:00,427.48
2024-09-04 03:00:00,426.5
2024-09-04 04:00:00,430.86
2024-09-04 05:00:00,472.46
2024-09-04 06:00:00,632.29
2024-09-04 07:00:00,775.18
2024-09-04 08:00:00,659.87
2024-09-04 09:00:00,535.02
2024-09-04 10:00:00,458.4
2024-09-04 11:00:00,379.77
2024-09-04 12:00:00,364.42
2024-09-04 13:00:00,367.75
2024-09-04 14:00:00,322.3
2024-09-04 15:00:00,379.08
2024-09-04 16:00:00,468.66
2024-09-04 17:00:00,641.18
2024-09-04 18:00:00,1237.3
2024-09-04 19:00:00,1793.91
2024-09-04 20:00:00,1098.26
2024-09-04 21:00:00,637.93
2024-09-04 22:00:00,384.77
2024-09-04 23:00:00,370.36
2024-09-05 00:00:00,433.59
2024-09-05 01:00:00,405.03
2024-09-05 02:00:00,385.34
2024-09-05 03:00:00,372.96
2024-09-05 04:00:00,363.93
2024-09-05 05:00:00,390.86
2024-09-05 06:00:00,528.47
2024-09-05 07:00:00,534.72
2024-09-05 08:00:00,509.67
2024-09-05 09:00:00,418.22
2024-09-05 10:00:00,292.21
2024-09-05 11:00:00,144.93
2024-09-05 12:00:00,136.97
2024-09-05 13:00:00,75.83
2024-09-05 14:00:00,73.04
2024-09-05 15:00:00,131.78
2024-09-05 16:00:00,324.32
2024-09-05 17:00:00,528.04
2024-09-05 18:00:00,684.53
2024-09-05 19:00:00,1021.82
2024-09-05 20:00:00,704.39
2024-09-05 21:00:00,477.9
2024-09-05 22:00:00,373.6
2024-09-05 23:00:00,338.8
2024-09-06 00:00:00,320.42
2024-09-06 01:00:00,284.5
2024-09-06 02:00:00,289.92
2024-09-06 03:00:00,279.88
2024-09-06 04:00:00,349.77
2024-09-06 05:00:00,385.05
2024-09-06 06:00:00,529.86
2024-09-06 07:00:00,545.5
2024-09-06 08:00:00,526.06
2024-09-06 09:00:00,437.89
2024-09-06 10:00:00,291.5
2024-09-06 11:00:00,205.26
2024-09-06 12:00:00,71.68
2024-09-06 13:00:00,16.66
2024-09-06 14:00:00,-0.13
2024-09-06 15:00:00,64.12
2024-09-06 16:00:00,329.9
2024-09-06 17:00:00,484.33
2024-09-06 18:00:00,578.3
2024-09-06 19:00:00,1079.71
2024-09-06 20:00:00,657.07
2024-09-06 21:00:00,463.91
2024-09-06 22:00:00,396.88
2024-09-06 23:00:00,386.89
2024-09-07 00:00:00,424.09
2024-09-07 01:00:00,415.11
2024-09-07 02:00:00,414.21
2024-09-07 03:00:00,407.1
2024-09-07 04:00:00,419.77
2024-09-07 05:00:00,436.59
2024-09-07 06:00:00,451.43
2024-09-07 07:00:00,450.28
2024-09-07 08:00:00,408.6
2024-09-07 09:00:00,362.0
2024-09-07 10:00:00,220.45
2024-09-07 11:00:00,32.35
2024-09-07 12:00:00,23.45
2024-09-07 13:00:00,4.36
2024-09-07 14:00:00,1.88
2024-09-07 15:00:00,19.38
2024-09-07 16:00:00,315.92
2024-09-07 17:00:00,546.64
2024-09-07 18:00:00,614.59
2024-09-07 19:00:00,704.2
2024-09-07 20:00:00,662.77
2024-09-07 21:00:00,399.79
2024-09-07 22:00:00,349.89
2024-09-07 23:00:00,374.8
2024-09-08 00:00:00,402.14
2024-09-08 01:00:00,371.12
2024-09-08 02:00:00,359.95
2024-09-08 03:00:00,354.56
2024-09-08 04:00:00,359.74
2024-09-08 05:00:00,370.43
2024-09-08 06:00:00,363.8
2024-09-08 07:00:00,359.99
2024-09-08 08:00:00,332.52
2024-09-08 09:00:00,175.35
2024-09-08 10:00:00,35.47
2024-09-08 11:00:00,1.88
2024-09-08 12:00:00,0.17
2024-09-08 13:00:00,0.04
2024-09-08 14:00:00,4.75
2024-09-08 15:00:00,25.67
2024-09-08 16:00:00,268.08
2024-09-08 17:00:00,462.95
2024-09-08 18:00:00,539.62
2024-09-08 19:00:00,600.99
2024-09-08 20:00:00,520.41
2024-09-08 21:00:00,483.14
2024-09-08 22:00:00,456.01
2024-09-08 23:00:00,416.95
2024-09-09 00:00:00,369.28
2024-09-09 01:00:00,367.1
2024-09-09 02:00:00,362.69
2024-09-09 03:00:00,349.04
2024-09-09 04:00:00,365.55
2024-09-09 05:00:00,358.92
2024-09-09 06:00:00,473.3
2024-09-09 07:00:00,571.08
2024-09-09 08:00:00,682.2
2024-09-09 09:00:00,568.25
2024-09-09 10:00:00,499.62
2024-09-09 11:00:00,469.96
2024-09-09 12:00:00,459.09
2024-09-09 13:00:00,448.44
2024-09-09 14:00:00,414.72
2024-09-09 15:00:00,419.21
2024-09-09 16:00:00,511.68
2024-09-09 17:00:00,589.26
2024-09-09 18:00:00,595.51
2024-09-09 19:00:00,727.64
2024-09-09 20:00:00,669.88
2024-09-09 21:00:00,465.56
2024-09-09 22:00:00,403.85
2024-09-09 23:00:00,342.92
2024-09-10 00:00:00,469.37
2024-09-10 01:00:00,380.27
2024-09-10 02:00:00,380.69
2024-09-10 03:00:00,380.22
2024-09-10 04:00:00,355.65
2024-09-10 05:00:00,391.23
2024-09-10 06:00:00,600.52
2024-09-10 07:00:00,717.93
2024-09-10 08:00:00,647.41
2024-09-10 09:00:00,504.91
2024-09-10 10:00:00,371.96
2024-09-10 11:00:00,372.9
2024-09-10 12:00:00,342.24
2024-09-10 13:00:00,371.06
2024-09-10 14:00:00,374.91
2024-09-10 15:00:00,445.39
2024-09-10 16:00:00,512.79
2024-09-10 17:00:00,700.63
2024-09-10 18:00:00,955.57
2024-09-10 19:00:00,1699.96
2024-09-10 20:00:00,1144.65
2024-09-10 21:00:00,597.23
2024-09-10 22:00:00,501.36
2024-09-10 23:00:00,370.12
2024-09-11 00:00:00,420.78
2024-09-11 01:00:00,356.53
2024-09-11 02:00:00,331.44
2024-09-11 03:00:00,328.57
2024-09-11 04:00:00,329.94
2024-09-11 05:00:00,349.55
2024-09-11 06:00:00,503.13
2024-09-11 07:00:00,607.97
2024-09-11 08:00:00,456.79
2024-09-11 09:00:00,408.14
2024-09-11 10:00:00,316.92
2024-09-11 11:00:00,278.38
2024-09-11 12:00:00,257.18
2024-09-11 13:00:00,264.76
2024-09-11 14:00:00,302.79
2024-09-11 15:00:00,308.57
2024-09-11 16:00:00,401.29
2024-09-11 17:00:00,551.91
2024-09-11 18:00:00,657.05
2024-09-11 19:00:00,1232.0
2024-09-11 20:00:00,898.64
2024-09-11 21:00:00,576.49
2024-09-11 22:00:00,458.98
2024-09-11 23:00:00,442.7
2024-09-12 00:00:00,417.67
2024-09-12 01:00:00,395.76
2024-09-12 02:00:00,371.29
2024-09-12 03:00:00,362.84
2024-09-12 04:00:00,379.99
2024-09-12 05:00:00,425.43
2024-09-12 06:00:00,699.2
2024-09-12 07:00:00,699.41
2024-09-12 08:00:00,620.28
2024-09-12 09:00:00,459.12
2024-09-12 10:00:00,386.03
2024-09-12 11:00:00,421.4
2024-09-12 12:00:00,432.75
2024-09-12 13:00:00,443.34
2024-09-12 14:00:00,456.72
2024-09-12 15:00:00,527.18
2024-09-12 16:00:00,607.0
2024-09-12 17:00:00,826.85
2024-09-12 18:00:00,1065.04
2024-09-12 19:00:00,1685.8
2024-09-12 20:00:00,1075.5
2024-09-12 21:00:00,537.73
2024-09-12 22:00:00,433.61
2024-09-12 23:00:00,399.75
2024-09-13 00:00:00,430.72
2024-09-13 01:00:00,394.91
2024-09-13 02:00:00,377.59
2024-09-13 03:00:00,377.03
2024-09-13 04:00:00,381.37
2024-09-13 05:00:00,389.75
2024-09-13 06:00:00,510.8
2024-09-13 07:00:00,697.28
2024-09-13 08:00:00,599.74
2024-09-13 09:00:00,505.3
2024-09-13 10:00:00,482.05
2024-09-13 11:00:00,499.11
2024-09-13 12:00:00,408.97
2024-09-13 13:00:00,455.22
2024-09-13 14:00:00,450.15
2024-09-13 15:00:00,443.23
2024-09-13 16:00:00,440.39
2024-09-13 17:00:00,535.09
2024-09-13 18:00:00,421.95
2024-09-13 19:00:00,433.08
2024-09-13 20:00:00,406.17
2024-09-13 21:00:00,363.66
2024-09-13 22:00:00,340.66
2024-09-13 23:00:00,261.01
2024-09-14 00:00:00,260.0
2024-09-14 01:00:00,220.42
2024-09-14 02:00:00,189.76
2024-09-14 03:00:00,200.35
2024-09-14 04:00:00,206.4
2024-09-14 05:00:00,195.12
2024-09-14 06:00:00,241.05
2024-09-14 07:00:00,329.26
2024-09-14 08:00:00,351.94
2024-09-14 09:00:00,366.95
2024-09-14 10:00:00,322.01
2024-09-14 11:00:00,199.83
2024-09-14 12:00:00,196.49
2024-09-14 13:00:00,246.88
2024-09-14 14:00:00,150.09
2024-09-14 15:00:00,199.75
2024-09-14 16:00:00,335.65
2024-09-14 17:00:00,366.61
2024-09-14 18:00:00,377.97
2024-09-14 19:00:00,534.49
2024-09-14 20:00:00,474.46
2024-09-14 21:00:00,441.39
2024-09-14 22:00:00,391.31
2024-09-14 23:00:00,363.91
2024-09-15 00:00:00,333.76
2024-09-15 01:00:00,299.67
2024-09-15 02:00:00,283.54
2024-09-15 03:00:00,285.3
2024-09-15 04:00:00,270.46
2024-09-15 05:00:00,278.87
2024-09-15 06:00:00,293.23
2024-09-15 07:00:00,357.99
2024-09-15 08:00:00,322.91
2024-09-15 09:00:00,226.77
2024-09-15 10:00:00,46.83
2024-09-15 11:00:00,0.3
2024-09-15 12:00:00,-0.04
2024-09-15 13:00:00,-0.04
2024-09-15 14:00:00,-4.5
2024-09-15 15:00:00,-19.34
2024-09-15 16:00:00,263.64
2024-09-15 17:00:00,395.34
2024-09-15 18:00:00,481.23
2024-09-15 19:00:00,582.31
2024-09-15 20:00:00,525.79
2024-09-15 21:00:00,480.89
2024-09-15 22:00:00,459.36
2024-09-15 23:00:00,396.02
2024-09-16 00:00:00,400.14
2024-09-16 01:00:00,385.26
2024-09-16 02:00:00,384.53
2024-09-16 03:00:00,355.24
2024-09-16 04:00:00,356.06
2024-09-16 05:00:00,360.35
2024-09-16 06:00:00,556.28
2024-09-16 07:00:00,609.62
2024-09-16 08:00:00,624.12
2024-09-16 09:00:00,538.61
2024-09-16 10:00:00,483.85
2024-09-16 11:00:00,453.57
2024-09-16 12:00:00,417.38
2024-09-16 13:00:00,368.28
2024-09-16 14:00:00,358.72
2024-09-16 15:00:00,368.88
2024-09-16 16:00:00,438.18
2024-09-16 17:00:00,680.98
2024-09-16 18:00:00,718.55
2024-09-16 19:00:00,848.65
2024-09-16 20:00:00,550.79
2024-09-16 21:00:00,454.65
2024-09-16 22:00:00,400.96
2024-09-16 23:00:00,350.05
2024-09-17 00:00:00,364.98
2024-09-17 01:00:00,361.52
2024-09-17 02:00:00,353.95
2024-09-17 03:00:00,346.98
2024-09-17 04:00:00,357.46
2024-09-17 05:00:00,408.8
2024-09-17 06:00:00,561.56
2024-09-17 07:00:00,655.1
2024-09-17 08:00:00,615.64
2024-09-17 09:00:00,473.15
2024-09-17 10:00:00,413.68
2024-09-17 11:00:00,356.0
2024-09-17 12:00:00,290.04
2024-09-17 13:00:00,208.98
2024-09-17 14:00:00,234.03
2024-09-17 15:00:00,273.15
2024-09-17 16:00:00,378.92
2024-09-17 17:00:00,697.0
2024-09-17 18:00:00,979.9
2024-09-17 19:00:00,1130.77
2024-09-17 20:00:00,641.21
2024-09-17 21:00:00,529.88
2024-09-17 22:00:00,439.37
2024-09-17 23:00:00,396.53
2024-09-18 00:00:00,412.05
2024-09-18 01:00:00,399.74
2024-09-18 02:00:00,381.83
2024-09-18 03:00:00,380.93
2024-09-18 04:00:00,389.61
2024-09-18 05:00:00,436.76
2024-09-18 06:00:00,624.76
2024-09-18 07:00:00,708.72
2024-09-18 08:00:00,567.95
2024-09-18 09:00:00,440.43
2024-09-18 10:00:00,338.48
2024-09-18 11:00:00,240.93
2024-09-18 12:00:00,23.47
2024-09-18 13:00:00,-0.09
2024-09-18 14:00:00,123.88
2024-09-18 15:00:00,249.22
2024-09-18 16:00:00,400.59
2024-09-18 17:00:00,653.36
2024-09-18 18:00:00,641.18
2024-09-18 19:00:00,737.4
2024-09-18 20:00:00,550.72
2024-09-18 21:00:00,423.76
2024-09-18 22:00:00,404.44
2024-09-18 23:00:00,366.61
2024-09-19 00:00:00,382.81
2024-09-19 01:00:00,365.65
2024-09-19 02:00:00,362.57
2024-09-19 03:00:00,361.81
2024-09-19 04:00:00,365.73
2024-09-19 05:00:00,387.51
2024-09-19 06:00:00,489.84
2024-09-19 07:00:00,635.03
2024-09-19 08:00:00,534.19
2024-09-19 09:00:00,418.46
2024-09-19 10:00:00,319.37
2024-09-19 11:00:00,219.35
2024-09-19 12:00:00,21.22
2024-09-19 13:00:00,-2.73
2024-09-19 14:00:00,-29.93
2024-09-19 15:00:00,101.95
2024-09-19 16:00:00,367.95
2024-09-19 17:00:00,595.92
2024-09-19 18:00:00,620.68
2024-09-19 19:00:00,768.1
2024-09-19 20:00:00,486.46
2024-09-19 21:00:00,376.96
2024-09-19 22:00:00,379.82
2024-09-19 23:00:00,356.34
2024-09-20 00:00:00,375.48
2024-09-20 01:00:00,356.1
2024-09-20 02:00:00,345.0
2024-09-20 03:00:00,368.27
2024-09-20 04:00:00,376.0
2024-09-20 05:00:00,383.13
2024-09-20 06:00:00,516.16
2024-09-20 07:00:00,668.19
2024-09-20 08:00:00,464.76
2024-09-20 09:00:00,379.63
2024-09-20 10:00:00,264.91
2024-09-20 11:00:00,105.41
2024-09-20 12:00:00,-100.03
2024-09-20 13:00:00,-1.49
2024-09-20 14:00:00,0.3
2024-09-20 15:00:00,275.11
2024-09-20 16:00:00,444.26
2024-09-20 17:00:00,624.81
2024-09-20 18:00:00,724.67
2024-09-20 19:00:00,827.39
2024-09-20 20:00:00,571.32
2024-09-20 21:00:00,425.82
2024-09-20 22:00:00,429.41
2024-09-20 23:00:00,372.15
2024-09-21 00:00:00,434.89
2024-09-21 01:00:00,426.85
2024-09-21 02:00:00,389.2
2024-09-21 03:00:00,395.45
2024-09-21 04:00:00,392.24
2024-09-21 05:00:00,426.55
2024-09-21 06:00:00,437.07
2024-09-21 07:00:00,468.47
2024-09-21 08:00:00,485.5
2024-09-21 09:00:00,257.53
2024-09-21 10:00:00,94.11
2024-09-21 11:00:00,13.48
2024-09-21 12:00:00,0.0
2024-09-21 13:00:00,-14.37
2024-09-21 14:00:00,-16.9
2024-09-21 15:00:00,208.42
2024-09-21 16:00:00,480.84
2024-09-21 17:00:00,426.72
2024-09-21 18:00:00,790.98
2024-09-21 19:00:00,893.23
2024-09-21 20:00:00,595.65
2024-09-21 21:00:00,491.87
2024-09-21 22:00:00,402.76
2024-09-21 23:00:00,408.54
2024-09-22 00:00:00,418.68
2024-09-22 01:00:00,386.12
2024-09-22 02:00:00,386.25
2024-09-22 03:00:00,385.31
2024-09-22 04:00:00,391.0
2024-09-22 05:00:00,390.4
2024-09-22 06:00:00,405.89
2024-09-22 07:00:00,416.11
2024-09-22 08:00:00,351.39
2024-09-22 09:00:00,249.91
2024-09-22 10:00:00,48.34
2024-09-22 11:00:00,15.1
2024-09-22 12:00:00,12.62
2024-09-22 13:00:00,-0.34
2024-09-22 14:00:00,0.04
2024-09-22 15:00:00,41.32
2024-09-22 16:00:00,385.57
2024-09-22 17:00:00,463.77
2024-09-22 18:00:00,644.98
2024-09-22 19:00:00,919.06
2024-09-22 20:00:00,639.76
2024-09-22 21:00:00,485.54
2024-09-22 22:00:00,432.62
2024-09-22 23:00:00,393.57
2024-09-23 00:00:00,387.71
2024-09-23 01:00:00,359.39
2024-09-23 02:00:00,364.18
2024-09-23 03:00:00,372.05
2024-09-23 04:00:00,371.07
2024-09-23 05:00:00,419.32
2024-09-23 06:00:00,605.32
2024-09-23 07:00:00,868.24
2024-09-23 08:00:00,591.33
2024-09-23 09:00:00,448.07
2024-09-23 10:00:00,343.56
2024-09-23 11:00:00,299.41
2024-09-23 12:00:00,275.54
2024-09-23 13:00:00,301.21
2024-09-23 14:00:00,323.97
2024-09-23 15:00:00,341.85
2024-09-23 16:00:00,461.59
2024-09-23 17:00:00,657.77
2024-09-23 18:00:00,1064.9
2024-09-23 19:00:00,1437.07
2024-09-23 20:00:00,779.78
2024-09-23 21:00:00,518.48
2024-09-23 22:00:00,424.11
2024-09-23 23:00:00,390.49
2024-09-24 00:00:00,376.85
2024-09-24 01:00:00,352.25
2024-09-24 02:00:00,357.08
2024-09-24 03:00:00,362.22
2024-09-24 04:00:00,354.56
2024-09-24 05:00:00,376.25
2024-09-24 06:00:00,479.96
2024-09-24 07:00:00,603.57
2024-09-24 08:00:00,540.93
2024-09-24 09:00:00,422.07
2024-09-24 10:00:00,340.65
2024-09-24 11:00:00,220.26
2024-09-24 12:00:00,265.57
2024-09-24 13:00:00,280.41
2024-09-24 14:00:00,269.33
2024-09-24 15:00:00,329.1
2024-09-24 16:00:00,370.43
2024-09-24 17:00:00,471.41
2024-09-24 18:00:00,509.36
2024-09-24 19:00:00,586.11
2024-09-24 20:00:00,405.56
2024-09-24 21:00:00,354.9
2024-09-24 22:00:00,325.38
2024-09-24 23:00:00,258.55
2024-09-25 00:00:00,199.98
2024-09-25 01:00:00,178.61
2024-09-25 02:00:00,171.1
2024-09-25 03:00:00,172.29
2024-09-25 04:00:00,225.07
2024-09-25 05:00:00,343.52
2024-09-25 06:00:00,438.88
2024-09-25 07:00:00,382.82
2024-09-25 08:00:00,372.19
2024-09-25 09:00:00,300.17
2024-09-25 10:00:00,211.29
2024-09-25 11:00:00,36.48
2024-09-25 12:00:00,29.65
2024-09-25 13:00:00,79.66
2024-09-25 14:00:00,234.29
2024-09-25 15:00:00,306.1
2024-09-25 16:00:00,389.13
2024-09-25 17:00:00,450.1
2024-09-25 18:00:00,731.59
2024-09-25 19:00:00,828.19
2024-09-25 20:00:00,579.26
2024-09-25 21:00:00,402.49
2024-09-25 22:00:00,385.72
2024-09-25 23:00:00,348.9
2024-09-26 00:00:00,352.71
2024-09-26 01:00:00,320.01
2024-09-26 02:00:00,303.6
2024-09-26 03:00:00,309.35
2024-09-26 04:00:00,320.86
2024-09-26 05:00:00,368.44
2024-09-26 06:00:00,435.51
2024-09-26 07:00:00,400.97
2024-09-26 08:00:00,357.61
2024-09-26 09:00:00,309.82
2024-09-26 10:00:00,249.54
2024-09-26 11:00:00,151.09
2024-09-26 12:00:00,72.48
2024-09-26 13:00:00,52.65
2024-09-26 14:00:00,120.23
2024-09-26 15:00:00,254.18
2024-09-26 16:00:00,334.89
2024-09-26 17:00:00,319.41
2024-09-26 18:00:00,378.42
2024-09-26 19:00:00,447.36
2024-09-26 20:00:00,382.26
2024-09-26 21:00:00,314.81
2024-09-26 22:00:00,312.72
2024-09-26 23:00:00,272.13
2024-09-27 00:00:00,41.85
2024-09-27 01:00:00,34.56
2024-09-27 02:00:00,23.64
2024-09-27 03:00:00,18.26
2024-09-27 04:00:00,71.85
2024-09-27 05:00:00,210.25
2024-09-27 06:00:00,389.66
2024-09-27 07:00:00,443.2
2024-09-27 08:00:00,325.49
2024-09-27 09:00:00,138.83
2024-09-27 10:00:00,6.44
2024-09-27 11:00:00,-2.65
2024-09-27 12:00:00,-3.16
2024-09-27 13:00:00,-3.03
2024-09-27 14:00:00,-2.77
2024-09-27 15:00:00,5.08
2024-09-27 16:00:00,285.04
2024-09-27 17:00:00,409.88
2024-09-27 18:00:00,398.41
2024-09-27 19:00:00,487.75
2024-09-27 20:00:00,373.11
2024-09-27 21:00:00,357.66
2024-09-27 22:00:00,349.6
2024-09-27 23:00:00,249.93
2024-09-28 00:00:00,7.57
2024-09-28 01:00:00,12.96
2024-09-28 02:00:00,14.07
2024-09-28 03:00:00,13.51
2024-09-28 04:00:00,13.98
2024-09-28 05:00:00,17.75
2024-09-28 06:00:00,51.14
2024-09-28 07:00:00,97.75
2024-09-28 08:00:00,113.96
2024-09-28 09:00:00,5.99
2024-09-28 10:00:00,-2.69
2024-09-28 11:00:00,-2.99
2024-09-28 12:00:00,0.51
2024-09-28 13:00:00,0.0
2024-09-28 14:00:00,0.0
2024-09-28 15:00:00,0.26
2024-09-28 16:00:00,290.09
2024-09-28 17:00:00,475.2
2024-09-28 18:00:00,493.55
2024-09-28 19:00:00,498.29
2024-09-28 20:00:00,427.01
2024-09-28 21:00:00,431.42
2024-09-28 22:00:00,407.85
2024-09-28 23:00:00,328.23
2024-09-29 00:00:00,289.32
2024-09-29 01:00:00,288.64
2024-09-29 02:00:00,267.68
2024-09-29 03:00:00,252.59
2024-09-29 04:00:00,279.1
2024-09-29 05:00:00,314.34
2024-09-29 06:00:00,351.62
2024-09-29 07:00:00,350.21
2024-09-29 08:00:00,340.12
2024-09-29 09:00:00,150.82
2024-09-29 10:00:00,5.69
2024-09-29 11:00:00,0.0
2024-09-29 12:00:00,-0.04
2024-09-29 13:00:00,-2.14
2024-09-29 14:00:00,-1.92
2024-09-29 15:00:00,0.0
2024-09-29 16:00:00,368.86
2024-09-29 17:00:00,396.48
2024-09-29 18:00:00,631.71
2024-09-29 19:00:00,752.21
2024-09-29 20:00:00,474.26
2024-09-29 21:00:00,343.29
2024-09-29 22:00:00,300.31
2024-09-29 23:00:00,284.75
2024-09-30 00:00:00,284.23
2024-09-30 01:00:00,300.95
2024-09-30 02:00:00,314.04
2024-09-30 03:00:00,320.54
2024-09-30 04:00:00,252.12
2024-09-30 05:00:00,440.61
2024-09-30 06:00:00,849.92
2024-09-30 07:00:00,880.41
2024-09-30 08:00:00,516.72
2024-09-30 09:00:00,292.31
2024-09-30 10:00:00,258.32
2024-09-30 11:00:00,89.24
2024-09-30 12:00:00,51.61
2024-09-30 13:00:00,237.67
2024-09-30 14:00:00,361.37
2024-09-30 15:00:00,315.19
2024-09-30 16:00:00,579.84
2024-09-30 17:00:00,700.17
2024-09-30 18:00:00,894.43
2024-09-30 19:00:00,1049.95
2024-09-30 20:00:00,735.4
2024-09-30 21:00:00,425.22
2024-09-30 22:00:00,349.96
2024-09-30 23:00:00,250.79
2024-10-01 00:00:00,364.96
2024-10-01 01:00:00,365.05
2024-10-01 02:00:00,364.54
2024-10-01 03:00:00,368.9
2024-10-01 04:00:00,372.45
2024-10-01 05:00:00,415.89
2024-10-01 06:00:00,595.44
2024-10-01 07:00:00,582.04
2024-10-01 08:00:00,496.29
2024-10-01 09:00:00,437.02
2024-10-01 10:00:00,332.19
2024-10-01 11:00:00,262.65
2024-10-01 12:00:00,239.72
2024-10-01 13:00:00,249.99
2024-10-01 14:00:00,339.85
2024-10-01 15:00:00,450.08
2024-10-01 16:00:00,417.85
2024-10-01 17:00:00,778.37
2024-10-01 18:00:00,1069.73
2024-10-01 19:00:00,1250.44
2024-10-01 20:00:00,706.69
2024-10-01 21:00:00,461.42
2024-10-01 22:00:00,400.99
2024-10-01 23:00:00,370.61
2024-10-02 00:00:00,390.41
2024-10-02 01:00:00,380.82
2024-10-02 02:00:00,386.34
2024-10-02 03:00:00,376.96
2024-10-02 04:00:00,368.48
2024-10-02 05:00:00,384.71
2024-10-02 06:00:00,676.62
2024-10-02 07:00:00,717.24
2024-10-02 08:00:00,589.9
2024-10-02 09:00:00,506.91
2024-10-02 10:00:00,446.58
2024-10-02 11:00:00,418.95
2024-10-02 12:00:00,453.35
2024-10-02 13:00:00,452.84
2024-10-02 14:00:00,495.17
2024-10-02 15:00:00,581.21
2024-10-02 16:00:00,722.55
2024-10-02 17:00:00,827.36
2024-10-02 18:00:00,950.2
2024-10-02 19:00:00,1071.15
2024-10-02 20:00:00,667.63
2024-10-02 21:00:00,511.67
2024-10-02 22:00:00,423.79
2024-10-02 23:00:00,364.19
2024-10-03 00:00:00,401.26
2024-10-03 01:00:00,393.35
2024-10-03 02:00:00,369.86
2024-10-03 03:00:00,375.66
2024-10-03 04:00:00,397.31
2024-10-03 05:00:00,380.77
2024-10-03 06:00:00,608.8
2024-10-03 07:00:00,799.81
2024-10-03 08:00:00,730.31
2024-10-03 09:00:00,570.66
2024-10-03 10:00:00,544.72
2024-10-03 11:00:00,500.78
2024-10-03 12:00:00,523.46
2024-10-03 13:00:00,548.07
2024-10-03 14:00:00,585.91
2024-10-03 15:00:00,634.96
2024-10-03 16:00:00,736.63
2024-10-03 17:00:00,838.55
2024-10-03 18:00:00,899.03
2024-10-03 19:00:00,923.34
2024-10-03 20:00:00,695.18
2024-10-03 21:00:00,476.6
2024-10-03 22:00:00,392.58
2024-10-03 23:00:00,350.45
2024-10-04 00:00:00,435.88
2024-10-04 01:00:00,419.63
2024-10-04 02:00:00,419.58
2024-10-04 03:00:00,415.76
2024-10-04 04:00:00,379.13
2024-10-04 05:00:00,381.97
2024-10-04 06:00:00,442.8
2024-10-04 07:00:00,650.4
2024-10-04 08:00:00,616.0
2024-10-04 09:00:00,547.35
2024-10-04 10:00:00,458.14
2024-10-04 11:00:00,442.11
2024-10-04 12:00:00,433.38
2024-10-04 13:00:00,497.14
2024-10-04 14:00:00,505.78
2024-10-04 15:00:00,460.04
2024-10-04 16:00:00,558.83
2024-10-04 17:00:00,593.99
2024-10-04 18:00:00,659.29
2024-10-04 19:00:00,685.65
2024-10-04 20:00:00,531.79
2024-10-04 21:00:00,429.47
2024-10-04 22:00:00,429.47
2024-10-04 23:00:00,386.91
2024-10-05 00:00:00,450.71
2024-10-05 01:00:00,442.08
2024-10-05 02:00:00,429.4
2024-10-05 03:00:00,427.85
2024-10-05 04:00:00,431.3
2024-10-05 05:00:00,417.24
2024-10-05 06:00:00,435.87
2024-10-05 07:00:00,450.15
2024-10-05 08:00:00,476.93
2024-10-05 09:00:00,459.9
2024-10-05 10:00:00,526.49
2024-10-05 11:00:00,559.91
2024-10-05 12:00:00,604.29
2024-10-05 13:00:00,615.55
2024-10-05 14:00:00,556.33
2024-10-05 15:00:00,502.9
2024-10-05 16:00:00,516.31
2024-10-05 17:00:00,585.83
2024-10-05 18:00:00,637.5
2024-10-05 19:00:00,741.75
2024-10-05 20:00:00,478.14
2024-10-05 21:00:00,419.87
2024-10-05 22:00:00,426.94
2024-10-05 23:00:00,420.22
2024-10-06 00:00:00,375.23
2024-10-06 01:00:00,368.59
2024-10-06 02:00:00,362.9
2024-10-06 03:00:00,363.67
2024-10-06 04:00:00,362.03
2024-10-06 05:00:00,356.64
2024-10-06 06:00:00,348.79
2024-10-06 07:00:00,398.05
2024-10-06 08:00:00,398.0
2024-10-06 09:00:00,402.06
2024-10-06 10:00:00,439.8
2024-10-06 11:00:00,509.11
2024-10-06 12:00:00,545.72
2024-10-06 13:00:00,549.22
2024-10-06 14:00:00,474.9
2024-10-06 15:00:00,465.76
2024-10-06 16:00:00,451.31
2024-10-06 17:00:00,529.25
2024-10-06 18:00:00,674.86
2024-10-06 19:00:00,896.67
2024-10-06 20:00:00,646.65
2024-10-06 21:00:00,541.58
2024-10-06 22:00:00,428.63
2024-10-06 23:00:00,365.27
2024-10-07 00:00:00,356.81
2024-10-07 01:00:00,351.73
2024-10-07 02:00:00,349.53
2024-10-07 03:00:00,349.74
2024-10-07 04:00:00,349.53
2024-10-07 05:00:00,397.74
2024-10-07 06:00:00,803.94
2024-10-07 07:00:00,967.02
2024-10-07 08:00:00,467.18
2024-10-07 09:00:00,397.44
2024-10-07 10:00:00,476.2
2024-10-07 11:00:00,368.89
2024-10-07 12:00:00,351.55
2024-10-07 13:00:00,389.42
2024-10-07 14:00:00,380.67
2024-10-07 15:00:00,318.13
2024-10-07 16:00:00,432.16
2024-10-07 17:00:00,694.91
2024-10-07 18:00:00,1078.38
2024-10-07 19:00:00,1228.26
2024-10-07 20:00:00,736.14
2024-10-07 21:00:00,426.51
2024-10-07 22:00:00,391.66
2024-10-07 23:00:00,343.27
2024-10-08 00:00:00,425.42
2024-10-08 01:00:00,423.43
2024-10-08 02:00:00,430.3
2024-10-08 03:00:00,426.11
2024-10-08 04:00:00,423.17
2024-10-08 05:00:00,418.98
2024-10-08 06:00:00,487.95
2024-10-08 07:00:00,589.22
2024-10-08 08:00:00,469.29
2024-10-08 09:00:00,401.75
2024-10-08 10:00:00,284.11
2024-10-08 11:00:00,211.48
2024-10-08 12:00:00,168.9
2024-10-08 13:00:00,174.08
2024-10-08 14:00:00,217.48
2024-10-08 15:00:00,317.8
2024-10-08 16:00:00,472.31
2024-10-08 17:00:00,533.16
2024-10-08 18:00:00,667.21
2024-10-08 19:00:00,717.73
2024-10-08 20:00:00,489.46
2024-10-08 21:00:00,481.64
2024-10-08 22:00:00,416.95
2024-10-08 23:00:00,357.57
2024-10-09 00:00:00,356.3
2024-10-09 01:00:00,348.17
2024-10-09 02:00:00,348.09
2024-10-09 03:00:00,342.99
2024-10-09 04:00:00,350.42
2024-10-09 05:00:00,385.89
2024-10-09 06:00:00,476.92
2024-10-09 07:00:00,519.9
2024-10-09 08:00:00,483.96
2024-10-09 09:00:00,450.52
2024-10-09 10:00:00,439.89
2024-10-09 11:00:00,424.08
2024-10-09 12:00:00,408.87
2024-10-09 13:00:00,429.91
2024-10-09 14:00:00,379.93
2024-10-09 15:00:00,339.1
2024-10-09 16:00:00,402.74
2024-10-09 17:00:00,509.36
2024-10-09 18:00:00,587.86
2024-10-09 19:00:00,594.47
2024-10-09 20:00:00,491.0
2024-10-09 21:00:00,413.84
2024-10-09 22:00:00,405.42
2024-10-09 23:00:00,358.8
2024-10-10 00:00:00,296.88
2024-10-10 01:00:00,196.5
2024-10-10 02:00:00,157.22
2024-10-10 03:00:00,132.56
2024-10-10 04:00:00,124.78
2024-10-10 05:00:00,270.85
2024-10-10 06:00:00,437.53
2024-10-10 07:00:00,373.08
2024-10-10 08:00:00,377.04
2024-10-10 09:00:00,290.43
2024-10-10 10:00:00,223.78
2024-10-10 11:00:00,166.68
2024-10-10 12:00:00,93.93
2024-10-10 13:00:00,68.5
2024-10-10 14:00:00,86.1
2024-10-10 15:00:00,227.09
2024-10-10 16:00:00,350.62
2024-10-10 17:00:00,401.0
2024-10-10 18:00:00,422.13
2024-10-10 19:00:00,518.76
2024-10-10 20:00:00,442.95
2024-10-10 21:00:00,389.0
2024-10-10 22:00:00,389.94
2024-10-10 23:00:00,354.41
2024-10-11 00:00:00,344.28
2024-10-11 01:00:00,319.71
2024-10-11 02:00:00,309.21
2024-10-11 03:00:00,292.21
2024-10-11 04:00:00,308.13
2024-10-11 05:00:00,380.55
2024-10-11 06:00:00,430.07
2024-10-11 07:00:00,604.17
2024-10-11 08:00:00,669.06
2024-10-11 09:00:00,473.36
2024-10-11 10:00:00,387.26
2024-10-11 11:00:00,311.31
2024-10-11 12:00:00,265.27
2024-10-11 13:00:00,246.0
2024-10-11 14:00:00,267.6
2024-10-11 15:00:00,330.51
2024-10-11 16:00:00,400.08
2024-10-11 17:00:00,484.55
2024-10-11 18:00:00,710.67
2024-10-11 19:00:00,746.94
2024-10-11 20:00:00,520.31
2024-10-11 21:00:00,427.75
2024-10-11 22:00:00,419.79
2024-10-11 23:00:00,376.42
2024-10-12 00:00:00,457.16
2024-10-12 01:00:00,440.81
2024-10-12 02:00:00,420.93
2024-10-12 03:00:00,433.72
2024-10-12 04:00:00,433.81
2024-10-12 05:00:00,421.02
2024-10-12 06:00:00,428.14
2024-10-12 07:00:00,457.42
2024-10-12 08:00:00,444.84
2024-10-12 09:00:00,398.91
2024-10-12 10:00:00,143.07
2024-10-12 11:00:00,142.09
2024-10-12 12:00:00,107.32
2024-10-12 13:00:00,61.9
2024-10-12 14:00:00,189.9
2024-10-12 15:00:00,385.43
2024-10-12 16:00:00,539.79
2024-10-12 17:00:00,550.74
2024-10-12 18:00:00,649.69
2024-10-12 19:00:00,598.69
2024-10-12 20:00:00,499.79
2024-10-12 21:00:00,450.81
2024-10-12 22:00:00,321.52
2024-10-12 23:00:00,173.38
2024-10-13 00:00:00,0.0
2024-10-13 01:00:00,-0.04
2024-10-13 02:00:00,-0.3
2024-10-13 03:00:00,-1.59
2024-10-13 04:00:00,-2.19
2024-10-13 05:00:00,-0.39
2024-10-13 06:00:00,-1.85
2024-10-13 07:00:00,0.0
2024-10-13 08:00:00,6.57
2024-10-13 09:00:00,-2.02
2024-10-13 10:00:00,-2.28
2024-10-13 11:00:00,-2.4
2024-10-13 12:00:00,-18.93
2024-10-13 13:00:00,-61.3
2024-10-13 14:00:00,-2.4
2024-10-13 15:00:00,-2.28
2024-10-13 16:00:00,4.68
2024-10-13 17:00:00,249.01
2024-10-13 18:00:00,268.8
2024-10-13 19:00:00,269.1
2024-10-13 20:00:00,268.89
2024-10-13 21:00:00,192.18
2024-10-13 22:00:00,175.87
2024-10-13 23:00:00,107.4
2024-10-14 00:00:00,19.96
2024-10-14 01:00:00,152.17
2024-10-14 02:00:00,152.9
2024-10-14 03:00:00,149.6
2024-10-14 04:00:00,170.85
2024-10-14 05:00:00,267.0
2024-10-14 06:00:00,424.02
2024-10-14 07:00:00,572.16
2024-10-14 08:00:00,657.33
2024-10-14 09:00:00,462.48
2024-10-14 10:00:00,398.78
2024-10-14 11:00:00,349.68
2024-10-14 12:00:00,318.9
2024-10-14 13:00:00,322.55
2024-10-14 14:00:00,318.34
2024-10-14 15:00:00,370.54
2024-10-14 16:00:00,455.66
2024-10-14 17:00:00,673.9
2024-10-14 18:00:00,965.62
2024-10-14 19:00:00,1148.53
2024-10-14 20:00:00,678.23
2024-10-14 21:00:00,490.17
2024-10-14 22:00:00,427.8
2024-10-14 23:00:00,406.94
2024-10-15 00:00:00,430.27
2024-10-15 01:00:00,420.27
2024-10-15 02:00:00,409.66
2024-10-15 03:00:00,398.93
2024-10-15 04:00:00,409.83
2024-10-15 05:00:00,383.73
2024-10-15 06:00:00,537.16
2024-10-15 07:00:00,909.99
2024-10-15 08:00:00,810.44
2024-10-15 09:00:00,474.53
2024-10-15 10:00:00,398.03
2024-10-15 11:00:00,380.64
2024-10-15 12:00:00,393.65
2024-10-15 13:00:00,409.96
2024-10-15 14:00:00,435.03
2024-10-15 15:00:00,395.54
2024-10-15 16:00:00,634.6
2024-10-15 17:00:00,900.76
2024-10-15 18:00:00,1059.03
2024-10-15 19:00:00,1158.76
2024-10-15 20:00:00,806.1
2024-10-15 21:00:00,612.37
2024-10-15 22:00:00,511.06
2024-10-15 23:00:00,436.06
2024-10-16 00:00:00,436.9
2024-10-16 01:00:00,389.82
2024-10-16 02:00:00,378.15
2024-10-16 03:00:00,377.81
2024-10-16 04:00:00,377.81
2024-10-16 05:00:00,450.37
2024-10-16 06:00:00,835.9
2024-10-16 07:00:00,986.1
2024-10-16 08:00:00,624.43
2024-10-16 09:00:00,374.16
2024-10-16 10:00:00,114.49
2024-10-16 11:00:00,60.76
2024-10-16 12:00:00,17.55
2024-10-16 13:00:00,8.75
2024-10-16 14:00:00,17.17
2024-10-16 15:00:00,60.85
2024-10-16 16:00:00,407.2
2024-10-16 17:00:00,624.73
2024-10-16 18:00:00,719.69
2024-10-16 19:00:00,636.7
2024-10-16 20:00:00,443.81
2024-10-16 21:00:00,354.08
2024-10-16 22:00:00,274.9
2024-10-16 23:00:00,139.94
2024-10-17 00:00:00,73.2
2024-10-17 01:00:00,52.19
2024-10-17 02:00:00,45.02
2024-10-17 03:00:00,24.1
2024-10-17 04:00:00,43.0
2024-10-17 05:00:00,127.28
2024-10-17 06:00:00,405.97
2024-10-17 07:00:00,434.1
2024-10-17 08:00:00,396.47
2024-10-17 09:00:00,299.83
2024-10-17 10:00:00,17.31
2024-10-17 11:00:00,-49.96
2024-10-17 12:00:00,-35.44
2024-10-17 13:00:00,0.13
2024-10-17 14:00:00,86.17
2024-10-17 15:00:00,272.59
2024-10-17 16:00:00,396.35
2024-10-17 17:00:00,525.6
2024-10-17 18:00:00,784.4
2024-10-17 19:00:00,727.74
2024-10-17 20:00:00,499.05
2024-10-17 21:00:00,415.68
2024-10-17 22:00:00,379.34
2024-10-17 23:00:00,349.91
2024-10-18 00:00:00,343.41
2024-10-18 01:00:00,289.87
2024-10-18 02:00:00,261.07
2024-10-18 03:00:00,316.29
2024-10-18 04:00:00,309.08
2024-10-18 05:00:00,357.31
2024-10-18 06:00:00,432.0
2024-10-18 07:00:00,634.14
2024-10-18 08:00:00,665.14
2024-10-18 09:00:00,357.74
2024-10-18 10:00:00,259.09
2024-10-18 11:00:00,279.94
2024-10-18 12:00:00,199.85
2024-10-18 13:00:00,227.18
2024-10-18 14:00:00,254.68
2024-10-18 15:00:00,357.52
2024-10-18 16:00:00,437.05
2024-10-18 17:00:00,565.32
2024-10-18 18:00:00,766.68
2024-10-18 19:00:00,613.89
2024-10-18 20:00:00,447.11
2024-10-18 21:00:00,417.54
2024-10-18 22:00:00,399.66
2024-10-18 23:00:00,366.5
2024-10-19 00:00:00,371.5
2024-10-19 01:00:00,350.97
2024-10-19 02:00:00,338.27
2024-10-19 03:00:00,319.98
2024-10-19 04:00:00,319.8
2024-10-19 05:00:00,325.44
2024-10-19 06:00:00,340.77
2024-10-19 07:00:00,387.35
2024-10-19 08:00:00,378.69
2024-10-19 09:00:00,355.19
2024-10-19 10:00:00,271.16
2024-10-19 11:00:00,88.25
2024-10-19 12:00:00,177.14
2024-10-19 13:00:00,167.24
2024-10-19 14:00:00,228.67
2024-10-19 15:00:00,327.94
2024-10-19 16:00:00,403.53
2024-10-19 17:00:00,513.65
2024-10-19 18:00:00,570.95
2024-10-19 19:00:00,504.44
2024-10-19 20:00:00,409.43
2024-10-19 21:00:00,414.47
2024-10-19 22:00:00,359.71
2024-10-19 23:00:00,315.67
2024-10-20 00:00:00,237.19
2024-10-20 01:00:00,233.58
2024-10-20 02:00:00,242.83
2024-10-20 03:00:00,252.35
2024-10-20 04:00:00,265.13
2024-10-20 05:00:00,289.8
2024-10-20 06:00:00,302.97
2024-10-20 07:00:00,314.59
2024-10-20 08:00:00,285.37
2024-10-20 09:00:00,190.06
2024-10-20 10:00:00,27.42
2024-10-20 11:00:00,0.34
2024-10-20 12:00:00,0.0
2024-10-20 13:00:00,-4.22
2024-10-20 14:00:00,-8.65
2024-10-20 15:00:00,30.87
2024-10-20 16:00:00,384.42
2024-10-20 17:00:00,368.32
2024-10-20 18:00:00,393.76
2024-10-20 19:00:00,415.76
2024-10-20 20:00:00,348.39
2024-10-20 21:00:00,330.35
2024-10-20 22:00:00,212.66
2024-10-20 23:00:00,124.24
2024-10-21 00:00:00,-8.65
2024-10-21 01:00:00,-0.95
2024-10-21 02:00:00,-4.26
2024-10-21 03:00:00,11.24
2024-10-21 04:00:00,51.1
2024-10-21 05:00:00,227.85
2024-10-21 06:00:00,597.51
2024-10-21 07:00:00,659.28
2024-10-21 08:00:00,522.22
2024-10-21 09:00:00,447.27
2024-10-21 10:00:00,382.27
2024-10-21 11:00:00,347.66
2024-10-21 12:00:00,311.62
2024-10-21 13:00:00,334.1
2024-10-21 14:00:00,348.43
2024-10-21 15:00:00,419.33
2024-10-21 16:00:00,574.73
2024-10-21 17:00:00,849.08
2024-10-21 18:00:00,1179.0
2024-10-21 19:00:00,1054.16
2024-10-21 20:00:00,731.39
2024-10-21 21:00:00,498.28
2024-10-21 22:00:00,421.01
2024-10-21 23:00:00,400.22
2024-10-22 00:00:00,400.0
2024-10-22 01:00:00,382.82
2024-10-22 02:00:00,365.93
2024-10-22 03:00:00,358.03
2024-10-22 04:00:00,374.09
2024-10-22 05:00:00,459.76
2024-10-22 06:00:00,729.32
2024-10-22 07:00:00,927.16
2024-10-22 08:00:00,785.19
2024-10-22 09:00:00,489.68
2024-10-22 10:00:00,419.6
2024-10-22 11:00:00,353.41
2024-10-22 12:00:00,316.54
2024-10-22 13:00:00,306.05
2024-10-22 14:00:00,314.85
2024-10-22 15:00:00,453.28
2024-10-22 16:00:00,589.68
2024-10-22 17:00:00,834.93
2024-10-22 18:00:00,912.61
2024-10-22 19:00:00,789.29
2024-10-22 20:00:00,481.82
2024-10-22 21:00:00,409.37
2024-10-22 22:00:00,410.88
2024-10-22 23:00:00,381.48
2024-10-23 00:00:00,377.38
2024-10-23 01:00:00,358.31
2024-10-23 02:00:00,351.49
2024-10-23 03:00:00,354.85
2024-10-23 04:00:00,366.98
2024-10-23 05:00:00,418.38
2024-10-23 06:00:00,534.09
2024-10-23 07:00:00,744.88
2024-10-23 08:00:00,780.92
2024-10-23 09:00:00,550.97
2024-10-23 10:00:00,447.47
2024-10-23 11:00:00,411.56
2024-10-23 12:00:00,378.5
2024-10-23 13:00:00,357.49
2024-10-23 14:00:00,379.54
2024-10-23 15:00:00,419.76
2024-10-23 16:00:00,595.21
2024-10-23 17:00:00,956.92
2024-10-23 18:00:00,1099.91
2024-10-23 19:00:00,1006.99
2024-10-23 20:00:00,750.58
2024-10-23 21:00:00,523.99
2024-10-23 22:00:00,450.19
2024-10-23 23:00:00,402.07
2024-10-24 00:00:00,400.5
2024-10-24 01:00:00,358.67
2024-10-24 02:00:00,351.26
2024-10-24 03:00:00,350.83
2024-10-24 04:00:00,351.26
2024-10-24 05:00:00,443.76
2024-10-24 06:00:00,729.7
2024-10-24 07:00:00,962.58
2024-10-24 08:00:00,788.25
2024-10-24 09:00:00,504.96
2024-10-24 10:00:00,443.76
2024-10-24 11:00:00,405.44
2024-10-24 12:00:00,366.13
2024-10-24 13:00:00,345.41
2024-10-24 14:00:00,367.17
2024-10-24 15:00:00,419.09
2024-10-24 16:00:00,608.72
2024-10-24 17:00:00,1025.35
2024-10-24 18:00:00,1125.51
2024-10-24 19:00:00,1036.83
2024-10-24 20:00:00,740.4
2024-10-24 21:00:00,515.36
2024-10-24 22:00:00,470.8
2024-10-24 23:00:00,383.68
2024-10-25 00:00:00,417.9
2024-10-25 01:00:00,357.37
2024-10-25 02:00:00,369.86
2024-10-25 03:00:00,359.8
2024-10-25 04:00:00,380.28
2024-10-25 05:00:00,434.83
2024-10-25 06:00:00,729.57
2024-10-25 07:00:00,984.66
2024-10-25 08:00:00,654.98
2024-10-25 09:00:00,525.13
2024-10-25 10:00:00,463.3
2024-10-25 11:00:00,393.69
2024-10-25 12:00:00,349.77
2024-10-25 13:00:00,335.36
2024-10-25 14:00:00,353.03
2024-10-25 15:00:00,422.68
2024-10-25 16:00:00,611.8
2024-10-25 17:00:00,884.37
2024-10-25 18:00:00,988.26
2024-10-25 19:00:00,800.05
2024-10-25 20:00:00,570.74
2024-10-25 21:00:00,488.94
2024-10-25 22:00:00,489.55
2024-10-25 23:00:00,466.85
2024-10-26 00:00:00,497.8
2024-10-26 01:00:00,472.77
2024-10-26 02:00:00,460.71
2024-10-26 03:00:00,463.71
2024-10-26 04:00:00,454.27
2024-10-26 05:00:00,459.49
2024-10-26 06:00:00,496.36
2024-10-26 07:00:00,565.28
2024-10-26 08:00:00,539.68
2024-10-26 09:00:00,505.07
2024-10-26 10:00:00,435.68
2024-10-26 11:00:00,350.09
2024-10-26 12:00:00,298.46
2024-10-26 13:00:00,334.07
2024-10-26 14:00:00,395.93
2024-10-26 15:00:00,379.83
2024-10-26 16:00:00,559.88
2024-10-26 17:00:00,682.34
2024-10-26 18:00:00,811.85
2024-10-26 19:00:00,775.28
2024-10-26 20:00:00,696.7
2024-10-26 21:00:00,542.77
2024-10-26 22:00:00,469.94
2024-10-26 23:00:00,400.37
2024-10-27 00:00:00,401.98
2024-10-27 01:00:00,365.76
2024-10-27 02:00:00,357.97
2024-10-27 03:00:00,341.95
2024-10-27 04:00:00,341.12
2024-10-27 05:00:00,373.56
2024-10-27 06:00:00,385.79
2024-10-27 07:00:00,383.05
2024-10-27 08:00:00,366.72
2024-10-27 09:00:00,289.15
2024-10-27 10:00:00,238.21
2024-10-27 11:00:00,185.02
2024-10-27 12:00:00,218.97
2024-10-27 13:00:00,330.59
2024-10-27 14:00:00,427.54
2024-10-27 15:00:00,493.66
2024-10-27 16:00:00,528.8
2024-10-27 17:00:00,591.57
2024-10-27 18:00:00,596.66
2024-10-27 19:00:00,529.97
2024-10-27 20:00:00,480.65
2024-10-27 21:00:00,463.5
2024-10-27 22:00:00,497.41
2024-10-27 23:00:00,448.35
2024-10-28 00:00:00,417.09
2024-10-28 01:00:00,413.3
2024-10-28 02:00:00,388.53
2024-10-28 03:00:00,397.89
2024-10-28 04:00:00,438.16
2024-10-28 05:00:00,462.54
2024-10-28 06:00:00,660.48
2024-10-28 07:00:00,809.19
2024-10-28 08:00:00,549.91
2024-10-28 09:00:00,501.28
2024-10-28 10:00:00,429.89
2024-10-28 11:00:00,443.38
2024-10-28 12:00:00,444.17
2024-10-28 13:00:00,442.47
2024-10-28 14:00:00,497.67
2024-10-28 15:00:00,567.32
2024-10-28 16:00:00,1083.36
2024-10-28 17:00:00,1179.05
2024-10-28 18:00:00,909.4
2024-10-28 19:00:00,673.8
2024-10-28 20:00:00,554.09
2024-10-28 21:00:00,503.07
2024-10-28 22:00:00,479.21
2024-10-28 23:00:00,446.43
2024-10-29 00:00:00,444.0
2024-10-29 01:00:00,434.35
2024-10-29 02:00:00,430.21
2024-10-29 03:00:00,428.61
2024-10-29 04:00:00,436.74
2024-10-29 05:00:00,493.87
2024-10-29 06:00:00,555.74
2024-10-29 07:00:00,685.78
2024-10-29 08:00:00,659.56
2024-10-29 09:00:00,564.52
2024-10-29 10:00:00,524.78
2024-10-29 11:00:00,491.65
2024-10-29 12:00:00,458.69
2024-10-29 13:00:00,512.87
2024-10-29 14:00:00,590.65
2024-10-29 15:00:00,750.34
2024-10-29 16:00:00,1088.47
2024-10-29 17:00:00,1244.99
2024-10-29 18:00:00,1111.25
2024-10-29 19:00:00,888.34
2024-10-29 20:00:00,610.82
2024-10-29 21:00:00,540.3
2024-10-29 22:00:00,514.52
2024-10-29 23:00:00,449.48
2024-10-30 00:00:00,441.39
2024-10-30 01:00:00,438.99
2024-10-30 02:00:00,428.67
2024-10-30 03:00:00,428.45
2024-10-30 04:00:00,439.56
2024-10-30 05:00:00,462.24
2024-10-30 06:00:00,539.22
2024-10-30 07:00:00,607.24
2024-10-30 08:00:00,606.71
2024-10-30 09:00:00,541.53
2024-10-30 10:00:00,501.65
2024-10-30 11:00:00,477.96
2024-10-30 12:00:00,445.13
2024-10-30 13:00:00,464.81
2024-10-30 14:00:00,486.15
2024-10-30 15:00:00,552.42
2024-10-30 16:00:00,702.07
2024-10-30 17:00:00,820.98
2024-10-30 18:00:00,829.91
2024-10-30 19:00:00,696.37
2024-10-30 20:00:00,538.7
2024-10-30 21:00:00,532.08
2024-10-30 22:00:00,503.61
2024-10-30 23:00:00,489.11
2024-10-31 00:00:00,454.18
2024-10-31 01:00:00,427.26
2024-10-31 02:00:00,418.93
2024-10-31 03:00:00,411.22
2024-10-31 04:00:00,425.31
2024-10-31 05:00:00,443.95
2024-10-31 06:00:00,525.92
2024-10-31 07:00:00,586.14
2024-10-31 08:00:00,578.9
2024-10-31 09:00:00,534.81
2024-10-31 10:00:00,456.09
2024-10-31 11:00:00,425.39
2024-10-31 12:00:00,385.42
2024-10-31 13:00:00,399.47
2024-10-31 14:00:00,429.86
2024-10-31 15:00:00,458.82
2024-10-31 16:00:00,498.74
2024-10-31 17:00:00,523.06
2024-10-31 18:00:00,484.57
2024-10-31 19:00:00,416.85
2024-10-31 20:00:00,340.6
2024-10-31 21:00:00,279.65
2024-10-31 22:00:00,263.35
2024-10-31 23:00:00,108.51
2024-11-01 00:00:00,7.44
2024-11-01 01:00:00,54.24
2024-11-01 02:00:00,5.05
2024-11-01 03:00:00,10.75
2024-11-01 04:00:00,54.89
2024-11-01 05:00:00,35.17
2024-11-01 06:00:00,26.07
2024-11-01 07:00:00,28.73
2024-11-01 08:00:00,56.81
2024-11-01 09:00:00,67.3
2024-11-01 10:00:00,177.47
2024-11-01 11:00:00,71.87
2024-11-01 12:00:00,26.07
2024-11-01 13:00:00,126.89
2024-11-01 14:00:00,286.56
2024-11-01 15:00:00,381.54
2024-11-01 16:00:00,336.97
2024-11-01 17:00:00,354.03
2024-11-01 18:00:00,335.83
2024-11-01 19:00:00,335.22
2024-11-01 20:00:00,361.91
2024-11-01 21:00:00,330.13
2024-11-01 22:00:00,299.79
2024-11-01 23:00:00,230.75
2024-11-02 00:00:00,374.01
2024-11-02 01:00:00,377.8
2024-11-02 02:00:00,380.71
2024-11-02 03:00:00,374.36
2024-11-02 04:00:00,378.06
2024-11-02 05:00:00,401.0
2024-11-02 06:00:00,422.15
2024-11-02 07:00:00,435.78
2024-11-02 08:00:00,440.35
2024-11-02 09:00:00,353.16
2024-11-02 10:00:00,395.69
2024-11-02 11:00:00,375.66
2024-11-02 12:00:00,384.89
2024-11-02 13:00:00,398.52
2024-11-02 14:00:00,449.1
2024-11-02 15:00:00,530.89
2024-11-02 16:00:00,604.81
2024-11-02 17:00:00,700.27
2024-11-02 18:00:00,655.21
2024-11-02 19:00:00,601.85
2024-11-02 20:00:00,536.55
2024-11-02 21:00:00,484.23
2024-11-02 22:00:00,462.64
2024-11-02 23:00:00,437.96
2024-11-03 00:00:00,440.48
2024-11-03 01:00:00,420.98
2024-11-03 02:00:00,387.85
2024-11-03 03:00:00,370.4
2024-11-03 04:00:00,381.19
2024-11-03 05:00:00,385.89
2024-11-03 06:00:00,416.76
2024-11-03 07:00:00,427.81
2024-11-03 08:00:00,385.76
2024-11-03 09:00:00,368.7
2024-11-03 10:00:00,309.06
2024-11-03 11:00:00,264.84
2024-11-03 12:00:00,229.1
2024-11-03 13:00:00,265.18
2024-11-03 14:00:00,347.85
2024-11-03 15:00:00,414.93
2024-11-03 16:00:00,505.17
2024-11-03 17:00:00,556.44
2024-11-03 18:00:00,534.24
2024-11-03 19:00:00,520.53
2024-11-03 20:00:00,476.35
2024-11-03 21:00:00,423.24
2024-11-03 22:00:00,380.32
2024-11-03 23:00:00,356.29
2024-11-04 00:00:00,400.65
2024-11-04 01:00:00,391.6
2024-11-04 02:00:00,392.07
2024-11-04 03:00:00,389.51
2024-11-04 04:00:00,393.64
2024-11-04 05:00:00,429.55
2024-11-04 06:00:00,545.08
2024-11-04 07:00:00,638.24
2024-11-04 08:00:00,601.54
2024-11-04 09:00:00,525.97
2024-11-04 10:00:00,435.26
2024-11-04 11:00:00,420.85
2024-11-04 12:00:00,412.58
2024-11-04 13:00:00,426.38
2024-11-04 14:00:00,448.45
2024-11-04 15:00:00,638.02
2024-11-04 16:00:00,1204.65
2024-11-04 17:00:00,1513.32
2024-11-04 18:00:00,1218.45
2024-11-04 19:00:00,1000.36
2024-11-04 20:00:00,783.76
2024-11-04 21:00:00,559.93
2024-11-04 22:00:00,470.91
2024-11-04 23:00:00,426.33
2024-11-05 00:00:00,441.9
2024-11-05 01:00:00,408.36
2024-11-05 02:00:00,396.59
2024-11-05 03:00:00,405.67
2024-11-05 04:00:00,415.88
2024-11-05 05:00:00,456.89
2024-11-05 06:00:00,548.64
2024-11-05 07:00:00,641.74
2024-11-05 08:00:00,568.45
2024-11-05 09:00:00,480.31
2024-11-05 10:00:00,459.71
2024-11-05 11:00:00,413.4
2024-11-05 12:00:00,411.97
2024-11-05 13:00:00,431.17
2024-11-05 14:00:00,478.87
2024-11-05 15:00:00,675.28
2024-11-05 16:00:00,1399.04
2024-11-05 17:00:00,1849.72
2024-11-05 18:00:00,1758.66
2024-11-05 19:00:00,1349.08
2024-11-05 20:00:00,758.08
2024-11-05 21:00:00,570.58
2024-11-05 22:00:00,511.63
2024-11-05 23:00:00,478.0
2024-11-06 00:00:00,462.89
2024-11-06 01:00:00,431.93
2024-11-06 02:00:00,416.36
2024-11-06 03:00:00,424.08
2024-11-06 04:00:00,439.6
2024-11-06 05:00:00,478.41
2024-11-06 06:00:00,698.67
2024-11-06 07:00:00,1206.69
2024-11-06 08:00:00,750.43
2024-11-06 09:00:00,446.62
2024-11-06 10:00:00,453.73
2024-11-06 11:00:00,487.83
2024-11-06 12:00:00,487.96
2024-11-06 13:00:00,422.42
2024-11-06 14:00:00,503.84
2024-11-06 15:00:00,1139.93
2024-11-06 16:00:00,1998.38
2024-11-06 17:00:00,2748.07
2024-11-06 18:00:00,2239.18
2024-11-06 19:00:00,1894.07
2024-11-06 20:00:00,886.4
2024-11-06 21:00:00,579.58
2024-11-06 22:00:00,519.32
2024-11-06 23:00:00,486.7
2024-11-07 00:00:00,479.23
2024-11-07 01:00:00,450.37
2024-11-07 02:00:00,436.01
2024-11-07 03:00:00,437.06
2024-11-07 04:00:00,450.2
2024-11-07 05:00:00,508.36
2024-11-07 06:00:00,671.39
2024-11-07 07:00:00,934.06
2024-11-07 08:00:00,822.2
2024-11-07 09:00:00,621.75
2024-11-07 10:00:00,544.99
2024-11-07 11:00:00,556.43
2024-11-07 12:00:00,559.79
2024-11-07 13:00:00,576.34
2024-11-07 14:00:00,604.24
2024-11-07 15:00:00,856.6
2024-11-07 16:00:00,1118.18
2024-11-07 17:00:00,1733.47
2024-11-07 18:00:00,1271.04
2024-11-07 19:00:00,781.68
2024-11-07 20:00:00,753.43
2024-11-07 21:00:00,554.25
2024-11-07 22:00:00,515.87
2024-11-07 23:00:00,463.25
2024-11-08 00:00:00,488.12
2024-11-08 01:00:00,445.78
2024-11-08 02:00:00,433.48
2024-11-08 03:00:00,431.53
2024-11-08 04:00:00,453.64
2024-11-08 05:00:00,510.75
2024-11-08 06:00:00,800.95
2024-11-08 07:00:00,839.65
2024-11-08 08:00:00,633.88
2024-11-08 09:00:00,549.75
2024-11-08 10:00:00,509.62
2024-11-08 11:00:00,481.82
2024-11-08 12:00:00,458.59
2024-11-08 13:00:00,463.89
2024-11-08 14:00:00,518.39
2024-11-08 15:00:00,541.8
2024-11-08 16:00:00,630.62
2024-11-08 17:00:00,640.35
2024-11-08 18:00:00,611.55
2024-11-08 19:00:00,589.23
2024-11-08 20:00:00,495.55
2024-11-08 21:00:00,460.67
2024-11-08 22:00:00,490.77
2024-11-08 23:00:00,451.94
2024-11-09 00:00:00,470.54
2024-11-09 01:00:00,432.27
2024-11-09 02:00:00,423.79
2024-11-09 03:00:00,418.26
2024-11-09 04:00:00,425.56
2024-11-09 05:00:00,435.47
2024-11-09 06:00:00,451.08
2024-11-09 07:00:00,475.12
2024-11-09 08:00:00,493.41
2024-11-09 09:00:00,495.58
2024-11-09 10:00:00,475.55
2024-11-09 11:00:00,460.12
2024-11-09 12:00:00,462.19
2024-11-09 13:00:00,467.04
2024-11-09 14:00:00,494.19
2024-11-09 15:00:00,526.11
2024-11-09 16:00:00,595.56
2024-11-09 17:00:00,634.78
2024-11-09 18:00:00,636.72
2024-11-09 19:00:00,602.52
2024-11-09 20:00:00,554.91
2024-11-09 21:00:00,510.11
2024-11-09 22:00:00,495.27
2024-11-09 23:00:00,476.12
2024-11-10 00:00:00,454.02
2024-11-10 01:00:00,442.3
2024-11-10 02:00:00,441.48
2024-11-10 03:00:00,436.85
2024-11-10 04:00:00,437.15
2024-11-10 05:00:00,441.87
2024-11-10 06:00:00,434.39
2024-11-10 07:00:00,443.03
2024-11-10 08:00:00,456.48
2024-11-10 09:00:00,480.01
2024-11-10 10:00:00,487.32
2024-11-10 11:00:00,476.25
2024-11-10 12:00:00,479.66
2024-11-10 13:00:00,469.85
2024-11-10 14:00:00,486.88
2024-11-10 15:00:00,544.53
2024-11-10 16:00:00,581.33
2024-11-10 17:00:00,642.13
2024-11-10 18:00:00,631.84
2024-11-10 19:00:00,599.49
2024-11-10 20:00:00,541.89
2024-11-10 21:00:00,498.52
2024-11-10 22:00:00,480.44
2024-11-10 23:00:00,467.12
2024-11-11 00:00:00,474.26
2024-11-11 01:00:00,448.61
2024-11-11 02:00:00,432.53
2024-11-11 03:00:00,424.92
2024-11-11 04:00:00,423.96
2024-11-11 05:00:00,449.78
2024-11-11 06:00:00,498.39
2024-11-11 07:00:00,527.66
2024-11-11 08:00:00,596.98
2024-11-11 09:00:00,557.33
2024-11-11 10:00:00,557.42
2024-11-11 11:00:00,534.06
2024-11-11 12:00:00,516.29
2024-11-11 13:00:00,559.53
2024-11-11 14:00:00,568.87
2024-11-11 15:00:00,629.29
2024-11-11 16:00:00,695.88
2024-11-11 17:00:00,730.82
2024-11-11 18:00:00,686.11
2024-11-11 19:00:00,628.38
2024-11-11 20:00:00,543.92
2024-11-11 21:00:00,499.77
2024-11-11 22:00:00,475.86
2024-11-11 23:00:00,442.56
2024-11-12 00:00:00,476.03
2024-11-12 01:00:00,453.37
2024-11-12 02:00:00,445.33
2024-11-12 03:00:00,456.96
2024-11-12 04:00:00,474.82
2024-11-12 05:00:00,516.38
2024-11-12 06:00:00,668.51
2024-11-12 07:00:00,844.47
2024-11-12 08:00:00,890.83
2024-11-12 09:00:00,948.9
2024-11-12 10:00:00,840.14
2024-11-12 11:00:00,756.47
2024-11-12 12:00:00,723.69
2024-11-12 13:00:00,681.09
2024-11-12 14:00:00,758.85
2024-11-12 15:00:00,945.88
2024-11-12 16:00:00,1225.06
2024-11-12 17:00:00,1428.22
2024-11-12 18:00:00,996.17
2024-11-12 19:00:00,797.25
2024-11-12 20:00:00,655.84
2024-11-12 21:00:00,577.44
2024-11-12 22:00:00,536.87
2024-11-12 23:00:00,492.42
2024-11-13 00:00:00,513.17
2024-11-13 01:00:00,488.72
2024-11-13 02:00:00,471.3
2024-11-13 03:00:00,470.12
2024-11-13 04:00:00,485.02
2024-11-13 05:00:00,524.89
2024-11-13 06:00:00,749.14
2024-11-13 07:00:00,900.24
2024-11-13 08:00:00,1162.27
2024-11-13 09:00:00,1136.7
2024-11-13 10:00:00,1080.36
2024-11-13 11:00:00,1006.55
2024-11-13 12:00:00,987.91
2024-11-13 13:00:00,990.74
2024-11-13 14:00:00,994.44
2024-11-13 15:00:00,1094.78
2024-11-13 16:00:00,1100.14
2024-11-13 17:00:00,1100.19
2024-11-13 18:00:00,941.68
2024-11-13 19:00:00,814.41
2024-11-13 20:00:00,662.18
2024-11-13 21:00:00,525.45
2024-11-13 22:00:00,503.89
2024-11-13 23:00:00,444.28
2024-11-14 00:00:00,469.8
2024-11-14 01:00:00,424.83
2024-11-14 02:00:00,406.85
2024-11-14 03:00:00,399.51
2024-11-14 04:00:00,389.83
2024-11-14 05:00:00,440.33
2024-11-14 06:00:00,531.8
2024-11-14 07:00:00,572.35
2024-11-14 08:00:00,630.4
2024-11-14 09:00:00,628.27
2024-11-14 10:00:00,606.04
2024-11-14 11:00:00,622.98
2024-11-14 12:00:00,615.81
2024-11-14 13:00:00,652.72
2024-11-14 14:00:00,649.81
2024-11-14 15:00:00,650.42
2024-11-14 16:00:00,702.21
2024-11-14 17:00:00,649.81
2024-11-14 18:00:00,587.59
2024-11-14 19:00:00,629.75
2024-11-14 20:00:00,571.22
2024-11-14 21:00:00,564.23
2024-11-14 22:00:00,523.16
2024-11-14 23:00:00,475.84
2024-11-15 00:00:00,445.97
2024-11-15 01:00:00,431.57
2024-11-15 02:00:00,434.56
2024-11-15 03:00:00,429.79
2024-11-15 04:00:00,441.67
2024-11-15 05:00:00,443.41
2024-11-15 06:00:00,576.06
2024-11-15 07:00:00,582.52
2024-11-15 08:00:00,663.18
2024-11-15 09:00:00,658.06
2024-11-15 10:00:00,582.48
2024-11-15 11:00:00,578.49
2024-11-15 12:00:00,546.36
2024-11-15 13:00:00,534.3
2024-11-15 14:00:00,545.71
2024-11-15 15:00:00,582.61
2024-11-15 16:00:00,479.79
2024-11-15 17:00:00,469.99
2024-11-15 18:00:00,489.63
2024-11-15 19:00:00,431.61
2024-11-15 20:00:00,411.06
2024-11-15 21:00:00,391.98
2024-11-15 22:00:00,358.89
2024-11-15 23:00:00,355.2
2024-11-16 00:00:00,352.71
2024-11-16 01:00:00,319.92
2024-11-16 02:00:00,299.88
2024-11-16 03:00:00,259.71
2024-11-16 04:00:00,259.92
2024-11-16 05:00:00,229.94
2024-11-16 06:00:00,313.44
2024-11-16 07:00:00,376.64
2024-11-16 08:00:00,398.8
2024-11-16 09:00:00,416.95
2024-11-16 10:00:00,380.88
2024-11-16 11:00:00,353.06
2024-11-16 12:00:00,365.89
2024-11-16 13:00:00,376.73
2024-11-16 14:00:00,396.17
2024-11-16 15:00:00,417.98
2024-11-16 16:00:00,419.63
2024-11-16 17:00:00,447.01
2024-11-16 18:00:00,415.78
2024-11-16 19:00:00,564.47
2024-11-16 20:00:00,450.51
2024-11-16 21:00:00,391.63
2024-11-16 22:00:00,343.94
2024-11-16 23:00:00,92.96
2024-11-17 00:00:00,-0.6
2024-11-17 01:00:00,-0.04
2024-11-17 02:00:00,-0.43
2024-11-17 03:00:00,-0.17
2024-11-17 04:00:00,-0.04
2024-11-17 05:00:00,3.67
2024-11-17 06:00:00,10.11
2024-11-17 07:00:00,30.58
2024-11-17 08:00:00,216.34
2024-11-17 09:00:00,336.12
2024-11-17 10:00:00,215.99
2024-11-17 11:00:00,281.69
2024-11-17 12:00:00,328.0
2024-11-17 13:00:00,334.91
2024-11-17 14:00:00,387.75
2024-11-17 15:00:00,361.78
2024-11-17 16:00:00,440.01
2024-11-17 17:00:00,477.42
2024-11-17 18:00:00,435.78
2024-11-17 19:00:00,386.02
2024-11-17 20:00:00,396.13
2024-11-17 21:00:00,368.09
2024-11-17 22:00:00,347.83
2024-11-17 23:00:00,87.3
2024-11-18 00:00:00,-5.01
2024-11-18 01:00:00,37.97
2024-11-18 02:00:00,14.99
2024-11-18 03:00:00,-5.49
2024-11-18 04:00:00,37.45
2024-11-18 05:00:00,147.87
2024-11-18 06:00:00,434.53
2024-11-18 07:00:00,468.48
2024-11-18 08:00:00,522.95
2024-11-18 09:00:00,451.98
2024-11-18 10:00:00,375.26
2024-11-18 11:00:00,349.64
2024-11-18 12:00:00,367.44
2024-11-18 13:00:00,464.9
2024-11-18 14:00:00,563.09
2024-11-18 15:00:00,631.9
2024-11-18 16:00:00,693.16
2024-11-18 17:00:00,774.71
2024-11-18 18:00:00,765.34
2024-11-18 19:00:00,717.26
2024-11-18 20:00:00,425.63
2024-11-18 21:00:00,433.1
2024-11-18 22:00:00,454.18
2024-11-18 23:00:00,362.65
2024-11-19 00:00:00,412.19
2024-11-19 01:00:00,410.46
2024-11-19 02:00:00,399.71
2024-11-19 03:00:00,403.66
2024-11-19 04:00:00,417.69
2024-11-19 05:00:00,417.6
2024-11-19 06:00:00,591.79
2024-11-19 07:00:00,665.57
2024-11-19 08:00:00,706.46
2024-11-19 09:00:00,674.36
2024-11-19 10:00:00,617.01
2024-11-19 11:00:00,658.64
2024-11-19 12:00:00,613.37
2024-11-19 13:00:00,592.62
2024-11-19 14:00:00,587.07
2024-11-19 15:00:00,591.79
2024-11-19 16:00:00,530.11
2024-11-19 17:00:00,532.58
2024-11-19 18:00:00,546.83
2024-11-19 19:00:00,532.27
2024-11-19 20:00:00,501.43
2024-11-19 21:00:00,411.11
2024-11-19 22:00:00,361.16
2024-11-19 23:00:00,340.02
2024-11-20 00:00:00,266.08
2024-11-20 01:00:00,220.09
2024-11-20 02:00:00,250.28
2024-11-20 03:00:00,324.2
2024-11-20 04:00:00,330.09
2024-11-20 05:00:00,413.42
2024-11-20 06:00:00,513.07
2024-11-20 07:00:00,596.91
2024-11-20 08:00:00,618.74
2024-11-20 09:00:00,608.78
2024-11-20 10:00:00,542.13
2024-11-20 11:00:00,525.37
2024-11-20 12:00:00,484.92
2024-11-20 13:00:00,503.76
2024-11-20 14:00:00,523.42
2024-11-20 15:00:00,601.33
2024-11-20 16:00:00,655.42
2024-11-20 17:00:00,665.56
2024-11-20 18:00:00,664.52
2024-11-20 19:00:00,642.78
2024-11-20 20:00:00,588.9
2024-11-20 21:00:00,543.52
2024-11-20 22:00:00,504.93
2024-11-20 23:00:00,448.24
2024-11-21 00:00:00,407.82
2024-11-21 01:00:00,392.37
2024-11-21 02:00:00,376.75
2024-11-21 03:00:00,365.24
2024-11-21 04:00:00,365.59
2024-11-21 05:00:00,413.29
2024-11-21 06:00:00,471.67
2024-11-21 07:00:00,515.38
2024-11-21 08:00:00,572.59
2024-11-21 09:00:00,585.87
2024-11-21 10:00:00,532.61
2024-11-21 11:00:00,485.3
2024-11-21 12:00:00,467.85
2024-11-21 13:00:00,513.43
2024-11-21 14:00:00,589.95
2024-11-21 15:00:00,730.62
2024-11-21 16:00:00,805.06
2024-11-21 17:00:00,770.94
2024-11-21 18:00:00,634.35
2024-11-21 19:00:00,644.03
2024-11-21 20:00:00,616.99
2024-11-21 21:00:00,543.2
2024-11-21 22:00:00,535.04
2024-11-21 23:00:00,466.94
2024-11-22 00:00:00,506.72
2024-11-22 01:00:00,463.94
2024-11-22 02:00:00,470.55
2024-11-22 03:00:00,477.59
2024-11-22 04:00:00,497.85
2024-11-22 05:00:00,527.02
2024-11-22 06:00:00,698.24
2024-11-22 07:00:00,747.36
2024-11-22 08:00:00,765.1
2024-11-22 09:00:00,708.15
2024-11-22 10:00:00,617.65
2024-11-22 11:00:00,613.83
2024-11-22 12:00:00,635.95
2024-11-22 13:00:00,660.25
2024-11-22 14:00:00,797.31
2024-11-22 15:00:00,910.33
2024-11-22 16:00:00,977.36
2024-11-22 17:00:00,800.35
2024-11-22 18:00:00,689.81
2024-11-22 19:00:00,656.6
2024-11-22 20:00:00,541.41
2024-11-22 21:00:00,477.38
2024-11-22 22:00:00,498.81
2024-11-22 23:00:00,429.95
2024-11-23 00:00:00,380.92
2024-11-23 01:00:00,347.22
2024-11-23 02:00:00,337.76
2024-11-23 03:00:00,295.98
2024-11-23 04:00:00,342.01
2024-11-23 05:00:00,343.88
2024-11-23 06:00:00,345.01
2024-11-23 07:00:00,362.08
2024-11-23 08:00:00,409.68
2024-11-23 09:00:00,371.85
2024-11-23 10:00:00,343.44
2024-11-23 11:00:00,323.38
2024-11-23 12:00:00,314.0
2024-11-23 13:00:00,355.6
2024-11-23 14:00:00,425.53
2024-11-23 15:00:00,532.32
2024-11-23 16:00:00,572.36
2024-11-23 17:00:00,569.19
2024-11-23 18:00:00,526.68
2024-11-23 19:00:00,512.78
2024-11-23 20:00:00,447.72
2024-11-23 21:00:00,373.37
2024-11-23 22:00:00,300.45
2024-11-23 23:00:00,333.5
2024-11-24 00:00:00,109.14
2024-11-24 01:00:00,94.85
2024-11-24 02:00:00,12.42
2024-11-24 03:00:00,12.64
2024-11-24 04:00:00,13.98
2024-11-24 05:00:00,45.21
2024-11-24 06:00:00,182.93
2024-11-24 07:00:00,225.45
2024-11-24 08:00:00,215.33
2024-11-24 09:00:00,328.03
2024-11-24 10:00:00,351.44
2024-11-24 11:00:00,361.16
2024-11-24 12:00:00,358.56
2024-11-24 13:00:00,392.04
2024-11-24 14:00:00,392.04
2024-11-24 15:00:00,392.13
2024-11-24 16:00:00,406.07
2024-11-24 17:00:00,405.85
2024-11-24 18:00:00,364.73
2024-11-24 19:00:00,392.04
2024-11-24 20:00:00,357.86
2024-11-24 21:00:00,310.44
2024-11-24 22:00:00,209.9
2024-11-24 23:00:00,154.48
2024-11-25 00:00:00,-1.78
2024-11-25 01:00:00,-3.52
2024-11-25 02:00:00,-3.47
2024-11-25 03:00:00,-5.12
2024-11-25 04:00:00,0.04
2024-11-25 05:00:00,170.07
2024-11-25 06:00:00,353.04
2024-11-25 07:00:00,424.27
2024-11-25 08:00:00,459.14
2024-11-25 09:00:00,310.83
2024-11-25 10:00:00,210.94
2024-11-25 11:00:00,150.44
2024-11-25 12:00:00,268.88
2024-11-25 13:00:00,340.45
2024-11-25 14:00:00,406.29
2024-11-25 15:00:00,558.21
2024-11-25 16:00:00,670.91
2024-11-25 17:00:00,546.61
2024-11-25 18:00:00,565.24
2024-11-25 19:00:00,539.66
2024-11-25 20:00:00,471.78
2024-11-25 21:00:00,423.14
2024-11-25 22:00:00,393.04
2024-11-25 23:00:00,376.36
2024-11-26 00:00:00,249.95
2024-11-26 01:00:00,259.18
2024-11-26 02:00:00,275.77
2024-11-26 03:00:00,339.53
2024-11-26 04:00:00,370.2
2024-11-26 05:00:00,428.99
2024-11-26 06:00:00,583.38
2024-11-26 07:00:00,719.96
2024-11-26 08:00:00,732.0
2024-11-26 09:00:00,616.26
2024-11-26 10:00:00,524.94
2024-11-26 11:00:00,572.5
2024-11-26 12:00:00,649.96
2024-11-26 13:00:00,730.19
2024-11-26 14:00:00,860.92
2024-11-26 15:00:00,1149.9
2024-11-26 16:00:00,1203.75
2024-11-26 17:00:00,1005.09
2024-11-26 18:00:00,791.91
2024-11-26 19:00:00,788.71
2024-11-26 20:00:00,550.37
2024-11-26 21:00:00,499.9
2024-11-26 22:00:00,542.61
2024-11-26 23:00:00,491.8
2024-11-27 00:00:00,486.6
2024-11-27 01:00:00,481.11
2024-11-27 02:00:00,479.65
2024-11-27 03:00:00,487.76
2024-11-27 04:00:00,506.32
2024-11-27 05:00:00,563.29
2024-11-27 06:00:00,738.16
2024-11-27 07:00:00,803.07
2024-11-27 08:00:00,809.88
2024-11-27 09:00:00,758.27
2024-11-27 10:00:00,680.02
2024-11-27 11:00:00,693.02
2024-11-27 12:00:00,687.4
2024-11-27 13:00:00,760.86
2024-11-27 14:00:00,919.03
2024-11-27 15:00:00,1102.4
2024-11-27 16:00:00,1231.74
2024-11-27 17:00:00,1198.73
2024-11-27 18:00:00,1049.92
2024-11-27 19:00:00,886.14
2024-11-27 20:00:00,578.65
2024-11-27 21:00:00,470.97
2024-11-27 22:00:00,420.44
2024-11-27 23:00:00,415.08
2024-11-28 00:00:00,364.8
2024-11-28 01:00:00,310.85
2024-11-28 02:00:00,264.7
2024-11-28 03:00:00,256.17
2024-11-28 04:00:00,257.85
2024-11-28 05:00:00,323.65
2024-11-28 06:00:00,417.93
2024-11-28 07:00:00,487.86
2024-11-28 08:00:00,540.31
2024-11-28 09:00:00,542.16
2024-11-28 10:00:00,540.35
2024-11-28 11:00:00,598.99
2024-11-28 12:00:00,635.79
2024-11-28 13:00:00,728.82
2024-11-28 14:00:00,679.4
2024-11-28 15:00:00,747.57
2024-11-28 16:00:00,685.52
2024-11-28 17:00:00,622.44
2024-11-28 18:00:00,546.68
2024-11-28 19:00:00,540.05
2024-11-28 20:00:00,497.95
2024-11-28 21:00:00,540.0
2024-11-28 22:00:00,526.39
2024-11-28 23:00:00,485.19
2024-11-29 00:00:00,475.23
2024-11-29 01:00:00,461.05
2024-11-29 02:00:00,445.8
2024-11-29 03:00:00,443.95
2024-11-29 04:00:00,455.67
2024-11-29 05:00:00,498.8
2024-11-29 06:00:00,570.49
2024-11-29 07:00:00,608.19
2024-11-29 08:00:00,739.94
2024-11-29 09:00:00,713.75
2024-11-29 10:00:00,617.8
2024-11-29 11:00:00,584.4
2024-11-29 12:00:00,570.14
2024-11-29 13:00:00,625.85
2024-11-29 14:00:00,675.75
2024-11-29 15:00:00,783.03
2024-11-29 16:00:00,837.49
2024-11-29 17:00:00,782.21
2024-11-29 18:00:00,675.44
2024-11-29 19:00:00,746.4
2024-11-29 20:00:00,655.5
2024-11-29 21:00:00,567.77
2024-11-29 22:00:00,522.02
2024-11-29 23:00:00,490.05
2024-11-30 00:00:00,514.19
2024-11-30 01:00:00,485.87
2024-11-30 02:00:00,479.8
2024-11-30 03:00:00,480.96
2024-11-30 04:00:00,480.36
2024-11-30 05:00:00,482.38
2024-11-30 06:00:00,592.87
2024-11-30 07:00:00,694.41
2024-11-30 08:00:00,759.02
2024-11-30 09:00:00,694.76
2024-11-30 10:00:00,607.42
2024-11-30 11:00:00,599.29
2024-11-30 12:00:00,583.71
2024-11-30 13:00:00,599.42
2024-11-30 14:00:00,615.26
2024-11-30 15:00:00,670.65
2024-11-30 16:00:00,751.14
2024-11-30 17:00:00,722.22
2024-11-30 18:00:00,657.31
2024-11-30 19:00:00,568.0
2024-11-30 20:00:00,559.34
2024-11-30 21:00:00,571.78
2024-11-30 22:00:00,494.05
2024-11-30 23:00:00,459.14
2024-12-01 00:00:00,428.97
2024-12-01 01:00:00,387.43
2024-12-01 02:00:00,379.38
2024-12-01 03:00:00,392.51
2024-12-01 04:00:00,384.98
2024-12-01 05:00:00,426.38
2024-12-01 06:00:00,430.77
2024-12-01 07:00:00,456.9
2024-12-01 08:00:00,429.18
2024-12-01 09:00:00,407.19
2024-12-01 10:00:00,384.37
2024-12-01 11:00:00,354.59
2024-12-01 12:00:00,393.71
2024-12-01 13:00:00,445.15
2024-12-01 14:00:00,458.62
2024-12-01 15:00:00,469.69
2024-12-01 16:00:00,591.11
2024-12-01 17:00:00,585.51
2024-12-01 18:00:00,603.29
2024-12-01 19:00:00,719.68
2024-12-01 20:00:00,646.76
2024-12-01 21:00:00,545.18
2024-12-01 22:00:00,450.27
2024-12-01 23:00:00,380.07
2024-12-02 00:00:00,337.72
2024-12-02 01:00:00,304.53
2024-12-02 02:00:00,301.69
2024-12-02 03:00:00,256.58
2024-12-02 04:00:00,312.66
2024-12-02 05:00:00,399.44
2024-12-02 06:00:00,493.06
2024-12-02 07:00:00,630.75
2024-12-02 08:00:00,651.84
2024-12-02 09:00:00,546.95
2024-12-02 10:00:00,400.47
2024-12-02 11:00:00,406.67
2024-12-02 12:00:00,453.59
2024-12-02 13:00:00,554.18
2024-12-02 14:00:00,651.07
2024-12-02 15:00:00,801.07
2024-12-02 16:00:00,864.0
2024-12-02 17:00:00,783.6
2024-12-02 18:00:00,684.9
2024-12-02 19:00:00,671.38
2024-12-02 20:00:00,594.6
2024-12-02 21:00:00,518.67
2024-12-02 22:00:00,533.99
2024-12-02 23:00:00,467.79
2024-12-03 00:00:00,478.29
2024-12-03 01:00:00,454.68
2024-12-03 02:00:00,431.12
2024-12-03 03:00:00,429.7
2024-12-03 04:00:00,461.77
2024-12-03 05:00:00,499.67
2024-12-03 06:00:00,570.23
2024-12-03 07:00:00,668.53
2024-12-03 08:00:00,692.22
2024-12-03 09:00:00,688.23
2024-12-03 10:00:00,619.29
2024-12-03 11:00:00,665.95
2024-12-03 12:00:00,666.29
2024-12-03 13:00:00,849.1
2024-12-03 14:00:00,956.62
2024-12-03 15:00:00,1021.14
2024-12-03 16:00:00,950.57
2024-12-03 17:00:00,910.31
2024-12-03 18:00:00,849.36
2024-12-03 19:00:00,814.81
2024-12-03 20:00:00,746.22
2024-12-03 21:00:00,613.8
2024-12-03 22:00:00,601.82
2024-12-03 23:00:00,561.48
2024-12-04 00:00:00,525.3
2024-12-04 01:00:00,500.79
2024-12-04 02:00:00,484.17
2024-12-04 03:00:00,473.18
2024-12-04 04:00:00,488.64
2024-12-04 05:00:00,533.24
2024-12-04 06:00:00,633.26
2024-12-04 07:00:00,1049.44
2024-12-04 08:00:00,1201.57
2024-12-04 09:00:00,1107.04
2024-12-04 10:00:00,978.61
2024-12-04 11:00:00,1065.36
2024-12-04 12:00:00,1026.0
2024-12-04 13:00:00,1095.33
2024-12-04 14:00:00,1107.26
2024-12-04 15:00:00,1059.05
2024-12-04 16:00:00,1147.14
2024-12-04 17:00:00,1234.32
2024-12-04 18:00:00,987.54
2024-12-04 19:00:00,872.62
2024-12-04 20:00:00,706.84
2024-12-04 21:00:00,579.0
2024-12-04 22:00:00,550.2
2024-12-04 23:00:00,486.11
2024-12-05 00:00:00,492.35
2024-12-05 01:00:00,453.61
2024-12-05 02:00:00,444.91
2024-12-05 03:00:00,446.66
2024-12-05 04:00:00,468.2
2024-12-05 05:00:00,545.85
2024-12-05 06:00:00,711.27
2024-12-05 07:00:00,1113.4
2024-12-05 08:00:00,1199.33
2024-12-05 09:00:00,1053.13
2024-12-05 10:00:00,883.29
2024-12-05 11:00:00,941.85
2024-12-05 12:00:00,969.47
2024-12-05 13:00:00,973.08
2024-12-05 14:00:00,1126.36
2024-12-05 15:00:00,858.24
2024-12-05 16:00:00,1122.92
2024-12-05 17:00:00,732.93
2024-12-05 18:00:00,596.21
2024-12-05 19:00:00,524.78
2024-12-05 20:00:00,472.79
2024-12-05 21:00:00,414.06
2024-12-05 22:00:00,393.34
2024-12-05 23:00:00,317.8
2024-12-06 00:00:00,244.98
2024-12-06 01:00:00,225.73
2024-12-06 02:00:00,208.18
2024-12-06 03:00:00,202.76
2024-12-06 04:00:00,215.01
2024-12-06 05:00:00,234.82
2024-12-06 06:00:00,401.33
2024-12-06 07:00:00,486.72
2024-12-06 08:00:00,554.1
2024-12-06 09:00:00,572.63
2024-12-06 10:00:00,536.98
2024-12-06 11:00:00,515.97
2024-12-06 12:00:00,716.04
2024-12-06 13:00:00,533.94
2024-12-06 14:00:00,619.33
2024-12-06 15:00:00,716.25
2024-12-06 16:00:00,647.04
2024-12-06 17:00:00,645.63
2024-12-06 18:00:00,641.92
2024-12-06 19:00:00,701.86
2024-12-06 20:00:00,561.01
2024-12-06 21:00:00,536.59
2024-12-06 22:00:00,567.33
2024-12-06 23:00:00,474.81
2024-12-07 00:00:00,477.47
2024-12-07 01:00:00,462.11
2024-12-07 02:00:00,452.21
2024-12-07 03:00:00,430.44
2024-12-07 04:00:00,433.18
2024-12-07 05:00:00,460.7
2024-12-07 06:00:00,525.51
2024-12-07 07:00:00,556.62
2024-12-07 08:00:00,693.54
2024-12-07 09:00:00,700.28
2024-12-07 10:00:00,638.84
2024-12-07 11:00:00,620.83
2024-12-07 12:00:00,620.79
2024-12-07 13:00:00,602.44
2024-12-07 14:00:00,572.92
2024-12-07 15:00:00,633.38
2024-12-07 16:00:00,669.69
2024-12-07 17:00:00,574.92
2024-12-07 18:00:00,508.74
2024-12-07 19:00:00,450.58
2024-12-07 20:00:00,495.39
2024-12-07 21:00:00,445.08
2024-12-07 22:00:00,440.81
2024-12-07 23:00:00,379.8
2024-12-08 00:00:00,404.33
2024-12-08 01:00:00,372.93
2024-12-08 02:00:00,372.54
2024-12-08 03:00:00,360.6
2024-12-08 04:00:00,364.14
2024-12-08 05:00:00,399.68
2024-12-08 06:00:00,398.36
2024-12-08 07:00:00,407.36
2024-12-08 08:00:00,435.52
2024-12-08 09:00:00,470.9
2024-12-08 10:00:00,475.84
2024-12-08 11:00:00,504.52
2024-12-08 12:00:00,510.71
2024-12-08 13:00:00,503.58
2024-12-08 14:00:00,488.94
2024-12-08 15:00:00,539.93
2024-12-08 16:00:00,623.48
2024-12-08 17:00:00,586.49
2024-12-08 18:00:00,561.18
2024-12-08 19:00:00,559.73
2024-12-08 20:00:00,490.01
2024-12-08 21:00:00,468.46
2024-12-08 22:00:00,423.11
2024-12-08 23:00:00,366.44
2024-12-09 00:00:00,413.76
2024-12-09 01:00:00,416.07
2024-12-09 02:00:00,363.28
2024-12-09 03:00:00,371.01
2024-12-09 04:00:00,425.62
2024-12-09 05:00:00,408.38
2024-12-09 06:00:00,481.69
2024-12-09 07:00:00,615.76
2024-12-09 08:00:00,697.42
2024-12-09 09:00:00,685.05
2024-12-09 10:00:00,599.5
2024-12-09 11:00:00,590.03
2024-12-09 12:00:00,581.24
2024-12-09 13:00:00,584.78
2024-12-09 14:00:00,572.53
2024-12-09 15:00:00,528.03
2024-12-09 16:00:00,523.55
2024-12-09 17:00:00,504.56
2024-12-09 18:00:00,492.95
2024-12-09 19:00:00,498.67
2024-12-09 20:00:00,448.49
2024-12-09 21:00:00,393.32
2024-12-09 22:00:00,427.12
2024-12-09 23:00:00,386.37
2024-12-10 00:00:00,404.22
2024-12-10 01:00:00,389.87
2024-12-10 02:00:00,378.42
2024-12-10 03:00:00,387.7
2024-12-10 04:00:00,399.45
2024-12-10 05:00:00,453.66
2024-12-10 06:00:00,539.46
2024-12-10 07:00:00,575.44
2024-12-10 08:00:00,653.24
2024-12-10 09:00:00,662.65
2024-12-10 10:00:00,618.53
2024-12-10 11:00:00,662.65
2024-12-10 12:00:00,706.16
2024-12-10 13:00:00,817.38
2024-12-10 14:00:00,816.11
2024-12-10 15:00:00,846.81
2024-12-10 16:00:00,844.47
2024-12-10 17:00:00,835.65
2024-12-10 18:00:00,770.72
2024-12-10 19:00:00,766.84
2024-12-10 20:00:00,707.7
2024-12-10 21:00:00,565.65
2024-12-10 22:00:00,551.98
2024-12-10 23:00:00,516.81
2024-12-11 00:00:00,490.94
2024-12-11 01:00:00,460.3
2024-12-11 02:00:00,456.04
2024-12-11 03:00:00,451.13
2024-12-11 04:00:00,460.81
2024-12-11 05:00:00,528.79
2024-12-11 06:00:00,649.34
2024-12-11 07:00:00,1190.98
2024-12-11 08:00:00,1433.69
2024-12-11 09:00:00,1318.78
2024-12-11 10:00:00,999.08
2024-12-11 11:00:00,903.11
2024-12-11 12:00:00,900.17
2024-12-11 13:00:00,978.3
2024-12-11 14:00:00,1019.18
2024-12-11 15:00:00,934.47
2024-12-11 16:00:00,1035.09
2024-12-11 17:00:00,864.49
2024-12-11 18:00:00,826.22
2024-12-11 19:00:00,781.37
2024-12-11 20:00:00,646.4
2024-12-11 21:00:00,557.42
2024-12-11 22:00:00,587.64
2024-12-11 23:00:00,565.87
2024-12-12 00:00:00,521.49
2024-12-12 01:00:00,491.88
2024-12-12 02:00:00,469.1
2024-12-12 03:00:00,457.97
2024-12-12 04:00:00,479.98
2024-12-12 05:00:00,522.34
2024-12-12 06:00:00,521.57
2024-12-12 07:00:00,1300.65
2024-12-12 08:00:00,1327.61
2024-12-12 09:00:00,1248.3
2024-12-12 10:00:00,799.77
2024-12-12 11:00:00,780.31
2024-12-12 12:00:00,799.77
2024-12-12 13:00:00,950.36
2024-12-12 14:00:00,988.92
2024-12-12 15:00:00,1004.79
2024-12-12 16:00:00,815.76
2024-12-12 17:00:00,703.57
2024-12-12 18:00:00,634.8
2024-12-12 19:00:00,630.1
2024-12-12 20:00:00,520.42
2024-12-12 21:00:00,505.62
2024-12-12 22:00:00,567.05
2024-12-12 23:00:00,574.86
2024-12-13 00:00:00,556.93
2024-12-13 01:00:00,526.23
2024-12-13 02:00:00,509.41
2024-12-13 03:00:00,492.19
2024-12-13 04:00:00,495.15
2024-12-13 05:00:00,538.31
2024-12-13 06:00:00,642.18
2024-12-13 07:00:00,804.04
2024-12-13 08:00:00,994.53
2024-12-13 09:00:00,745.29
2024-12-13 10:00:00,569.31
2024-12-13 11:00:00,584.51
2024-12-13 12:00:00,562.71
2024-12-13 13:00:00,522.72
2024-12-13 14:00:00,697.85
2024-12-13 15:00:00,855.16
2024-12-13 16:00:00,923.46
2024-12-13 17:00:00,765.8
2024-12-13 18:00:00,521.87
2024-12-13 19:00:00,513.13
2024-12-13 20:00:00,520.45
2024-12-13 21:00:00,522.25
2024-12-13 22:00:00,578.43
2024-12-13 23:00:00,498.92
2024-12-14 00:00:00,499.59
2024-12-14 01:00:00,475.75
2024-12-14 02:00:00,461.57
2024-12-14 03:00:00,423.03
2024-12-14 04:00:00,399.19
2024-12-14 05:00:00,391.12
2024-12-14 06:00:00,376.25
2024-12-14 07:00:00,417.35
2024-12-14 08:00:00,468.02
2024-12-14 09:00:00,467.08
2024-12-14 10:00:00,417.22
2024-12-14 11:00:00,415.3
2024-12-14 12:00:00,419.36
2024-12-14 13:00:00,438.54
2024-12-14 14:00:00,452.98
2024-12-14 15:00:00,476.56
2024-12-14 16:00:00,504.72
2024-12-14 17:00:00,476.95
2024-12-14 18:00:00,435.76
2024-12-14 19:00:00,415.04
2024-12-14 20:00:00,388.21
2024-12-14 21:00:00,345.62
2024-12-14 22:00:00,156.83
2024-12-14 23:00:00,49.98
2024-12-15 00:00:00,20.42
2024-12-15 01:00:00,26.1
2024-12-15 02:00:00,25.76
2024-12-15 03:00:00,35.37
2024-12-15 04:00:00,37.94
2024-12-15 05:00:00,59.47
2024-12-15 06:00:00,104.71
2024-12-15 07:00:00,122.48
2024-12-15 08:00:00,295.89
2024-12-15 09:00:00,327.38
2024-12-15 10:00:00,303.33
2024-12-15 11:00:00,304.39
2024-12-15 12:00:00,350.28
2024-12-15 13:00:00,322.08
2024-12-15 14:00:00,312.47
2024-12-15 15:00:00,333.92
2024-12-15 16:00:00,353.7
2024-12-15 17:00:00,333.36
2024-12-15 18:00:00,333.27
2024-12-15 19:00:00,319.77
2024-12-15 20:00:00,282.18
2024-12-15 21:00:00,146.49
2024-12-15 22:00:00,44.77
2024-12-15 23:00:00,2.01
2024-12-16 00:00:00,-34.43
2024-12-16 01:00:00,0.04
2024-12-16 02:00:00,-9.83
2024-12-16 03:00:00,-29.35
2024-12-16 04:00:00,0.04
2024-12-16 05:00:00,9.31
2024-12-16 06:00:00,306.32
2024-12-16 07:00:00,359.46
2024-12-16 08:00:00,437.43
2024-12-16 09:00:00,433.16
2024-12-16 10:00:00,421.2
2024-12-16 11:00:00,383.52
2024-12-16 12:00:00,398.08
2024-12-16 13:00:00,406.67
2024-12-16 14:00:00,420.68
2024-12-16 15:00:00,423.76
2024-12-16 16:00:00,382.53
2024-12-16 17:00:00,360.87
2024-12-16 18:00:00,334.13
2024-12-16 19:00:00,393.51
2024-12-16 20:00:00,382.53
2024-12-16 21:00:00,305.21
2024-12-16 22:00:00,165.38
2024-12-16 23:00:00,22.17
2024-12-17 00:00:00,-70.11
2024-12-17 01:00:00,-69.99
2024-12-17 02:00:00,-50.98
2024-12-17 03:00:00,-50.98
2024-12-17 04:00:00,-31.5
2024-12-17 05:00:00,85.33
2024-12-17 06:00:00,329.47
2024-12-17 07:00:00,306.71
2024-12-17 08:00:00,457.29
2024-12-17 09:00:00,439.86
2024-12-17 10:00:00,402.61
2024-12-17 11:00:00,406.53
2024-12-17 12:00:00,416.97
2024-12-17 13:00:00,449.02
2024-12-17 14:00:00,476.56
2024-12-17 15:00:00,448.77
2024-12-17 16:00:00,448.77
2024-12-17 17:00:00,460.23
2024-12-17 18:00:00,459.89
2024-12-17 19:00:00,442.97
2024-12-17 20:00:00,438.54
2024-12-17 21:00:00,322.61
2024-12-17 22:00:00,338.84
2024-12-17 23:00:00,284.67
2024-12-18 00:00:00,322.86
2024-12-18 01:00:00,288.4
2024-12-18 02:00:00,295.17
2024-12-18 03:00:00,365.67
2024-12-18 04:00:00,386.37
2024-12-18 05:00:00,449.93
2024-12-18 06:00:00,999.84
2024-12-18 07:00:00,1075.45
2024-12-18 08:00:00,999.84
2024-12-18 09:00:00,850.4
2024-12-18 10:00:00,481.54
2024-12-18 11:00:00,457.68
2024-12-18 12:00:00,474.89
2024-12-18 13:00:00,454.91
2024-12-18 14:00:00,444.31
2024-12-18 15:00:00,468.84
2024-12-18 16:00:00,450.53
2024-12-18 17:00:00,430.29
2024-12-18 18:00:00,394.51
2024-12-18 19:00:00,325.58
2024-12-18 20:00:00,317.45
2024-12-18 21:00:00,223.22
2024-12-18 22:00:00,195.32
2024-12-18 23:00:00,9.63
2024-12-19 00:00:00,8.27
2024-12-19 01:00:00,3.79
2024-12-19 02:00:00,11.55
2024-12-19 03:00:00,7.67
2024-12-19 04:00:00,85.43
2024-12-19 05:00:00,176.31
2024-12-19 06:00:00,336.33
2024-12-19 07:00:00,379.56
2024-12-19 08:00:00,372.91
2024-12-19 09:00:00,308.75
2024-12-19 10:00:00,280.88
2024-12-19 11:00:00,299.5
2024-12-19 12:00:00,325.29
2024-12-19 13:00:00,362.04
2024-12-19 14:00:00,384.25
2024-12-19 15:00:00,395.2
2024-12-19 16:00:00,411.62
2024-12-19 17:00:00,430.59
2024-12-19 18:00:00,435.96
2024-12-19 19:00:00,417.11
2024-12-19 20:00:00,380.37
2024-12-19 21:00:00,355.39
2024-12-19 22:00:00,309.82
2024-12-19 23:00:00,79.29
2024-12-20 00:00:00,70.98
2024-12-20 01:00:00,67.06
2024-12-20 02:00:00,57.34
2024-12-20 03:00:00,43.57
2024-12-20 04:00:00,44.64
2024-12-20 05:00:00,107.01
2024-12-20 06:00:00,349.93
2024-12-20 07:00:00,444.45
2024-12-20 08:00:00,455.96
2024-12-20 09:00:00,376.11
2024-12-20 10:00:00,329.89
2024-12-20 11:00:00,299.92
2024-12-20 12:00:00,309.94
2024-12-20 13:00:00,323.8
2024-12-20 14:00:00,373.0
2024-12-20 15:00:00,440.4
2024-12-20 16:00:00,436.9
2024-12-20 17:00:00,455.36
2024-12-20 18:00:00,426.67
2024-12-20 19:00:00,445.69
2024-12-20 20:00:00,400.45
2024-12-20 21:00:00,328.87
2024-12-20 22:00:00,302.52
2024-12-20 23:00:00,251.79
2024-12-21 00:00:00,156.2
2024-12-21 01:00:00,123.8
2024-12-21 02:00:00,126.52
2024-12-21 03:00:00,82.63
2024-12-21 04:00:00,92.47
2024-12-21 05:00:00,206.69
2024-12-21 06:00:00,302.56
2024-12-21 07:00:00,333.81
2024-12-21 08:00:00,342.96
2024-12-21 09:00:00,325.85
2024-12-21 10:00:00,317.42
2024-12-21 11:00:00,289.32
2024-12-21 12:00:00,330.23
2024-12-21 13:00:00,316.69
2024-12-21 14:00:00,325.42
2024-12-21 15:00:00,333.85
2024-12-21 16:00:00,367.44
2024-12-21 17:00:00,333.81
2024-12-21 18:00:00,333.85
2024-12-21 19:00:00,331.3
2024-12-21 20:00:00,323.67
2024-12-21 21:00:00,185.74
2024-12-21 22:00:00,143.81
2024-12-21 23:00:00,24.65
2024-12-22 00:00:00,0.3
2024-12-22 01:00:00,7.28
2024-12-22 02:00:00,3.36
2024-12-22 03:00:00,5.11
2024-12-22 04:00:00,6.22
2024-12-22 05:00:00,10.17
2024-12-22 06:00:00,14.26
2024-12-22 07:00:00,20.01
2024-12-22 08:00:00,103.11
2024-12-22 09:00:00,182.72
2024-12-22 10:00:00,246.28
2024-12-22 11:00:00,334.62
2024-12-22 12:00:00,359.61
2024-12-22 13:00:00,427.12
2024-12-22 14:00:00,441.43
2024-12-22 15:00:00,435.64
2024-12-22 16:00:00,458.84
2024-12-22 17:00:00,472.68
2024-12-22 18:00:00,461.57
2024-12-22 19:00:00,451.01
2024-12-22 20:00:00,438.7
2024-12-22 21:00:00,380.93
2024-12-22 22:00:00,398.77
2024-12-22 23:00:00,336.02
2024-12-23 00:00:00,334.83
2024-12-23 01:00:00,316.35
2024-12-23 02:00:00,296.13
2024-12-23 03:00:00,317.5
2024-12-23 04:00:00,321.55
2024-12-23 05:00:00,361.95
2024-12-23 06:00:00,489.66
2024-12-23 07:00:00,540.54
2024-12-23 08:00:00,578.3
2024-12-23 09:00:00,634.2
2024-12-23 10:00:00,503.88
2024-12-23 11:00:00,510.4
2024-12-23 12:00:00,552.63
2024-12-23 13:00:00,597.46
2024-12-23 14:00:00,667.27
2024-12-23 15:00:00,787.71
2024-12-23 16:00:00,717.98
2024-12-23 17:00:00,718.23
2024-12-23 18:00:00,586.34
2024-12-23 19:00:00,627.21
2024-12-23 20:00:00,584.9
2024-12-23 21:00:00,461.31
2024-12-23 22:00:00,450.5
2024-12-23 23:00:00,417.55
2024-12-24 00:00:00,399.91
2024-12-24 01:00:00,397.01
2024-12-24 02:00:00,370.97
2024-12-24 03:00:00,367.31
2024-12-24 04:00:00,362.75
2024-12-24 05:00:00,360.1
2024-12-24 06:00:00,362.58
2024-12-24 07:00:00,429.75
2024-12-24 08:00:00,490.53
2024-12-24 09:00:00,515.5
2024-12-24 10:00:00,511.45
2024-12-24 11:00:00,503.61
2024-12-24 12:00:00,500.75
2024-12-24 13:00:00,491.76
2024-12-24 14:00:00,502.84
2024-12-24 15:00:00,509.32
2024-12-24 16:00:00,512.35
2024-12-24 17:00:00,502.93
2024-12-24 18:00:00,473.01
2024-12-24 19:00:00,450.33
2024-12-24 20:00:00,437.12
2024-12-24 21:00:00,403.32
2024-12-24 22:00:00,422.12
2024-12-24 23:00:00,383.59
2024-12-25 00:00:00,390.51
2024-12-25 01:00:00,369.44
2024-12-25 02:00:00,363.58
2024-12-25 03:00:00,345.37
2024-12-25 04:00:00,324.77
2024-12-25 05:00:00,345.37
2024-12-25 06:00:00,354.78
2024-12-25 07:00:00,363.03
2024-12-25 08:00:00,385.55
2024-12-25 09:00:00,424.14
2024-12-25 10:00:00,399.87
2024-12-25 11:00:00,395.55
2024-12-25 12:00:00,403.5
2024-12-25 13:00:00,389.05
2024-12-25 14:00:00,425.25
2024-12-25 15:00:00,484.45
2024-12-25 16:00:00,506.12
2024-12-25 17:00:00,515.65
2024-12-25 18:00:00,509.71
2024-12-25 19:00:00,504.7
2024-12-25 20:00:00,506.24
2024-12-25 21:00:00,482.99
2024-12-25 22:00:00,487.52
2024-12-25 23:00:00,447.18
2024-12-26 00:00:00,436.66
2024-12-26 01:00:00,406.28
2024-12-26 02:00:00,404.35
2024-12-26 03:00:00,383.11
2024-12-26 04:00:00,388.37
2024-12-26 05:00:00,406.45
2024-12-26 06:00:00,423.12
2024-12-26 07:00:00,478.59
2024-12-26 08:00:00,480.04
2024-12-26 09:00:00,505.3
2024-12-26 10:00:00,484.02
2024-12-26 11:00:00,453.08
2024-12-26 12:00:00,460.34
2024-12-26 13:00:00,444.06
2024-12-26 14:00:00,468.59
2024-12-26 15:00:00,516.07
2024-12-26 16:00:00,554.92
2024-12-26 17:00:00,589.37
2024-12-26 18:00:00,590.01
2024-12-26 19:00:00,580.01
2024-12-26 20:00:00,551.89
2024-12-26 21:00:00,516.5
2024-12-26 22:00:00,527.83
2024-12-26 23:00:00,499.96
2024-12-27 00:00:00,456.41
2024-12-27 01:00:00,433.89
2024-12-27 02:00:00,431.79
2024-12-27 03:00:00,426.28
2024-12-27 04:00:00,425.59
2024-12-27 05:00:00,453.89
2024-12-27 06:00:00,494.49
2024-12-27 07:00:00,531.2
2024-12-27 08:00:00,563.51
2024-12-27 09:00:00,556.25
2024-12-27 10:00:00,513.3
2024-12-27 11:00:00,461.32
2024-12-27 12:00:00,460.77
2024-12-27 13:00:00,461.32
2024-12-27 14:00:00,521.59
2024-12-27 15:00:00,586.51
2024-12-27 16:00:00,627.45
2024-12-27 17:00:00,649.08
2024-12-27 18:00:00,676.99
2024-12-27 19:00:00,625.83
2024-12-27 20:00:00,569.03
2024-12-27 21:00:00,536.03
2024-12-27 22:00:00,541.76
2024-12-27 23:00:00,487.22
2024-12-28 00:00:00,540.32
2024-12-28 01:00:00,498.56
2024-12-28 02:00:00,470.86
2024-12-28 03:00:00,452.78
2024-12-28 04:00:00,439.99
2024-12-28 05:00:00,451.32
2024-12-28 06:00:00,468.98
2024-12-28 07:00:00,531.09
2024-12-28 08:00:00,547.16
2024-12-28 09:00:00,548.44
2024-12-28 10:00:00,525.06
2024-12-28 11:00:00,484.75
2024-12-28 12:00:00,465.81
2024-12-28 13:00:00,470.26
2024-12-28 14:00:00,504.12
2024-12-28 15:00:00,592.0
2024-12-28 16:00:00,602.78
2024-12-28 17:00:00,634.11
2024-12-28 18:00:00,622.61
2024-12-28 19:00:00,590.81
2024-12-28 20:00:00,544.6
2024-12-28 21:00:00,538.18
2024-12-28 22:00:00,518.31
2024-12-28 23:00:00,474.06
2024-12-29 00:00:00,544.55
2024-12-29 01:00:00,487.7
2024-12-29 02:00:00,460.43
2024-12-29 03:00:00,434.74
2024-12-29 04:00:00,417.77
2024-12-29 05:00:00,421.53
2024-12-29 06:00:00,419.6
2024-12-29 07:00:00,435.46
2024-12-29 08:00:00,473.25
2024-12-29 09:00:00,478.21
2024-12-29 10:00:00,450.94
2024-12-29 11:00:00,417.47
2024-12-29 12:00:00,421.06
2024-12-29 13:00:00,429.82
2024-12-29 14:00:00,421.57
2024-12-29 15:00:00,466.2
2024-12-29 16:00:00,544.77
2024-12-29 17:00:00,467.95
2024-12-29 18:00:00,473.72
2024-12-29 19:00:00,460.39
2024-12-29 20:00:00,419.56
2024-12-29 21:00:00,358.82
2024-12-29 22:00:00,352.28
2024-12-29 23:00:00,219.72
2024-12-30 00:00:00,48.6
2024-12-30 01:00:00,50.95
2024-12-30 02:00:00,9.96
2024-12-30 03:00:00,6.75
2024-12-30 04:00:00,20.43
2024-12-30 05:00:00,99.26
2024-12-30 06:00:00,320.3
2024-12-30 07:00:00,346.55
2024-12-30 08:00:00,335.35
2024-12-30 09:00:00,393.57
2024-12-30 10:00:00,401.14
2024-12-30 11:00:00,373.48
2024-12-30 12:00:00,373.82
2024-12-30 13:00:00,392.55
2024-12-30 14:00:00,409.43
2024-12-30 15:00:00,419.39
2024-12-30 16:00:00,430.55
2024-12-30 17:00:00,411.31
2024-12-30 18:00:00,334.92
2024-12-30 19:00:00,369.12
2024-12-30 20:00:00,329.92
2024-12-30 21:00:00,278.92
2024-12-30 22:00:00,199.88
2024-12-30 23:00:00,9.02
