,price_pln_mwh
2025-09-01 00:00:00,367.55
2025-09-01 01:00:00,359.7
2025-09-01 02:00:00,356.67
2025-09-01 03:00:00,352.87
2025-09-01 04:00:00,359.4
2025-09-01 05:00:00,405.88
2025-09-01 06:00:00,518.48
2025-09-01 07:00:00,572.39
2025-09-01 08:00:00,488.35
2025-09-01 09:00:00,423.6
2025-09-01 10:00:00,343.9
2025-09-01 11:00:00,294.22
2025-09-01 12:00:00,205.4
2025-09-01 13:00:00,240.18
2025-09-01 14:00:00,320.17
2025-09-01 15:00:00,325.64
2025-09-01 16:00:00,362.9
2025-09-01 17:00:00,472.9
2025-09-01 18:00:00,750.09
2025-09-01 19:00:00,1040.85
2025-09-01 20:00:00,935.21
2025-09-01 21:00:00,538.84
2025-09-01 22:00:00,476.48
2025-09-01 23:00:00,425.26
2025-09-02 00:00:00,419.82
2025-09-02 01:00:00,421.82
2025-09-02 02:00:00,417.82
2025-09-02 03:00:00,417.82
2025-09-02 04:00:00,421.82
2025-09-02 05:00:00,450.86
2025-09-02 06:00:00,555.55
2025-09-02 07:00:00,647.51
2025-09-02 08:00:00,630.05
2025-09-02 09:00:00,491.3
2025-09-02 10:00:00,384.83
2025-09-02 11:00:00,345.83
2025-09-02 12:00:00,345.83
2025-09-02 13:00:00,365.5
2025-09-02 14:00:00,460.14
2025-09-02 15:00:00,495.77
2025-09-02 16:00:00,431.79
2025-09-02 17:00:00,564.19
2025-09-02 18:00:00,758.5
2025-09-02 19:00:00,1297.31
2025-09-02 20:00:00,1105.99
2025-09-02 21:00:00,591.44
2025-09-02 22:00:00,468.02
2025-09-02 23:00:00,399.86
2025-09-03 00:00:00,425.57
2025-09-03 01:00:00,423.57
2025-09-03 02:00:00,423.57
2025-09-03 03:00:00,425.66
2025-09-03 04:00:00,427.58
2025-09-03 05:00:00,434.06
2025-09-03 06:00:00,627.74
2025-09-03 07:00:00,609.82
2025-09-03 08:00:00,478.5
2025-09-03 09:00:00,427.58
2025-09-03 10:00:00,423.57
2025-09-03 11:00:00,348.63
2025-09-03 12:00:00,339.54
2025-09-03 13:00:00,337.75
2025-09-03 14:00:00,358.78
2025-09-03 15:00:00,429.58
2025-09-03 16:00:00,477.26
2025-09-03 17:00:00,544.48
2025-09-03 18:00:00,689.2
2025-09-03 19:00:00,1251.17
2025-09-03 20:00:00,1042.6
2025-09-03 21:00:00,595.83
2025-09-03 22:00:00,463.45
2025-09-03 23:00:00,428.56
2025-09-04 00:00:00,431.85
2025-09-04 01:00:00,437.86
2025-09-04 02:00:00,431.85
2025-09-04 03:00:00,431.85
2025-09-04 04:00:00,435.86
2025-09-04 05:00:00,409.88
2025-09-04 06:00:00,547.61
2025-09-04 07:00:00,519.8
2025-09-04 08:00:00,465.24
2025-09-04 09:00:00,363.41
2025-09-04 10:00:00,195.19
2025-09-04 11:00:00,56.0
2025-09-04 12:00:00,39.22
2025-09-04 13:00:00,60.65
2025-09-04 14:00:00,301.36
2025-09-04 15:00:00,356.34
2025-09-04 16:00:00,491.35
2025-09-04 17:00:00,692.62
2025-09-04 18:00:00,808.59
2025-09-04 19:00:00,1462.0
2025-09-04 20:00:00,1215.23
2025-09-04 21:00:00,628.4
2025-09-04 22:00:00,482.28
2025-09-04 23:00:00,446.29
2025-09-05 00:00:00,414.3
2025-09-05 01:00:00,393.1
2025-09-05 02:00:00,383.15
2025-09-05 03:00:00,395.62
2025-09-05 04:00:00,431.79
2025-09-05 05:00:00,433.79
2025-09-05 06:00:00,504.98
2025-09-05 07:00:00,559.74
2025-09-05 08:00:00,532.64
2025-09-05 09:00:00,429.7
2025-09-05 10:00:00,379.87
2025-09-05 11:00:00,366.98
2025-09-05 12:00:00,340.51
2025-09-05 13:00:00,313.7
2025-09-05 14:00:00,425.49
2025-09-05 15:00:00,443.53
2025-09-05 16:00:00,435.79
2025-09-05 17:00:00,672.17
2025-09-05 18:00:00,724.51
2025-09-05 19:00:00,729.15
2025-09-05 20:00:00,662.59
2025-09-05 21:00:00,516.13
2025-09-05 22:00:00,487.4
2025-09-05 23:00:00,436.55
2025-09-06 00:00:00,431.26
2025-09-06 01:00:00,429.6
2025-09-06 02:00:00,426.08
2025-09-06 03:00:00,419.66
2025-09-06 04:00:00,417.41
2025-09-06 05:00:00,420.09
2025-09-06 06:00:00,435.12
2025-09-06 07:00:00,427.56
2025-09-06 08:00:00,426.5
2025-09-06 09:00:00,499.22
2025-09-06 10:00:00,499.43
2025-09-06 11:00:00,463.2
2025-09-06 12:00:00,433.72
2025-09-06 13:00:00,434.87
2025-09-06 14:00:00,429.52
2025-09-06 15:00:00,431.39
2025-09-06 16:00:00,450.67
2025-09-06 17:00:00,524.2
2025-09-06 18:00:00,532.44
2025-09-06 19:00:00,796.0
2025-09-06 20:00:00,643.85
2025-09-06 21:00:00,489.11
2025-09-06 22:00:00,463.33
2025-09-06 23:00:00,451.48
2025-09-07 00:00:00,377.23
2025-09-07 01:00:00,415.63
2025-09-07 02:00:00,393.5
2025-09-07 03:00:00,375.74
2025-09-07 04:00:00,373.83
2025-09-07 05:00:00,371.5
2025-09-07 06:00:00,366.82
2025-09-07 07:00:00,390.1
2025-09-07 08:00:00,363.59
2025-09-07 09:00:00,365.93
2025-09-07 10:00:00,337.56
2025-09-07 11:00:00,178.87
2025-09-07 12:00:00,119.19
2025-09-07 13:00:00,117.06
2025-09-07 14:00:00,199.72
2025-09-07 15:00:00,339.6
2025-09-07 16:00:00,351.66
2025-09-07 17:00:00,414.78
2025-09-07 18:00:00,590.42
2025-09-07 19:00:00,772.17
2025-09-07 20:00:00,809.68
2025-09-07 21:00:00,659.1
2025-09-07 22:00:00,552.19
2025-09-07 23:00:00,445.83
2025-09-08 00:00:00,396.0
2025-09-08 01:00:00,381.73
2025-09-08 02:00:00,365.34
2025-09-08 03:00:00,361.51
2025-09-08 04:00:00,378.04
2025-09-08 05:00:00,426.54
2025-09-08 06:00:00,645.93
2025-09-08 07:00:00,671.21
2025-09-08 08:00:00,530.57
2025-09-08 09:00:00,432.92
2025-09-08 10:00:00,364.57
2025-09-08 11:00:00,325.79
2025-09-08 12:00:00,313.81
2025-09-08 13:00:00,325.88
2025-09-08 14:00:00,346.26
2025-09-08 15:00:00,408.62
2025-09-08 16:00:00,431.22
2025-09-08 17:00:00,659.27
2025-09-08 18:00:00,1084.2
2025-09-08 19:00:00,1897.83
2025-09-08 20:00:00,1470.39
2025-09-08 21:00:00,647.84
2025-09-08 22:00:00,501.9
2025-09-08 23:00:00,456.91
2025-09-09 00:00:00,449.69
2025-09-09 01:00:00,460.74
2025-09-09 02:00:00,446.63
2025-09-09 03:00:00,437.88
2025-09-09 04:00:00,436.01
2025-09-09 05:00:00,471.19
2025-09-09 06:00:00,781.83
2025-09-09 07:00:00,1099.27
2025-09-09 08:00:00,820.54
2025-09-09 09:00:00,533.17
2025-09-09 10:00:00,435.97
2025-09-09 11:00:00,407.76
2025-09-09 12:00:00,359.92
2025-09-09 13:00:00,358.1
2025-09-09 14:00:00,372.07
2025-09-09 15:00:00,403.6
2025-09-09 16:00:00,450.12
2025-09-09 17:00:00,490.18
2025-09-09 18:00:00,878.14
2025-09-09 19:00:00,1669.24
2025-09-09 20:00:00,944.16
2025-09-09 21:00:00,433.59
2025-09-09 22:00:00,474.42
2025-09-09 23:00:00,445.87
2025-09-10 00:00:00,444.25
2025-09-10 01:00:00,437.99
2025-09-10 02:00:00,425.53
2025-09-10 03:00:00,429.06
2025-09-10 04:00:00,426.85
2025-09-10 05:00:00,466.54
2025-09-10 06:00:00,567.61
2025-09-10 07:00:00,928.22
2025-09-10 08:00:00,701.23
2025-09-10 09:00:00,506.23
2025-09-10 10:00:00,429.02
2025-09-10 11:00:00,340.96
2025-09-10 12:00:00,250.14
2025-09-10 13:00:00,292.68
2025-09-10 14:00:00,360.19
2025-09-10 15:00:00,409.92
2025-09-10 16:00:00,471.9
2025-09-10 17:00:00,570.42
2025-09-10 18:00:00,809.92
2025-09-10 19:00:00,1250.89
2025-09-10 20:00:00,820.43
2025-09-10 21:00:00,528.3
2025-09-10 22:00:00,436.76
2025-09-10 23:00:00,444.25
2025-09-11 00:00:00,395.32
2025-09-11 01:00:00,383.82
2025-09-11 02:00:00,363.63
2025-09-11 03:00:00,365.58
2025-09-11 04:00:00,369.25
2025-09-11 05:00:00,384.59
2025-09-11 06:00:00,443.21
2025-09-11 07:00:00,569.91
2025-09-11 08:00:00,518.15
2025-09-11 09:00:00,447.04
2025-09-11 10:00:00,422.59
2025-09-11 11:00:00,413.26
2025-09-11 12:00:00,439.8
2025-09-11 13:00:00,376.83
2025-09-11 14:00:00,367.42
2025-09-11 15:00:00,438.22
2025-09-11 16:00:00,442.95
2025-09-11 17:00:00,485.69
2025-09-11 18:00:00,833.85
2025-09-11 19:00:00,1393.58
2025-09-11 20:00:00,924.59
2025-09-11 21:00:00,588.15
2025-09-11 22:00:00,459.82
2025-09-11 23:00:00,445.81
2025-09-12 00:00:00,441.61
2025-09-12 01:00:00,441.61
2025-09-12 02:00:00,430.52
2025-09-12 03:00:00,421.91
2025-09-12 04:00:00,424.64
2025-09-12 05:00:00,441.61
2025-09-12 06:00:00,708.02
2025-09-12 07:00:00,734.91
2025-09-12 08:00:00,478.39
2025-09-12 09:00:00,349.58
2025-09-12 10:00:00,169.82
2025-09-12 11:00:00,17.01
2025-09-12 12:00:00,0.68
2025-09-12 13:00:00,38.7
2025-09-12 14:00:00,159.38
2025-09-12 15:00:00,389.47
2025-09-12 16:00:00,499.66
2025-09-12 17:00:00,704.99
2025-09-12 18:00:00,830.82
2025-09-12 19:00:00,1278.78
2025-09-12 20:00:00,829.63
2025-09-12 21:00:00,571.79
2025-09-12 22:00:00,487.13
2025-09-12 23:00:00,447.57
2025-09-13 00:00:00,475.3
2025-09-13 01:00:00,442.2
2025-09-13 02:00:00,437.6
2025-09-13 03:00:00,432.36
2025-09-13 04:00:00,429.85
2025-09-13 05:00:00,451.19
2025-09-13 06:00:00,438.28
2025-09-13 07:00:00,439.94
2025-09-13 08:00:00,512.56
2025-09-13 09:00:00,479.9
2025-09-13 10:00:00,469.46
2025-09-13 11:00:00,379.59
2025-09-13 12:00:00,361.57
2025-09-13 13:00:00,372.35
2025-09-13 14:00:00,484.41
2025-09-13 15:00:00,613.89
2025-09-13 16:00:00,799.64
2025-09-13 17:00:00,677.02
2025-09-13 18:00:00,683.83
2025-09-13 19:00:00,828.77
2025-09-13 20:00:00,644.05
2025-09-13 21:00:00,524.75
2025-09-13 22:00:00,494.93
2025-09-13 23:00:00,461.07
2025-09-14 00:00:00,367.66
2025-09-14 01:00:00,431.68
2025-09-14 02:00:00,431.98
2025-09-14 03:00:00,424.44
2025-09-14 04:00:00,420.18
2025-09-14 05:00:00,424.18
2025-09-14 06:00:00,424.65
2025-09-14 07:00:00,443.52
2025-09-14 08:00:00,459.71
2025-09-14 09:00:00,373.8
2025-09-14 10:00:00,367.24
2025-09-14 11:00:00,375.37
2025-09-14 12:00:00,424.99
2025-09-14 13:00:00,424.82
2025-09-14 14:00:00,426.4
2025-09-14 15:00:00,450.51
2025-09-14 16:00:00,424.99
2025-09-14 17:00:00,417.41
2025-09-14 18:00:00,575.56
2025-09-14 19:00:00,665.22
2025-09-14 20:00:00,566.61
2025-09-14 21:00:00,411.58
2025-09-14 22:00:00,342.23
2025-09-14 23:00:00,354.33
2025-09-15 00:00:00,380.7
2025-09-15 01:00:00,383.25
2025-09-15 02:00:00,374.99
2025-09-15 03:00:00,380.74
2025-09-15 04:00:00,379.33
2025-09-15 05:00:00,371.41
2025-09-15 06:00:00,602.95
2025-09-15 07:00:00,910.0
2025-09-15 08:00:00,580.29
2025-09-15 09:00:00,462.77
2025-09-15 10:00:00,317.32
2025-09-15 11:00:00,115.0
2025-09-15 12:00:00,19.34
2025-09-15 13:00:00,15.89
2025-09-15 14:00:00,15.08
2025-09-15 15:00:00,299.98
2025-09-15 16:00:00,358.72
2025-09-15 17:00:00,510.01
2025-09-15 18:00:00,794.23
2025-09-15 19:00:00,884.4
2025-09-15 20:00:00,662.87
2025-09-15 21:00:00,439.99
2025-09-15 22:00:00,409.57
2025-09-15 23:00:00,366.21
2025-09-16 00:00:00,365.8
2025-09-16 01:00:00,354.93
2025-09-16 02:00:00,354.46
2025-09-16 03:00:00,352.76
2025-09-16 04:00:00,352.89
2025-09-16 05:00:00,373.02
2025-09-16 06:00:00,485.59
2025-09-16 07:00:00,499.69
2025-09-16 08:00:00,379.99
2025-09-16 09:00:00,280.38
2025-09-16 10:00:00,113.58
2025-09-16 11:00:00,124.2
2025-09-16 12:00:00,76.37
2025-09-16 13:00:00,80.62
2025-09-16 14:00:00,131.38
2025-09-16 15:00:00,117.11
2025-09-16 16:00:00,252.77
2025-09-16 17:00:00,355.78
2025-09-16 18:00:00,392.05
2025-09-16 19:00:00,660.59
2025-09-16 20:00:00,491.32
2025-09-16 21:00:00,385.0
2025-09-16 22:00:00,391.42
2025-09-16 23:00:00,315.0
2025-09-17 00:00:00,379.14
2025-09-17 01:00:00,365.96
2025-09-17 02:00:00,366.04
2025-09-17 03:00:00,378.07
2025-09-17 04:00:00,434.09
2025-09-17 05:00:00,467.46
2025-09-17 06:00:00,614.01
2025-09-17 07:00:00,590.47
2025-09-17 08:00:00,577.93
2025-09-17 09:00:00,426.87
2025-09-17 10:00:00,294.09
2025-09-17 11:00:00,183.74
2025-09-17 12:00:00,50.28
2025-09-17 13:00:00,35.87
2025-09-17 14:00:00,49.56
2025-09-17 15:00:00,194.75
2025-09-17 16:00:00,356.06
2025-09-17 17:00:00,459.68
2025-09-17 18:00:00,581.67
2025-09-17 19:00:00,1100.68
2025-09-17 20:00:00,740.8
2025-09-17 21:00:00,449.69
2025-09-17 22:00:00,437.71
2025-09-17 23:00:00,400.73
2025-09-18 00:00:00,376.95
2025-09-18 01:00:00,366.26
2025-09-18 02:00:00,353.2
2025-09-18 03:00:00,362.65
2025-09-18 04:00:00,369.8
2025-09-18 05:00:00,446.83
2025-09-18 06:00:00,578.72
2025-09-18 07:00:00,504.58
2025-09-18 08:00:00,483.98
2025-09-18 09:00:00,426.23
2025-09-18 10:00:00,375.75
2025-09-18 11:00:00,365.41
2025-09-18 12:00:00,356.9
2025-09-18 13:00:00,373.84
2025-09-18 14:00:00,450.78
2025-09-18 15:00:00,624.72
2025-09-18 16:00:00,528.03
2025-09-18 17:00:00,803.56
2025-09-18 18:00:00,890.38
2025-09-18 19:00:00,1608.73
2025-09-18 20:00:00,792.32
2025-09-18 21:00:00,468.15
2025-09-18 22:00:00,449.85
2025-09-18 23:00:00,438.74
2025-09-19 00:00:00,379.16
2025-09-19 01:00:00,369.63
2025-09-19 02:00:00,359.75
2025-09-19 03:00:00,369.33
2025-09-19 04:00:00,364.43
2025-09-19 05:00:00,390.57
2025-09-19 06:00:00,508.85
2025-09-19 07:00:00,605.13
2025-09-19 08:00:00,516.77
2025-09-19 09:00:00,416.4
2025-09-19 10:00:00,290.5
2025-09-19 11:00:00,236.06
2025-09-19 12:00:00,124.8
2025-09-19 13:00:00,82.4
2025-09-19 14:00:00,96.15
2025-09-19 15:00:00,329.91
2025-09-19 16:00:00,442.67
2025-09-19 17:00:00,509.02
2025-09-19 18:00:00,1097.68
2025-09-19 19:00:00,1800.76
2025-09-19 20:00:00,726.23
2025-09-19 21:00:00,472.67
2025-09-19 22:00:00,452.29
2025-09-19 23:00:00,350.05
2025-09-20 00:00:00,382.97
2025-09-20 01:00:00,442.32
2025-09-20 02:00:00,447.91
2025-09-20 03:00:00,454.39
2025-09-20 04:00:00,458.32
2025-09-20 05:00:00,458.32
2025-09-20 06:00:00,458.36
2025-09-20 07:00:00,449.74
2025-09-20 08:00:00,329.81
2025-09-20 09:00:00,106.28
2025-09-20 10:00:00,4.39
2025-09-20 11:00:00,-2.9
2025-09-20 12:00:00,-29.87
2025-09-20 13:00:00,-44.03
2025-09-20 14:00:00,-20.31
2025-09-20 15:00:00,0.26
2025-09-20 16:00:00,372.22
2025-09-20 17:00:00,504.18
2025-09-20 18:00:00,553.08
2025-09-20 19:00:00,595.75
2025-09-20 20:00:00,441.72
2025-09-20 21:00:00,439.97
2025-09-20 22:00:00,378.66
2025-09-20 23:00:00,301.05
2025-09-21 00:00:00,293.33
2025-09-21 01:00:00,3.16
2025-09-21 02:00:00,10.71
2025-09-21 03:00:00,1.96
2025-09-21 04:00:00,4.99
2025-09-21 05:00:00,0.6
2025-09-21 06:00:00,18.82
2025-09-21 07:00:00,22.31
2025-09-21 08:00:00,13.35
2025-09-21 09:00:00,1.75
2025-09-21 10:00:00,-0.64
2025-09-21 11:00:00,-29.23
2025-09-21 12:00:00,-42.41
2025-09-21 13:00:00,-43.48
2025-09-21 14:00:00,-11.61
2025-09-21 15:00:00,-0.17
2025-09-21 16:00:00,214.91
2025-09-21 17:00:00,509.13
2025-09-21 18:00:00,478.03
2025-09-21 19:00:00,520.65
2025-09-21 20:00:00,504.4
2025-09-21 21:00:00,442.57
2025-09-21 22:00:00,415.65
2025-09-21 23:00:00,387.15
2025-09-22 00:00:00,363.04
2025-09-22 01:00:00,347.09
2025-09-22 02:00:00,330.23
2025-09-22 03:00:00,328.87
2025-09-22 04:00:00,366.93
2025-09-22 05:00:00,391.8
2025-09-22 06:00:00,512.59
2025-09-22 07:00:00,568.06
2025-09-22 08:00:00,552.74
2025-09-22 09:00:00,455.03
2025-09-22 10:00:00,361.89
2025-09-22 11:00:00,362.45
2025-09-22 12:00:00,365.99
2025-09-22 13:00:00,383.99
2025-09-22 14:00:00,365.99
2025-09-22 15:00:00,365.99
2025-09-22 16:00:00,380.79
2025-09-22 17:00:00,739.44
2025-09-22 18:00:00,773.24
2025-09-22 19:00:00,1598.14
2025-09-22 20:00:00,781.39
2025-09-22 21:00:00,493.47
2025-09-22 22:00:00,434.89
2025-09-22 23:00:00,396.15
2025-09-23 00:00:00,383.17
2025-09-23 01:00:00,379.16
2025-09-23 02:00:00,369.39
2025-09-23 03:00:00,371.44
2025-09-23 04:00:00,386.53
2025-09-23 05:00:00,439.71
2025-09-23 06:00:00,605.56
2025-09-23 07:00:00,782.92
2025-09-23 08:00:00,686.46
2025-09-23 09:00:00,517.45
2025-09-23 10:00:00,387.98
2025-09-23 11:00:00,436.56
2025-09-23 12:00:00,433.7
2025-09-23 13:00:00,439.71
2025-09-23 14:00:00,470.8
2025-09-23 15:00:00,468.16
2025-09-23 16:00:00,519.93
2025-09-23 17:00:00,844.5
2025-09-23 18:00:00,896.4
2025-09-23 19:00:00,1769.85
2025-09-23 20:00:00,799.47
2025-09-23 21:00:00,533.66
2025-09-23 22:00:00,495.71
2025-09-23 23:00:00,433.7
2025-09-24 00:00:00,440.84
2025-09-24 01:00:00,438.84
2025-09-24 02:00:00,435.69
2025-09-24 03:00:00,432.5
2025-09-24 04:00:00,432.63
2025-09-24 05:00:00,448.84
2025-09-24 06:00:00,528.75
2025-09-24 07:00:00,664.7
2025-09-24 08:00:00,512.37
2025-09-24 09:00:00,419.52
2025-09-24 10:00:00,310.03
2025-09-24 11:00:00,231.14
2025-09-24 12:00:00,135.06
2025-09-24 13:00:00,86.04
2025-09-24 14:00:00,146.59
2025-09-24 15:00:00,358.5
2025-09-24 16:00:00,386.58
2025-09-24 17:00:00,471.35
2025-09-24 18:00:00,542.11
2025-09-24 19:00:00,807.04
2025-09-24 20:00:00,509.01
2025-09-24 21:00:00,412.84
2025-09-24 22:00:00,453.82
2025-09-24 23:00:00,439.73
2025-09-25 00:00:00,437.81
2025-09-25 01:00:00,404.82
2025-09-25 02:00:00,387.97
2025-09-25 03:00:00,379.18
2025-09-25 04:00:00,393.47
2025-09-25 05:00:00,436.53
2025-09-25 06:00:00,469.73
2025-09-25 07:00:00,514.29
2025-09-25 08:00:00,528.84
2025-09-25 09:00:00,420.83
2025-09-25 10:00:00,40.5
2025-09-25 11:00:00,-249.95
2025-09-25 12:00:00,-12.67
2025-09-25 13:00:00,-99.95
2025-09-25 14:00:00,19.67
2025-09-25 15:00:00,268.73
2025-09-25 16:00:00,412.12
2025-09-25 17:00:00,626.91
2025-09-25 18:00:00,504.47
2025-09-25 19:00:00,712.43
2025-09-25 20:00:00,527.6
2025-09-25 21:00:00,436.58
2025-09-25 22:00:00,446.01
2025-09-25 23:00:00,386.39
2025-09-26 00:00:00,334.47
2025-09-26 01:00:00,319.98
2025-09-26 02:00:00,311.89
2025-09-26 03:00:00,311.97
2025-09-26 04:00:00,320.15
2025-09-26 05:00:00,367.89
2025-09-26 06:00:00,454.36
2025-09-26 07:00:00,512.79
2025-09-26 08:00:00,506.87
2025-09-26 09:00:00,394.82
2025-09-26 10:00:00,192.25
2025-09-26 11:00:00,164.98
2025-09-26 12:00:00,82.64
2025-09-26 13:00:00,107.31
2025-09-26 14:00:00,145.71
2025-09-26 15:00:00,282.65
2025-09-26 16:00:00,426.19
2025-09-26 17:00:00,472.52
2025-09-26 18:00:00,531.08
2025-09-26 19:00:00,566.83
2025-09-26 20:00:00,509.77
2025-09-26 21:00:00,452.66
2025-09-26 22:00:00,420.05
2025-09-26 23:00:00,383.14
2025-09-27 00:00:00,373.26
2025-09-27 01:00:00,356.92
2025-09-27 02:00:00,354.96
2025-09-27 03:00:00,354.44
2025-09-27 04:00:00,366.77
2025-09-27 05:00:00,394.21
2025-09-27 06:00:00,390.45
2025-09-27 07:00:00,447.63
2025-09-27 08:00:00,467.81
2025-09-27 09:00:00,414.82
2025-09-27 10:00:00,381.32
2025-09-27 11:00:00,300.47
2025-09-27 12:00:00,233.95
2025-09-27 13:00:00,156.21
2025-09-27 14:00:00,210.61
2025-09-27 15:00:00,339.81
2025-09-27 16:00:00,404.58
2025-09-27 17:00:00,529.72
2025-09-27 18:00:00,581.69
2025-09-27 19:00:00,635.45
2025-09-27 20:00:00,515.09
2025-09-27 21:00:00,474.08
2025-09-27 22:00:00,452.24
2025-09-27 23:00:00,424.5
2025-09-28 00:00:00,425.02
2025-09-28 01:00:00,429.15
2025-09-28 02:00:00,414.52
2025-09-28 03:00:00,400.06
2025-09-28 04:00:00,414.73
2025-09-28 05:00:00,424.8
2025-09-28 06:00:00,425.91
2025-09-28 07:00:00,448.87
2025-09-28 08:00:00,419.34
2025-09-28 09:00:00,396.39
2025-09-28 10:00:00,355.77
2025-09-28 11:00:00,160.9
2025-09-28 12:00:00,73.0
2025-09-28 13:00:00,36.4
2025-09-28 14:00:00,55.47
2025-09-28 15:00:00,269.53
2025-09-28 16:00:00,397.54
2025-09-28 17:00:00,449.21
2025-09-28 18:00:00,574.1
2025-09-28 19:00:00,624.87
2025-09-28 20:00:00,562.07
2025-09-28 21:00:00,475.11
2025-09-28 22:00:00,447.12
2025-09-28 23:00:00,424.03
2025-09-29 00:00:00,393.95
2025-09-29 01:00:00,384.99
2025-09-29 02:00:00,381.45
2025-09-29 03:00:00,382.13
2025-09-29 04:00:00,386.06
2025-09-29 05:00:00,426.21
2025-09-29 06:00:00,552.38
2025-09-29 07:00:00,904.52
2025-09-29 08:00:00,702.27
2025-09-29 09:00:00,515.09
2025-09-29 10:00:00,388.41
2025-09-29 11:00:00,367.58
2025-09-29 12:00:00,382.13
2025-09-29 13:00:00,397.28
2025-09-29 14:00:00,414.69
2025-09-29 15:00:00,379.87
2025-09-29 16:00:00,446.69
2025-09-29 17:00:00,641.47
2025-09-29 18:00:00,1212.58
2025-09-29 19:00:00,1746.87
2025-09-29 20:00:00,704.83
2025-09-29 21:00:00,518.03
2025-09-29 22:00:00,441.4
2025-09-29 23:00:00,389.13
2025-09-30 00:00:00,432.64
2025-09-30 01:00:00,424.7
2025-09-30 02:00:00,417.1
2025-09-30 03:00:00,424.7
2025-09-30 04:00:00,425.43
2025-09-30 05:00:00,446.99
2025-09-30 06:00:00,606.81
2025-09-30 07:00:00,1069.04
2025-09-30 08:00:00,929.28
2025-09-30 09:00:00,590.12
2025-09-30 10:00:00,497.44
2025-09-30 11:00:00,419.71
2025-09-30 12:00:00,423.68
2025-09-30 13:00:00,474.69
2025-09-30 14:00:00,464.66
2025-09-30 15:00:00,437.68
2025-09-30 16:00:00,527.62
2025-09-30 17:00:00,718.35
2025-09-30 18:00:00,1136.82
2025-09-30 19:00:00,1680.8
2025-09-30 20:00:00,593.19
2025-09-30 21:00:00,457.91
2025-09-30 22:00:00,429.65
2025-09-30 23:00:00,392.86
2025-10-01 00:00:00,399.94
2025-10-01 01:00:00,418.115
2025-10-01 02:00:00,424.475
2025-10-01 03:00:00,399.9375
2025-10-01 04:00:00,405.2225
2025-10-01 05:00:00,414.9875
2025-10-01 06:00:00,545.4449999999999
2025-10-01 07:00:00,750.7925
2025-10-01 08:00:00,592.33
2025-10-01 09:00:00,449.475
2025-10-01 10:00:00,393.57
2025-10-01 11:00:00,367.7175
2025-10-01 12:00:00,360.5125
2025-10-01 13:00:00,389.19
2025-10-01 14:00:00,399.94
2025-10-01 15:00:00,413.2575
2025-10-01 16:00:00,453.1125
2025-10-01 17:00:00,630.2275
2025-10-01 18:00:00,1093.31
2025-10-01 19:00:00,1485.93
2025-10-01 20:00:00,657.03
2025-10-01 21:00:00,487.49
2025-10-01 22:00:00,422.2875
2025-10-01 23:00:00,388.3475
2025-10-02 00:00:00,389.535
2025-10-02 01:00:00,398.24
2025-10-02 02:00:00,399.0825
2025-10-02 03:00:00,396.86749999999995
2025-10-02 04:00:00,396.4125
2025-10-02 05:00:00,412.2425
2025-10-02 06:00:00,560.1025
2025-10-02 07:00:00,776.66
2025-10-02 08:00:00,541.7575
2025-10-02 09:00:00,424.8925
2025-10-02 10:00:00,385.565
2025-10-02 11:00:00,339.145
2025-10-02 12:00:00,297.7625
2025-10-02 13:00:00,354.9125
2025-10-02 14:00:00,392.84749999999997
2025-10-02 15:00:00,413.265
2025-10-02 16:00:00,415.5
2025-10-02 17:00:00,641.9200000000001
2025-10-02 18:00:00,803.49
2025-10-02 19:00:00,900.5475
2025-10-02 20:00:00,641.8125
2025-10-02 21:00:00,489.015
2025-10-02 22:00:00,442.565
2025-10-02 23:00:00,402.065
2025-10-03 00:00:00,403.4375
2025-10-03 01:00:00,431.14
2025-10-03 02:00:00,429.64
2025-10-03 03:00:00,420.005
2025-10-03 04:00:00,426.9825
2025-10-03 05:00:00,434.5875
2025-10-03 06:00:00,668.8824999999999
2025-10-03 07:00:00,805.275
2025-10-03 08:00:00,525.17
2025-10-03 09:00:00,411.15
2025-10-03 10:00:00,283.6175
2025-10-03 11:00:00,217.485
2025-10-03 12:00:00,261.68
2025-10-03 13:00:00,370.96500000000003
2025-10-03 14:00:00,383.2825
2025-10-03 15:00:00,442.18
2025-10-03 16:00:00,450.9875
2025-10-03 17:00:00,632.42
2025-10-03 18:00:00,823.335
2025-10-03 19:00:00,859.5425
2025-10-03 20:00:00,616.9175
2025-10-03 21:00:00,474.64
2025-10-03 22:00:00,425.715
2025-10-03 23:00:00,401.68
2025-10-04 00:00:00,424.4425
2025-10-04 01:00:00,394.90250000000003
2025-10-04 02:00:00,402.6825
2025-10-04 03:00:00,402.66999999999996
2025-10-04 04:00:00,412.7975
2025-10-04 05:00:00,402.67
2025-10-04 06:00:00,367.39
2025-10-04 07:00:00,367.3775
2025-10-04 08:00:00,279.4
2025-10-04 09:00:00,44.71
2025-10-04 10:00:00,16.0125
2025-10-04 11:00:00,2.0225
2025-10-04 12:00:00,0.5125
2025-10-04 13:00:00,3.7025
2025-10-04 14:00:00,33.4825
2025-10-04 15:00:00,66.8175
2025-10-04 16:00:00,298.0425
2025-10-04 17:00:00,397.5825
2025-10-04 18:00:00,404.385
2025-10-04 19:00:00,446.585
2025-10-04 20:00:00,395.21
2025-10-04 21:00:00,356.77
2025-10-04 22:00:00,239.23499999999999
2025-10-04 23:00:00,15.99
2025-10-05 00:00:00,20.822499999999998
2025-10-05 01:00:00,6.8425
2025-10-05 02:00:00,-0.27749999999999997
2025-10-05 03:00:00,-0.385
2025-10-05 04:00:00,-0.395
2025-10-05 05:00:00,0.08499999999999999
2025-10-05 06:00:00,-0.49
2025-10-05 07:00:00,3.5725
2025-10-05 08:00:00,2.7755575615628914e-17
2025-10-05 09:00:00,18.2575
2025-10-05 10:00:00,14.962499999999999
2025-10-05 11:00:00,13.129999999999999
2025-10-05 12:00:00,17.4925
2025-10-05 13:00:00,12.7575
2025-10-05 14:00:00,11.405
2025-10-05 15:00:00,20.035
2025-10-05 16:00:00,348.975
2025-10-05 17:00:00,451.4425
2025-10-05 18:00:00,415.21500000000003
2025-10-05 19:00:00,439.675
2025-10-05 20:00:00,385.235
2025-10-05 21:00:00,379.935
2025-10-05 22:00:00,297.7875
2025-10-05 23:00:00,172.98250000000002
2025-10-06 00:00:00,144.66
2025-10-06 01:00:00,156.445
2025-10-06 02:00:00,123.30499999999999
2025-10-06 03:00:00,91.82249999999999
2025-10-06 04:00:00,84.3425
2025-10-06 05:00:00,247.0775
2025-10-06 06:00:00,376.5625
2025-10-06 07:00:00,444.24
2025-10-06 08:00:00,486.14
2025-10-06 09:00:00,513.005
2025-10-06 10:00:00,431.7075
2025-10-06 11:00:00,386.9025
2025-10-06 12:00:00,385.2875
2025-10-06 13:00:00,387.29
2025-10-06 14:00:00,418.525
2025-10-06 15:00:00,435.78
2025-10-06 16:00:00,513.495
2025-10-06 17:00:00,567.5025
2025-10-06 18:00:00,554.5225
2025-10-06 19:00:00,681.0174999999999
2025-10-06 20:00:00,545.05
2025-10-06 21:00:00,511.6025
2025-10-06 22:00:00,507.61
2025-10-06 23:00:00,450.5175
2025-10-07 00:00:00,452.22
2025-10-07 01:00:00,452.0725
2025-10-07 02:00:00,452.87
2025-10-07 03:00:00,451.87
2025-10-07 04:00:00,443.33500000000004
2025-10-07 05:00:00,413.505
2025-10-07 06:00:00,572.4375
2025-10-07 07:00:00,982.765
2025-10-07 08:00:00,1185.1675
2025-10-07 09:00:00,868.9075
2025-10-07 10:00:00,587.6925
2025-10-07 11:00:00,504.7125
2025-10-07 12:00:00,473.9075
2025-10-07 13:00:00,460.1
2025-10-07 14:00:00,456.89
2025-10-07 15:00:00,490.3325
2025-10-07 16:00:00,529.855
2025-10-07 17:00:00,648.3275
2025-10-07 18:00:00,901.7
2025-10-07 19:00:00,970.7425
2025-10-07 20:00:00,623.2
2025-10-07 21:00:00,524.0375
2025-10-07 22:00:00,456.77
2025-10-07 23:00:00,414.505
2025-10-08 00:00:00,472.7325
2025-10-08 01:00:00,468.78000000000003
2025-10-08 02:00:00,455.3075
2025-10-08 03:00:00,455.2325
2025-10-08 04:00:00,454.27250000000004
2025-10-08 05:00:00,456.295
2025-10-08 06:00:00,497.4525
2025-10-08 07:00:00,659.7175
2025-10-08 08:00:00,706.97
2025-10-08 09:00:00,556.265
2025-10-08 10:00:00,484.78000000000003
2025-10-08 11:00:00,459.755
2025-10-08 12:00:00,451.73
2025-10-08 13:00:00,460.2325
2025-10-08 14:00:00,452.75
2025-10-08 15:00:00,449.7525
2025-10-08 16:00:00,513.135
2025-10-08 17:00:00,643.2475
2025-10-08 18:00:00,773.9575
2025-10-08 19:00:00,855.9475
2025-10-08 20:00:00,598.59
2025-10-08 21:00:00,481.6725
2025-10-08 22:00:00,463.19
2025-10-08 23:00:00,426.75
2025-10-09 00:00:00,452.90250000000003
2025-10-09 01:00:00,454.53
2025-10-09 02:00:00,453.58
2025-10-09 03:00:00,452.72
2025-10-09 04:00:00,450.8275
2025-10-09 05:00:00,455.3025
2025-10-09 06:00:00,539.245
2025-10-09 07:00:00,643.4725
2025-10-09 08:00:00,652.3175
2025-10-09 09:00:00,566.2525
2025-10-09 10:00:00,473.6675
2025-10-09 11:00:00,423.34000000000003
2025-10-09 12:00:00,417.3125
2025-10-09 13:00:00,448.3175
2025-10-09 14:00:00,453.78499999999997
2025-10-09 15:00:00,468.65
2025-10-09 16:00:00,465.9275
2025-10-09 17:00:00,492.905
2025-10-09 18:00:00,514.245
2025-10-09 19:00:00,489.13
2025-10-09 20:00:00,454.19
2025-10-09 21:00:00,442.0575
2025-10-09 22:00:00,452.135
2025-10-09 23:00:00,387.285
2025-10-10 00:00:00,367.605
2025-10-10 01:00:00,356.8025
2025-10-10 02:00:00,336.2075
2025-10-10 03:00:00,323.725
2025-10-10 04:00:00,325.2475
2025-10-10 05:00:00,311.5
2025-10-10 06:00:00,416.03
2025-10-10 07:00:00,482.125
2025-10-10 08:00:00,519.935
2025-10-10 09:00:00,459.33
2025-10-10 10:00:00,397.0625
2025-10-10 11:00:00,352.1275
2025-10-10 12:00:00,330.8975
2025-10-10 13:00:00,329.325
2025-10-10 14:00:00,351.3325
2025-10-10 15:00:00,388.3775
2025-10-10 16:00:00,460.28999999999996
2025-10-10 17:00:00,474.09250000000003
2025-10-10 18:00:00,459.57500000000005
2025-10-10 19:00:00,469.0025
2025-10-10 20:00:00,452.03000000000003
2025-10-10 21:00:00,427.425
2025-10-10 22:00:00,408.09000000000003
2025-10-10 23:00:00,389.9975
2025-10-11 00:00:00,395.235
2025-10-11 01:00:00,378.1375
2025-10-11 02:00:00,373.3675
2025-10-11 03:00:00,359.9675
2025-10-11 04:00:00,351.62
2025-10-11 05:00:00,361.945
2025-10-11 06:00:00,384.3775
2025-10-11 07:00:00,412.0025
2025-10-11 08:00:00,431.9175
2025-10-11 09:00:00,437.3925
2025-10-11 10:00:00,444.7075
2025-10-11 11:00:00,450.3475
2025-10-11 12:00:00,434.71000000000004
2025-10-11 13:00:00,447.0075
2025-10-11 14:00:00,456.5775
2025-10-11 15:00:00,450.275
2025-10-11 16:00:00,499.65000000000003
2025-10-11 17:00:00,521.0025
2025-10-11 18:00:00,535.385
2025-10-11 19:00:00,555.25
2025-10-11 20:00:00,514.87
2025-10-11 21:00:00,488.49
2025-10-11 22:00:00,461.8325
2025-10-11 23:00:00,419.03499999999997
2025-10-12 00:00:00,410.1025
2025-10-12 01:00:00,395.38250000000005
2025-10-12 02:00:00,381.15
2025-10-12 03:00:00,370.61
2025-10-12 04:00:00,375.4975
2025-10-12 05:00:00,380.4775
2025-10-12 06:00:00,378.2
2025-10-12 07:00:00,381.0775
2025-10-12 08:00:00,378.105
2025-10-12 09:00:00,377.755
2025-10-12 10:00:00,367.8775
2025-10-12 11:00:00,361.73
2025-10-12 12:00:00,367.65999999999997
2025-10-12 13:00:00,387.0375
2025-10-12 14:00:00,393.905
2025-10-12 15:00:00,382.7775
2025-10-12 16:00:00,426.885
2025-10-12 17:00:00,456.3
2025-10-12 18:00:00,436.2725
2025-10-12 19:00:00,463.28249999999997
2025-10-12 20:00:00,463.08
2025-10-12 21:00:00,463.2525
2025-10-12 22:00:00,462.45000000000005
2025-10-12 23:00:00,418.06
2025-10-13 00:00:00,451.3375
2025-10-13 01:00:00,459.34
2025-10-13 02:00:00,447.33
2025-10-13 03:00:00,448.6875
2025-10-13 04:00:00,426.4175
2025-10-13 05:00:00,426.8425
2025-10-13 06:00:00,524.0174999999999
2025-10-13 07:00:00,873.09
2025-10-13 08:00:00,832.0525
2025-10-13 09:00:00,627.6325
2025-10-13 10:00:00,528.3175
2025-10-13 11:00:00,454.53999999999996
2025-10-13 12:00:00,408.2525
2025-10-13 13:00:00,388.475
2025-10-13 14:00:00,401.195
2025-10-13 15:00:00,443.59749999999997
2025-10-13 16:00:00,473.78
2025-10-13 17:00:00,699.37
2025-10-13 18:00:00,1217.0525
2025-10-13 19:00:00,1189.45
2025-10-13 20:00:00,718.9475
2025-10-13 21:00:00,533.4375
2025-10-13 22:00:00,518.905
2025-10-13 23:00:00,475.03499999999997
2025-10-14 00:00:00,473.335
2025-10-14 01:00:00,455.1275
2025-10-14 02:00:00,453.73
2025-10-14 03:00:00,452.09000000000003
2025-10-14 04:00:00,453.755
2025-10-14 05:00:00,455.745
2025-10-14 06:00:00,569.72
2025-10-14 07:00:00,883.615
2025-10-14 08:00:00,900.2325000000001
2025-10-14 09:00:00,703.96
2025-10-14 10:00:00,572.03
2025-10-14 11:00:00,516.6525
2025-10-14 12:00:00,469.8975
2025-10-14 13:00:00,466.0825
2025-10-14 14:00:00,510.8275
2025-10-14 15:00:00,600.0675
2025-10-14 16:00:00,810.6225
2025-10-14 17:00:00,1035.38
2025-10-14 18:00:00,1683.62
2025-10-14 19:00:00,1748.3274999999999
2025-10-14 20:00:00,962.0975
2025-10-14 21:00:00,647.4425
2025-10-14 22:00:00,540.42
2025-10-14 23:00:00,488.02
2025-10-15 00:00:00,498.265
2025-10-15 01:00:00,484.395
2025-10-15 02:00:00,476.89750000000004
2025-10-15 03:00:00,464.925
2025-10-15 04:00:00,476.9
2025-10-15 05:00:00,491.46
2025-10-15 06:00:00,662.1175000000001
2025-10-15 07:00:00,1224.415
2025-10-15 08:00:00,1184.53
2025-10-15 09:00:00,771.7049999999999
2025-10-15 10:00:00,585.985
2025-10-15 11:00:00,545.9325
2025-10-15 12:00:00,518.4025
2025-10-15 13:00:00,491.6025
2025-10-15 14:00:00,549.95
2025-10-15 15:00:00,539.885
2025-10-15 16:00:00,604.235
2025-10-15 17:00:00,672.225
2025-10-15 18:00:00,871.3225
2025-10-15 19:00:00,884.7049999999999
2025-10-15 20:00:00,579.675
2025-10-15 21:00:00,472.08
2025-10-15 22:00:00,435.1075
2025-10-15 23:00:00,450.8325
2025-10-16 00:00:00,456.89
2025-10-16 01:00:00,450.97749999999996
2025-10-16 02:00:00,449.48749999999995
2025-10-16 03:00:00,447.82
2025-10-16 04:00:00,458.4575
2025-10-16 05:00:00,452.53749999999997
2025-10-16 06:00:00,516.6525
2025-10-16 07:00:00,505.5875
2025-10-16 08:00:00,563.8675000000001
2025-10-16 09:00:00,512.16
2025-10-16 10:00:00,428.9425
2025-10-16 11:00:00,434.635
2025-10-16 12:00:00,412.34749999999997
2025-10-16 13:00:00,432.8875
2025-10-16 14:00:00,465.4425
2025-10-16 15:00:00,478.075
2025-10-16 16:00:00,530.3875
2025-10-16 17:00:00,568.3025
2025-10-16 18:00:00,639.6925
2025-10-16 19:00:00,622.85
2025-10-16 20:00:00,554.78
2025-10-16 21:00:00,484.235
2025-10-16 22:00:00,449.38
2025-10-16 23:00:00,451.0175
2025-10-17 00:00:00,449.8625
2025-10-17 01:00:00,451.8925
2025-10-17 02:00:00,450.3925
2025-10-17 03:00:00,449.8725
2025-10-17 04:00:00,495.2925
2025-10-17 05:00:00,448.7025
2025-10-17 06:00:00,507.1875
2025-10-17 07:00:00,649.1925
2025-10-17 08:00:00,641.73
2025-10-17 09:00:00,548.5550000000001
2025-10-17 10:00:00,502.2325
2025-10-17 11:00:00,449.83000000000004
2025-10-17 12:00:00,467.03999999999996
2025-10-17 13:00:00,458.59
2025-10-17 14:00:00,449.9575
2025-10-17 15:00:00,479.25
2025-10-17 16:00:00,624.77
2025-10-17 17:00:00,667.6875
2025-10-17 18:00:00,699.745
2025-10-17 19:00:00,685.0649999999999
2025-10-17 20:00:00,567.2950000000001
2025-10-17 21:00:00,470.865
2025-10-17 22:00:00,429.4325
2025-10-17 23:00:00,449.8325
2025-10-18 00:00:00,392.9825
2025-10-18 01:00:00,365.5075
2025-10-18 02:00:00,353.925
2025-10-18 03:00:00,355.2575
2025-10-18 04:00:00,362.9525
2025-10-18 05:00:00,353.5875
2025-10-18 06:00:00,371.1875
2025-10-18 07:00:00,442.805
2025-10-18 08:00:00,451.815
2025-10-18 09:00:00,394.9925
2025-10-18 10:00:00,355.525
2025-10-18 11:00:00,350.0225
2025-10-18 12:00:00,326.4725
2025-10-18 13:00:00,307.235
2025-10-18 14:00:00,326.1625
2025-10-18 15:00:00,367.145
2025-10-18 16:00:00,429.13
2025-10-18 17:00:00,511.3675
2025-10-18 18:00:00,535.2125
2025-10-18 19:00:00,496.8725
2025-10-18 20:00:00,458.735
2025-10-18 21:00:00,428.03499999999997
2025-10-18 22:00:00,428.98
2025-10-18 23:00:00,431.515
2025-10-19 00:00:00,474.21500000000003
2025-10-19 01:00:00,428.16999999999996
2025-10-19 02:00:00,416.6825
2025-10-19 03:00:00,420.895
2025-10-19 04:00:00,436.7475
2025-10-19 05:00:00,451.7525
2025-10-19 06:00:00,459.435
2025-10-19 07:00:00,423.125
2025-10-19 08:00:00,429.22499999999997
2025-10-19 09:00:00,426.0875
2025-10-19 10:00:00,352.03499999999997
2025-10-19 11:00:00,263.65749999999997
2025-10-19 12:00:00,148.26500000000001
2025-10-19 13:00:00,121.395
2025-10-19 14:00:00,230.605
2025-10-19 15:00:00,368.28999999999996
2025-10-19 16:00:00,464.7025
2025-10-19 17:00:00,601.5625
2025-10-19 18:00:00,668.1949999999999
2025-10-19 19:00:00,702.1875
2025-10-19 20:00:00,578.5125
2025-10-19 21:00:00,502.255
2025-10-19 22:00:00,439.1425
2025-10-19 23:00:00,418.85
2025-10-20 00:00:00,409.07
2025-10-20 01:00:00,405.025
2025-10-20 02:00:00,389.8425
2025-10-20 03:00:00,385.51250000000005
2025-10-20 04:00:00,386.055
2025-10-20 05:00:00,435.64
2025-10-20 06:00:00,528.6125
2025-10-20 07:00:00,945.4224999999999
2025-10-20 08:00:00,529.6775
2025-10-20 09:00:00,368.4325
2025-10-20 10:00:00,202.855
2025-10-20 11:00:00,231.9275
2025-10-20 12:00:00,70.05000000000001
2025-10-20 13:00:00,114.17
2025-10-20 14:00:00,274.5875
2025-10-20 15:00:00,419.72249999999997
2025-10-20 16:00:00,481.11
2025-10-20 17:00:00,518.665
2025-10-20 18:00:00,475.45
2025-10-20 19:00:00,441.53499999999997
2025-10-20 20:00:00,409.685
2025-10-20 21:00:00,412.255
2025-10-20 22:00:00,461.68
2025-10-20 23:00:00,339.40250000000003
2025-10-21 00:00:00,291.305
2025-10-21 01:00:00,232.66000000000003
2025-10-21 02:00:00,218.71
2025-10-21 03:00:00,187.2425
2025-10-21 04:00:00,211.9375
2025-10-21 05:00:00,373.90250000000003
2025-10-21 06:00:00,491.90999999999997
2025-10-21 07:00:00,495.0275
2025-10-21 08:00:00,479.5275
2025-10-21 09:00:00,387.0025
2025-10-21 10:00:00,228.8975
2025-10-21 11:00:00,146.7525
2025-10-21 12:00:00,111.4375
2025-10-21 13:00:00,109.065
2025-10-21 14:00:00,238.73250000000002
2025-10-21 15:00:00,392.9375
2025-10-21 16:00:00,471.15749999999997
2025-10-21 17:00:00,619.9975
2025-10-21 18:00:00,567.2375
2025-10-21 19:00:00,564.525
2025-10-21 20:00:00,506.9825
2025-10-21 21:00:00,479.53999999999996
2025-10-21 22:00:00,521.4825000000001
2025-10-21 23:00:00,420.855
2025-10-22 00:00:00,389.9625
2025-10-22 01:00:00,394.8375
2025-10-22 02:00:00,400.6775
2025-10-22 03:00:00,405.9275
2025-10-22 04:00:00,418.1225
2025-10-22 05:00:00,454.9425
2025-10-22 06:00:00,500.2475
2025-10-22 07:00:00,720.3375
2025-10-22 08:00:00,605.4725
2025-10-22 09:00:00,534.985
2025-10-22 10:00:00,450.755
2025-10-22 11:00:00,412.7725
2025-10-22 12:00:00,411.51
2025-10-22 13:00:00,411.6675
2025-10-22 14:00:00,427.195
2025-10-22 15:00:00,502.7925
2025-10-22 16:00:00,716.84
2025-10-22 17:00:00,905.4075
2025-10-22 18:00:00,1251.0625
2025-10-22 19:00:00,1166.5525
2025-10-22 20:00:00,785.9075
2025-10-22 21:00:00,580.685
2025-10-22 22:00:00,531.9225
2025-10-22 23:00:00,471.7275
2025-10-23 00:00:00,466.445
2025-10-23 01:00:00,460.66499999999996
2025-10-23 02:00:00,512.0475
2025-10-23 03:00:00,455.255
2025-10-23 04:00:00,452.24
2025-10-23 05:00:00,445.1225
2025-10-23 06:00:00,623.4375
2025-10-23 07:00:00,722.6949999999999
2025-10-23 08:00:00,611.1075
2025-10-23 09:00:00,449.27
2025-10-23 10:00:00,430.865
2025-10-23 11:00:00,394.39750000000004
2025-10-23 12:00:00,372.7525
2025-10-23 13:00:00,379.96
2025-10-23 14:00:00,429.26250000000005
2025-10-23 15:00:00,441.355
2025-10-23 16:00:00,499.7075
2025-10-23 17:00:00,566.0175
2025-10-23 18:00:00,512.0350000000001
2025-10-23 19:00:00,538.9625
2025-10-23 20:00:00,533.3625000000001
2025-10-23 21:00:00,477.27750000000003
2025-10-23 22:00:00,480.1025
2025-10-23 23:00:00,465.1625
2025-10-24 00:00:00,422.8975
2025-10-24 01:00:00,406.3625
2025-10-24 02:00:00,381.135
2025-10-24 03:00:00,381.22749999999996
2025-10-24 04:00:00,387.01
2025-10-24 05:00:00,407.27
2025-10-24 06:00:00,484.7275
2025-10-24 07:00:00,599.635
2025-10-24 08:00:00,622.4675
2025-10-24 09:00:00,534.3325
2025-10-24 10:00:00,468.7475
2025-10-24 11:00:00,457.315
2025-10-24 12:00:00,476.995
2025-10-24 13:00:00,504.68999999999994
2025-10-24 14:00:00,468.0725
2025-10-24 15:00:00,464.4525
2025-10-24 16:00:00,511.4025
2025-10-24 17:00:00,643.1875
2025-10-24 18:00:00,539.8625
2025-10-24 19:00:00,496.2
2025-10-24 20:00:00,422.5925
2025-10-24 21:00:00,381.695
2025-10-24 22:00:00,363.675
2025-10-24 23:00:00,275.025
2025-10-25 00:00:00,382.27750000000003
2025-10-25 01:00:00,276.0875
2025-10-25 02:00:00,242.7025
2025-10-25 03:00:00,283.17
2025-10-25 04:00:00,356.51750000000004
2025-10-25 05:00:00,376.37
2025-10-25 06:00:00,471.56
2025-10-25 07:00:00,526.3
2025-10-25 08:00:00,486.6275
2025-10-25 09:00:00,393.49
2025-10-25 10:00:00,221.2425
2025-10-25 11:00:00,85.1625
2025-10-25 12:00:00,50.5675
2025-10-25 13:00:00,73.0375
2025-10-25 14:00:00,318.875
2025-10-25 15:00:00,405.98749999999995
2025-10-25 16:00:00,458.575
2025-10-25 17:00:00,497.9775
2025-10-25 18:00:00,522.575
2025-10-25 19:00:00,424.8425
2025-10-25 20:00:00,406.865
2025-10-25 21:00:00,454.99
2025-10-25 22:00:00,418.85
2025-10-25 23:00:00,335.045
2025-10-26 00:00:00,315.4775
2025-10-26 01:00:00,198.3075
2025-10-26 02:00:00,169.5825
2025-10-26 03:00:00,119.0425
2025-10-26 04:00:00,117.035
2025-10-26 05:00:00,161.1225
2025-10-26 06:00:00,180.1175
2025-10-26 07:00:00,142.4325
2025-10-26 08:00:00,106.06
2025-10-26 09:00:00,96.4575
2025-10-26 10:00:00,44.2475
2025-10-26 11:00:00,24.3125
2025-10-26 12:00:00,18.2425
2025-10-26 13:00:00,29.7325
2025-10-26 14:00:00,198.72
2025-10-26 15:00:00,383.15500000000003
2025-10-26 16:00:00,476.165
2025-10-26 17:00:00,523.285
2025-10-26 18:00:00,471.9
2025-10-26 19:00:00,442.59749999999997
2025-10-26 20:00:00,415.8
2025-10-26 21:00:00,450.78499999999997
2025-10-26 22:00:00,332.28249999999997
2025-10-26 23:00:00,99.3825
2025-10-27 00:00:00,88.4425
2025-10-27 01:00:00,81.88
2025-10-27 02:00:00,76.1375
2025-10-27 03:00:00,72.7525
2025-10-27 04:00:00,111.05
2025-10-27 05:00:00,146.93
2025-10-27 06:00:00,381.03999999999996
2025-10-27 07:00:00,438.9675
2025-10-27 08:00:00,452.17
2025-10-27 09:00:00,445.28
2025-10-27 10:00:00,423.995
2025-10-27 11:00:00,433.08
2025-10-27 12:00:00,446.1675
2025-10-27 13:00:00,417.1325
2025-10-27 14:00:00,464.56
2025-10-27 15:00:00,643.0675
2025-10-27 16:00:00,808.9200000000001
2025-10-27 17:00:00,863.99
2025-10-27 18:00:00,586.685
2025-10-27 19:00:00,591.13
2025-10-27 20:00:00,533.6725
2025-10-27 21:00:00,469.495
2025-10-27 22:00:00,417.175
2025-10-27 23:00:00,416.31
2025-10-28 00:00:00,280.6825
2025-10-28 01:00:00,179.935
2025-10-28 02:00:00,147.94
2025-10-28 03:00:00,121.6575
2025-10-28 04:00:00,125.775
2025-10-28 05:00:00,185.07
2025-10-28 06:00:00,375.78
2025-10-28 07:00:00,414.955
2025-10-28 08:00:00,415.2925
2025-10-28 09:00:00,401.1575
2025-10-28 10:00:00,368.1225
2025-10-28 11:00:00,394.0925
2025-10-28 12:00:00,441.3925
2025-10-28 13:00:00,464.545
2025-10-28 14:00:00,447.98
2025-10-28 15:00:00,467.2825
2025-10-28 16:00:00,555.49
2025-10-28 17:00:00,592.3924999999999
2025-10-28 18:00:00,506.9675
2025-10-28 19:00:00,459.5075
2025-10-28 20:00:00,426.9625
2025-10-28 21:00:00,404.9675
2025-10-28 22:00:00,396.065
2025-10-28 23:00:00,350.96
2025-10-29 00:00:00,294.71
2025-10-29 01:00:00,270.7
2025-10-29 02:00:00,268.0825
2025-10-29 03:00:00,276.44
2025-10-29 04:00:00,282.58000000000004
2025-10-29 05:00:00,327.02
2025-10-29 06:00:00,449.5575
2025-10-29 07:00:00,460.345
2025-10-29 08:00:00,424.52
2025-10-29 09:00:00,365.1
2025-10-29 10:00:00,310.76
2025-10-29 11:00:00,303.8875
2025-10-29 12:00:00,303.71
2025-10-29 13:00:00,374.5325
2025-10-29 14:00:00,447.1325
2025-10-29 15:00:00,527.2675
2025-10-29 16:00:00,707.33
2025-10-29 17:00:00,809.3299999999999
2025-10-29 18:00:00,631.4375
2025-10-29 19:00:00,650.1975
2025-10-29 20:00:00,580.35
2025-10-29 21:00:00,438.0775
2025-10-29 22:00:00,452.5725
2025-10-29 23:00:00,425.7575
2025-10-30 00:00:00,361.76
2025-10-30 01:00:00,309.4975
2025-10-30 02:00:00,303.07
2025-10-30 03:00:00,288.735
2025-10-30 04:00:00,261.62
2025-10-30 05:00:00,337.31
2025-10-30 06:00:00,477.99
2025-10-30 07:00:00,457.3325
2025-10-30 08:00:00,427.8
2025-10-30 09:00:00,420.17
2025-10-30 10:00:00,402.49
2025-10-30 11:00:00,404.6075
2025-10-30 12:00:00,402.7225
2025-10-30 13:00:00,404.725
2025-10-30 14:00:00,413.2725
2025-10-30 15:00:00,425.04
2025-10-30 16:00:00,445.52
2025-10-30 17:00:00,464.52750000000003
2025-10-30 18:00:00,458.1925
2025-10-30 19:00:00,452.97
2025-10-30 20:00:00,415.0125
2025-10-30 21:00:00,401.8425
2025-10-30 22:00:00,389.6725
2025-10-30 23:00:00,330.19
2025-10-31 00:00:00,252.6925
2025-10-31 01:00:00,185.10000000000002
2025-10-31 02:00:00,176.0725
2025-10-31 03:00:00,250.10750000000002
2025-10-31 04:00:00,330.0675
2025-10-31 05:00:00,380.52
2025-10-31 06:00:00,528.3499999999999
2025-10-31 07:00:00,509.43
2025-10-31 08:00:00,470.39750000000004
2025-10-31 09:00:00,363.91
2025-10-31 10:00:00,328.655
2025-10-31 11:00:00,322.08
2025-10-31 12:00:00,329.855
2025-10-31 13:00:00,374.73
2025-10-31 14:00:00,481.9575
2025-10-31 15:00:00,591.9025
2025-10-31 16:00:00,988.6075
2025-10-31 17:00:00,1234.8425
2025-10-31 18:00:00,813.0550000000001
2025-10-31 19:00:00,780.9675
2025-10-31 20:00:00,616.475
2025-10-31 21:00:00,518.4225
2025-10-31 22:00:00,455.18
2025-10-31 23:00:00,432.015
2025-11-01 00:00:00,468.375
2025-11-01 01:00:00,380.3575
2025-11-01 02:00:00,318.8675
2025-11-01 03:00:00,325.23
2025-11-01 04:00:00,288.92
2025-11-01 05:00:00,315.9675
2025-11-01 06:00:00,312.22249999999997
2025-11-01 07:00:00,228.86
2025-11-01 08:00:00,177.915
2025-11-01 09:00:00,112.2925
2025-11-01 10:00:00,77.85249999999999
2025-11-01 11:00:00,67.035
2025-11-01 12:00:00,89.405
2025-11-01 13:00:00,134.085
2025-11-01 14:00:00,324.96500000000003
2025-11-01 15:00:00,419.355
2025-11-01 16:00:00,430.875
2025-11-01 17:00:00,416.38
2025-11-01 18:00:00,410.465
2025-11-01 19:00:00,379.025
2025-11-01 20:00:00,388.64
2025-11-01 21:00:00,416.8175
2025-11-01 22:00:00,368.38
2025-11-01 23:00:00,337.0475
2025-11-02 00:00:00,329.4525
2025-11-02 01:00:00,338.7675
2025-11-02 02:00:00,348.49
2025-11-02 03:00:00,398.745
2025-11-02 04:00:00,450.1575
2025-11-02 05:00:00,467.335
2025-11-02 06:00:00,450.1475
2025-11-02 07:00:00,438.385
2025-11-02 08:00:00,418.0475
2025-11-02 09:00:00,451.71000000000004
2025-11-02 10:00:00,472.2925
2025-11-02 11:00:00,476.885
2025-11-02 12:00:00,511.355
2025-11-02 13:00:00,445.7525
2025-11-02 14:00:00,436.205
2025-11-02 15:00:00,484.5775
2025-11-02 16:00:00,510.38750000000005
2025-11-02 17:00:00,561.185
2025-11-02 18:00:00,553.0675
2025-11-02 19:00:00,507.485
2025-11-02 20:00:00,563.385
2025-11-02 21:00:00,459.39
2025-11-02 22:00:00,439.385
2025-11-02 23:00:00,385.5775
2025-11-03 00:00:00,411.28499999999997
2025-11-03 01:00:00,427.94
2025-11-03 02:00:00,433.47
2025-11-03 03:00:00,425.40999999999997
2025-11-03 04:00:00,433.845
2025-11-03 05:00:00,503.8875
2025-11-03 06:00:00,673.1375
2025-11-03 07:00:00,676.0074999999999
2025-11-03 08:00:00,711.8199999999999
2025-11-03 09:00:00,575.34
2025-11-03 10:00:00,512.5174999999999
2025-11-03 11:00:00,490.15999999999997
2025-11-03 12:00:00,508.9
2025-11-03 13:00:00,505.06
2025-11-03 14:00:00,549.21
2025-11-03 15:00:00,640.7525
2025-11-03 16:00:00,734.4925
2025-11-03 17:00:00,754.1725
2025-11-03 18:00:00,609.76
2025-11-03 19:00:00,621.6375
2025-11-03 20:00:00,570.3425
2025-11-03 21:00:00,455.975
2025-11-03 22:00:00,422.6875
2025-11-03 23:00:00,353.865
2025-11-04 00:00:00,309.4475
2025-11-04 01:00:00,330.6375
2025-11-04 02:00:00,320.855
2025-11-04 03:00:00,336.675
2025-11-04 04:00:00,333.485
2025-11-04 05:00:00,340.8675
2025-11-04 06:00:00,486.0925
2025-11-04 07:00:00,472.145
2025-11-04 08:00:00,464.4925
2025-11-04 09:00:00,357.3725
2025-11-04 10:00:00,309.5125
2025-11-04 11:00:00,324.49
2025-11-04 12:00:00,347.265
2025-11-04 13:00:00,339.9925
2025-11-04 14:00:00,442.155
2025-11-04 15:00:00,616.76
2025-11-04 16:00:00,942.5975000000001
2025-11-04 17:00:00,908.685
2025-11-04 18:00:00,568.4575
2025-11-04 19:00:00,700.3
2025-11-04 20:00:00,704.5775
2025-11-04 21:00:00,475.13
2025-11-04 22:00:00,461.77
2025-11-04 23:00:00,399.765
2025-11-05 00:00:00,437.76750000000004
2025-11-05 01:00:00,415.17
2025-11-05 02:00:00,406.25
2025-11-05 03:00:00,409.83000000000004
2025-11-05 04:00:00,430.54999999999995
2025-11-05 05:00:00,435.9025
2025-11-05 06:00:00,513.655
2025-11-05 07:00:00,486.1125
2025-11-05 08:00:00,485.97249999999997
2025-11-05 09:00:00,386.8825
2025-11-05 10:00:00,341.89750000000004
2025-11-05 11:00:00,338.0375
2025-11-05 12:00:00,374.6075
2025-11-05 13:00:00,429.55
2025-11-05 14:00:00,448.005
2025-11-05 15:00:00,531.6225
2025-11-05 16:00:00,659.6899999999999
2025-11-05 17:00:00,636.5775
2025-11-05 18:00:00,534.4
2025-11-05 19:00:00,471.06
2025-11-05 20:00:00,444.1
2025-11-05 21:00:00,427.325
2025-11-05 22:00:00,407.7725
2025-11-05 23:00:00,384.97249999999997
2025-11-06 00:00:00,426.3825
2025-11-06 01:00:00,433.91499999999996
2025-11-06 02:00:00,433.115
2025-11-06 03:00:00,432.40999999999997
2025-11-06 04:00:00,436.1825
2025-11-06 05:00:00,466.36
2025-11-06 06:00:00,517.49
2025-11-06 07:00:00,526.0525
2025-11-06 08:00:00,500.40749999999997
2025-11-06 09:00:00,388.34749999999997
2025-11-06 10:00:00,366.6325
2025-11-06 11:00:00,359.71000000000004
2025-11-06 12:00:00,362.095
2025-11-06 13:00:00,381.35
2025-11-06 14:00:00,439.8575
2025-11-06 15:00:00,555.4525
2025-11-06 16:00:00,624.6725
2025-11-06 17:00:00,675.675
2025-11-06 18:00:00,603.565
2025-11-06 19:00:00,561.035
2025-11-06 20:00:00,489.21750000000003
2025-11-06 21:00:00,435.2675
2025-11-06 22:00:00,429.025
2025-11-06 23:00:00,392.6925
2025-11-07 00:00:00,386.55
2025-11-07 01:00:00,382.69
2025-11-07 02:00:00,386.435
2025-11-07 03:00:00,387.945
2025-11-07 04:00:00,391.8925
2025-11-07 05:00:00,431.575
2025-11-07 06:00:00,497.6375
2025-11-07 07:00:00,572.6374999999999
2025-11-07 08:00:00,538.6949999999999
2025-11-07 09:00:00,464.065
2025-11-07 10:00:00,398.7475
2025-11-07 11:00:00,386.28499999999997
2025-11-07 12:00:00,382.0125
2025-11-07 13:00:00,398.2475
2025-11-07 14:00:00,449.0475
2025-11-07 15:00:00,549.2725
2025-11-07 16:00:00,752.6725
2025-11-07 17:00:00,829.2725
2025-11-07 18:00:00,627.6475
2025-11-07 19:00:00,548.26
2025-11-07 20:00:00,474.96250000000003
2025-11-07 21:00:00,433.46250000000003
2025-11-07 22:00:00,430.5
2025-11-07 23:00:00,411.51750000000004
2025-11-08 00:00:00,424.9675
2025-11-08 01:00:00,424.46999999999997
2025-11-08 02:00:00,424.8725
2025-11-08 03:00:00,431.775
2025-11-08 04:00:00,433.21
2025-11-08 05:00:00,448.5775
2025-11-08 06:00:00,431.75
2025-11-08 07:00:00,436.0225
2025-11-08 08:00:00,448.7025
2025-11-08 09:00:00,436.62
2025-11-08 10:00:00,423.2475
2025-11-08 11:00:00,397.905
2025-11-08 12:00:00,425.8375
2025-11-08 13:00:00,460.315
2025-11-08 14:00:00,550.1525
2025-11-08 15:00:00,519.78
2025-11-08 16:00:00,571.175
2025-11-08 17:00:00,580.1475
2025-11-08 18:00:00,578.7775
2025-11-08 19:00:00,561.3675000000001
2025-11-08 20:00:00,526.3425
2025-11-08 21:00:00,485.34749999999997
2025-11-08 22:00:00,454.4425
2025-11-08 23:00:00,434.355
2025-11-09 00:00:00,420.94
2025-11-09 01:00:00,424.35
2025-11-09 02:00:00,423.96000000000004
2025-11-09 03:00:00,424.01250000000005
2025-11-09 04:00:00,424.33000000000004
2025-11-09 05:00:00,423.97
2025-11-09 06:00:00,421.4525
2025-11-09 07:00:00,421.6325
2025-11-09 08:00:00,432.985
2025-11-09 09:00:00,430.015
2025-11-09 10:00:00,427.495
2025-11-09 11:00:00,428.02
2025-11-09 12:00:00,447.495
2025-11-09 13:00:00,452.7
2025-11-09 14:00:00,452.52
2025-11-09 15:00:00,517.3924999999999
2025-11-09 16:00:00,589.25
2025-11-09 17:00:00,579.6075000000001
2025-11-09 18:00:00,555.08
2025-11-09 19:00:00,589.27
2025-11-09 20:00:00,543.1775
2025-11-09 21:00:00,498.39750000000004
2025-11-09 22:00:00,460.27
2025-11-09 23:00:00,424.905
2025-11-10 00:00:00,382.795
2025-11-10 01:00:00,376.9525
2025-11-10 02:00:00,382.635
2025-11-10 03:00:00,378.9675
2025-11-10 04:00:00,377.7825
2025-11-10 05:00:00,401.18
2025-11-10 06:00:00,502.38
2025-11-10 07:00:00,618.7125
2025-11-10 08:00:00,677.4125
2025-11-10 09:00:00,617.9175
2025-11-10 10:00:00,557.1424999999999
2025-11-10 11:00:00,508.3175
2025-11-10 12:00:00,473.9275
2025-11-10 13:00:00,560.765
2025-11-10 14:00:00,696.5075
2025-11-10 15:00:00,810.3225
2025-11-10 16:00:00,994.75
2025-11-10 17:00:00,839.2725
2025-11-10 18:00:00,783.4725
2025-11-10 19:00:00,699.8575000000001
2025-11-10 20:00:00,735.2325
2025-11-10 21:00:00,507.78999999999996
2025-11-10 22:00:00,490.38
2025-11-10 23:00:00,434.9325
2025-11-11 00:00:00,436.96750000000003
2025-11-11 01:00:00,458.31
2025-11-11 02:00:00,431.94
2025-11-11 03:00:00,431.9
2025-11-11 04:00:00,431.8975
2025-11-11 05:00:00,438.45
2025-11-11 06:00:00,447.3025
2025-11-11 07:00:00,462.46500000000003
2025-11-11 08:00:00,487.15250000000003
2025-11-11 09:00:00,463.4975
2025-11-11 10:00:00,444.2525
2025-11-11 11:00:00,444.665
2025-11-11 12:00:00,451.97
2025-11-11 13:00:00,465.7025
2025-11-11 14:00:00,458.7875
2025-11-11 15:00:00,534.4475
2025-11-11 16:00:00,607.1949999999999
2025-11-11 17:00:00,585.0775
2025-11-11 18:00:00,528.54
2025-11-11 19:00:00,504.475
2025-11-11 20:00:00,474.21500000000003
2025-11-11 21:00:00,450.5375
2025-11-11 22:00:00,433.125
2025-11-11 23:00:00,421.275
2025-11-12 00:00:00,376.755
2025-11-12 01:00:00,399.56
2025-11-12 02:00:00,395.5825
2025-11-12 03:00:00,401.4975
2025-11-12 04:00:00,384.74
2025-11-12 05:00:00,479.72249999999997
2025-11-12 06:00:00,779.64
2025-11-12 07:00:00,837.2674999999999
2025-11-12 08:00:00,672.7125
2025-11-12 09:00:00,527.015
2025-11-12 10:00:00,424.8425
2025-11-12 11:00:00,413.6225
2025-11-12 12:00:00,423.20500000000004
2025-11-12 13:00:00,432.0025
2025-11-12 14:00:00,516.1099999999999
2025-11-12 15:00:00,719.005
2025-11-12 16:00:00,771.6875
2025-11-12 17:00:00,553.2875
2025-11-12 18:00:00,519.1925
2025-11-12 19:00:00,476.3
2025-11-12 20:00:00,446.105
2025-11-12 21:00:00,409.6075
2025-11-12 22:00:00,367.5875
2025-11-12 23:00:00,279.8125
2025-11-13 00:00:00,193.715
2025-11-13 01:00:00,148.23
2025-11-13 02:00:00,6.4875
2025-11-13 03:00:00,-0.3699999999999999
2025-11-13 04:00:00,59.7875
2025-11-13 05:00:00,204.19
2025-11-13 06:00:00,378.335
2025-11-13 07:00:00,430.5675
2025-11-13 08:00:00,372.78
2025-11-13 09:00:00,242.17
2025-11-13 10:00:00,124.7575
2025-11-13 11:00:00,103.3475
2025-11-13 12:00:00,170.9225
2025-11-13 13:00:00,284.325
2025-11-13 14:00:00,367.48749999999995
2025-11-13 15:00:00,418.34499999999997
2025-11-13 16:00:00,443.6325
2025-11-13 17:00:00,428.96
2025-11-13 18:00:00,421.2575
2025-11-13 19:00:00,447.54499999999996
2025-11-13 20:00:00,478.96000000000004
2025-11-13 21:00:00,434.3775
2025-11-13 22:00:00,443.03
2025-11-13 23:00:00,388.5825
2025-11-14 00:00:00,410.74
2025-11-14 01:00:00,394.985
2025-11-14 02:00:00,397.13
2025-11-14 03:00:00,386.3225
2025-11-14 04:00:00,400.98
2025-11-14 05:00:00,433.745
2025-11-14 06:00:00,505.13
2025-11-14 07:00:00,594.0325
2025-11-14 08:00:00,586.3975
2025-11-14 09:00:00,523.205
2025-11-14 10:00:00,485.8725
2025-11-14 11:00:00,459.3275
2025-11-14 12:00:00,444.625
2025-11-14 13:00:00,485.15250000000003
2025-11-14 14:00:00,642.9475
2025-11-14 15:00:00,728.0325
2025-11-14 16:00:00,815.59
2025-11-14 17:00:00,746.7075
2025-11-14 18:00:00,679.8675000000001
2025-11-14 19:00:00,721.6
2025-11-14 20:00:00,594.2574999999999
2025-11-14 21:00:00,474.4925
2025-11-14 22:00:00,458.0675
2025-11-14 23:00:00,437.4475
2025-11-15 00:00:00,436.28
2025-11-15 01:00:00,426.39750000000004
2025-11-15 02:00:00,434.1775
2025-11-15 03:00:00,433.8775
2025-11-15 04:00:00,440.845
2025-11-15 05:00:00,448.1775
2025-11-15 06:00:00,435.5475
2025-11-15 07:00:00,445.69500000000005
2025-11-15 08:00:00,438.49
2025-11-15 09:00:00,441.4475
2025-11-15 10:00:00,471.175
2025-11-15 11:00:00,451.8875
2025-11-15 12:00:00,448.1275
2025-11-15 13:00:00,470.71
2025-11-15 14:00:00,560.46
2025-11-15 15:00:00,687.1225
2025-11-15 16:00:00,683.01
2025-11-15 17:00:00,567.255
2025-11-15 18:00:00,535.335
2025-11-15 19:00:00,485.78999999999996
2025-11-15 20:00:00,471.8
2025-11-15 21:00:00,432.43
2025-11-15 22:00:00,431.47
2025-11-15 23:00:00,425.5075
2025-11-16 00:00:00,396.40250000000003
2025-11-16 01:00:00,422.57
2025-11-16 02:00:00,414.5475
2025-11-16 03:00:00,419.1675
2025-11-16 04:00:00,417.6225
2025-11-16 05:00:00,435.105
2025-11-16 06:00:00,434.57500000000005
2025-11-16 07:00:00,425.055
2025-11-16 08:00:00,431.2475
2025-11-16 09:00:00,434.98
2025-11-16 10:00:00,430.97249999999997
2025-11-16 11:00:00,441.1175
2025-11-16 12:00:00,437.945
2025-11-16 13:00:00,449.5725
2025-11-16 14:00:00,469.7375
2025-11-16 15:00:00,502.715
2025-11-16 16:00:00,531.6700000000001
2025-11-16 17:00:00,553.06
2025-11-16 18:00:00,532.99
2025-11-16 19:00:00,491.36
2025-11-16 20:00:00,462.32
2025-11-16 21:00:00,423.13
2025-11-16 22:00:00,430.28499999999997
2025-11-16 23:00:00,432.505
2025-11-17 00:00:00,390.325
2025-11-17 01:00:00,419.6975
2025-11-17 02:00:00,420.7625
2025-11-17 03:00:00,416.6
2025-11-17 04:00:00,430.7175
2025-11-17 05:00:00,425.84749999999997
2025-11-17 06:00:00,481.5525
2025-11-17 07:00:00,505.695
2025-11-17 08:00:00,570.1075
2025-11-17 09:00:00,565.4275
2025-11-17 10:00:00,591.9
2025-11-17 11:00:00,550.6800000000001
2025-11-17 12:00:00,662.6975
2025-11-17 13:00:00,684.8375
2025-11-17 14:00:00,686.4449999999999
2025-11-17 15:00:00,586.9
2025-11-17 16:00:00,554.1475
2025-11-17 17:00:00,498.97249999999997
2025-11-17 18:00:00,492.83
2025-11-17 19:00:00,468.005
2025-11-17 20:00:00,435.475
2025-11-17 21:00:00,394.2475
2025-11-17 22:00:00,380.9
2025-11-17 23:00:00,360.9975
2025-11-18 00:00:00,369.15250000000003
2025-11-18 01:00:00,350.65250000000003
2025-11-18 02:00:00,334.6175
2025-11-18 03:00:00,329.2425
2025-11-18 04:00:00,350.4425
2025-11-18 05:00:00,392.345
2025-11-18 06:00:00,498.315
2025-11-18 07:00:00,453.205
2025-11-18 08:00:00,507.3225
2025-11-18 09:00:00,454.97499999999997
2025-11-18 10:00:00,390.09749999999997
2025-11-18 11:00:00,378.38
2025-11-18 12:00:00,400.615
2025-11-18 13:00:00,455.525
2025-11-18 14:00:00,529.1025
2025-11-18 15:00:00,592.83
2025-11-18 16:00:00,699.8925
2025-11-18 17:00:00,645.49
2025-11-18 18:00:00,619.3375
2025-11-18 19:00:00,588.2025
2025-11-18 20:00:00,523.2525
2025-11-18 21:00:00,440.8375
2025-11-18 22:00:00,456.645
2025-11-18 23:00:00,416.3875
2025-11-19 00:00:00,376.90250000000003
2025-11-19 01:00:00,385.455
2025-11-19 02:00:00,380.565
2025-11-19 03:00:00,407.7
2025-11-19 04:00:00,447.81
2025-11-19 05:00:00,463.33500000000004
2025-11-19 06:00:00,515.6875
2025-11-19 07:00:00,619.3875
2025-11-19 08:00:00,582.0925
2025-11-19 09:00:00,496.21500000000003
2025-11-19 10:00:00,416.0525
2025-11-19 11:00:00,392.675
2025-11-19 12:00:00,405.51
2025-11-19 13:00:00,453.65
2025-11-19 14:00:00,564.09
2025-11-19 15:00:00,905.925
2025-11-19 16:00:00,1089.4725
2025-11-19 17:00:00,719.9875
2025-11-19 18:00:00,635.155
2025-11-19 19:00:00,579.9449999999999
2025-11-19 20:00:00,495.335
2025-11-19 21:00:00,444.6775
2025-11-19 22:00:00,449.4925
2025-11-19 23:00:00,463.26
2025-11-20 00:00:00,454.15999999999997
2025-11-20 01:00:00,454.585
2025-11-20 02:00:00,431.155
2025-11-20 03:00:00,436.2
2025-11-20 04:00:00,444.60249999999996
2025-11-20 05:00:00,467.1725
2025-11-20 06:00:00,497.5375
2025-11-20 07:00:00,646.985
2025-11-20 08:00:00,662.78
2025-11-20 09:00:00,647.21
2025-11-20 10:00:00,604.605
2025-11-20 11:00:00,565.765
2025-11-20 12:00:00,617.405
2025-11-20 13:00:00,720.4675
2025-11-20 14:00:00,757.64
2025-11-20 15:00:00,758.7325000000001
2025-11-20 16:00:00,863.4875
2025-11-20 17:00:00,742.6424999999999
2025-11-20 18:00:00,690.9925000000001
2025-11-20 19:00:00,660.395
2025-11-20 20:00:00,577.8775
2025-11-20 21:00:00,503.8675
2025-11-20 22:00:00,453.15250000000003
2025-11-20 23:00:00,400.6225
2025-11-21 00:00:00,431.94
2025-11-21 01:00:00,398.84000000000003
2025-11-21 02:00:00,382.39750000000004
2025-11-21 03:00:00,382.4525
2025-11-21 04:00:00,401.67
2025-11-21 05:00:00,435.205
2025-11-21 06:00:00,562.825
2025-11-21 07:00:00,761.025
2025-11-21 08:00:00,869.1225
2025-11-21 09:00:00,773.4875
2025-11-21 10:00:00,650.7325000000001
2025-11-21 11:00:00,593.79
2025-11-21 12:00:00,558.8175
2025-11-21 13:00:00,580.6075
2025-11-21 14:00:00,678.515
2025-11-21 15:00:00,838.475
2025-11-21 16:00:00,1067.755
2025-11-21 17:00:00,1060.46
2025-11-21 18:00:00,872.18
2025-11-21 19:00:00,728.83
2025-11-21 20:00:00,604.6075
2025-11-21 21:00:00,497.555
2025-11-21 22:00:00,457.875
2025-11-21 23:00:00,471.8825
2025-11-22 00:00:00,493.67
2025-11-22 01:00:00,478.255
2025-11-22 02:00:00,515.595
2025-11-22 03:00:00,498.34000000000003
2025-11-22 04:00:00,476.14250000000004
2025-11-22 05:00:00,451.8175
2025-11-22 06:00:00,444.9025
2025-11-22 07:00:00,464.69
2025-11-22 08:00:00,478.27750000000003
2025-11-22 09:00:00,461.195
2025-11-22 10:00:00,447.0475
2025-11-22 11:00:00,455.09
2025-11-22 12:00:00,461.2075
2025-11-22 13:00:00,513.65
2025-11-22 14:00:00,713.23
2025-11-22 15:00:00,832.37
2025-11-22 16:00:00,878.11
2025-11-22 17:00:00,753.1075
2025-11-22 18:00:00,749.495
2025-11-22 19:00:00,749.355
2025-11-22 20:00:00,724.13
2025-11-22 21:00:00,491.3425
2025-11-22 22:00:00,449.1625
2025-11-22 23:00:00,452.37
2025-11-23 00:00:00,448.5775
2025-11-23 01:00:00,456.4075
2025-11-23 02:00:00,458.95500000000004
2025-11-23 03:00:00,453.21000000000004
2025-11-23 04:00:00,454.51750000000004
2025-11-23 05:00:00,444.4875
2025-11-23 06:00:00,453.1325
2025-11-23 07:00:00,436.01
2025-11-23 08:00:00,452.255
2025-11-23 09:00:00,467.08250000000004
2025-11-23 10:00:00,473.52
2025-11-23 11:00:00,473.52
2025-11-23 12:00:00,459.02
2025-11-23 13:00:00,514.095
2025-11-23 14:00:00,638.8325
2025-11-23 15:00:00,728.1125000000001
2025-11-23 16:00:00,849.0475
2025-11-23 17:00:00,680.7175
2025-11-23 18:00:00,642.9125
2025-11-23 19:00:00,656.4225
2025-11-23 20:00:00,570.0
2025-11-23 21:00:00,473.10249999999996
2025-11-23 22:00:00,443.6175
2025-11-23 23:00:00,456.45
2025-11-24 00:00:00,450.405
2025-11-24 01:00:00,435.82
2025-11-24 02:00:00,429.51
2025-11-24 03:00:00,430.0175
2025-11-24 04:00:00,437.4975
2025-11-24 05:00:00,446.655
2025-11-24 06:00:00,686.7
2025-11-24 07:00:00,960.03
2025-11-24 08:00:00,946.8675
2025-11-24 09:00:00,985.6575
2025-11-24 10:00:00,864.0775
2025-11-24 11:00:00,965.995
2025-11-24 12:00:00,998.1625
2025-11-24 13:00:00,1017.9624999999999
2025-11-24 14:00:00,1132.8075
2025-11-24 15:00:00,1152.7375
2025-11-24 16:00:00,1284.0375
2025-11-24 17:00:00,1187.27
2025-11-24 18:00:00,1108.8975
2025-11-24 19:00:00,1010.0175
2025-11-24 20:00:00,869.6125
2025-11-24 21:00:00,605.99
2025-11-24 22:00:00,535.775
2025-11-24 23:00:00,463.005
2025-11-25 00:00:00,435.1375
2025-11-25 01:00:00,433.34749999999997
2025-11-25 02:00:00,426.23249999999996
2025-11-25 03:00:00,427.29999999999995
2025-11-25 04:00:00,435.28499999999997
2025-11-25 05:00:00,469.47
2025-11-25 06:00:00,1156.9299999999998
2025-11-25 07:00:00,1445.8575
2025-11-25 08:00:00,1590.72
2025-11-25 09:00:00,1524.4924999999998
2025-11-25 10:00:00,1501.27
2025-11-25 11:00:00,1576.8425
2025-11-25 12:00:00,1719.335
2025-11-25 13:00:00,1774.8474999999999
2025-11-25 14:00:00,1798.7325
2025-11-25 15:00:00,1608.145
2025-11-25 16:00:00,1650.27
2025-11-25 17:00:00,1604.7075
2025-11-25 18:00:00,1275.39
2025-11-25 19:00:00,1072.0375
2025-11-25 20:00:00,739.155
2025-11-25 21:00:00,570.29
2025-11-25 22:00:00,509.845
2025-11-25 23:00:00,449.06
2025-11-26 00:00:00,449.9475
2025-11-26 01:00:00,424.9875
2025-11-26 02:00:00,414.8125
2025-11-26 03:00:00,409.115
2025-11-26 04:00:00,406.83
2025-11-26 05:00:00,414.985
2025-11-26 06:00:00,539.1675
2025-11-26 07:00:00,769.9425
2025-11-26 08:00:00,891.05
2025-11-26 09:00:00,889.2425000000001
2025-11-26 10:00:00,775.3050000000001
2025-11-26 11:00:00,723.4625
2025-11-26 12:00:00,697.6275
2025-11-26 13:00:00,715.935
2025-11-26 14:00:00,739.3050000000001
2025-11-26 15:00:00,626.765
2025-11-26 16:00:00,685.995
2025-11-26 17:00:00,550.77
2025-11-26 18:00:00,479.9775
2025-11-26 19:00:00,536.2375
2025-11-26 20:00:00,580.865
2025-11-26 21:00:00,486.325
2025-11-26 22:00:00,432.1675
2025-11-26 23:00:00,398.56
2025-11-27 00:00:00,396.56
2025-11-27 01:00:00,378.5875
2025-11-27 02:00:00,376.06
2025-11-27 03:00:00,383.1075
2025-11-27 04:00:00,391.3825
2025-11-27 05:00:00,453.5425
2025-11-27 06:00:00,488.055
2025-11-27 07:00:00,548.2574999999999
2025-11-27 08:00:00,628.6975
2025-11-27 09:00:00,578.9675
2025-11-27 10:00:00,465.735
2025-11-27 11:00:00,477.895
2025-11-27 12:00:00,552.905
2025-11-27 13:00:00,695.47
2025-11-27 14:00:00,881.3625
2025-11-27 15:00:00,984.7325
2025-11-27 16:00:00,1106.18
2025-11-27 17:00:00,885.5425
2025-11-27 18:00:00,641.8575000000001
2025-11-27 19:00:00,622.25
2025-11-27 20:00:00,479.79999999999995
2025-11-27 21:00:00,429.8175
2025-11-27 22:00:00,452.2125
2025-11-27 23:00:00,443.8
2025-11-28 00:00:00,410.06
2025-11-28 01:00:00,394.605
2025-11-28 02:00:00,371.9875
2025-11-28 03:00:00,385.0675
2025-11-28 04:00:00,417.0575
2025-11-28 05:00:00,443.7175
2025-11-28 06:00:00,468.3825
2025-11-28 07:00:00,633.0475
2025-11-28 08:00:00,686.865
2025-11-28 09:00:00,570.1075
2025-11-28 10:00:00,480.905
2025-11-28 11:00:00,461.9925
2025-11-28 12:00:00,495.265
2025-11-28 13:00:00,619.34
2025-11-28 14:00:00,986.3175
2025-11-28 15:00:00,742.79
2025-11-28 16:00:00,830.595
2025-11-28 17:00:00,674.42
2025-11-28 18:00:00,572.4925
2025-11-28 19:00:00,570.1175000000001
2025-11-28 20:00:00,500.13750000000005
2025-11-28 21:00:00,433.46
2025-11-28 22:00:00,462.14
2025-11-28 23:00:00,467.695
2025-11-29 00:00:00,449.94
2025-11-29 01:00:00,447.9275
2025-11-29 02:00:00,445.7425
2025-11-29 03:00:00,444.81
2025-11-29 04:00:00,449.9825
2025-11-29 05:00:00,472.65999999999997
2025-11-29 06:00:00,452.355
2025-11-29 07:00:00,456.61
2025-11-29 08:00:00,449.9275
2025-11-29 09:00:00,451.72
2025-11-29 10:00:00,447.7975
2025-11-29 11:00:00,439.005
2025-11-29 12:00:00,450.8725
2025-11-29 13:00:00,456.4875
2025-11-29 14:00:00,530.3125
2025-11-29 15:00:00,585.9625
2025-11-29 16:00:00,775.375
2025-11-29 17:00:00,707.3825
2025-11-29 18:00:00,663.02
2025-11-29 19:00:00,673.3375
2025-11-29 20:00:00,597.71
2025-11-29 21:00:00,527.9925000000001
2025-11-29 22:00:00,509.815
2025-11-29 23:00:00,455.9675
2025-11-30 00:00:00,448.01
2025-11-30 01:00:00,458.0075
2025-11-30 02:00:00,451.335
2025-11-30 03:00:00,450.34
2025-11-30 04:00:00,446.4425
2025-11-30 05:00:00,443.2225
2025-11-30 06:00:00,449.6725
2025-11-30 07:00:00,451.8225
2025-11-30 08:00:00,452.86
2025-11-30 09:00:00,454.32
2025-11-30 10:00:00,457.15
2025-11-30 11:00:00,460.18
2025-11-30 12:00:00,465.37
2025-11-30 13:00:00,447.90500000000003
2025-11-30 14:00:00,466.45
2025-11-30 15:00:00,468.5675
2025-11-30 16:00:00,493.355
2025-11-30 17:00:00,507.8775
2025-11-30 18:00:00,512.77
2025-11-30 19:00:00,531.8375
2025-11-30 20:00:00,514.01
2025-11-30 21:00:00,487.4975
2025-11-30 22:00:00,455.1175
2025-11-30 23:00:00,446.2975
2025-12-01 00:00:00,462.2875
2025-12-01 01:00:00,466.1
2025-12-01 02:00:00,471.695
2025-12-01 03:00:00,485.3775
2025-12-01 04:00:00,474.45
2025-12-01 05:00:00,444.3875
2025-12-01 06:00:00,775.0150000000001
2025-12-01 07:00:00,768.085
2025-12-01 08:00:00,788.6
2025-12-01 09:00:00,878.6175000000001
2025-12-01 10:00:00,705.9625
2025-12-01 11:00:00,670.7425000000001
2025-12-01 12:00:00,874.4875
2025-12-01 13:00:00,892.1324999999999
2025-12-01 14:00:00,1045.8999999999999
2025-12-01 15:00:00,1282.4125
2025-12-01 16:00:00,1645.72
2025-12-01 17:00:00,1445.1425
2025-12-01 18:00:00,1576.8575
2025-12-01 19:00:00,1426.0575
2025-12-01 20:00:00,1150.9225000000001
2025-12-01 21:00:00,773.87
2025-12-01 22:00:00,624.37
2025-12-01 23:00:00,489.4675
2025-12-02 00:00:00,479.91499999999996
2025-12-02 01:00:00,475.20000000000005
2025-12-02 02:00:00,484.49
2025-12-02 03:00:00,483.79
2025-12-02 04:00:00,486.055
2025-12-02 05:00:00,489.81
2025-12-02 06:00:00,562.4549999999999
2025-12-02 07:00:00,829.66
2025-12-02 08:00:00,969.585
2025-12-02 09:00:00,851.99
2025-12-02 10:00:00,689.6975
2025-12-02 11:00:00,769.7075
2025-12-02 12:00:00,749.2525
2025-12-02 13:00:00,933.865
2025-12-02 14:00:00,967.24
2025-12-02 15:00:00,1002.0525
2025-12-02 16:00:00,1149.555
2025-12-02 17:00:00,849.145
2025-12-02 18:00:00,800.675
2025-12-02 19:00:00,745.365
2025-12-02 20:00:00,650.685
2025-12-02 21:00:00,548.4925000000001
2025-12-02 22:00:00,506.235
2025-12-02 23:00:00,464.52
2025-12-03 00:00:00,447.245
2025-12-03 01:00:00,457.43
2025-12-03 02:00:00,447.0225
2025-12-03 03:00:00,454.8775
2025-12-03 04:00:00,459.275
2025-12-03 05:00:00,456.03249999999997
2025-12-03 06:00:00,620.37
2025-12-03 07:00:00,840.425
2025-12-03 08:00:00,1050.04
2025-12-03 09:00:00,924.5675
2025-12-03 10:00:00,788.24
2025-12-03 11:00:00,730.8325
2025-12-03 12:00:00,703.21
2025-12-03 13:00:00,764.155
2025-12-03 14:00:00,858.96
2025-12-03 15:00:00,1048.8325
2025-12-03 16:00:00,1336.2825
2025-12-03 17:00:00,1107.42
2025-12-03 18:00:00,871.03
2025-12-03 19:00:00,742.4075
2025-12-03 20:00:00,624.1800000000001
2025-12-03 21:00:00,524.2475000000001
2025-12-03 22:00:00,481.73
2025-12-03 23:00:00,443.09
2025-12-04 00:00:00,487.4125
2025-12-04 01:00:00,485.9325
2025-12-04 02:00:00,490.015
2025-12-04 03:00:00,485.7525
2025-12-04 04:00:00,485.3075
2025-12-04 05:00:00,450.445
2025-12-04 06:00:00,559.6825
2025-12-04 07:00:00,848.2325
2025-12-04 08:00:00,905.6025
2025-12-04 09:00:00,780.395
2025-12-04 10:00:00,611.1975
2025-12-04 11:00:00,635.6725
2025-12-04 12:00:00,611.41
2025-12-04 13:00:00,681.71
2025-12-04 14:00:00,719.165
2025-12-04 15:00:00,712.0775
2025-12-04 16:00:00,696.72
2025-12-04 17:00:00,621.4775
2025-12-04 18:00:00,610.9000000000001
2025-12-04 19:00:00,585.78
2025-12-04 20:00:00,525.2925
2025-12-04 21:00:00,472.59250000000003
2025-12-04 22:00:00,469.175
2025-12-04 23:00:00,445.9225
2025-12-05 00:00:00,448.9525
2025-12-05 01:00:00,445.145
2025-12-05 02:00:00,439.68
2025-12-05 03:00:00,441.655
2025-12-05 04:00:00,445.1125
2025-12-05 05:00:00,449.65
2025-12-05 06:00:00,528.0325
2025-12-05 07:00:00,648.635
2025-12-05 08:00:00,783.7574999999999
2025-12-05 09:00:00,782.1625
2025-12-05 10:00:00,715.0450000000001
2025-12-05 11:00:00,710.635
2025-12-05 12:00:00,684.015
2025-12-05 13:00:00,665.7425
2025-12-05 14:00:00,678.91
2025-12-05 15:00:00,683.1600000000001
2025-12-05 16:00:00,710.8225
2025-12-05 17:00:00,665.9649999999999
2025-12-05 18:00:00,619.91
2025-12-05 19:00:00,556.6025
2025-12-05 20:00:00,488.745
2025-12-05 21:00:00,427.9925
2025-12-05 22:00:00,410.7425
2025-12-05 23:00:00,408.4275
2025-12-06 00:00:00,504.7525
2025-12-06 01:00:00,488.745
2025-12-06 02:00:00,490.73249999999996
2025-12-06 03:00:00,482.17499999999995
2025-12-06 04:00:00,477.5825
2025-12-06 05:00:00,468.695
2025-12-06 06:00:00,446.7175
2025-12-06 07:00:00,446.805
2025-12-06 08:00:00,489.92
2025-12-06 09:00:00,494.32000000000005
2025-12-06 10:00:00,488.90250000000003
2025-12-06 11:00:00,476.9575
2025-12-06 12:00:00,457.5675
2025-12-06 13:00:00,495.2075
2025-12-06 14:00:00,550.47
2025-12-06 15:00:00,593.9225
2025-12-06 16:00:00,648.9499999999999
2025-12-06 17:00:00,532.315
2025-12-06 18:00:00,509.21750000000003
2025-12-06 19:00:00,484.06
2025-12-06 20:00:00,482.575
2025-12-06 21:00:00,455.015
2025-12-06 22:00:00,487.4975
2025-12-06 23:00:00,444.7
2025-12-07 00:00:00,434.925
2025-12-07 01:00:00,436.89
2025-12-07 02:00:00,424.26750000000004
2025-12-07 03:00:00,414.82
2025-12-07 04:00:00,424.4275
2025-12-07 05:00:00,423.305
2025-12-07 06:00:00,435.9375
2025-12-07 07:00:00,442.6375
2025-12-07 08:00:00,451.81
2025-12-07 09:00:00,450.825
2025-12-07 10:00:00,444.3275
2025-12-07 11:00:00,457.04499999999996
2025-12-07 12:00:00,448.465
2025-12-07 13:00:00,453.82
2025-12-07 14:00:00,474.8
2025-12-07 15:00:00,457.215
2025-12-07 16:00:00,473.3825
2025-12-07 17:00:00,500.7975
2025-12-07 18:00:00,488.0575
2025-12-07 19:00:00,496.3925
2025-12-07 20:00:00,482.185
2025-12-07 21:00:00,463.15999999999997
2025-12-07 22:00:00,455.775
2025-12-07 23:00:00,458.2425
2025-12-08 00:00:00,449.63
2025-12-08 01:00:00,441.865
2025-12-08 02:00:00,414.2375
2025-12-08 03:00:00,360.4275
2025-12-08 04:00:00,331.27750000000003
2025-12-08 05:00:00,349.845
2025-12-08 06:00:00,436.815
2025-12-08 07:00:00,605.9325
2025-12-08 08:00:00,568.88
2025-12-08 09:00:00,514.4525
2025-12-08 10:00:00,503.7775
2025-12-08 11:00:00,469.795
2025-12-08 12:00:00,474.0275
2025-12-08 13:00:00,524.5675
2025-12-08 14:00:00,558.6925
2025-12-08 15:00:00,545.615
2025-12-08 16:00:00,561.1125
2025-12-08 17:00:00,501.23
2025-12-08 18:00:00,492.225
2025-12-08 19:00:00,483.3925
2025-12-08 20:00:00,460.635
2025-12-08 21:00:00,418.185
2025-12-08 22:00:00,396.07
2025-12-08 23:00:00,355.0425
2025-12-09 00:00:00,338.7125
2025-12-09 01:00:00,334.1375
2025-12-09 02:00:00,336.2825
2025-12-09 03:00:00,336.2725
2025-12-09 04:00:00,343.8725
2025-12-09 05:00:00,386.2775
2025-12-09 06:00:00,471.65
2025-12-09 07:00:00,498.905
2025-12-09 08:00:00,551.6075
2025-12-09 09:00:00,492.435
2025-12-09 10:00:00,463.71
2025-12-09 11:00:00,457.9275
2025-12-09 12:00:00,465.17
2025-12-09 13:00:00,499.7275
2025-12-09 14:00:00,693.9825
2025-12-09 15:00:00,519.595
2025-12-09 16:00:00,669.975
2025-12-09 17:00:00,537.155
2025-12-09 18:00:00,580.68
2025-12-09 19:00:00,546.14
2025-12-09 20:00:00,512.3725
2025-12-09 21:00:00,438.505
2025-12-09 22:00:00,428.53499999999997
2025-12-09 23:00:00,420.145
2025-12-10 00:00:00,438.4625
2025-12-10 01:00:00,393.265
2025-12-10 02:00:00,410.615
2025-12-10 03:00:00,397.13750000000005
2025-12-10 04:00:00,392.59749999999997
2025-12-10 05:00:00,447.5225
2025-12-10 06:00:00,516.02
2025-12-10 07:00:00,587.585
2025-12-10 08:00:00,559.7225
2025-12-10 09:00:00,502.3625
2025-12-10 10:00:00,447.7025
2025-12-10 11:00:00,433.0025
2025-12-10 12:00:00,436.6
2025-12-10 13:00:00,474.8425
2025-12-10 14:00:00,479.84749999999997
2025-12-10 15:00:00,473.075
2025-12-10 16:00:00,525.0475
2025-12-10 17:00:00,488.34000000000003
2025-12-10 18:00:00,483.7525
2025-12-10 19:00:00,470.0675
2025-12-10 20:00:00,436.335
2025-12-10 21:00:00,427.685
2025-12-10 22:00:00,444.475
2025-12-10 23:00:00,422.435
2025-12-11 00:00:00,434.8075
2025-12-11 01:00:00,388.7625
2025-12-11 02:00:00,347.5875
2025-12-11 03:00:00,347.28000000000003
2025-12-11 04:00:00,354.78499999999997
2025-12-11 05:00:00,393.8975
2025-12-11 06:00:00,443.8125
2025-12-11 07:00:00,474.865
2025-12-11 08:00:00,494.0575
2025-12-11 09:00:00,480.4
2025-12-11 10:00:00,446.36
2025-12-11 11:00:00,432.475
2025-12-11 12:00:00,429.555
2025-12-11 13:00:00,428.19
2025-12-11 14:00:00,455.575
2025-12-11 15:00:00,485.6225
2025-12-11 16:00:00,501.845
2025-12-11 17:00:00,505.0475
2025-12-11 18:00:00,485.1775
2025-12-11 19:00:00,468.6925
2025-12-11 20:00:00,470.635
2025-12-11 21:00:00,434.65250000000003
2025-12-11 22:00:00,423.09749999999997
2025-12-11 23:00:00,400.8225
2025-12-12 00:00:00,383.1975
2025-12-12 01:00:00,386.5475
2025-12-12 02:00:00,391.0625
2025-12-12 03:00:00,392.5
2025-12-12 04:00:00,392.3525
2025-12-12 05:00:00,413.145
2025-12-12 06:00:00,480.89750000000004
2025-12-12 07:00:00,529.8075
2025-12-12 08:00:00,558.51
2025-12-12 09:00:00,538.7725
2025-12-12 10:00:00,519.0575
2025-12-12 11:00:00,504.4375
2025-12-12 12:00:00,480.93
2025-12-12 13:00:00,505.21000000000004
2025-12-12 14:00:00,542.65
2025-12-12 15:00:00,567.6175
2025-12-12 16:00:00,706.4300000000001
2025-12-12 17:00:00,647.845
2025-12-12 18:00:00,579.7775
2025-12-12 19:00:00,569.1625
2025-12-12 20:00:00,537.2625
2025-12-12 21:00:00,484.96750000000003
2025-12-12 22:00:00,466.775
2025-12-12 23:00:00,450.2725
2025-12-13 00:00:00,454.2775
2025-12-13 01:00:00,450.24
2025-12-13 02:00:00,453.78
2025-12-13 03:00:00,453.29249999999996
2025-12-13 04:00:00,442.95500000000004
2025-12-13 05:00:00,436.6375
2025-12-13 06:00:00,445.39
2025-12-13 07:00:00,469.5575
2025-12-13 08:00:00,486.94
2025-12-13 09:00:00,465.3175
2025-12-13 10:00:00,444.8925
2025-12-13 11:00:00,434.26
2025-12-13 12:00:00,435.675
2025-12-13 13:00:00,450.6
2025-12-13 14:00:00,476.7425
2025-12-13 15:00:00,499.91499999999996
2025-12-13 16:00:00,510.09499999999997
2025-12-13 17:00:00,509.08750000000003
2025-12-13 18:00:00,491.72749999999996
2025-12-13 19:00:00,467.14750000000004
2025-12-13 20:00:00,440.57
2025-12-13 21:00:00,428.225
2025-12-13 22:00:00,411.14750000000004
2025-12-13 23:00:00,378.94
2025-12-14 00:00:00,386.6225
2025-12-14 01:00:00,384.4125
2025-12-14 02:00:00,354.7175
2025-12-14 03:00:00,341.9175
2025-12-14 04:00:00,345.395
2025-12-14 05:00:00,349.8425
2025-12-14 06:00:00,391.3125
2025-12-14 07:00:00,425.1625
2025-12-14 08:00:00,423.62
2025-12-14 09:00:00,411.845
2025-12-14 10:00:00,418.5025
2025-12-14 11:00:00,427.96000000000004
2025-12-14 12:00:00,428.21500000000003
2025-12-14 13:00:00,428.13
2025-12-14 14:00:00,414.055
2025-12-14 15:00:00,442.09000000000003
2025-12-14 16:00:00,457.6275
2025-12-14 17:00:00,463.025
2025-12-14 18:00:00,463.935
2025-12-14 19:00:00,449.13
2025-12-14 20:00:00,433.9625
2025-12-14 21:00:00,428.575
2025-12-14 22:00:00,441.6575
2025-12-14 23:00:00,421.1775
2025-12-15 00:00:00,360.6375
2025-12-15 01:00:00,364.1125
2025-12-15 02:00:00,357.095
2025-12-15 03:00:00,360.645
2025-12-15 04:00:00,364.1125
2025-12-15 05:00:00,401.7975
2025-12-15 06:00:00,515.0625
2025-12-15 07:00:00,568.05
2025-12-15 08:00:00,590.2325
2025-12-15 09:00:00,506.8175
2025-12-15 10:00:00,454.89750000000004
2025-12-15 11:00:00,429.1575
2025-12-15 12:00:00,434.2375
2025-12-15 13:00:00,457.6575
2025-12-15 14:00:00,600.5125
2025-12-15 15:00:00,674.645
2025-12-15 16:00:00,823.015
2025-12-15 17:00:00,576.2275
2025-12-15 18:00:00,583.3499999999999
2025-12-15 19:00:00,567.0450000000001
2025-12-15 20:00:00,525.695
2025-12-15 21:00:00,432.2025
2025-12-15 22:00:00,438.3375
2025-12-15 23:00:00,450.165
2025-12-16 00:00:00,440.075
2025-12-16 01:00:00,437.025
2025-12-16 02:00:00,436.02
2025-12-16 03:00:00,436.03
2025-12-16 04:00:00,444.165
2025-12-16 05:00:00,466.22249999999997
2025-12-16 06:00:00,560.0675
2025-12-16 07:00:00,661.5375
2025-12-16 08:00:00,629.7775
2025-12-16 09:00:00,514.3925
2025-12-16 10:00:00,464.48249999999996
2025-12-16 11:00:00,468.425
2025-12-16 12:00:00,515.4175
2025-12-16 13:00:00,590.855
2025-12-16 14:00:00,624.2725
2025-12-16 15:00:00,675.895
2025-12-16 16:00:00,799.7475
2025-12-16 17:00:00,720.86
2025-12-16 18:00:00,646.2850000000001
2025-12-16 19:00:00,604.9725000000001
2025-12-16 20:00:00,550.605
2025-12-16 21:00:00,504.195
2025-12-16 22:00:00,491.26250000000005
2025-12-16 23:00:00,438.86
2025-12-17 00:00:00,452.95
2025-12-17 01:00:00,479.9525
2025-12-17 02:00:00,462.875
2025-12-17 03:00:00,461.2175
2025-12-17 04:00:00,440.4575
2025-12-17 05:00:00,432.75
2025-12-17 06:00:00,564.745
2025-12-17 07:00:00,664.04
2025-12-17 08:00:00,605.645
2025-12-17 09:00:00,575.2425000000001
2025-12-17 10:00:00,534.185
2025-12-17 11:00:00,508.1775
2025-12-17 12:00:00,497.27
2025-12-17 13:00:00,532.5799999999999
2025-12-17 14:00:00,561.485
2025-12-17 15:00:00,593.585
2025-12-17 16:00:00,647.735
2025-12-17 17:00:00,575.095
2025-12-17 18:00:00,567.6700000000001
2025-12-17 19:00:00,533.7425
2025-12-17 20:00:00,486.7175
2025-12-17 21:00:00,452.22249999999997
2025-12-17 22:00:00,452.95
2025-12-17 23:00:00,466.6125
2025-12-18 00:00:00,408.0
2025-12-18 01:00:00,390.945
2025-12-18 02:00:00,388.37
2025-12-18 03:00:00,398.28499999999997
2025-12-18 04:00:00,422.0075
2025-12-18 05:00:00,412.47
2025-12-18 06:00:00,493.765
2025-12-18 07:00:00,619.865
2025-12-18 08:00:00,676.935
2025-12-18 09:00:00,602.0125
2025-12-18 10:00:00,482.0025
2025-12-18 11:00:00,470.825
2025-12-18 12:00:00,463.67
2025-12-18 13:00:00,508.81
2025-12-18 14:00:00,546.895
2025-12-18 15:00:00,542.8575
2025-12-18 16:00:00,628.5675
2025-12-18 17:00:00,574.0375
2025-12-18 18:00:00,545.5625
2025-12-18 19:00:00,506.7975
2025-12-18 20:00:00,474.81
2025-12-18 21:00:00,438.2875
2025-12-18 22:00:00,439.0225
2025-12-18 23:00:00,444.3325
2025-12-19 00:00:00,378.0125
2025-12-19 01:00:00,340.825
2025-12-19 02:00:00,287.505
2025-12-19 03:00:00,265.5
2025-12-19 04:00:00,322.3225
2025-12-19 05:00:00,365.935
2025-12-19 06:00:00,478.6575
2025-12-19 07:00:00,452.82
2025-12-19 08:00:00,454.7375
2025-12-19 09:00:00,435.1375
2025-12-19 10:00:00,421.255
2025-12-19 11:00:00,411.4325
2025-12-19 12:00:00,426.0425
2025-12-19 13:00:00,424.97
2025-12-19 14:00:00,444.88
2025-12-19 15:00:00,460.9425
2025-12-19 16:00:00,533.2175
2025-12-19 17:00:00,499.2
2025-12-19 18:00:00,493.1325
2025-12-19 19:00:00,511.865
2025-12-19 20:00:00,480.7825
2025-12-19 21:00:00,445.2175
2025-12-19 22:00:00,453.2125
2025-12-19 23:00:00,461.1725
2025-12-20 00:00:00,446.86
2025-12-20 01:00:00,430.97
2025-12-20 02:00:00,424.4975
2025-12-20 03:00:00,427.4325
2025-12-20 04:00:00,441.8525
2025-12-20 05:00:00,435.2525
2025-12-20 06:00:00,430.81
2025-12-20 07:00:00,442.77750000000003
2025-12-20 08:00:00,480.6725
2025-12-20 09:00:00,487.5425
2025-12-20 10:00:00,478.9875
2025-12-20 11:00:00,472.9775
2025-12-20 12:00:00,470.225
2025-12-20 13:00:00,492.35249999999996
2025-12-20 14:00:00,514.7875
2025-12-20 15:00:00,538.5825
2025-12-20 16:00:00,586.735
2025-12-20 17:00:00,531.3025
2025-12-20 18:00:00,524.4175
2025-12-20 19:00:00,544.43
2025-12-20 20:00:00,502.4675
2025-12-20 21:00:00,473.7675
2025-12-20 22:00:00,474.5675
2025-12-20 23:00:00,449.585
2025-12-21 00:00:00,471.8
2025-12-21 01:00:00,471.79
2025-12-21 02:00:00,459.97
2025-12-21 03:00:00,451.51
2025-12-21 04:00:00,453.86
2025-12-21 05:00:00,457.045
2025-12-21 06:00:00,469.295
2025-12-21 07:00:00,457.7075
2025-12-21 08:00:00,445.6925
2025-12-21 09:00:00,463.125
2025-12-21 10:00:00,477.37
2025-12-21 11:00:00,477.3375
2025-12-21 12:00:00,480.88
2025-12-21 13:00:00,510.65
2025-12-21 14:00:00,521.7625
2025-12-21 15:00:00,504.99
2025-12-21 16:00:00,526.575
2025-12-21 17:00:00,526.05
2025-12-21 18:00:00,511.52750000000003
2025-12-21 19:00:00,520.4175
2025-12-21 20:00:00,504.8125
2025-12-21 21:00:00,483.8425
2025-12-21 22:00:00,462.825
2025-12-21 23:00:00,462.0325
2025-12-22 00:00:00,441.955
2025-12-22 01:00:00,430.895
2025-12-22 02:00:00,425.8325
2025-12-22 03:00:00,425.8325
2025-12-22 04:00:00,425.8325
2025-12-22 05:00:00,418.575
2025-12-22 06:00:00,438.44
2025-12-22 07:00:00,562.03
2025-12-22 08:00:00,578.835
2025-12-22 09:00:00,607.6475
2025-12-22 10:00:00,552.2425
2025-12-22 11:00:00,525.775
2025-12-22 12:00:00,500.465
2025-12-22 13:00:00,634.505
2025-12-22 14:00:00,618.7925
2025-12-22 15:00:00,603.5425
2025-12-22 16:00:00,704.3175
2025-12-22 17:00:00,570.89
2025-12-22 18:00:00,604.775
2025-12-22 19:00:00,649.97
2025-12-22 20:00:00,530.5425
2025-12-22 21:00:00,445.985
2025-12-22 22:00:00,477.27250000000004
2025-12-22 23:00:00,425.13
2025-12-23 00:00:00,465.98
2025-12-23 01:00:00,465.0
2025-12-23 02:00:00,445.47249999999997
2025-12-23 03:00:00,442.05
2025-12-23 04:00:00,445.3125
2025-12-23 05:00:00,455.9175
2025-12-23 06:00:00,475.0375
2025-12-23 07:00:00,451.8525
2025-12-23 08:00:00,497.1675
2025-12-23 09:00:00,508.75
2025-12-23 10:00:00,487.02750000000003
2025-12-23 11:00:00,492.3675
2025-12-23 12:00:00,490.02750000000003
2025-12-23 13:00:00,479.375
2025-12-23 14:00:00,505.75
2025-12-23 15:00:00,480.9825
2025-12-23 16:00:00,506.325
2025-12-23 17:00:00,457.705
2025-12-23 18:00:00,452.765
2025-12-23 19:00:00,453.3775
2025-12-23 20:00:00,443.945
2025-12-23 21:00:00,421.0375
2025-12-23 22:00:00,475.7425
2025-12-23 23:00:00,441.405
2025-12-24 00:00:00,365.0025
2025-12-24 01:00:00,280.7825
2025-12-24 02:00:00,284.4625
2025-12-24 03:00:00,274.37
2025-12-24 04:00:00,261.8025
2025-12-24 05:00:00,278.81
2025-12-24 06:00:00,311.9175
2025-12-24 07:00:00,369.495
2025-12-24 08:00:00,381.915
2025-12-24 09:00:00,379.4825
2025-12-24 10:00:00,360.705
2025-12-24 11:00:00,341.73
2025-12-24 12:00:00,332.0725
2025-12-24 13:00:00,382.0525
2025-12-24 14:00:00,459.01
2025-12-24 15:00:00,475.815
2025-12-24 16:00:00,451.95
2025-12-24 17:00:00,473.84749999999997
2025-12-24 18:00:00,442.4825
2025-12-24 19:00:00,438.815
2025-12-24 20:00:00,438.975
2025-12-24 21:00:00,437.82
2025-12-24 22:00:00,489.4375
2025-12-24 23:00:00,475.825
2025-12-25 00:00:00,449.9975
2025-12-25 01:00:00,436.065
2025-12-25 02:00:00,425.15250000000003
2025-12-25 03:00:00,415.57500000000005
2025-12-25 04:00:00,421.65
2025-12-25 05:00:00,434.9975
2025-12-25 06:00:00,414.6325
2025-12-25 07:00:00,412.4575
2025-12-25 08:00:00,396.5625
2025-12-25 09:00:00,361.1075
2025-12-25 10:00:00,251.2125
2025-12-25 11:00:00,196.9975
2025-12-25 12:00:00,208.675
2025-12-25 13:00:00,395.905
2025-12-25 14:00:00,458.6825
2025-12-25 15:00:00,451.5625
2025-12-25 16:00:00,485.46500000000003
2025-12-25 17:00:00,483.1375
2025-12-25 18:00:00,464.9925
2025-12-25 19:00:00,470.985
2025-12-25 20:00:00,470.15
2025-12-25 21:00:00,444.20500000000004
2025-12-25 22:00:00,434.5875
2025-12-25 23:00:00,433.1375
2025-12-26 00:00:00,429.4225
2025-12-26 01:00:00,393.01
2025-12-26 02:00:00,372.5825
2025-12-26 03:00:00,351.4325
2025-12-26 04:00:00,349.48
2025-12-26 05:00:00,364.995
2025-12-26 06:00:00,361.3175
2025-12-26 07:00:00,396.9
2025-12-26 08:00:00,418.86
2025-12-26 09:00:00,409.38
2025-12-26 10:00:00,377.295
2025-12-26 11:00:00,379.6925
2025-12-26 12:00:00,407.71250000000003
2025-12-26 13:00:00,451.9925
2025-12-26 14:00:00,473.4375
2025-12-26 15:00:00,492.925
2025-12-26 16:00:00,497.6825
2025-12-26 17:00:00,512.6775
2025-12-26 18:00:00,496.7525
2025-12-26 19:00:00,493.675
2025-12-26 20:00:00,483.3275
2025-12-26 21:00:00,473.965
2025-12-26 22:00:00,459.3375
2025-12-26 23:00:00,436.9875
2025-12-27 00:00:00,435.4225
2025-12-27 01:00:00,413.09000000000003
2025-12-27 02:00:00,385.60249999999996
2025-12-27 03:00:00,351.065
2025-12-27 04:00:00,356.78999999999996
2025-12-27 05:00:00,353.2425
2025-12-27 06:00:00,376.27
2025-12-27 07:00:00,426.175
2025-12-27 08:00:00,444.64750000000004
2025-12-27 09:00:00,447.83
2025-12-27 10:00:00,414.2425
2025-12-27 11:00:00,362.48
2025-12-27 12:00:00,352.0575
2025-12-27 13:00:00,358.9825
2025-12-27 14:00:00,368.04
2025-12-27 15:00:00,430.305
2025-12-27 16:00:00,469.8025
2025-12-27 17:00:00,463.9975
2025-12-27 18:00:00,453.125
2025-12-27 19:00:00,436.26750000000004
2025-12-27 20:00:00,417.4425
2025-12-27 21:00:00,367.995
2025-12-27 22:00:00,341.7425
2025-12-27 23:00:00,357.5625
2025-12-28 00:00:00,248.9525
2025-12-28 01:00:00,302.27750000000003
2025-12-28 02:00:00,276.61
2025-12-28 03:00:00,283.3225
2025-12-28 04:00:00,310.85
2025-12-28 05:00:00,327.445
2025-12-28 06:00:00,349.0375
2025-12-28 07:00:00,356.0125
2025-12-28 08:00:00,413.5025
2025-12-28 09:00:00,390.3925
2025-12-28 10:00:00,374.0825
2025-12-28 11:00:00,342.44
2025-12-28 12:00:00,338.375
2025-12-28 13:00:00,338.825
2025-12-28 14:00:00,367.4875
2025-12-28 15:00:00,428.6675
2025-12-28 16:00:00,471.1325
2025-12-28 17:00:00,482.59000000000003
2025-12-28 18:00:00,485.5575
2025-12-28 19:00:00,461.42
2025-12-28 20:00:00,443.9175
2025-12-28 21:00:00,418.63
2025-12-28 22:00:00,415.48
2025-12-28 23:00:00,343.815
2025-12-29 00:00:00,375.35
2025-12-29 01:00:00,334.45
2025-12-29 02:00:00,348.6225
2025-12-29 03:00:00,347.45
2025-12-29 04:00:00,347.35249999999996
2025-12-29 05:00:00,383.815
2025-12-29 06:00:00,438.7175
2025-12-29 07:00:00,449.6275
2025-12-29 08:00:00,481.4025
2025-12-29 09:00:00,470.7425
2025-12-29 10:00:00,443.47749999999996
2025-12-29 11:00:00,444.585
2025-12-29 12:00:00,445.7175
2025-12-29 13:00:00,456.1025
2025-12-29 14:00:00,449.09749999999997
2025-12-29 15:00:00,460.365
2025-12-29 16:00:00,464.645
2025-12-29 17:00:00,455.3425
2025-12-29 18:00:00,456.5375
2025-12-29 19:00:00,442.155
2025-12-29 20:00:00,418.86249999999995
2025-12-29 21:00:00,407.9425
2025-12-29 22:00:00,405.0375
2025-12-29 23:00:00,350.4925
2025-12-30 00:00:00,304.3825
2025-12-30 01:00:00,246.33
2025-12-30 02:00:00,206.75
2025-12-30 03:00:00,225.4275
2025-12-30 04:00:00,189.7125
2025-12-30 05:00:00,221.54749999999999
2025-12-30 06:00:00,337.735
2025-12-30 07:00:00,375.995
2025-12-30 08:00:00,410.2375
2025-12-30 09:00:00,399.035
2025-12-30 10:00:00,362.795
2025-12-30 11:00:00,335.5675
2025-12-30 12:00:00,321.94
2025-12-30 13:00:00,325.075
2025-12-30 14:00:00,381.21500000000003
2025-12-30 15:00:00,435.22249999999997
2025-12-30 16:00:00,463.0175
2025-12-30 17:00:00,467.2
2025-12-30 18:00:00,458.7025
2025-12-30 19:00:00,440.1675
2025-12-30 20:00:00,422.8025
2025-12-30 21:00:00,389.8725
2025-12-30 22:00:00,383.9125
2025-12-30 23:00:00,362.6875
2025-12-31 00:00:00,366.53
2025-12-31 01:00:00,350.4825
2025-12-31 02:00:00,338.76
2025-12-31 03:00:00,323.8775
2025-12-31 04:00:00,316.9125
2025-12-31 05:00:00,327.2525
2025-12-31 06:00:00,368.71
2025-12-31 07:00:00,435.5975
2025-12-31 08:00:00,456.1275
2025-12-31 09:00:00,454.69
2025-12-31 10:00:00,448.46500000000003
2025-12-31 11:00:00,449.3125
2025-12-31 12:00:00,473.48
2025-12-31 13:00:00,551.0325
2025-12-31 14:00:00,470.065
2025-12-31 15:00:00,547.23
2025-12-31 16:00:00,610.6675
2025-12-31 17:00:00,526.6324999999999
2025-12-31 18:00:00,496.765
2025-12-31 19:00:00,490.0175
2025-12-31 20:00:00,492.775
2025-12-31 21:00:00,447.63
2025-12-31 22:00:00,451.8675
2025-12-31 23:00:00,430.67
2026-01-01 00:00:00,422.065
2026-01-01 01:00:00,363.84499999999997
2026-01-01 02:00:00,367.4475
2026-01-01 03:00:00,296.9475
2026-01-01 04:00:00,134.09
2026-01-01 05:00:00,147.31
2026-01-01 06:00:00,93.535
2026-01-01 07:00:00,0.7100000000000001
2026-01-01 08:00:00,-9.945
2026-01-01 09:00:00,-0.75
2026-01-01 10:00:00,-0.815
2026-01-01 11:00:00,-0.4325
2026-01-01 12:00:00,5.007499999999999
2026-01-01 13:00:00,51.004999999999995
2026-01-01 14:00:00,72.83500000000001
2026-01-01 15:00:00,105.16
2026-01-01 16:00:00,184.14499999999998
2026-01-01 17:00:00,167.6725
2026-01-01 18:00:00,159.6
2026-01-01 19:00:00,158.65
2026-01-01 20:00:00,101.41
2026-01-01 21:00:00,100.6375
2026-01-01 22:00:00,33.5075
2026-01-01 23:00:00,1.0775000000000001
2026-01-02 00:00:00,-1.2249999999999999
2026-01-02 01:00:00,-3.2225
2026-01-02 02:00:00,-1.51
2026-01-02 03:00:00,-0.73
2026-01-02 04:00:00,0.255
2026-01-02 05:00:00,-1.48
2026-01-02 06:00:00,163.08749999999998
2026-01-02 07:00:00,330.075
2026-01-02 08:00:00,354.115
2026-01-02 09:00:00,345.335
2026-01-02 10:00:00,306.21500000000003
2026-01-02 11:00:00,299.5175
2026-01-02 12:00:00,296.22749999999996
2026-01-02 13:00:00,348.7875
2026-01-02 14:00:00,361.605
2026-01-02 15:00:00,419.8875
2026-01-02 16:00:00,419.395
2026-01-02 17:00:00,431.2275
2026-01-02 18:00:00,436.21500000000003
2026-01-02 19:00:00,441.3525
2026-01-02 20:00:00,435.5425
2026-01-02 21:00:00,398.2425
2026-01-02 22:00:00,383.5625
2026-01-02 23:00:00,349.2325
2026-01-03 00:00:00,334.6225
2026-01-03 01:00:00,303.88
2026-01-03 02:00:00,242.63
2026-01-03 03:00:00,237.32
2026-01-03 04:00:00,239.8775
2026-01-03 05:00:00,295.8175
2026-01-03 06:00:00,295.685
2026-01-03 07:00:00,344.13
2026-01-03 08:00:00,382.315
2026-01-03 09:00:00,396.6475
2026-01-03 10:00:00,393.35749999999996
2026-01-03 11:00:00,373.955
2026-01-03 12:00:00,368.495
2026-01-03 13:00:00,365.0925
2026-01-03 14:00:00,411.84250000000003
2026-01-03 15:00:00,454.8225
2026-01-03 16:00:00,443.165
2026-01-03 17:00:00,467.20500000000004
2026-01-03 18:00:00,472.83500000000004
2026-01-03 19:00:00,457.72
2026-01-03 20:00:00,441.995
2026-01-03 21:00:00,410.71500000000003
2026-01-03 22:00:00,392.695
2026-01-03 23:00:00,363.4075
2026-01-04 00:00:00,374.4425
2026-01-04 01:00:00,359.7175
2026-01-04 02:00:00,358.505
2026-01-04 03:00:00,353.405
2026-01-04 04:00:00,348.03
2026-01-04 05:00:00,351.61249999999995
2026-01-04 06:00:00,350.645
2026-01-04 07:00:00,359.2575
2026-01-04 08:00:00,366.9825
2026-01-04 09:00:00,397.5325
2026-01-04 10:00:00,399.4475
2026-01-04 11:00:00,383.1025
2026-01-04 12:00:00,377.475
2026-01-04 13:00:00,365.8175
2026-01-04 14:00:00,391.4175
2026-01-04 15:00:00,399.2175
2026-01-04 16:00:00,452.7025
2026-01-04 17:00:00,499.2325
2026-01-04 18:00:00,510.845
2026-01-04 19:00:00,504.6725
2026-01-04 20:00:00,474.045
2026-01-04 21:00:00,421.33
2026-01-04 22:00:00,416.87
2026-01-04 23:00:00,376.0725
2026-01-05 00:00:00,389.235
2026-01-05 01:00:00,374.5425
2026-01-05 02:00:00,364.68
2026-01-05 03:00:00,363.8625
2026-01-05 04:00:00,373.44
2026-01-05 05:00:00,402.37
2026-01-05 06:00:00,459.595
2026-01-05 07:00:00,545.13
2026-01-05 08:00:00,637.2950000000001
2026-01-05 09:00:00,641.405
2026-01-05 10:00:00,615.4125
2026-01-05 11:00:00,577.3675000000001
2026-01-05 12:00:00,568.4
2026-01-05 13:00:00,626.85
2026-01-05 14:00:00,849.5825
2026-01-05 15:00:00,908.1025
2026-01-05 16:00:00,939.76
2026-01-05 17:00:00,944.0825
2026-01-05 18:00:00,900.39
2026-01-05 19:00:00,770.6125
2026-01-05 20:00:00,619.8275
2026-01-05 21:00:00,544.2425000000001
2026-01-05 22:00:00,522.1025000000001
2026-01-05 23:00:00,469.2
2026-01-06 00:00:00,470.65500000000003
2026-01-06 01:00:00,479.81500000000005
2026-01-06 02:00:00,479.72
2026-01-06 03:00:00,475.865
2026-01-06 04:00:00,465.665
2026-01-06 05:00:00,464.0325
2026-01-06 06:00:00,510.745
2026-01-06 07:00:00,583.2125000000001
2026-01-06 08:00:00,691.3824999999999
2026-01-06 09:00:00,710.9000000000001
2026-01-06 10:00:00,652.0425
2026-01-06 11:00:00,620.135
2026-01-06 12:00:00,566.2925
2026-01-06 13:00:00,550.2725
2026-01-06 14:00:00,554.8525
2026-01-06 15:00:00,582.485
2026-01-06 16:00:00,621.4175
2026-01-06 17:00:00,644.2525
2026-01-06 18:00:00,624.355
2026-01-06 19:00:00,585.8225
2026-01-06 20:00:00,517.065
2026-01-06 21:00:00,498.645
2026-01-06 22:00:00,489.305
2026-01-06 23:00:00,459.755
2026-01-07 00:00:00,441.345
2026-01-07 01:00:00,428.385
2026-01-07 02:00:00,388.12
2026-01-07 03:00:00,389.6875
2026-01-07 04:00:00,375.9475
2026-01-07 05:00:00,456.24
2026-01-07 06:00:00,652.2624999999999
2026-01-07 07:00:00,902.5625
2026-01-07 08:00:00,1094.3875
2026-01-07 09:00:00,1057.4475
2026-01-07 10:00:00,838.8725
2026-01-07 11:00:00,927.115
2026-01-07 12:00:00,1010.7774999999999
2026-01-07 13:00:00,1223.7475
2026-01-07 14:00:00,1170.575
2026-01-07 15:00:00,1319.18
2026-01-07 16:00:00,1210.4850000000001
2026-01-07 17:00:00,1139.2675
2026-01-07 18:00:00,999.545
2026-01-07 19:00:00,948.9275
2026-01-07 20:00:00,883.385
2026-01-07 21:00:00,593.3075
2026-01-07 22:00:00,502.41249999999997
2026-01-07 23:00:00,481.265
2026-01-08 00:00:00,477.53499999999997
2026-01-08 01:00:00,416.67
2026-01-08 02:00:00,402.7125
2026-01-08 03:00:00,399.7875
2026-01-08 04:00:00,450.325
2026-01-08 05:00:00,436.115
2026-01-08 06:00:00,661.24
2026-01-08 07:00:00,1052.995
2026-01-08 08:00:00,1177.4450000000002
2026-01-08 09:00:00,1011.3725
2026-01-08 10:00:00,871.55
2026-01-08 11:00:00,889.7325
2026-01-08 12:00:00,915.625
2026-01-08 13:00:00,979.4475
2026-01-08 14:00:00,1092.875
2026-01-08 15:00:00,1090.435
2026-01-08 16:00:00,1090.5625
2026-01-08 17:00:00,1143.76
2026-01-08 18:00:00,1201.225
2026-01-08 19:00:00,1236.57
2026-01-08 20:00:00,964.8275
2026-01-08 21:00:00,600.745
2026-01-08 22:00:00,492.5
2026-01-08 23:00:00,489.3775
2026-01-09 00:00:00,460.35
2026-01-09 01:00:00,439.76250000000005
2026-01-09 02:00:00,455.685
2026-01-09 03:00:00,460.0025
2026-01-09 04:00:00,419.135
2026-01-09 05:00:00,463.9825
2026-01-09 06:00:00,583.8299999999999
2026-01-09 07:00:00,789.5625
2026-01-09 08:00:00,891.3725
2026-01-09 09:00:00,877.78
2026-01-09 10:00:00,515.285
2026-01-09 11:00:00,738.8625
2026-01-09 12:00:00,680.8525
2026-01-09 13:00:00,715.275
2026-01-09 14:00:00,521.425
2026-01-09 15:00:00,613.98
2026-01-09 16:00:00,662.165
2026-01-09 17:00:00,576.19
2026-01-09 18:00:00,526.035
2026-01-09 19:00:00,479.65999999999997
2026-01-09 20:00:00,458.245
2026-01-09 21:00:00,430.38
2026-01-09 22:00:00,429.7525
2026-01-09 23:00:00,443.4925
2026-01-10 00:00:00,572.79
2026-01-10 01:00:00,509.18
2026-01-10 02:00:00,499.7425
2026-01-10 03:00:00,507.1875
2026-01-10 04:00:00,504.87
2026-01-10 05:00:00,513.6575
2026-01-10 06:00:00,512.6125
2026-01-10 07:00:00,580.6025
2026-01-10 08:00:00,749.5975000000001
2026-01-10 09:00:00,745.9625
2026-01-10 10:00:00,642.47
2026-01-10 11:00:00,590.2125
2026-01-10 12:00:00,575.8025
2026-01-10 13:00:00,559.6800000000001
2026-01-10 14:00:00,536.7625
2026-01-10 15:00:00,528.4849999999999
2026-01-10 16:00:00,556.1625
2026-01-10 17:00:00,593.1075
2026-01-10 18:00:00,579.005
2026-01-10 19:00:00,540.7625
2026-01-10 20:00:00,508.62
2026-01-10 21:00:00,478.4025
2026-01-10 22:00:00,454.4225
2026-01-10 23:00:00,413.675
2026-01-11 00:00:00,408.2225
2026-01-11 01:00:00,390.72
2026-01-11 02:00:00,370.865
2026-01-11 03:00:00,357.4925
2026-01-11 04:00:00,348.3075
2026-01-11 05:00:00,346.5325
2026-01-11 06:00:00,343.7625
2026-01-11 07:00:00,354.9625
2026-01-11 08:00:00,387.9925
2026-01-11 09:00:00,436.09749999999997
2026-01-11 10:00:00,426.105
2026-01-11 11:00:00,422.7875
2026-01-11 12:00:00,409.6225
2026-01-11 13:00:00,408.515
2026-01-11 14:00:00,419.4175
2026-01-11 15:00:00,429.4025
2026-01-11 16:00:00,480.9225
2026-01-11 17:00:00,496.025
2026-01-11 18:00:00,483.27
2026-01-11 19:00:00,466.525
2026-01-11 20:00:00,443.565
2026-01-11 21:00:00,427.6325
2026-01-11 22:00:00,417.015
2026-01-11 23:00:00,371.37
2026-01-12 00:00:00,385.255
2026-01-12 01:00:00,380.8
2026-01-12 02:00:00,395.76
2026-01-12 03:00:00,400.2475
2026-01-12 04:00:00,423.6475
2026-01-12 05:00:00,396.0475
2026-01-12 06:00:00,677.0525
2026-01-12 07:00:00,1147.5475
2026-01-12 08:00:00,1417.7
2026-01-12 09:00:00,1609.6825
2026-01-12 10:00:00,1328.275
2026-01-12 11:00:00,1228.34
2026-01-12 12:00:00,1281.3674999999998
2026-01-12 13:00:00,1432.8425
2026-01-12 14:00:00,1510.1275
2026-01-12 15:00:00,1731.79
2026-01-12 16:00:00,2157.575
2026-01-12 17:00:00,1999.1374999999998
2026-01-12 18:00:00,1611.685
2026-01-12 19:00:00,1518.34
2026-01-12 20:00:00,1349.425
2026-01-12 21:00:00,787.355
2026-01-12 22:00:00,536.93
2026-01-12 23:00:00,455.6875
2026-01-13 00:00:00,438.8625
2026-01-13 01:00:00,431.6325
2026-01-13 02:00:00,453.7425
2026-01-13 03:00:00,451.5425
2026-01-13 04:00:00,456.4875
2026-01-13 05:00:00,461.7825
2026-01-13 06:00:00,678.34
2026-01-13 07:00:00,1229.5675
2026-01-13 08:00:00,2104.8625
2026-01-13 09:00:00,2067.015
2026-01-13 10:00:00,1307.3125
2026-01-13 11:00:00,1926.435
2026-01-13 12:00:00,2000.2475
2026-01-13 13:00:00,2025.4425
2026-01-13 14:00:00,1517.0674999999999
2026-01-13 15:00:00,1594.3525
2026-01-13 16:00:00,1460.375
2026-01-13 17:00:00,1317.2675
2026-01-13 18:00:00,1228.7075
2026-01-13 19:00:00,1115.56
2026-01-13 20:00:00,952.8975
2026-01-13 21:00:00,557.325
2026-01-13 22:00:00,461.9525
2026-01-13 23:00:00,432.0
2026-01-14 00:00:00,456.05
2026-01-14 01:00:00,433.84749999999997
2026-01-14 02:00:00,405.1275
2026-01-14 03:00:00,401.195
2026-01-14 04:00:00,407.0175
2026-01-14 05:00:00,439.65999999999997
2026-01-14 06:00:00,503.4875
2026-01-14 07:00:00,563.1675
2026-01-14 08:00:00,585.73
2026-01-14 09:00:00,556.8575000000001
2026-01-14 10:00:00,528.165
2026-01-14 11:00:00,527.3675000000001
2026-01-14 12:00:00,515.3225
2026-01-14 13:00:00,519.8175
2026-01-14 14:00:00,565.965
2026-01-14 15:00:00,638.2049999999999
2026-01-14 16:00:00,648.5875
2026-01-14 17:00:00,742.1975
2026-01-14 18:00:00,722.3625
2026-01-14 19:00:00,648.605
2026-01-14 20:00:00,598.675
2026-01-14 21:00:00,542.39
2026-01-14 22:00:00,505.13
2026-01-14 23:00:00,450.7025
2026-01-15 00:00:00,489.96
2026-01-15 01:00:00,494.235
2026-01-15 02:00:00,491.74
2026-01-15 03:00:00,474.03499999999997
2026-01-15 04:00:00,466.875
2026-01-15 05:00:00,477.76
2026-01-15 06:00:00,641.465
2026-01-15 07:00:00,1159.1
2026-01-15 08:00:00,1371.3975
2026-01-15 09:00:00,1199.365
2026-01-15 10:00:00,827.375
2026-01-15 11:00:00,850.4975
2026-01-15 12:00:00,837.5675
2026-01-15 13:00:00,833.8425
2026-01-15 14:00:00,788.6975
2026-01-15 15:00:00,817.63
2026-01-15 16:00:00,989.0374999999999
2026-01-15 17:00:00,864.6025
2026-01-15 18:00:00,742.895
2026-01-15 19:00:00,693.385
2026-01-15 20:00:00,620.155
2026-01-15 21:00:00,488.225
2026-01-15 22:00:00,447.8
2026-01-15 23:00:00,445.1275
2026-01-16 00:00:00,476.0525
2026-01-16 01:00:00,439.5375
2026-01-16 02:00:00,434.845
2026-01-16 03:00:00,426.3275
2026-01-16 04:00:00,429.4525
2026-01-16 05:00:00,442.5225
2026-01-16 06:00:00,515.535
2026-01-16 07:00:00,571.3775
2026-01-16 08:00:00,592.3075
2026-01-16 09:00:00,629.725
2026-01-16 10:00:00,598.9
2026-01-16 11:00:00,559.4499999999999
2026-01-16 12:00:00,551.795
2026-01-16 13:00:00,538.565
2026-01-16 14:00:00,565.8475000000001
2026-01-16 15:00:00,644.9125
2026-01-16 16:00:00,673.4225
2026-01-16 17:00:00,651.7275
2026-01-16 18:00:00,631.8725
2026-01-16 19:00:00,647.09
2026-01-16 20:00:00,585.565
2026-01-16 21:00:00,516.97
2026-01-16 22:00:00,509.22249999999997
2026-01-16 23:00:00,478.06
2026-01-17 00:00:00,506.695
2026-01-17 01:00:00,507.73
2026-01-17 02:00:00,503.7525
2026-01-17 03:00:00,488.985
2026-01-17 04:00:00,496.78
2026-01-17 05:00:00,487.3275
2026-01-17 06:00:00,469.4375
2026-01-17 07:00:00,471.0325
2026-01-17 08:00:00,491.135
2026-01-17 09:00:00,509.3
2026-01-17 10:00:00,497.495
2026-01-17 11:00:00,487.2325
2026-01-17 12:00:00,482.6775
2026-01-17 13:00:00,473.5525
2026-01-17 14:00:00,485.24
2026-01-17 15:00:00,518.4975
2026-01-17 16:00:00,577.81
2026-01-17 17:00:00,595.1275
2026-01-17 18:00:00,602.705
2026-01-17 19:00:00,584.7275
2026-01-17 20:00:00,521.0275
2026-01-17 21:00:00,503.5825
2026-01-17 22:00:00,493.6575
2026-01-17 23:00:00,453.60749999999996
2026-01-18 00:00:00,479.1625
2026-01-18 01:00:00,460.695
2026-01-18 02:00:00,453.1
2026-01-18 03:00:00,432.6375
2026-01-18 04:00:00,431.35
2026-01-18 05:00:00,434.29
2026-01-18 06:00:00,431.03499999999997
2026-01-18 07:00:00,483.8975
2026-01-18 08:00:00,494.3525
2026-01-18 09:00:00,455.3275
2026-01-18 10:00:00,429.97749999999996
2026-01-18 11:00:00,419.58000000000004
2026-01-18 12:00:00,408.65
2026-01-18 13:00:00,421.4875
2026-01-18 14:00:00,511.1125
2026-01-18 15:00:00,519.7
2026-01-18 16:00:00,509.0475
2026-01-18 17:00:00,538.6
2026-01-18 18:00:00,595.6675
2026-01-18 19:00:00,576.1
2026-01-18 20:00:00,519.88
2026-01-18 21:00:00,515.1125
2026-01-18 22:00:00,517.1875
2026-01-18 23:00:00,471.6625
2026-01-19 00:00:00,451.1925
2026-01-19 01:00:00,434.34749999999997
2026-01-19 02:00:00,425.4325
2026-01-19 03:00:00,423.7675
2026-01-19 04:00:00,440.7825
2026-01-19 05:00:00,475.885
2026-01-19 06:00:00,558.865
2026-01-19 07:00:00,679.5675
2026-01-19 08:00:00,742.495
2026-01-19 09:00:00,649.04
2026-01-19 10:00:00,534.69
2026-01-19 11:00:00,507.03000000000003
2026-01-19 12:00:00,499.3125
2026-01-19 13:00:00,527.41
2026-01-19 14:00:00,610.665
2026-01-19 15:00:00,721.9175
2026-01-19 16:00:00,909.6575
2026-01-19 17:00:00,848.83
2026-01-19 18:00:00,749.6975
2026-01-19 19:00:00,734.1075000000001
2026-01-19 20:00:00,690.535
2026-01-19 21:00:00,570.6375
2026-01-19 22:00:00,535.7225000000001
2026-01-19 23:00:00,488.9
2026-01-20 00:00:00,493.52250000000004
2026-01-20 01:00:00,485.1175
2026-01-20 02:00:00,473.8725
2026-01-20 03:00:00,468.4575
2026-01-20 04:00:00,481.3925
2026-01-20 05:00:00,531.54
2026-01-20 06:00:00,584.7325000000001
2026-01-20 07:00:00,896.29
2026-01-20 08:00:00,540.895
2026-01-20 09:00:00,453.1075
2026-01-20 10:00:00,449.15999999999997
2026-01-20 11:00:00,456.445
2026-01-20 12:00:00,443.71000000000004
2026-01-20 13:00:00,453.84749999999997
2026-01-20 14:00:00,547.0
2026-01-20 15:00:00,791.2375000000001
2026-01-20 16:00:00,1049.465
2026-01-20 17:00:00,900.2475
2026-01-20 18:00:00,734.6
2026-01-20 19:00:00,755.905
2026-01-20 20:00:00,667.6075000000001
2026-01-20 21:00:00,556.6999999999999
2026-01-20 22:00:00,529.3125
2026-01-20 23:00:00,481.09749999999997
2026-01-21 00:00:00,500.095
2026-01-21 01:00:00,483.175
2026-01-21 02:00:00,484.695
2026-01-21 03:00:00,481.68
2026-01-21 04:00:00,471.6325
2026-01-21 05:00:00,475.2925
2026-01-21 06:00:00,640.5699999999999
2026-01-21 07:00:00,996.58
2026-01-21 08:00:00,829.525
2026-01-21 09:00:00,601.08
2026-01-21 10:00:00,466.4325
2026-01-21 11:00:00,447.555
2026-01-21 12:00:00,449.13
2026-01-21 13:00:00,502.96
2026-01-21 14:00:00,613.1925
2026-01-21 15:00:00,999.9000000000001
2026-01-21 16:00:00,1200.32
2026-01-21 17:00:00,1472.98
2026-01-21 18:00:00,1067.7775
2026-01-21 19:00:00,1045.445
2026-01-21 20:00:00,997.7525
2026-01-21 21:00:00,648.125
2026-01-21 22:00:00,545.3975
2026-01-21 23:00:00,492.5075
2026-01-22 00:00:00,494.9525
2026-01-22 01:00:00,474.72
2026-01-22 02:00:00,470.855
2026-01-22 03:00:00,471.72
2026-01-22 04:00:00,475.74
2026-01-22 05:00:00,494.02
2026-01-22 06:00:00,661.935
2026-01-22 07:00:00,965.65
2026-01-22 08:00:00,898.535
2026-01-22 09:00:00,655.095
2026-01-22 10:00:00,485.9375
2026-01-22 11:00:00,468.195
2026-01-22 12:00:00,444.15999999999997
2026-01-22 13:00:00,452.63
2026-01-22 14:00:00,535.4175
2026-01-22 15:00:00,776.52
2026-01-22 16:00:00,861.0375
2026-01-22 17:00:00,773.8475000000001
2026-01-22 18:00:00,652.0525
2026-01-22 19:00:00,612.03
2026-01-22 20:00:00,535.35
2026-01-22 21:00:00,464.7175
2026-01-22 22:00:00,496.7475
2026-01-22 23:00:00,479.1925
2026-01-23 00:00:00,481.4475
2026-01-23 01:00:00,488.81
2026-01-23 02:00:00,485.92499999999995
2026-01-23 03:00:00,485.91249999999997
2026-01-23 04:00:00,485.92499999999995
2026-01-23 05:00:00,480.73249999999996
2026-01-23 06:00:00,591.015
2026-01-23 07:00:00,820.6425
2026-01-23 08:00:00,962.2775
2026-01-23 09:00:00,868.08
2026-01-23 10:00:00,770.7825
2026-01-23 11:00:00,707.8775
2026-01-23 12:00:00,627.77
2026-01-23 13:00:00,617.7875
2026-01-23 14:00:00,653.3625
2026-01-23 15:00:00,701.075
2026-01-23 16:00:00,749.825
2026-01-23 17:00:00,766.1
2026-01-23 18:00:00,637.745
2026-01-23 19:00:00,601.155
2026-01-23 20:00:00,566.8824999999999
2026-01-23 21:00:00,501.775
2026-01-23 22:00:00,503.155
2026-01-23 23:00:00,477.3375
2026-01-24 00:00:00,474.7325
2026-01-24 01:00:00,452.9525
2026-01-24 02:00:00,444.05
2026-01-24 03:00:00,439.7275
2026-01-24 04:00:00,444.31
2026-01-24 05:00:00,468.46000000000004
2026-01-24 06:00:00,458.1675
2026-01-24 07:00:00,470.3625
2026-01-24 08:00:00,524.27
2026-01-24 09:00:00,600.6525
2026-01-24 10:00:00,641.4525
2026-01-24 11:00:00,625.1275
2026-01-24 12:00:00,607.76
2026-01-24 13:00:00,605.605
2026-01-24 14:00:00,589.69
2026-01-24 15:00:00,597.7
2026-01-24 16:00:00,599.325
2026-01-24 17:00:00,625.0174999999999
2026-01-24 18:00:00,605.425
2026-01-24 19:00:00,564.9625000000001
2026-01-24 20:00:00,519.8225
2026-01-24 21:00:00,488.76750000000004
2026-01-24 22:00:00,490.65
2026-01-24 23:00:00,465.2125
2026-01-25 00:00:00,495.56
2026-01-25 01:00:00,478.60249999999996
2026-01-25 02:00:00,464.63
2026-01-25 03:00:00,451.64
2026-01-25 04:00:00,449.5675
2026-01-25 05:00:00,460.145
2026-01-25 06:00:00,477.4375
2026-01-25 07:00:00,489.5875
2026-01-25 08:00:00,478.9375
2026-01-25 09:00:00,495.0025
2026-01-25 10:00:00,513.095
2026-01-25 11:00:00,517.405
2026-01-25 12:00:00,525.72
2026-01-25 13:00:00,514.6
2026-01-25 14:00:00,507.21000000000004
2026-01-25 15:00:00,491.605
2026-01-25 16:00:00,511.13
2026-01-25 17:00:00,562.6275
2026-01-25 18:00:00,579.48
2026-01-25 19:00:00,557.4775
2026-01-25 20:00:00,523.49
2026-01-25 21:00:00,479.46500000000003
2026-01-25 22:00:00,470.7175
2026-01-25 23:00:00,439.38
2026-01-26 00:00:00,437.005
2026-01-26 01:00:00,425.1025
2026-01-26 02:00:00,413.7
2026-01-26 03:00:00,403.7975
2026-01-26 04:00:00,402.7025
2026-01-26 05:00:00,441.725
2026-01-26 06:00:00,514.5875
2026-01-26 07:00:00,729.3875
2026-01-26 08:00:00,830.1625
2026-01-26 09:00:00,848.305
2026-01-26 10:00:00,798.4775
2026-01-26 11:00:00,803.28
2026-01-26 12:00:00,770.715
2026-01-26 13:00:00,841.4200000000001
2026-01-26 14:00:00,870.4475
2026-01-26 15:00:00,956.375
2026-01-26 16:00:00,1044.6375
2026-01-26 17:00:00,1198.92
2026-01-26 18:00:00,1054.5525
2026-01-26 19:00:00,1014.1625
2026-01-26 20:00:00,867.29
2026-01-26 21:00:00,641.22
2026-01-26 22:00:00,543.5175
2026-01-26 23:00:00,479.8
2026-01-27 00:00:00,507.805
2026-01-27 01:00:00,487.52750000000003
2026-01-27 02:00:00,487.9575
2026-01-27 03:00:00,494.1175
2026-01-27 04:00:00,496.485
2026-01-27 05:00:00,511.45
2026-01-27 06:00:00,634.865
2026-01-27 07:00:00,1554.445
2026-01-27 08:00:00,1426.83
2026-01-27 09:00:00,1131.2475
2026-01-27 10:00:00,834.41
2026-01-27 11:00:00,739.7574999999999
2026-01-27 12:00:00,736.74
2026-01-27 13:00:00,845.8575000000001
2026-01-27 14:00:00,1011.0025
2026-01-27 15:00:00,1514.565
2026-01-27 16:00:00,1598.095
2026-01-27 17:00:00,1507.9
2026-01-27 18:00:00,1459.5974999999999
2026-01-27 19:00:00,1459.8
2026-01-27 20:00:00,1239.8925
2026-01-27 21:00:00,631.5175
2026-01-27 22:00:00,545.8824999999999
2026-01-27 23:00:00,499.8325
2026-01-28 00:00:00,479.89
2026-01-28 01:00:00,485.64
2026-01-28 02:00:00,486.89
2026-01-28 03:00:00,485.6
2026-01-28 04:00:00,472.1475
2026-01-28 05:00:00,520.4825
2026-01-28 06:00:00,833.2
2026-01-28 07:00:00,1196.565
2026-01-28 08:00:00,1178.545
2026-01-28 09:00:00,1119.9525
2026-01-28 10:00:00,908.4275
2026-01-28 11:00:00,859.9875
2026-01-28 12:00:00,835.135
2026-01-28 13:00:00,879.3
2026-01-28 14:00:00,894.2225
2026-01-28 15:00:00,1043.75
2026-01-28 16:00:00,1066.12
2026-01-28 17:00:00,929.905
2026-01-28 18:00:00,716.3325
2026-01-28 19:00:00,677.66
2026-01-28 20:00:00,616.915
2026-01-28 21:00:00,525.5375
2026-01-28 22:00:00,509.5425
2026-01-28 23:00:00,484.2525
2026-01-29 00:00:00,490.58000000000004
2026-01-29 01:00:00,486.3625
2026-01-29 02:00:00,474.84000000000003
2026-01-29 03:00:00,481.8
2026-01-29 04:00:00,485.4125
2026-01-29 05:00:00,472.79
2026-01-29 06:00:00,536.2125
2026-01-29 07:00:00,692.55
2026-01-29 08:00:00,750.5325
2026-01-29 09:00:00,811.5925
2026-01-29 10:00:00,800.05
2026-01-29 11:00:00,758.535
2026-01-29 12:00:00,750.6700000000001
2026-01-29 13:00:00,750.755
2026-01-29 14:00:00,785.4225
2026-01-29 15:00:00,725.6225
2026-01-29 16:00:00,721.6324999999999
2026-01-29 17:00:00,700.3
2026-01-29 18:00:00,671.5775
2026-01-29 19:00:00,646.55
2026-01-29 20:00:00,569.17
2026-01-29 21:00:00,511.1
2026-01-29 22:00:00,487.86
2026-01-29 23:00:00,471.60249999999996
2026-01-30 00:00:00,503.0975
2026-01-30 01:00:00,484.8275
2026-01-30 02:00:00,485.12
2026-01-30 03:00:00,489.1825
2026-01-30 04:00:00,492.9175
2026-01-30 05:00:00,493.2625
2026-01-30 06:00:00,515.0350000000001
2026-01-30 07:00:00,658.025
2026-01-30 08:00:00,733.2225
2026-01-30 09:00:00,763.755
2026-01-30 10:00:00,781.1949999999999
2026-01-30 11:00:00,737.8275
2026-01-30 12:00:00,663.635
2026-01-30 13:00:00,666.315
2026-01-30 14:00:00,632.7524999999999
2026-01-30 15:00:00,650.1375
2026-01-30 16:00:00,615.48
2026-01-30 17:00:00,612.4
2026-01-30 18:00:00,556.39
2026-01-30 19:00:00,539.06
2026-01-30 20:00:00,506.21000000000004
2026-01-30 21:00:00,478.4525
2026-01-30 22:00:00,467.745
2026-01-30 23:00:00,446.92
2026-01-31 00:00:00,446.7975
2026-01-31 01:00:00,428.755
2026-01-31 02:00:00,408.22
2026-01-31 03:00:00,425.65
2026-01-31 04:00:00,421.7025
2026-01-31 05:00:00,425.49
2026-01-31 06:00:00,441.355
2026-01-31 07:00:00,448.155
2026-01-31 08:00:00,479.3125
2026-01-31 09:00:00,492.3525
2026-01-31 10:00:00,481.82
2026-01-31 11:00:00,475.1025
2026-01-31 12:00:00,463.7125
2026-01-31 13:00:00,460.88
2026-01-31 14:00:00,471.3525
2026-01-31 15:00:00,484.8775
2026-01-31 16:00:00,523.53
2026-01-31 17:00:00,575.215
2026-01-31 18:00:00,581.84
2026-01-31 19:00:00,571.73
2026-01-31 20:00:00,531.3975
2026-01-31 21:00:00,481.3475
2026-01-31 22:00:00,473.9
2026-01-31 23:00:00,448.5925
2026-02-01 00:00:00,421.235
2026-02-01 01:00:00,412.4925
2026-02-01 02:00:00,417.435
2026-02-01 03:00:00,405.435
2026-02-01 04:00:00,414.1975
2026-02-01 05:00:00,418.3075
2026-02-01 06:00:00,430.21
2026-02-01 07:00:00,438.12
2026-02-01 08:00:00,455.5525
2026-02-01 09:00:00,457.35249999999996
2026-02-01 10:00:00,456.3625
2026-02-01 11:00:00,445.565
2026-02-01 12:00:00,440.68
2026-02-01 13:00:00,423.9225
2026-02-01 14:00:00,442.11
2026-02-01 15:00:00,474.185
2026-02-01 16:00:00,486.55999999999995
2026-02-01 17:00:00,549.3675000000001
2026-02-01 18:00:00,581.0074999999999
2026-02-01 19:00:00,581.925
2026-02-01 20:00:00,533.39
2026-02-01 21:00:00,480.4725
2026-02-01 22:00:00,486.805
2026-02-01 23:00:00,457.91999999999996
2026-02-02 00:00:00,445.915
2026-02-02 01:00:00,455.3
2026-02-02 02:00:00,453.34999999999997
2026-02-02 03:00:00,457.4375
2026-02-02 04:00:00,450.825
2026-02-02 05:00:00,462.52750000000003
2026-02-02 06:00:00,624.4775
2026-02-02 07:00:00,896.62
2026-02-02 08:00:00,848.7275
2026-02-02 09:00:00,621.01
2026-02-02 10:00:00,567.0825
2026-02-02 11:00:00,523.28
2026-02-02 12:00:00,496.67
2026-02-02 13:00:00,504.075
2026-02-02 14:00:00,526.245
2026-02-02 15:00:00,833.72
2026-02-02 16:00:00,953.995
2026-02-02 17:00:00,852.77
2026-02-02 18:00:00,753.1575
2026-02-02 19:00:00,781.6675
2026-02-02 20:00:00,710.8325
2026-02-02 21:00:00,502.56
2026-02-02 22:00:00,444.28
2026-02-02 23:00:00,432.5025
2026-02-03 00:00:00,453.0825
2026-02-03 01:00:00,424.4825
2026-02-03 02:00:00,425.905
2026-02-03 03:00:00,434.405
2026-02-03 04:00:00,437.6675
2026-02-03 05:00:00,458.585
2026-02-03 06:00:00,494.07
2026-02-03 07:00:00,859.1825
2026-02-03 08:00:00,696.295
2026-02-03 09:00:00,648.325
2026-02-03 10:00:00,512.155
2026-02-03 11:00:00,481.1875
2026-02-03 12:00:00,472.375
2026-02-03 13:00:00,484.0825
2026-02-03 14:00:00,559.5575
2026-02-03 15:00:00,756.0999999999999
2026-02-03 16:00:00,599.5675
2026-02-03 17:00:00,581.695
2026-02-03 18:00:00,549.4825000000001
2026-02-03 19:00:00,546.2325000000001
2026-02-03 20:00:00,513.99
2026-02-03 21:00:00,466.5425
2026-02-03 22:00:00,450.7875
2026-02-03 23:00:00,425.5
2026-02-04 00:00:00,422.2
2026-02-04 01:00:00,419.205
2026-02-04 02:00:00,416.9575
2026-02-04 03:00:00,413.94
2026-02-04 04:00:00,419.40749999999997
2026-02-04 05:00:00,469.885
2026-02-04 06:00:00,502.01250000000005
2026-02-04 07:00:00,596.7625
2026-02-04 08:00:00,647.1475
2026-02-04 09:00:00,668.68
2026-02-04 10:00:00,619.9625000000001
2026-02-04 11:00:00,641.2925
2026-02-04 12:00:00,643.1725
2026-02-04 13:00:00,699.77
2026-02-04 14:00:00,701.9525
2026-02-04 15:00:00,733.3175
2026-02-04 16:00:00,723.1475
2026-02-04 17:00:00,703.725
2026-02-04 18:00:00,665.97
2026-02-04 19:00:00,640.1975
2026-02-04 20:00:00,560.96
2026-02-04 21:00:00,457.1075
2026-02-04 22:00:00,486.7025
2026-02-04 23:00:00,483.8125
2026-02-05 00:00:00,450.87
2026-02-05 01:00:00,443.485
2026-02-05 02:00:00,424.90250000000003
2026-02-05 03:00:00,415.8825
2026-02-05 04:00:00,427.3725
2026-02-05 05:00:00,478.8225
2026-02-05 06:00:00,486.12
2026-02-05 07:00:00,551.065
2026-02-05 08:00:00,573.4
2026-02-05 09:00:00,557.51
2026-02-05 10:00:00,545.4675
2026-02-05 11:00:00,545.5125
2026-02-05 12:00:00,508.265
2026-02-05 13:00:00,515.2049999999999
2026-02-05 14:00:00,536.63
2026-02-05 15:00:00,589.8325
2026-02-05 16:00:00,591.46
2026-02-05 17:00:00,615.725
2026-02-05 18:00:00,598.9549999999999
2026-02-05 19:00:00,591.3725
2026-02-05 20:00:00,552.47
2026-02-05 21:00:00,500.155
2026-02-05 22:00:00,475.855
2026-02-05 23:00:00,475.865
2026-02-06 00:00:00,479.99
2026-02-06 01:00:00,481.4575
2026-02-06 02:00:00,475.255
2026-02-06 03:00:00,473.96999999999997
2026-02-06 04:00:00,472.2525
2026-02-06 05:00:00,464.705
2026-02-06 06:00:00,514.725
2026-02-06 07:00:00,604.875
2026-02-06 08:00:00,629.935
2026-02-06 09:00:00,619.6424999999999
2026-02-06 10:00:00,614.7025
2026-02-06 11:00:00,605.875
2026-02-06 12:00:00,596.3125
2026-02-06 13:00:00,599.655
2026-02-06 14:00:00,605.465
2026-02-06 15:00:00,641.735
2026-02-06 16:00:00,809.6225
2026-02-06 17:00:00,852.6949999999999
2026-02-06 18:00:00,792.7325000000001
2026-02-06 19:00:00,830.045
2026-02-06 20:00:00,774.1524999999999
2026-02-06 21:00:00,528.325
2026-02-06 22:00:00,488.745
2026-02-06 23:00:00,461.40250000000003
2026-02-07 00:00:00,488.5025
2026-02-07 01:00:00,468.65
2026-02-07 02:00:00,463.7475
2026-02-07 03:00:00,459.66
2026-02-07 04:00:00,459.66
2026-02-07 05:00:00,459.67
2026-02-07 06:00:00,452.9225
2026-02-07 07:00:00,456.5825
2026-02-07 08:00:00,489.0
2026-02-07 09:00:00,506.84
2026-02-07 10:00:00,479.67
2026-02-07 11:00:00,457.7175
2026-02-07 12:00:00,446.475
2026-02-07 13:00:00,452.3425
2026-02-07 14:00:00,466.17
2026-02-07 15:00:00,478.9
2026-02-07 16:00:00,525.18
2026-02-07 17:00:00,577.3775
2026-02-07 18:00:00,577.365
2026-02-07 19:00:00,542.87
2026-02-07 20:00:00,503.7325
2026-02-07 21:00:00,474.6025
2026-02-07 22:00:00,467.6675
2026-02-07 23:00:00,482.0325
2026-02-08 00:00:00,433.0575
2026-02-08 01:00:00,431.4475
2026-02-08 02:00:00,431.9075
2026-02-08 03:00:00,443.40500000000003
2026-02-08 04:00:00,440.3725
2026-02-08 05:00:00,449.8975
2026-02-08 06:00:00,447.115
2026-02-08 07:00:00,417.3775
2026-02-08 08:00:00,431.615
2026-02-08 09:00:00,441.605
2026-02-08 10:00:00,455.52750000000003
2026-02-08 11:00:00,444.335
2026-02-08 12:00:00,429.265
2026-02-08 13:00:00,443.04
2026-02-08 14:00:00,450.12
2026-02-08 15:00:00,445.6925
2026-02-08 16:00:00,484.15999999999997
2026-02-08 17:00:00,547.3199999999999
2026-02-08 18:00:00,555.4
2026-02-08 19:00:00,535.38
2026-02-08 20:00:00,496.9975
2026-02-08 21:00:00,461.735
2026-02-08 22:00:00,450.425
2026-02-08 23:00:00,434.785
2026-02-09 00:00:00,446.3775
2026-02-09 01:00:00,428.8825
2026-02-09 02:00:00,418.0425
2026-02-09 03:00:00,413.6475
2026-02-09 04:00:00,418.0925
2026-02-09 05:00:00,449.975
2026-02-09 06:00:00,568.355
2026-02-09 07:00:00,678.6524999999999
2026-02-09 08:00:00,759.7
2026-02-09 09:00:00,721.7674999999999
2026-02-09 10:00:00,548.8175
2026-02-09 11:00:00,490.7475
2026-02-09 12:00:00,484.55
2026-02-09 13:00:00,537.4775
2026-02-09 14:00:00,594.355
2026-02-09 15:00:00,644.635
2026-02-09 16:00:00,732.845
2026-02-09 17:00:00,930.2025
2026-02-09 18:00:00,781.26
2026-02-09 19:00:00,709.1525
2026-02-09 20:00:00,618.4549999999999
2026-02-09 21:00:00,581.56
2026-02-09 22:00:00,529.9625
2026-02-09 23:00:00,471.6
2026-02-10 00:00:00,455.27
2026-02-10 01:00:00,452.0375
2026-02-10 02:00:00,448.4525
2026-02-10 03:00:00,451.3175
2026-02-10 04:00:00,453.6025
2026-02-10 05:00:00,474.645
2026-02-10 06:00:00,617.94
2026-02-10 07:00:00,792.92
2026-02-10 08:00:00,757.7249999999999
2026-02-10 09:00:00,699.45
2026-02-10 10:00:00,598.3
2026-02-10 11:00:00,562.89
2026-02-10 12:00:00,559.9425
2026-02-10 13:00:00,571.0875
2026-02-10 14:00:00,637.3
2026-02-10 15:00:00,662.83
2026-02-10 16:00:00,779.0475
2026-02-10 17:00:00,800.71
2026-02-10 18:00:00,750.81
2026-02-10 19:00:00,751.235
2026-02-10 20:00:00,653.3975
2026-02-10 21:00:00,531.57
2026-02-10 22:00:00,491.90250000000003
2026-02-10 23:00:00,443.45
2026-02-11 00:00:00,454.52250000000004
2026-02-11 01:00:00,431.365
2026-02-11 02:00:00,423.5425
2026-02-11 03:00:00,452.51
2026-02-11 04:00:00,464.7025
2026-02-11 05:00:00,462.33
2026-02-11 06:00:00,484.95500000000004
2026-02-11 07:00:00,564.855
2026-02-11 08:00:00,602.4425
2026-02-11 09:00:00,576.3199999999999
2026-02-11 10:00:00,562.855
2026-02-11 11:00:00,542.96
2026-02-11 12:00:00,504.7
2026-02-11 13:00:00,522.9200000000001
2026-02-11 14:00:00,522.7525
2026-02-11 15:00:00,559.6725
2026-02-11 16:00:00,607.69
2026-02-11 17:00:00,627.0875
2026-02-11 18:00:00,586.7
2026-02-11 19:00:00,617.145
2026-02-11 20:00:00,569.665
2026-02-11 21:00:00,478.03000000000003
2026-02-11 22:00:00,456.725
2026-02-11 23:00:00,435.725
2026-02-12 00:00:00,471.88
2026-02-12 01:00:00,474.225
2026-02-12 02:00:00,481.8675
2026-02-12 03:00:00,474.8575
2026-02-12 04:00:00,471.86
2026-02-12 05:00:00,470.375
2026-02-12 06:00:00,538.215
2026-02-12 07:00:00,594.8325
2026-02-12 08:00:00,572.67
2026-02-12 09:00:00,539.88
2026-02-12 10:00:00,511.19
2026-02-12 11:00:00,487.2675
2026-02-12 12:00:00,466.275
2026-02-12 13:00:00,477.525
2026-02-12 14:00:00,509.0475
2026-02-12 15:00:00,586.6800000000001
2026-02-12 16:00:00,666.11
2026-02-12 17:00:00,698.825
2026-02-12 18:00:00,608.995
2026-02-12 19:00:00,593.9675
2026-02-12 20:00:00,597.71
2026-02-12 21:00:00,464.5775
2026-02-12 22:00:00,455.215
2026-02-12 23:00:00,467.3725
2026-02-13 00:00:00,406.005
2026-02-13 01:00:00,376.4
2026-02-13 02:00:00,368.5175
2026-02-13 03:00:00,365.52750000000003
2026-02-13 04:00:00,377.57
2026-02-13 05:00:00,400.855
2026-02-13 06:00:00,431.0
2026-02-13 07:00:00,511.35249999999996
2026-02-13 08:00:00,527.595
2026-02-13 09:00:00,506.31
2026-02-13 10:00:00,452.74
2026-02-13 11:00:00,431.0125
2026-02-13 12:00:00,414.38
2026-02-13 13:00:00,417.505
2026-02-13 14:00:00,436.5525
2026-02-13 15:00:00,539.3824999999999
2026-02-13 16:00:00,566.8924999999999
2026-02-13 17:00:00,595.015
2026-02-13 18:00:00,580.7675
2026-02-13 19:00:00,568.1975
2026-02-13 20:00:00,550.8925
2026-02-13 21:00:00,516.2525
2026-02-13 22:00:00,480.03999999999996
2026-02-13 23:00:00,442.925
2026-02-14 00:00:00,429.2875
2026-02-14 01:00:00,425.41499999999996
2026-02-14 02:00:00,436.37
2026-02-14 03:00:00,423.2975
2026-02-14 04:00:00,423.95
2026-02-14 05:00:00,423.075
2026-02-14 06:00:00,417.6575
2026-02-14 07:00:00,410.78
2026-02-14 08:00:00,457.7975
2026-02-14 09:00:00,484.915
2026-02-14 10:00:00,482.8925
2026-02-14 11:00:00,493.975
2026-02-14 12:00:00,485.1475
2026-02-14 13:00:00,526.9825000000001
2026-02-14 14:00:00,546.925
2026-02-14 15:00:00,512.9475
2026-02-14 16:00:00,575.9675
2026-02-14 17:00:00,631.1075
2026-02-14 18:00:00,593.4475
2026-02-14 19:00:00,557.3975
2026-02-14 20:00:00,526.3425
2026-02-14 21:00:00,510.25
2026-02-14 22:00:00,482.16499999999996
2026-02-14 23:00:00,454.09
2026-02-15 00:00:00,447.0725
2026-02-15 01:00:00,441.9125
2026-02-15 02:00:00,451.7625
2026-02-15 03:00:00,449.95
2026-02-15 04:00:00,445.315
2026-02-15 05:00:00,433.53499999999997
2026-02-15 06:00:00,426.035
2026-02-15 07:00:00,436.635
2026-02-15 08:00:00,433.7975
2026-02-15 09:00:00,434.0725
2026-02-15 10:00:00,440.1725
2026-02-15 11:00:00,449.95
2026-02-15 12:00:00,432.85
2026-02-15 13:00:00,462.8125
2026-02-15 14:00:00,503.89750000000004
2026-02-15 15:00:00,498.71750000000003
2026-02-15 16:00:00,451.95
2026-02-15 17:00:00,594.965
2026-02-15 18:00:00,585.7774999999999
2026-02-15 19:00:00,643.7525
2026-02-15 20:00:00,644.655
2026-02-15 21:00:00,529.9725
2026-02-15 22:00:00,467.2275
2026-02-15 23:00:00,434.9475
2026-02-16 00:00:00,427.67
2026-02-16 01:00:00,420.94
2026-02-16 02:00:00,407.83
2026-02-16 03:00:00,397.43
2026-02-16 04:00:00,396.2325
2026-02-16 05:00:00,401.6675
2026-02-16 06:00:00,479.595
2026-02-16 07:00:00,583.8475
2026-02-16 08:00:00,498.23249999999996
2026-02-16 09:00:00,459.8525
2026-02-16 10:00:00,419.7375
2026-02-16 11:00:00,424.91
2026-02-16 12:00:00,399.6025
2026-02-16 13:00:00,406.65250000000003
2026-02-16 14:00:00,450.59000000000003
2026-02-16 15:00:00,532.8175
2026-02-16 16:00:00,551.78
2026-02-16 17:00:00,659.0275
2026-02-16 18:00:00,627.7275
2026-02-16 19:00:00,603.215
2026-02-16 20:00:00,556.0799999999999
2026-02-16 21:00:00,473.095
2026-02-16 22:00:00,448.245
2026-02-16 23:00:00,409.1875
2026-02-17 00:00:00,437.28499999999997
2026-02-17 01:00:00,421.97
2026-02-17 02:00:00,423.71500000000003
2026-02-17 03:00:00,426.01750000000004
2026-02-17 04:00:00,413.995
2026-02-17 05:00:00,394.33
2026-02-17 06:00:00,473.905
2026-02-17 07:00:00,604.9649999999999
2026-02-17 08:00:00,624.36
2026-02-17 09:00:00,594.45
2026-02-17 10:00:00,503.36
2026-02-17 11:00:00,473.0
2026-02-17 12:00:00,462.9525
2026-02-17 13:00:00,488.6225
2026-02-17 14:00:00,559.9575
2026-02-17 15:00:00,691.345
2026-02-17 16:00:00,777.64
2026-02-17 17:00:00,950.925
2026-02-17 18:00:00,766.645
2026-02-17 19:00:00,709.355
2026-02-17 20:00:00,699.9575
2026-02-17 21:00:00,531.755
2026-02-17 22:00:00,440.85
2026-02-17 23:00:00,402.59000000000003
2026-02-18 00:00:00,430.54
2026-02-18 01:00:00,424.0125
2026-02-18 02:00:00,425.005
2026-02-18 03:00:00,416.505
2026-02-18 04:00:00,420.08000000000004
2026-02-18 05:00:00,443.9125
2026-02-18 06:00:00,533.7925
2026-02-18 07:00:00,800.9825
2026-02-18 08:00:00,816.6725
2026-02-18 09:00:00,571.3575
2026-02-18 10:00:00,514.5025
2026-02-18 11:00:00,472.26
2026-02-18 12:00:00,454.005
2026-02-18 13:00:00,452.2325
2026-02-18 14:00:00,465.7325
2026-02-18 15:00:00,535.195
2026-02-18 16:00:00,600.24
2026-02-18 17:00:00,738.5875
2026-02-18 18:00:00,759.9075
2026-02-18 19:00:00,760.0575
2026-02-18 20:00:00,686.975
2026-02-18 21:00:00,583.24
2026-02-18 22:00:00,488.64750000000004
2026-02-18 23:00:00,439.9175
2026-02-19 00:00:00,415.8425
2026-02-19 01:00:00,408.91
2026-02-19 02:00:00,395.4125
2026-02-19 03:00:00,413.84000000000003
2026-02-19 04:00:00,421.3125
2026-02-19 05:00:00,403.345
2026-02-19 06:00:00,574.6225
2026-02-19 07:00:00,790.8975
2026-02-19 08:00:00,696.76
2026-02-19 09:00:00,517.0425
2026-02-19 10:00:00,473.47749999999996
2026-02-19 11:00:00,458.73
2026-02-19 12:00:00,441.88250000000005
2026-02-19 13:00:00,452.67
2026-02-19 14:00:00,456.2225
2026-02-19 15:00:00,603.54
2026-02-19 16:00:00,799.715
2026-02-19 17:00:00,948.75
2026-02-19 18:00:00,857.53
2026-02-19 19:00:00,729.75
2026-02-19 20:00:00,630.8199999999999
2026-02-19 21:00:00,503.2875
2026-02-19 22:00:00,419.02750000000003
2026-02-19 23:00:00,397.805
2026-02-20 00:00:00,441.5575
2026-02-20 01:00:00,433.165
2026-02-20 02:00:00,429.64
2026-02-20 03:00:00,429.63
2026-02-20 04:00:00,426.1175
2026-02-20 05:00:00,434.6675
2026-02-20 06:00:00,600.645
2026-02-20 07:00:00,754.0925
2026-02-20 08:00:00,610.3975
2026-02-20 09:00:00,495.15
2026-02-20 10:00:00,419.625
2026-02-20 11:00:00,395.94
2026-02-20 12:00:00,384.76
2026-02-20 13:00:00,383.78999999999996
2026-02-20 14:00:00,385.9975
2026-02-20 15:00:00,473.66499999999996
2026-02-20 16:00:00,608.7275
2026-02-20 17:00:00,834.3625
2026-02-20 18:00:00,637.575
2026-02-20 19:00:00,635.1975
2026-02-20 20:00:00,526.01
2026-02-20 21:00:00,394.185
2026-02-20 22:00:00,425.5375
2026-02-20 23:00:00,350.49
2026-02-21 00:00:00,366.43
2026-02-21 01:00:00,324.8425
2026-02-21 02:00:00,324.8225
2026-02-21 03:00:00,319.8275
2026-02-21 04:00:00,324.8325
2026-02-21 05:00:00,312.84749999999997
2026-02-21 06:00:00,364.35
2026-02-21 07:00:00,358.9875
2026-02-21 08:00:00,373.1875
2026-02-21 09:00:00,369.34749999999997
2026-02-21 10:00:00,365.72
2026-02-21 11:00:00,371.805
2026-02-21 12:00:00,377.6125
2026-02-21 13:00:00,399.9075
2026-02-21 14:00:00,399.305
2026-02-21 15:00:00,374.1175
2026-02-21 16:00:00,405.5125
2026-02-21 17:00:00,444.64
2026-02-21 18:00:00,470.175
2026-02-21 19:00:00,443.065
2026-02-21 20:00:00,405.365
2026-02-21 21:00:00,379.43
2026-02-21 22:00:00,367.6225
2026-02-21 23:00:00,295.6975
2026-02-22 00:00:00,250.405
2026-02-22 01:00:00,232.3475
2026-02-22 02:00:00,213.085
2026-02-22 03:00:00,220.5725
2026-02-22 04:00:00,280.7025
2026-02-22 05:00:00,315.9
2026-02-22 06:00:00,370.3375
2026-02-22 07:00:00,381.9325
2026-02-22 08:00:00,343.0725
2026-02-22 09:00:00,350.695
2026-02-22 10:00:00,364.815
2026-02-22 11:00:00,385.73249999999996
2026-02-22 12:00:00,392.25
2026-02-22 13:00:00,398.925
2026-02-22 14:00:00,398.65
2026-02-22 15:00:00,429.855
2026-02-22 16:00:00,466.92
2026-02-22 17:00:00,462.35
2026-02-22 18:00:00,461.51750000000004
2026-02-22 19:00:00,455.19
2026-02-22 20:00:00,456.33
2026-02-22 21:00:00,409.875
2026-02-22 22:00:00,361.3725
2026-02-22 23:00:00,244.4175
2026-02-23 00:00:00,226.805
2026-02-23 01:00:00,211.545
2026-02-23 02:00:00,191.9525
2026-02-23 03:00:00,197.9
2026-02-23 04:00:00,199.07
2026-02-23 05:00:00,256.435
2026-02-23 06:00:00,384.15
2026-02-23 07:00:00,492.7625
2026-02-23 08:00:00,523.5325
2026-02-23 09:00:00,476.79499999999996
2026-02-23 10:00:00,386.0925
2026-02-23 11:00:00,382.28
2026-02-23 12:00:00,393.9
2026-02-23 13:00:00,399.63
2026-02-23 14:00:00,380.9925
2026-02-23 15:00:00,445.47249999999997
2026-02-23 16:00:00,574.7425000000001
2026-02-23 17:00:00,615.5675
2026-02-23 18:00:00,605.4275
2026-02-23 19:00:00,590.6775
2026-02-23 20:00:00,584.985
2026-02-23 21:00:00,422.24
2026-02-23 22:00:00,417.8575
2026-02-23 23:00:00,381.83500000000004
2026-02-24 00:00:00,364.615
2026-02-24 01:00:00,367.97
2026-02-24 02:00:00,372.4375
2026-02-24 03:00:00,376.025
2026-02-24 04:00:00,384.5125
2026-02-24 05:00:00,427.18
2026-02-24 06:00:00,479.5375
2026-02-24 07:00:00,549.9024999999999
2026-02-24 08:00:00,597.9925000000001
2026-02-24 09:00:00,557.41
2026-02-24 10:00:00,514.0375
2026-02-24 11:00:00,459.2525
2026-02-24 12:00:00,421.04499999999996
2026-02-24 13:00:00,410.6175
2026-02-24 14:00:00,414.1175
2026-02-24 15:00:00,464.04
2026-02-24 16:00:00,538.815
2026-02-24 17:00:00,756.6475
2026-02-24 18:00:00,774.97
2026-02-24 19:00:00,639.6175000000001
2026-02-24 20:00:00,513.0125
2026-02-24 21:00:00,476.84000000000003
2026-02-24 22:00:00,447.645
2026-02-24 23:00:00,408.5925
2026-02-25 00:00:00,410.4425
2026-02-25 01:00:00,393.9875
2026-02-25 02:00:00,383.9125
2026-02-25 03:00:00,390.2525
2026-02-25 04:00:00,397.3425
2026-02-25 05:00:00,412.835
2026-02-25 06:00:00,499.745
2026-02-25 07:00:00,568.645
2026-02-25 08:00:00,525.03
2026-02-25 09:00:00,479.1225
2026-02-25 10:00:00,405.8025
2026-02-25 11:00:00,368.67
2026-02-25 12:00:00,372.9125
2026-02-25 13:00:00,378.06
2026-02-25 14:00:00,379.725
2026-02-25 15:00:00,367.365
2026-02-25 16:00:00,468.68
2026-02-25 17:00:00,758.9125
2026-02-25 18:00:00,762.4475
2026-02-25 19:00:00,751.72
2026-02-25 20:00:00,680.53
2026-02-25 21:00:00,558.205
2026-02-25 22:00:00,401.73
2026-02-25 23:00:00,375.11
2026-02-26 00:00:00,386.9325
2026-02-26 01:00:00,404.59749999999997
2026-02-26 02:00:00,386.73249999999996
2026-02-26 03:00:00,370.34749999999997
2026-02-26 04:00:00,374.8275
2026-02-26 05:00:00,385.68
2026-02-26 06:00:00,488.6275
2026-02-26 07:00:00,476.3725
2026-02-26 08:00:00,428.095
2026-02-26 09:00:00,363.5125
2026-02-26 10:00:00,309.435
2026-02-26 11:00:00,244.8625
2026-02-26 12:00:00,90.61
2026-02-26 13:00:00,62.875
2026-02-26 14:00:00,200.5375
2026-02-26 15:00:00,336.0375
2026-02-26 16:00:00,430.4325
2026-02-26 17:00:00,487.1825
2026-02-26 18:00:00,491.6525
2026-02-26 19:00:00,460.765
2026-02-26 20:00:00,463.97
2026-02-26 21:00:00,409.12
2026-02-26 22:00:00,399.645
2026-02-26 23:00:00,368.03499999999997
2026-02-27 00:00:00,321.06
2026-02-27 01:00:00,320.90250000000003
2026-02-27 02:00:00,300.505
2026-02-27 03:00:00,319.945
2026-02-27 04:00:00,357.96500000000003
2026-02-27 05:00:00,399.9225
2026-02-27 06:00:00,663.8475
2026-02-27 07:00:00,572.5375
2026-02-27 08:00:00,361.185
2026-02-27 09:00:00,292.255
2026-02-27 10:00:00,150.1575
2026-02-27 11:00:00,100.46
2026-02-27 12:00:00,80.0775
2026-02-27 13:00:00,175.63
2026-02-27 14:00:00,281.8675
2026-02-27 15:00:00,348.93
2026-02-27 16:00:00,428.7
2026-02-27 17:00:00,551.995
2026-02-27 18:00:00,533.1825
2026-02-27 19:00:00,524.8975
2026-02-27 20:00:00,480.52
2026-02-27 21:00:00,403.81
2026-02-27 22:00:00,386.515
2026-02-27 23:00:00,353.275
2026-02-28 00:00:00,392.0925
2026-02-28 01:00:00,385.9575
2026-02-28 02:00:00,378.27
2026-02-28 03:00:00,376.475
2026-02-28 04:00:00,391.8075
2026-02-28 05:00:00,408.4675
2026-02-28 06:00:00,411.36
2026-02-28 07:00:00,352.22249999999997
2026-02-28 08:00:00,259.0875
2026-02-28 09:00:00,83.9575
2026-02-28 10:00:00,0.3175
2026-02-28 11:00:00,-0.105
2026-02-28 12:00:00,-0.8425
2026-02-28 13:00:00,-0.7200000000000001
2026-02-28 14:00:00,-0.0325
2026-02-28 15:00:00,252.4575
2026-02-28 16:00:00,400.8225
2026-02-28 17:00:00,426.46999999999997
2026-02-28 18:00:00,438.3875
2026-02-28 19:00:00,449.7925
2026-02-28 20:00:00,425.5375
2026-02-28 21:00:00,413.27
2026-02-28 22:00:00,425.27750000000003
2026-02-28 23:00:00,369.36749999999995
2026-03-01 00:00:00,290.025
2026-03-01 01:00:00,268.435
2026-03-01 02:00:00,255.70000000000002
2026-03-01 03:00:00,260.885
2026-03-01 04:00:00,273.9
2026-03-01 05:00:00,287.48
2026-03-01 06:00:00,289.3175
2026-03-01 07:00:00,288.8825
2026-03-01 08:00:00,235.43
2026-03-01 09:00:00,88.05499999999999
2026-03-01 10:00:00,0.03249999999999997
2026-03-01 11:00:00,-0.105
2026-03-01 12:00:00,-1.54
2026-03-01 13:00:00,-3.3249999999999997
2026-03-01 14:00:00,0.012499999999999956
2026-03-01 15:00:00,323.665
2026-03-01 16:00:00,434.9875
2026-03-01 17:00:00,496.1
2026-03-01 18:00:00,503.4375
2026-03-01 19:00:00,501.1075
2026-03-01 20:00:00,472.6625
2026-03-01 21:00:00,457.8075
2026-03-01 22:00:00,461.7875
2026-03-01 23:00:00,372.8025
2026-03-02 00:00:00,377.435
2026-03-02 01:00:00,340.1125
2026-03-02 02:00:00,349.8175
2026-03-02 03:00:00,349.805
2026-03-02 04:00:00,356.97499999999997
2026-03-02 05:00:00,438.8125
2026-03-02 06:00:00,650.665
2026-03-02 07:00:00,648.9625
2026-03-02 08:00:00,540.15
2026-03-02 09:00:00,390.21000000000004
2026-03-02 10:00:00,310.77250000000004
2026-03-02 11:00:00,238.32
2026-03-02 12:00:00,174.41
2026-03-02 13:00:00,301.945
2026-03-02 14:00:00,365.23249999999996
2026-03-02 15:00:00,374.31
2026-03-02 16:00:00,573.2075
2026-03-02 17:00:00,903.8925
2026-03-02 18:00:00,971.5925
2026-03-02 19:00:00,954.5625
2026-03-02 20:00:00,794.7625
2026-03-02 21:00:00,614.5125
2026-03-02 22:00:00,462.4625
2026-03-02 23:00:00,392.2275
2026-03-03 00:00:00,390.51
2026-03-03 01:00:00,393.945
2026-03-03 02:00:00,393.99
2026-03-03 03:00:00,411.8925
2026-03-03 04:00:00,423.41
2026-03-03 05:00:00,452.905
2026-03-03 06:00:00,587.78
2026-03-03 07:00:00,663.2225
2026-03-03 08:00:00,465.67999999999995
2026-03-03 09:00:00,415.5325
2026-03-03 10:00:00,337.8
2026-03-03 11:00:00,242.075
2026-03-03 12:00:00,138.2275
2026-03-03 13:00:00,155.60500000000002
2026-03-03 14:00:00,279.1325
2026-03-03 15:00:00,424.9125
2026-03-03 16:00:00,493.3725
2026-03-03 17:00:00,714.205
2026-03-03 18:00:00,820.2225
2026-03-03 19:00:00,725.29
2026-03-03 20:00:00,539.3225
2026-03-03 21:00:00,503.185
2026-03-03 22:00:00,482.40250000000003
2026-03-03 23:00:00,456.015
2026-03-04 00:00:00,503.0525
2026-03-04 01:00:00,482.4
2026-03-04 02:00:00,497.2575
2026-03-04 03:00:00,502.8175
2026-03-04 04:00:00,529.9949999999999
2026-03-04 05:00:00,575.2725
2026-03-04 06:00:00,879.4125
2026-03-04 07:00:00,1123.275
2026-03-04 08:00:00,541.875
2026-03-04 09:00:00,358.94
2026-03-04 10:00:00,285.15
2026-03-04 11:00:00,99.855
2026-03-04 12:00:00,20.6625
2026-03-04 13:00:00,88.6375
2026-03-04 14:00:00,277.715
2026-03-04 15:00:00,438.41
2026-03-04 16:00:00,598.4725
2026-03-04 17:00:00,955.52
2026-03-04 18:00:00,1238.525
2026-03-04 19:00:00,1000.9325
2026-03-04 20:00:00,724.3075
2026-03-04 21:00:00,664.0775
2026-03-04 22:00:00,621.75
2026-03-04 23:00:00,545.8075
2026-03-05 00:00:00,502.765
2026-03-05 01:00:00,476.225
2026-03-05 02:00:00,473.365
2026-03-05 03:00:00,473.74
2026-03-05 04:00:00,483.365
2026-03-05 05:00:00,550.7950000000001
2026-03-05 06:00:00,668.83
2026-03-05 07:00:00,747.6625
2026-03-05 08:00:00,585.51
2026-03-05 09:00:00,401.6125
2026-03-05 10:00:00,194.7625
2026-03-05 11:00:00,-19.645000000000003
2026-03-05 12:00:00,-69.59
2026-03-05 13:00:00,5.1
2026-03-05 14:00:00,167.64499999999998
2026-03-05 15:00:00,397.835
2026-03-05 16:00:00,599.255
2026-03-05 17:00:00,794.2825
2026-03-05 18:00:00,1057.095
2026-03-05 19:00:00,948.9925000000001
2026-03-05 20:00:00,803.0025
2026-03-05 21:00:00,604.635
2026-03-05 22:00:00,568.6675
2026-03-05 23:00:00,527.3824999999999
2026-03-06 00:00:00,456.9875
2026-03-06 01:00:00,465.1375
2026-03-06 02:00:00,477.7875
2026-03-06 03:00:00,481.06
2026-03-06 04:00:00,508.16499999999996
2026-03-06 05:00:00,570.4575
2026-03-06 06:00:00,678.02
2026-03-06 07:00:00,736.765
2026-03-06 08:00:00,529.675
2026-03-06 09:00:00,332.915
2026-03-06 10:00:00,-14.8225
2026-03-06 11:00:00,-52.6875
2026-03-06 12:00:00,-13.75
2026-03-06 13:00:00,0.010000000000000675
2026-03-06 14:00:00,211.9225
2026-03-06 15:00:00,424.4825
2026-03-06 16:00:00,564.1225
2026-03-06 17:00:00,690.745
2026-03-06 18:00:00,820.5675
2026-03-06 19:00:00,739.3875
2026-03-06 20:00:00,637.965
2026-03-06 21:00:00,579.9575
2026-03-06 22:00:00,551.9200000000001
2026-03-06 23:00:00,548.9825
2026-03-07 00:00:00,595.2175
2026-03-07 01:00:00,575.065
2026-03-07 02:00:00,553.65
2026-03-07 03:00:00,550.635
2026-03-07 04:00:00,553.2225
2026-03-07 05:00:00,574.1
2026-03-07 06:00:00,599.63
2026-03-07 07:00:00,571.385
2026-03-07 08:00:00,428.5025
2026-03-07 09:00:00,225.845
2026-03-07 10:00:00,98.195
2026-03-07 11:00:00,52.910000000000004
2026-03-07 12:00:00,17.8175
2026-03-07 13:00:00,1.8199999999999998
2026-03-07 14:00:00,69.885
2026-03-07 15:00:00,368.19
2026-03-07 16:00:00,572.9925000000001
2026-03-07 17:00:00,617.335
2026-03-07 18:00:00,747.3375
2026-03-07 19:00:00,705.475
2026-03-07 20:00:00,637.8775
2026-03-07 21:00:00,601.415
2026-03-07 22:00:00,583.47
2026-03-07 23:00:00,568.7975
2026-03-08 00:00:00,589.13
2026-03-08 01:00:00,576.735
2026-03-08 02:00:00,571.0
2026-03-08 03:00:00,567.6325
2026-03-08 04:00:00,564.8499999999999
2026-03-08 05:00:00,565.565
2026-03-08 06:00:00,570.595
2026-03-08 07:00:00,504.2425
2026-03-08 08:00:00,217.1725
2026-03-08 09:00:00,-181.4725
2026-03-08 10:00:00,-134.82999999999998
2026-03-08 11:00:00,-10.620000000000001
2026-03-08 12:00:00,0.9524999999999999
2026-03-08 13:00:00,-0.43750000000000006
2026-03-08 14:00:00,26.302500000000002
2026-03-08 15:00:00,283.1425
2026-03-08 16:00:00,521.3
2026-03-08 17:00:00,628.595
2026-03-08 18:00:00,678.3824999999999
2026-03-08 19:00:00,659.0675
2026-03-08 20:00:00,593.14
2026-03-08 21:00:00,470.1975
2026-03-08 22:00:00,419.2525
2026-03-08 23:00:00,412.2175
2026-03-09 00:00:00,422.96
2026-03-09 01:00:00,427.52
2026-03-09 02:00:00,427.53
2026-03-09 03:00:00,433.625
2026-03-09 04:00:00,498.4825
2026-03-09 05:00:00,591.7075
2026-03-09 06:00:00,708.16
2026-03-09 07:00:00,809.6175000000001
2026-03-09 08:00:00,428.525
2026-03-09 09:00:00,154.2525
2026-03-09 10:00:00,54.92
2026-03-09 11:00:00,44.8575
2026-03-09 12:00:00,1.2625
2026-03-09 13:00:00,87.6175
2026-03-09 14:00:00,275.60249999999996
2026-03-09 15:00:00,486.7225
2026-03-09 16:00:00,620.3175
2026-03-09 17:00:00,772.9300000000001
2026-03-09 18:00:00,1022.0274999999999
2026-03-09 19:00:00,949.8025
2026-03-09 20:00:00,760.92
2026-03-09 21:00:00,565.2025
2026-03-09 22:00:00,460.72
2026-03-09 23:00:00,440.8925
2026-03-10 00:00:00,433.96999999999997
2026-03-10 01:00:00,385.79999999999995
2026-03-10 02:00:00,384.7925
2026-03-10 03:00:00,402.635
2026-03-10 04:00:00,426.78499999999997
2026-03-10 05:00:00,469.0
2026-03-10 06:00:00,662.8025
2026-03-10 07:00:00,717.2575
2026-03-10 08:00:00,445.5175
2026-03-10 09:00:00,280.9825
2026-03-10 10:00:00,69.17999999999999
2026-03-10 11:00:00,16.009999999999998
2026-03-10 12:00:00,-15.775
2026-03-10 13:00:00,158.95
2026-03-10 14:00:00,384.1975
2026-03-10 15:00:00,486.2825
2026-03-10 16:00:00,584.5275
2026-03-10 17:00:00,718.64
2026-03-10 18:00:00,900.98
2026-03-10 19:00:00,790.305
2026-03-10 20:00:00,675.9300000000001
2026-03-10 21:00:00,491.8425
2026-03-10 22:00:00,430.995
2026-03-10 23:00:00,357.77750000000003
2026-03-11 00:00:00,430.68
2026-03-11 01:00:00,414.295
2026-03-11 02:00:00,393.59
2026-03-11 03:00:00,397.33500000000004
2026-03-11 04:00:00,435.9875
2026-03-11 05:00:00,449.1675
2026-03-11 06:00:00,494.2125
2026-03-11 07:00:00,425.55
2026-03-11 08:00:00,329.1525
2026-03-11 09:00:00,254.6825
2026-03-11 10:00:00,75.27000000000001
2026-03-11 11:00:00,62.660000000000004
2026-03-11 12:00:00,49.4475
2026-03-11 13:00:00,65.195
2026-03-11 14:00:00,187.435
2026-03-11 15:00:00,386.0925
2026-03-11 16:00:00,430.84000000000003
2026-03-11 17:00:00,505.10749999999996
2026-03-11 18:00:00,612.5699999999999
2026-03-11 19:00:00,643.2725
2026-03-11 20:00:00,469.89250000000004
2026-03-11 21:00:00,422.1875
2026-03-11 22:00:00,418.02
2026-03-11 23:00:00,350.6525
2026-03-12 00:00:00,240.5625
2026-03-12 01:00:00,171.5175
2026-03-12 02:00:00,196.82
2026-03-12 03:00:00,296.8375
2026-03-12 04:00:00,397.0125
2026-03-12 05:00:00,417.8675
2026-03-12 06:00:00,477.6525
2026-03-12 07:00:00,528.075
2026-03-12 08:00:00,429.0575
2026-03-12 09:00:00,349.6225
2026-03-12 10:00:00,295.75
2026-03-12 11:00:00,275.075
2026-03-12 12:00:00,273.53499999999997
2026-03-12 13:00:00,356.87
2026-03-12 14:00:00,421.445
2026-03-12 15:00:00,404.4575
2026-03-12 16:00:00,702.1975
2026-03-12 17:00:00,751.87
2026-03-12 18:00:00,1132.7475
2026-03-12 19:00:00,1174.1100000000001
2026-03-12 20:00:00,830.92
2026-03-12 21:00:00,529.1325
2026-03-12 22:00:00,421.96000000000004
2026-03-12 23:00:00,387.555
2026-03-13 00:00:00,455.395
2026-03-13 01:00:00,427.2275
2026-03-13 02:00:00,372.685
2026-03-13 03:00:00,370.7
2026-03-13 04:00:00,387.39250000000004
2026-03-13 05:00:00,409.92
2026-03-13 06:00:00,441.8925
2026-03-13 07:00:00,429.755
2026-03-13 08:00:00,201.4425
2026-03-13 09:00:00,-14.440000000000001
2026-03-13 10:00:00,-2.12
2026-03-13 11:00:00,-1.4600000000000002
2026-03-13 12:00:00,-6.9175
2026-03-13 13:00:00,0.020000000000000018
2026-03-13 14:00:00,0.02250000000000041
2026-03-13 15:00:00,145.15
2026-03-13 16:00:00,452.145
2026-03-13 17:00:00,635.4175
2026-03-13 18:00:00,768.64
2026-03-13 19:00:00,709.6125
2026-03-13 20:00:00,625.9325
2026-03-13 21:00:00,564.3149999999999
2026-03-13 22:00:00,529.665
2026-03-13 23:00:00,483.53999999999996
2026-03-14 00:00:00,477.47749999999996
2026-03-14 01:00:00,468.03249999999997
2026-03-14 02:00:00,445.245
2026-03-14 03:00:00,444.9575
2026-03-14 04:00:00,455.2025
2026-03-14 05:00:00,457.6925
2026-03-14 06:00:00,466.52750000000003
2026-03-14 07:00:00,321.9775
2026-03-14 08:00:00,89.655
2026-03-14 09:00:00,-42.6925
2026-03-14 10:00:00,-69.1325
2026-03-14 11:00:00,-16.0625
2026-03-14 12:00:00,-51.2775
2026-03-14 13:00:00,-71.9075
2026-03-14 14:00:00,30.9
2026-03-14 15:00:00,314.1675
2026-03-14 16:00:00,524.4725
2026-03-14 17:00:00,599.4225
2026-03-14 18:00:00,687.7850000000001
2026-03-14 19:00:00,725.0775
2026-03-14 20:00:00,641.525
2026-03-14 21:00:00,586.825
2026-03-14 22:00:00,577.37
2026-03-14 23:00:00,546.665
2026-03-15 00:00:00,500.03
2026-03-15 01:00:00,498.40999999999997
2026-03-15 02:00:00,502.07
2026-03-15 03:00:00,481.47
2026-03-15 04:00:00,524.0350000000001
2026-03-15 05:00:00,532.745
2026-03-15 06:00:00,536.64
2026-03-15 07:00:00,456.60249999999996
2026-03-15 08:00:00,335.18
2026-03-15 09:00:00,340.0175
2026-03-15 10:00:00,292.4375
2026-03-15 11:00:00,259.895
2026-03-15 12:00:00,186.4275
2026-03-15 13:00:00,132.1475
2026-03-15 14:00:00,236.9125
2026-03-15 15:00:00,366.01
2026-03-15 16:00:00,435.67
2026-03-15 17:00:00,566.7075
2026-03-15 18:00:00,653.3199999999999
2026-03-15 19:00:00,750.435
2026-03-15 20:00:00,879.8925
2026-03-15 21:00:00,699.4725
2026-03-15 22:00:00,619.5475
2026-03-15 23:00:00,525.0275
2026-03-16 00:00:00,429.8875
2026-03-16 01:00:00,415.905
2026-03-16 02:00:00,413.685
2026-03-16 03:00:00,410.055
2026-03-16 04:00:00,428.04
2026-03-16 05:00:00,449.6625
2026-03-16 06:00:00,695.0725
2026-03-16 07:00:00,744.29
2026-03-16 08:00:00,442.01250000000005
2026-03-16 09:00:00,392.605
2026-03-16 10:00:00,404.71000000000004
2026-03-16 11:00:00,383.99
2026-03-16 12:00:00,383.885
2026-03-16 13:00:00,419.0725
2026-03-16 14:00:00,419.575
2026-03-16 15:00:00,473.945
2026-03-16 16:00:00,622.9425
2026-03-16 17:00:00,728.13
2026-03-16 18:00:00,883.7475
2026-03-16 19:00:00,799.565
2026-03-16 20:00:00,669.98
2026-03-16 21:00:00,538.55
2026-03-16 22:00:00,504.375
2026-03-16 23:00:00,426.5125
2026-03-17 00:00:00,486.295
2026-03-17 01:00:00,452.4825
2026-03-17 02:00:00,457.07
2026-03-17 03:00:00,460.135
2026-03-17 04:00:00,473.4025
2026-03-17 05:00:00,517.645
2026-03-17 06:00:00,639.45
2026-03-17 07:00:00,721.06
2026-03-17 08:00:00,653.335
2026-03-17 09:00:00,541.03
2026-03-17 10:00:00,485.0825
2026-03-17 11:00:00,453.505
2026-03-17 12:00:00,449.15250000000003
2026-03-17 13:00:00,442.6725
2026-03-17 14:00:00,451.83
2026-03-17 15:00:00,508.1775
2026-03-17 16:00:00,591.88
2026-03-17 17:00:00,712.22
2026-03-17 18:00:00,877.925
2026-03-17 19:00:00,915.48
2026-03-17 20:00:00,645.5025
2026-03-17 21:00:00,565.34
2026-03-17 22:00:00,499.5825
2026-03-17 23:00:00,445.0325
2026-03-18 00:00:00,405.83
2026-03-18 01:00:00,404.84749999999997
2026-03-18 02:00:00,397.81
2026-03-18 03:00:00,393.5925
2026-03-18 04:00:00,404.315
2026-03-18 05:00:00,449.9125
2026-03-18 06:00:00,574.9449999999999
2026-03-18 07:00:00,583.06
2026-03-18 08:00:00,435.8225
2026-03-18 09:00:00,264.35
2026-03-18 10:00:00,-99.87
2026-03-18 11:00:00,-66.5175
2026-03-18 12:00:00,-66.665
2026-03-18 13:00:00,-18.9225
2026-03-18 14:00:00,15.3575
2026-03-18 15:00:00,311.825
2026-03-18 16:00:00,497.9225
2026-03-18 17:00:00,635.745
2026-03-18 18:00:00,778.12
2026-03-18 19:00:00,759.3925
2026-03-18 20:00:00,654.3050000000001
2026-03-18 21:00:00,578.795
2026-03-18 22:00:00,541.76
2026-03-18 23:00:00,500.79
2026-03-19 00:00:00,475.5825
2026-03-19 01:00:00,490.36
2026-03-19 02:00:00,497.1225
2026-03-19 03:00:00,504.4325
2026-03-19 04:00:00,538.3625
2026-03-19 05:00:00,579.2375
2026-03-19 06:00:00,701.8475
2026-03-19 07:00:00,679.2625
2026-03-19 08:00:00,567.71
2026-03-19 09:00:00,395.39750000000004
2026-03-19 10:00:00,230.3225
2026-03-19 11:00:00,31.4675
2026-03-19 12:00:00,8.375
2026-03-19 13:00:00,97.89249999999998
2026-03-19 14:00:00,299.035
2026-03-19 15:00:00,436.8075
2026-03-19 16:00:00,536.735
2026-03-19 17:00:00,652.0649999999999
2026-03-19 18:00:00,881.6825
2026-03-19 19:00:00,903.9325
2026-03-19 20:00:00,724.24
2026-03-19 21:00:00,655.7075
2026-03-19 22:00:00,613.5625
2026-03-19 23:00:00,579.835
2026-03-20 00:00:00,633.28
2026-03-20 01:00:00,607.205
2026-03-20 02:00:00,599.4825000000001
2026-03-20 03:00:00,607.3475
2026-03-20 04:00:00,619.41
2026-03-20 05:00:00,687.08
2026-03-20 06:00:00,746.9525
2026-03-20 07:00:00,735.475
2026-03-20 08:00:00,637.925
2026-03-20 09:00:00,600.4975
2026-03-20 10:00:00,436.9225
2026-03-20 11:00:00,390.6975
2026-03-20 12:00:00,389.98
2026-03-20 13:00:00,429.68
2026-03-20 14:00:00,485.98249999999996
2026-03-20 15:00:00,581.365
2026-03-20 16:00:00,645.9100000000001
2026-03-20 17:00:00,791.275
2026-03-20 18:00:00,924.99
2026-03-20 19:00:00,932.9675
2026-03-20 20:00:00,711.765
2026-03-20 21:00:00,659.9425
2026-03-20 22:00:00,670.405
2026-03-20 23:00:00,649.6675
2026-03-21 00:00:00,627.845
2026-03-21 01:00:00,586.895
2026-03-21 02:00:00,552.4975
2026-03-21 03:00:00,556.3375
2026-03-21 04:00:00,587.74
2026-03-21 05:00:00,611.86
2026-03-21 06:00:00,631.7575
2026-03-21 07:00:00,569.5074999999999
2026-03-21 08:00:00,414.1875
2026-03-21 09:00:00,213.8375
2026-03-21 10:00:00,115.5275
2026-03-21 11:00:00,15.49
2026-03-21 12:00:00,-37.24
2026-03-21 13:00:00,5.0249999999999995
2026-03-21 14:00:00,160.60750000000002
2026-03-21 15:00:00,364.4575
2026-03-21 16:00:00,525.5325
2026-03-21 17:00:00,648.725
2026-03-21 18:00:00,744.8675
2026-03-21 19:00:00,704.495
2026-03-21 20:00:00,620.5525
2026-03-21 21:00:00,555.47
2026-03-21 22:00:00,499.36
2026-03-21 23:00:00,454.785
2026-03-22 00:00:00,436.14750000000004
2026-03-22 01:00:00,420.655
2026-03-22 02:00:00,417.0625
2026-03-22 03:00:00,421.865
2026-03-22 04:00:00,436.94
2026-03-22 05:00:00,451.705
2026-03-22 06:00:00,441.785
2026-03-22 07:00:00,372.8725
2026-03-22 08:00:00,179.0275
2026-03-22 09:00:00,22.56
2026-03-22 10:00:00,-7.9775
2026-03-22 11:00:00,-91.845
2026-03-22 12:00:00,-63.0
2026-03-22 13:00:00,-19.0425
2026-03-22 14:00:00,-11.44
2026-03-22 15:00:00,114.1075
2026-03-22 16:00:00,458.2375
2026-03-22 17:00:00,648.31
2026-03-22 18:00:00,751.4224999999999
2026-03-22 19:00:00,706.2275
2026-03-22 20:00:00,623.6
2026-03-22 21:00:00,588.4
2026-03-22 22:00:00,560.8575
2026-03-22 23:00:00,540.7375
2026-03-23 00:00:00,527.0699999999999
2026-03-23 01:00:00,493.96
2026-03-23 02:00:00,503.84
2026-03-23 03:00:00,532.9225
2026-03-23 04:00:00,597.5425
2026-03-23 05:00:00,683.07
2026-03-23 06:00:00,782.7075
2026-03-23 07:00:00,676.4100000000001
2026-03-23 08:00:00,499.41249999999997
2026-03-23 09:00:00,361.55
2026-03-23 10:00:00,287.6775
2026-03-23 11:00:00,93.9625
2026-03-23 12:00:00,69.165
2026-03-23 13:00:00,292.415
2026-03-23 14:00:00,403.495
2026-03-23 15:00:00,499.38
2026-03-23 16:00:00,614.8075
2026-03-23 17:00:00,741.19
2026-03-23 18:00:00,1110.3525
2026-03-23 19:00:00,1041.7350000000001
2026-03-23 20:00:00,825.54
2026-03-23 21:00:00,600.8050000000001
2026-03-23 22:00:00,662.775
2026-03-23 23:00:00,605.99
2026-03-24 00:00:00,615.815
2026-03-24 01:00:00,513.085
2026-03-24 02:00:00,468.13
2026-03-24 03:00:00,439.835
2026-03-24 04:00:00,442.7975
2026-03-24 05:00:00,478.9525
2026-03-24 06:00:00,551.01
2026-03-24 07:00:00,452.975
2026-03-24 08:00:00,401.2575
2026-03-24 09:00:00,304.5175
2026-03-24 10:00:00,72.2425
2026-03-24 11:00:00,-71.02
2026-03-24 12:00:00,0.012500000000000178
2026-03-24 13:00:00,49.927499999999995
2026-03-24 14:00:00,247.3425
2026-03-24 15:00:00,424.7575
2026-03-24 16:00:00,525.11
2026-03-24 17:00:00,615.1424999999999
2026-03-24 18:00:00,602.645
2026-03-24 19:00:00,545.9549999999999
2026-03-24 20:00:00,484.92
2026-03-24 21:00:00,409.84
2026-03-24 22:00:00,339.8725
2026-03-24 23:00:00,204.8625
2026-03-25 00:00:00,195.73499999999999
2026-03-25 01:00:00,102.72
2026-03-25 02:00:00,20.5625
2026-03-25 03:00:00,18.7675
2026-03-25 04:00:00,35.3475
2026-03-25 05:00:00,101.83000000000001
2026-03-25 06:00:00,299.9075
2026-03-25 07:00:00,189.9475
2026-03-25 08:00:00,-136.84750000000003
2026-03-25 09:00:00,-111.3925
2026-03-25 10:00:00,-42.7275
2026-03-25 11:00:00,-5.6725
2026-03-25 12:00:00,-3.695
2026-03-25 13:00:00,-6.29
2026-03-25 14:00:00,74.7
2026-03-25 15:00:00,299.915
2026-03-25 16:00:00,403.15
2026-03-25 17:00:00,624.47
2026-03-25 18:00:00,810.8575000000001
2026-03-25 19:00:00,732.9449999999999
2026-03-25 20:00:00,641.775
2026-03-25 21:00:00,534.2825
2026-03-25 22:00:00,489.875
2026-03-25 23:00:00,430.4
2026-03-26 00:00:00,432.52
2026-03-26 01:00:00,415.27750000000003
2026-03-26 02:00:00,399.17
2026-03-26 03:00:00,416.59749999999997
2026-03-26 04:00:00,423.46
2026-03-26 05:00:00,442.15999999999997
2026-03-26 06:00:00,475.47
2026-03-26 07:00:00,524.995
2026-03-26 08:00:00,517.3
2026-03-26 09:00:00,421.6275
2026-03-26 10:00:00,385.935
2026-03-26 11:00:00,434.4575
2026-03-26 12:00:00,458.2025
2026-03-26 13:00:00,460.7875
2026-03-26 14:00:00,448.0425
2026-03-26 15:00:00,466.025
2026-03-26 16:00:00,504.9275
2026-03-26 17:00:00,529.3175
2026-03-26 18:00:00,683.0699999999999
2026-03-26 19:00:00,637.2625
2026-03-26 20:00:00,517.31
2026-03-26 21:00:00,500.0725
2026-03-26 22:00:00,508.4075
2026-03-26 23:00:00,492.5275
2026-03-27 00:00:00,487.045
2026-03-27 01:00:00,484.705
2026-03-27 02:00:00,501.1725
2026-03-27 03:00:00,503.2625
2026-03-27 04:00:00,513.5775
2026-03-27 05:00:00,576.5450000000001
2026-03-27 06:00:00,627.3249999999999
2026-03-27 07:00:00,545.4275
2026-03-27 08:00:00,480.2
2026-03-27 09:00:00,360.6
2026-03-27 10:00:00,229.695
2026-03-27 11:00:00,199.99
2026-03-27 12:00:00,184.83749999999998
2026-03-27 13:00:00,197.9425
2026-03-27 14:00:00,301.77
2026-03-27 15:00:00,397.4675
2026-03-27 16:00:00,478.1075
2026-03-27 17:00:00,555.625
2026-03-27 18:00:00,685.795
2026-03-27 19:00:00,683.6875
2026-03-27 20:00:00,589.08
2026-03-27 21:00:00,519.1725
2026-03-27 22:00:00,498.255
2026-03-27 23:00:00,452.78
2026-03-28 00:00:00,466.53999999999996
2026-03-28 01:00:00,481.1
2026-03-28 02:00:00,466.1775
2026-03-28 03:00:00,457.5725
2026-03-28 04:00:00,453.9175
2026-03-28 05:00:00,446.6575
2026-03-28 06:00:00,440.6125
2026-03-28 07:00:00,404.955
2026-03-28 08:00:00,292.72
2026-03-28 09:00:00,192.735
2026-03-28 10:00:00,75.35499999999999
2026-03-28 11:00:00,33.5475
2026-03-28 12:00:00,28.747500000000002
2026-03-28 13:00:00,34.0175
2026-03-28 14:00:00,89.55250000000001
2026-03-28 15:00:00,320.15
2026-03-28 16:00:00,475.97249999999997
2026-03-28 17:00:00,510.50249999999994
2026-03-28 18:00:00,611.025
2026-03-28 19:00:00,660.3149999999999
2026-03-28 20:00:00,620.81
2026-03-28 21:00:00,564.7925
2026-03-28 22:00:00,541.67
2026-03-28 23:00:00,512.495
2026-03-29 00:00:00,494.8375
2026-03-29 01:00:00,466.37
2026-03-29 02:00:00,458.40375
2026-03-29 03:00:00,450.4375
2026-03-29 04:00:00,476.3875
2026-03-29 05:00:00,465.6725
2026-03-29 06:00:00,471.0175
2026-03-29 07:00:00,492.675
2026-03-29 08:00:00,492.8675
2026-03-29 09:00:00,463.96000000000004
2026-03-29 10:00:00,374.4075
2026-03-29 11:00:00,300.0575
2026-03-29 12:00:00,207.8725
2026-03-29 13:00:00,180.82999999999998
2026-03-29 14:00:00,114.345
2026-03-29 15:00:00,145.73
2026-03-29 16:00:00,303.37
2026-03-29 17:00:00,447.425
2026-03-29 18:00:00,492.8675
2026-03-29 19:00:00,635.4125
2026-03-29 20:00:00,617.135
2026-03-29 21:00:00,560.1225
2026-03-29 22:00:00,538.845
2026-03-29 23:00:00,471.4375
2026-03-30 00:00:00,403.615
2026-03-30 01:00:00,332.535
2026-03-30 02:00:00,219.8625
2026-03-30 03:00:00,246.935
2026-03-30 04:00:00,320.0625
2026-03-30 05:00:00,404.08500000000004
2026-03-30 06:00:00,601.115
2026-03-30 07:00:00,711.3675
2026-03-30 08:00:00,553.0275
2026-03-30 09:00:00,466.5525
2026-03-30 10:00:00,348.595
2026-03-30 11:00:00,309.145
2026-03-30 12:00:00,282.4225
2026-03-30 13:00:00,261.6175
2026-03-30 14:00:00,303.8075
2026-03-30 15:00:00,423.825
2026-03-30 16:00:00,460.6375
2026-03-30 17:00:00,526.36
2026-03-30 18:00:00,640.265
2026-03-30 19:00:00,863.095
2026-03-30 20:00:00,769.1725
2026-03-30 21:00:00,600.12
2026-03-30 22:00:00,525.105
2026-03-30 23:00:00,458.15000000000003
2026-03-31 00:00:00,470.48
2026-03-31 01:00:00,442.9575
2026-03-31 02:00:00,438.14
2026-03-31 03:00:00,441.54499999999996
2026-03-31 04:00:00,446.4175
2026-03-31 05:00:00,460.005
2026-03-31 06:00:00,715.305
2026-03-31 07:00:00,798.8275
2026-03-31 08:00:00,739.5074999999999
2026-03-31 09:00:00,622.19
2026-03-31 10:00:00,537.9825000000001
2026-03-31 11:00:00,482.265
2026-03-31 12:00:00,439.77750000000003
2026-03-31 13:00:00,385.47749999999996
2026-03-31 14:00:00,351.1675
2026-03-31 15:00:00,380.7675
2026-03-31 16:00:00,428.695
2026-03-31 17:00:00,496.23
2026-03-31 18:00:00,629.15
2026-03-31 19:00:00,780.2825
2026-03-31 20:00:00,750.34
2026-03-31 21:00:00,694.22
2026-03-31 22:00:00,679.3924999999999
2026-03-31 23:00:00,638.6800000000001
2026-04-01 00:00:00,618.65
2026-04-01 01:00:00,547.575
2026-04-01 02:00:00,539.8075
2026-04-01 03:00:00,555.165
2026-04-01 04:00:00,585.395
2026-04-01 05:00:00,646.24
2026-04-01 06:00:00,750.26
2026-04-01 07:00:00,849.4
2026-04-01 08:00:00,629.3325
2026-04-01 09:00:00,601.855
2026-04-01 10:00:00,457.09000000000003
2026-04-01 11:00:00,351.0875
2026-04-01 12:00:00,337.48
2026-04-01 13:00:00,258.6825
2026-04-01 14:00:00,256.72
2026-04-01 15:00:00,343.14250000000004
2026-04-01 16:00:00,432.7125
2026-04-01 17:00:00,553.3225
2026-04-01 18:00:00,626.9075
2026-04-01 19:00:00,816.3050000000001
2026-04-01 20:00:00,771.4475
2026-04-01 21:00:00,700.4375
2026-04-01 22:00:00,656.58
2026-04-01 23:00:00,575.11
2026-04-02 00:00:00,546.6975
2026-04-02 01:00:00,510.1775
2026-04-02 02:00:00,489.32
2026-04-02 03:00:00,470.305
2026-04-02 04:00:00,461.88
2026-04-02 05:00:00,511.8975
2026-04-02 06:00:00,655.8025
2026-04-02 07:00:00,686.015
2026-04-02 08:00:00,573.8025
2026-04-02 09:00:00,384.935
2026-04-02 10:00:00,258.96750000000003
2026-04-02 11:00:00,138.6
2026-04-02 12:00:00,33.7975
2026-04-02 13:00:00,1.285
2026-04-02 14:00:00,130.615
2026-04-02 15:00:00,268.775
2026-04-02 16:00:00,416.70500000000004
2026-04-02 17:00:00,471.87249999999995
2026-04-02 18:00:00,564.7575
2026-04-02 19:00:00,693.2725
2026-04-02 20:00:00,683.9175
2026-04-02 21:00:00,597.4675
2026-04-02 22:00:00,577.77
2026-04-02 23:00:00,526.385
2026-04-03 00:00:00,574.53
2026-04-03 01:00:00,522.6575
2026-04-03 02:00:00,512.94
2026-04-03 03:00:00,506.7625
2026-04-03 04:00:00,519.2425000000001
2026-04-03 05:00:00,536.7825
2026-04-03 06:00:00,569.1075000000001
2026-04-03 07:00:00,573.265
2026-04-03 08:00:00,561.285
2026-04-03 09:00:00,456.09250000000003
2026-04-03 10:00:00,368.0825
2026-04-03 11:00:00,219.4375
2026-04-03 12:00:00,105.1025
2026-04-03 13:00:00,32.5925
2026-04-03 14:00:00,11.6075
2026-04-03 15:00:00,65.9325
2026-04-03 16:00:00,221.64249999999998
2026-04-03 17:00:00,426.6325
2026-04-03 18:00:00,488.7925
2026-04-03 19:00:00,762.1675
2026-04-03 20:00:00,795.4125
2026-04-03 21:00:00,492.79
2026-04-03 22:00:00,444.96750000000003
2026-04-03 23:00:00,471.02250000000004
2026-04-04 00:00:00,420.63750000000005
2026-04-04 01:00:00,399.765
2026-04-04 02:00:00,335.8025
2026-04-04 03:00:00,332.3825
2026-04-04 04:00:00,261.615
2026-04-04 05:00:00,209.79500000000002
2026-04-04 06:00:00,148.615
2026-04-04 07:00:00,189.4325
2026-04-04 08:00:00,89.99
2026-04-04 09:00:00,58.1975
2026-04-04 10:00:00,21.41
2026-04-04 11:00:00,6.3425
2026-04-04 12:00:00,0.9625
2026-04-04 13:00:00,-0.09
2026-04-04 14:00:00,-0.042499999999999996
2026-04-04 15:00:00,0.1375
2026-04-04 16:00:00,48.677499999999995
2026-04-04 17:00:00,277.3075
2026-04-04 18:00:00,482.25750000000005
2026-04-04 19:00:00,653.36
2026-04-04 20:00:00,597.045
2026-04-04 21:00:00,458.6875
2026-04-04 22:00:00,416.1925
2026-04-04 23:00:00,390.26750000000004
2026-04-05 00:00:00,387.4
2026-04-05 01:00:00,399.7
2026-04-05 02:00:00,393.13
2026-04-05 03:00:00,359.98
2026-04-05 04:00:00,278.12
2026-04-05 05:00:00,154.765
2026-04-05 06:00:00,15.035
2026-04-05 07:00:00,-4.6525
2026-04-05 08:00:00,-15.2075
2026-04-05 09:00:00,-67.07499999999999
2026-04-05 10:00:00,-266.4525
2026-04-05 11:00:00,-586.03
2026-04-05 12:00:00,-776.405
2026-04-05 13:00:00,-847.1875
2026-04-05 14:00:00,-650.26
2026-04-05 15:00:00,-349.605
2026-04-05 16:00:00,-159.0075
2026-04-05 17:00:00,-42.2825
2026-04-05 18:00:00,5.3675
2026-04-05 19:00:00,189.10000000000002
2026-04-05 20:00:00,366.3225
2026-04-05 21:00:00,372.795
2026-04-05 22:00:00,359.93
2026-04-05 23:00:00,256.77500000000003
2026-04-06 00:00:00,-10.7725
2026-04-06 01:00:00,26.637500000000003
2026-04-06 02:00:00,4.76
2026-04-06 03:00:00,6.7575
2026-04-06 04:00:00,5.025
2026-04-06 05:00:00,-4.1075
2026-04-06 06:00:00,-6.845
2026-04-06 07:00:00,-2.985
2026-04-06 08:00:00,1.4425
2026-04-06 09:00:00,-61.8875
2026-04-06 10:00:00,-141.2475
2026-04-06 11:00:00,-414.93
2026-04-06 12:00:00,-480.32
2026-04-06 13:00:00,-584.4925
2026-04-06 14:00:00,-628.0025
2026-04-06 15:00:00,-383.755
2026-04-06 16:00:00,-123.355
2026-04-06 17:00:00,-21.85
2026-04-06 18:00:00,178.505
2026-04-06 19:00:00,432.435
2026-04-06 20:00:00,492.865
2026-04-06 21:00:00,475.305
2026-04-06 22:00:00,459.755
2026-04-06 23:00:00,471.53999999999996
2026-04-07 00:00:00,390.62
2026-04-07 01:00:00,377.69
2026-04-07 02:00:00,390.5425
2026-04-07 03:00:00,418.1275
2026-04-07 04:00:00,414.98249999999996
2026-04-07 05:00:00,447.7025
2026-04-07 06:00:00,608.6175000000001
2026-04-07 07:00:00,718.6600000000001
2026-04-07 08:00:00,535.5325
2026-04-07 09:00:00,290.5875
2026-04-07 10:00:00,45.0
2026-04-07 11:00:00,-0.03249999999999997
2026-04-07 12:00:00,-12.8775
2026-04-07 13:00:00,-45.79
2026-04-07 14:00:00,-47.3625
2026-04-07 15:00:00,-22.96
2026-04-07 16:00:00,14.692499999999999
2026-04-07 17:00:00,352.87
2026-04-07 18:00:00,579.1025
2026-04-07 19:00:00,783.9549999999999
2026-04-07 20:00:00,776.5875
2026-04-07 21:00:00,619.215
2026-04-07 22:00:00,557.605
2026-04-07 23:00:00,512.23
2026-04-08 00:00:00,464.35
2026-04-08 01:00:00,443.495
2026-04-08 02:00:00,437.3425
2026-04-08 03:00:00,450.72
2026-04-08 04:00:00,468.4075
2026-04-08 05:00:00,507.77
2026-04-08 06:00:00,615.9475
2026-04-08 07:00:00,696.9575
2026-04-08 08:00:00,575.165
2026-04-08 09:00:00,405.88
2026-04-08 10:00:00,336.41999999999996
2026-04-08 11:00:00,246.8975
2026-04-08 12:00:00,202.79500000000002
2026-04-08 13:00:00,132.685
2026-04-08 14:00:00,87.44749999999999
2026-04-08 15:00:00,107.9425
2026-04-08 16:00:00,196.7775
2026-04-08 17:00:00,436.91
2026-04-08 18:00:00,583.7875
2026-04-08 19:00:00,709.5975
2026-04-08 20:00:00,685.645
2026-04-08 21:00:00,579.2825
2026-04-08 22:00:00,492.805
2026-04-08 23:00:00,442.1375
2026-04-09 00:00:00,441.7125
2026-04-09 01:00:00,419.1625
2026-04-09 02:00:00,425.7375
2026-04-09 03:00:00,435.3825
2026-04-09 04:00:00,452.07
2026-04-09 05:00:00,498.65749999999997
2026-04-09 06:00:00,624.6925
2026-04-09 07:00:00,627.0375
2026-04-09 08:00:00,543.9325
2026-04-09 09:00:00,408.745
2026-04-09 10:00:00,173.25
2026-04-09 11:00:00,5.2425
2026-04-09 12:00:00,-4.7825
2026-04-09 13:00:00,-20.97
2026-04-09 14:00:00,-20.127499999999998
2026-04-09 15:00:00,-2.875
2026-04-09 16:00:00,241.7575
2026-04-09 17:00:00,455.98
2026-04-09 18:00:00,540.01
2026-04-09 19:00:00,725.4100000000001
2026-04-09 20:00:00,803.7
2026-04-09 21:00:00,509.335
2026-04-09 22:00:00,505.1675
2026-04-09 23:00:00,452.9325
2026-04-10 00:00:00,421.94500000000005
2026-04-10 01:00:00,413.5725
2026-04-10 02:00:00,415.02000000000004
2026-04-10 03:00:00,417.7675
2026-04-10 04:00:00,409.0325
2026-04-10 05:00:00,428.4625
2026-04-10 06:00:00,528.1525
2026-04-10 07:00:00,545.4200000000001
2026-04-10 08:00:00,518.81
2026-04-10 09:00:00,453.4425
2026-04-10 10:00:00,412.5925
2026-04-10 11:00:00,353.6925
2026-04-10 12:00:00,325.5625
2026-04-10 13:00:00,329.8225
2026-04-10 14:00:00,360.8125
2026-04-10 15:00:00,415.1825
2026-04-10 16:00:00,477.645
2026-04-10 17:00:00,574.3399999999999
2026-04-10 18:00:00,660.115
2026-04-10 19:00:00,991.6725
2026-04-10 20:00:00,1139.5825
2026-04-10 21:00:00,746.8575
2026-04-10 22:00:00,624.365
2026-04-10 23:00:00,567.415
2026-04-11 00:00:00,536.2375
2026-04-11 01:00:00,524.02
2026-04-11 02:00:00,500.28249999999997
2026-04-11 03:00:00,497.29499999999996
2026-04-11 04:00:00,492.9375
2026-04-11 05:00:00,480.835
2026-04-11 06:00:00,472.8175
2026-04-11 07:00:00,485.635
2026-04-11 08:00:00,438.6425
2026-04-11 09:00:00,220.9325
2026-04-11 10:00:00,-4.88
2026-04-11 11:00:00,0.010000000000000009
2026-04-11 12:00:00,0.01
2026-04-11 13:00:00,1.2974999999999999
2026-04-11 14:00:00,14.1325
2026-04-11 15:00:00,63.0125
2026-04-11 16:00:00,326.935
2026-04-11 17:00:00,497.9425
2026-04-11 18:00:00,644.465
2026-04-11 19:00:00,723.3325
2026-04-11 20:00:00,618.9975
2026-04-11 21:00:00,487.6725
2026-04-11 22:00:00,449.17
2026-04-11 23:00:00,457.52750000000003
2026-04-12 00:00:00,425.755
2026-04-12 01:00:00,416.25
2026-04-12 02:00:00,415.24
2026-04-12 03:00:00,414.74
2026-04-12 04:00:00,417.76
2026-04-12 05:00:00,422.755
2026-04-12 06:00:00,429.095
2026-04-12 07:00:00,416.93
2026-04-12 08:00:00,301.525
2026-04-12 09:00:00,133.675
2026-04-12 10:00:00,11.047500000000001
2026-04-12 11:00:00,3.84
2026-04-12 12:00:00,27.7125
2026-04-12 13:00:00,3.6275
2026-04-12 14:00:00,8.135
2026-04-12 15:00:00,66.64
2026-04-12 16:00:00,271.27
2026-04-12 17:00:00,448.01
2026-04-12 18:00:00,560.6600000000001
2026-04-12 19:00:00,609.865
2026-04-12 20:00:00,619.6025
2026-04-12 21:00:00,581.58
2026-04-12 22:00:00,555.525
2026-04-12 23:00:00,514.755
2026-04-13 00:00:00,497.105
2026-04-13 01:00:00,467.0025
2026-04-13 02:00:00,458.4125
2026-04-13 03:00:00,460.8975
2026-04-13 04:00:00,470.14
2026-04-13 05:00:00,510.215
2026-04-13 06:00:00,580.5450000000001
2026-04-13 07:00:00,614.3475
2026-04-13 08:00:00,636.85
2026-04-13 09:00:00,435.1775
2026-04-13 10:00:00,239.475
2026-04-13 11:00:00,187.025
2026-04-13 12:00:00,75.53
2026-04-13 13:00:00,80.145
2026-04-13 14:00:00,119.935
2026-04-13 15:00:00,151.9325
2026-04-13 16:00:00,390.2075
2026-04-13 17:00:00,564.3525
2026-04-13 18:00:00,636.0325
2026-04-13 19:00:00,700.4499999999999
2026-04-13 20:00:00,673.7825
2026-04-13 21:00:00,584.7774999999999
2026-04-13 22:00:00,539.7125
2026-04-13 23:00:00,518.4375
2026-04-14 00:00:00,440.84000000000003
2026-04-14 01:00:00,419.9925
2026-04-14 02:00:00,425.0575
2026-04-14 03:00:00,428.48249999999996
2026-04-14 04:00:00,426.495
2026-04-14 05:00:00,436.6
2026-04-14 06:00:00,499.82
2026-04-14 07:00:00,693.4925
2026-04-14 08:00:00,678.3375
2026-04-14 09:00:00,591.73
2026-04-14 10:00:00,455.995
2026-04-14 11:00:00,434.8375
2026-04-14 12:00:00,441.69
2026-04-14 13:00:00,433.51750000000004
2026-04-14 14:00:00,457.9925
2026-04-14 15:00:00,511.2525
2026-04-14 16:00:00,542.9625
2026-04-14 17:00:00,603.0275
2026-04-14 18:00:00,690.2575
2026-04-14 19:00:00,935.9925000000001
2026-04-14 20:00:00,970.5325
2026-04-14 21:00:00,712.81
2026-04-14 22:00:00,636.16
2026-04-14 23:00:00,581.145
2026-04-15 00:00:00,519.1825
2026-04-15 01:00:00,499.355
2026-04-15 02:00:00,479.7525
2026-04-15 03:00:00,473.065
2026-04-15 04:00:00,475.485
2026-04-15 05:00:00,529.7825
2026-04-15 06:00:00,637.7275
2026-04-15 07:00:00,673.555
2026-04-15 08:00:00,595.7675
2026-04-15 09:00:00,494.05
2026-04-15 10:00:00,434.8325
2026-04-15 11:00:00,386.38
2026-04-15 12:00:00,377.3625
2026-04-15 13:00:00,354.13
2026-04-15 14:00:00,340.22249999999997
2026-04-15 15:00:00,377.5425
2026-04-15 16:00:00,419.1925
2026-04-15 17:00:00,522.845
2026-04-15 18:00:00,620.3375
2026-04-15 19:00:00,779.065
2026-04-15 20:00:00,790.0
2026-04-15 21:00:00,639.8924999999999
2026-04-15 22:00:00,564.905
2026-04-15 23:00:00,501.45500000000004
2026-04-16 00:00:00,450.7425
2026-04-16 01:00:00,431.7925
2026-04-16 02:00:00,425.395
2026-04-16 03:00:00,419.75750000000005
2026-04-16 04:00:00,430.0875
2026-04-16 05:00:00,473.91749999999996
2026-04-16 06:00:00,596.5475
2026-04-16 07:00:00,618.2325
2026-04-16 08:00:00,567.725
2026-04-16 09:00:00,467.8175
2026-04-16 10:00:00,417.1025
2026-04-16 11:00:00,334.64
2026-04-16 12:00:00,275.7025
2026-04-16 13:00:00,300.89
2026-04-16 14:00:00,359.78499999999997
2026-04-16 15:00:00,396.18
2026-04-16 16:00:00,459.59749999999997
2026-04-16 17:00:00,483.865
2026-04-16 18:00:00,564.655
2026-04-16 19:00:00,738.645
2026-04-16 20:00:00,825.77
2026-04-16 21:00:00,662.6025
2026-04-16 22:00:00,586.505
2026-04-16 23:00:00,542.175
2026-04-17 00:00:00,516.83
2026-04-17 01:00:00,490.07
2026-04-17 02:00:00,477.2625
2026-04-17 03:00:00,460.7
2026-04-17 04:00:00,474.10249999999996
2026-04-17 05:00:00,511.89
2026-04-17 06:00:00,612.595
2026-04-17 07:00:00,616.73
2026-04-17 08:00:00,534.2525
2026-04-17 09:00:00,387.415
2026-04-17 10:00:00,179.94
2026-04-17 11:00:00,-3.4124999999999996
2026-04-17 12:00:00,-21.7575
2026-04-17 13:00:00,-1.9425
2026-04-17 14:00:00,1.5075000000000003
2026-04-17 15:00:00,168.2125
2026-04-17 16:00:00,351.3
2026-04-17 17:00:00,436.155
2026-04-17 18:00:00,547.685
2026-04-17 19:00:00,683.56
2026-04-17 20:00:00,711.4775
2026-04-17 21:00:00,580.62
2026-04-17 22:00:00,527.285
2026-04-17 23:00:00,479.8375
2026-04-18 00:00:00,496.2425
2026-04-18 01:00:00,473.4625
2026-04-18 02:00:00,469.5375
2026-04-18 03:00:00,461.86
2026-04-18 04:00:00,467.5375
2026-04-18 05:00:00,476.3525
2026-04-18 06:00:00,473.89
2026-04-18 07:00:00,451.1775
2026-04-18 08:00:00,367.6925
2026-04-18 09:00:00,117.10000000000001
2026-04-18 10:00:00,-143.2975
2026-04-18 11:00:00,-23.305
2026-04-18 12:00:00,-14.557500000000001
2026-04-18 13:00:00,-17.259999999999998
2026-04-18 14:00:00,-3.0475
2026-04-18 15:00:00,-50.095
2026-04-18 16:00:00,170.69
2026-04-18 17:00:00,428.23
2026-04-18 18:00:00,511.9975
2026-04-18 19:00:00,560.8775
2026-04-18 20:00:00,616.605
2026-04-18 21:00:00,598.73
2026-04-18 22:00:00,556.1525
2026-04-18 23:00:00,534.9825
2026-04-19 00:00:00,496.855
2026-04-19 01:00:00,472.6675
2026-04-19 02:00:00,465.0575
2026-04-19 03:00:00,457.305
2026-04-19 04:00:00,452.055
2026-04-19 05:00:00,463.6625
2026-04-19 06:00:00,450.795
2026-04-19 07:00:00,416.1275
2026-04-19 08:00:00,400.41499999999996
2026-04-19 09:00:00,365.5875
2026-04-19 10:00:00,366.3825
2026-04-19 11:00:00,183.07999999999998
2026-04-19 12:00:00,31.555
2026-04-19 13:00:00,135.5775
2026-04-19 14:00:00,329.5225
2026-04-19 15:00:00,375.4575
2026-04-19 16:00:00,300.57
2026-04-19 17:00:00,327.2
2026-04-19 18:00:00,449.65
2026-04-19 19:00:00,497.7775
2026-04-19 20:00:00,523.1075000000001
2026-04-19 21:00:00,514.465
2026-04-19 22:00:00,508.63
2026-04-19 23:00:00,473.78499999999997
2026-04-20 00:00:00,446.485
2026-04-20 01:00:00,426.43
2026-04-20 02:00:00,416.05
2026-04-20 03:00:00,419.59749999999997
2026-04-20 04:00:00,433.6825
2026-04-20 05:00:00,461.5025
2026-04-20 06:00:00,544.04
2026-04-20 07:00:00,593.2375
2026-04-20 08:00:00,560.4725000000001
2026-04-20 09:00:00,460.26
2026-04-20 10:00:00,378.45500000000004
2026-04-20 11:00:00,363.0875
2026-04-20 12:00:00,330.6225
2026-04-20 13:00:00,320.65
2026-04-20 14:00:00,329.055
2026-04-20 15:00:00,417.77
2026-04-20 16:00:00,439.4325
2026-04-20 17:00:00,485.025
2026-04-20 18:00:00,540.235
2026-04-20 19:00:00,691.785
2026-04-20 20:00:00,719.21
2026-04-20 21:00:00,522.2049999999999
2026-04-20 22:00:00,496.2825
2026-04-20 23:00:00,465.345
2026-04-21 00:00:00,436.365
2026-04-21 01:00:00,427.7575
2026-04-21 02:00:00,428.5425
2026-04-21 03:00:00,429.0175
2026-04-21 04:00:00,434.82
2026-04-21 05:00:00,476.9
2026-04-21 06:00:00,555.25
2026-04-21 07:00:00,581.6425
2026-04-21 08:00:00,477.2475
2026-04-21 09:00:00,342.62
2026-04-21 10:00:00,4.425000000000001
2026-04-21 11:00:00,-57.165000000000006
2026-04-21 12:00:00,-200.87
2026-04-21 13:00:00,-3.1450000000000005
2026-04-21 14:00:00,0.009999999999999787
2026-04-21 15:00:00,-85.9525
2026-04-21 16:00:00,101.9275
2026-04-21 17:00:00,383.76
2026-04-21 18:00:00,447.005
2026-04-21 19:00:00,610.1775
2026-04-21 20:00:00,673.99
2026-04-21 21:00:00,562.79
2026-04-21 22:00:00,517.575
2026-04-21 23:00:00,487.71000000000004
2026-04-22 00:00:00,467.3725
2026-04-22 01:00:00,452.475
2026-04-22 02:00:00,454.115
2026-04-22 03:00:00,457.445
2026-04-22 04:00:00,484.22749999999996
2026-04-22 05:00:00,530.0074999999999
2026-04-22 06:00:00,608.1800000000001
2026-04-22 07:00:00,575.0225
2026-04-22 08:00:00,478.52
2026-04-22 09:00:00,278.04499999999996
2026-04-22 10:00:00,15.5
2026-04-22 11:00:00,-37.9825
2026-04-22 12:00:00,-32.480000000000004
2026-04-22 13:00:00,-71.965
2026-04-22 14:00:00,-65.6075
2026-04-22 15:00:00,-4.995
2026-04-22 16:00:00,15.49
2026-04-22 17:00:00,273.7575
2026-04-22 18:00:00,471.5825
2026-04-22 19:00:00,606.71
2026-04-22 20:00:00,690.8975
2026-04-22 21:00:00,565.13
2026-04-22 22:00:00,488.3925
2026-04-22 23:00:00,422.4175
2026-04-23 00:00:00,412.9075
2026-04-23 01:00:00,424.6725
2026-04-23 02:00:00,421.855
2026-04-23 03:00:00,422.65749999999997
2026-04-23 04:00:00,426.7525
2026-04-23 05:00:00,459.7475
2026-04-23 06:00:00,521.95
2026-04-23 07:00:00,520.0174999999999
2026-04-23 08:00:00,424.9075
2026-04-23 09:00:00,84.82499999999999
2026-04-23 10:00:00,-6.15
2026-04-23 11:00:00,-90.88999999999999
2026-04-23 12:00:00,-161.3175
2026-04-23 13:00:00,-211.31
2026-04-23 14:00:00,-193.165
2026-04-23 15:00:00,-98.97
2026-04-23 16:00:00,-6.3825
2026-04-23 17:00:00,227.305
2026-04-23 18:00:00,447.97749999999996
2026-04-23 19:00:00,564.26
2026-04-23 20:00:00,659.21
2026-04-23 21:00:00,559.9425
2026-04-23 22:00:00,485.72249999999997
2026-04-23 23:00:00,454.485
2026-04-24 00:00:00,448.9825
2026-04-24 01:00:00,433.8175
2026-04-24 02:00:00,435.255
2026-04-24 03:00:00,438.985
2026-04-24 04:00:00,459.3825
2026-04-24 05:00:00,506.9125
2026-04-24 06:00:00,570.405
2026-04-24 07:00:00,591.05
2026-04-24 08:00:00,483.83
2026-04-24 09:00:00,349.8675
2026-04-24 10:00:00,170.79000000000002
2026-04-24 11:00:00,100.065
2026-04-24 12:00:00,108.6975
2026-04-24 13:00:00,201.38
2026-04-24 14:00:00,259.72249999999997
2026-04-24 15:00:00,371.265
2026-04-24 16:00:00,394.38
2026-04-24 17:00:00,417.83500000000004
2026-04-24 18:00:00,486.985
2026-04-24 19:00:00,608.7925
2026-04-24 20:00:00,707.2275
2026-04-24 21:00:00,567.845
2026-04-24 22:00:00,509.6725
2026-04-24 23:00:00,474.15250000000003
2026-04-25 00:00:00,443.37
2026-04-25 01:00:00,420.2925
2026-04-25 02:00:00,411.37
2026-04-25 03:00:00,394.7075
2026-04-25 04:00:00,389.1175
2026-04-25 05:00:00,383.305
2026-04-25 06:00:00,372.07
2026-04-25 07:00:00,324.4475
2026-04-25 08:00:00,94.625
2026-04-25 09:00:00,7.055000000000001
2026-04-25 10:00:00,-29.605
2026-04-25 11:00:00,-179.8625
2026-04-25 12:00:00,-434.40000000000003
2026-04-25 13:00:00,-766.3475
2026-04-25 14:00:00,-829.85
2026-04-25 15:00:00,-568.1424999999999
2026-04-25 16:00:00,-237.375
2026-04-25 17:00:00,-22.5
2026-04-25 18:00:00,12.315000000000001
2026-04-25 19:00:00,276.9375
2026-04-25 20:00:00,321.9975
2026-04-25 21:00:00,321.0825
2026-04-25 22:00:00,317.52
2026-04-25 23:00:00,311.505
2026-04-26 00:00:00,353.14
2026-04-26 01:00:00,366.81
2026-04-26 02:00:00,363.245
2026-04-26 03:00:00,361.3375
2026-04-26 04:00:00,373.24
2026-04-26 05:00:00,410.5675
2026-04-26 06:00:00,377.29
2026-04-26 07:00:00,208.3225
2026-04-26 08:00:00,0.009999999999999787
2026-04-26 09:00:00,-21.2575
2026-04-26 10:00:00,-119.58500000000001
2026-04-26 11:00:00,-537.3925
2026-04-26 12:00:00,-1080.045
2026-04-26 13:00:00,-1679.3
2026-04-26 14:00:00,-1487.8775
2026-04-26 15:00:00,-987.1625
2026-04-26 16:00:00,-160.44
2026-04-26 17:00:00,43.160000000000004
2026-04-26 18:00:00,437.6975
2026-04-26 19:00:00,604.6725
2026-04-26 20:00:00,658.365
2026-04-26 21:00:00,586.2825
2026-04-26 22:00:00,529.9975
2026-04-26 23:00:00,527.1575
2026-04-27 00:00:00,512.1825
2026-04-27 01:00:00,491.2325
2026-04-27 02:00:00,490.0
2026-04-27 03:00:00,490.4675
2026-04-27 04:00:00,509.0825
2026-04-27 05:00:00,538.465
2026-04-27 06:00:00,679.25
2026-04-27 07:00:00,634.8325
2026-04-27 08:00:00,519.7
2026-04-27 09:00:00,334.98249999999996
2026-04-27 10:00:00,100.6725
2026-04-27 11:00:00,12.4875
2026-04-27 12:00:00,-0.4125
2026-04-27 13:00:00,-3.52
2026-04-27 14:00:00,-0.6875
2026-04-27 15:00:00,20.005
2026-04-27 16:00:00,304.8025
2026-04-27 17:00:00,471.365
2026-04-27 18:00:00,566.2875
2026-04-27 19:00:00,694.5799999999999
2026-04-27 20:00:00,808.54
2026-04-27 21:00:00,617.4024999999999
2026-04-27 22:00:00,540.7875
2026-04-27 23:00:00,503.7175
2026-04-28 00:00:00,490.58000000000004
2026-04-28 01:00:00,470.5025
2026-04-28 02:00:00,455.455
2026-04-28 03:00:00,455.9525
2026-04-28 04:00:00,466.895
2026-04-28 05:00:00,494.465
2026-04-28 06:00:00,539.2925
2026-04-28 07:00:00,533.1625
2026-04-28 08:00:00,485.4125
2026-04-28 09:00:00,293.305
2026-04-28 10:00:00,-27.952499999999997
2026-04-28 11:00:00,-2.1100000000000003
2026-04-28 12:00:00,-24.42
2026-04-28 13:00:00,-65.525
2026-04-28 14:00:00,-34.445
2026-04-28 15:00:00,0.13999999999999968
2026-04-28 16:00:00,11.3
2026-04-28 17:00:00,319.4075
2026-04-28 18:00:00,465.59
2026-04-28 19:00:00,599.9175
2026-04-28 20:00:00,790.2425
2026-04-28 21:00:00,582.7925
2026-04-28 22:00:00,492.065
2026-04-28 23:00:00,453.8975
2026-04-29 00:00:00,430.53
2026-04-29 01:00:00,423.4575
2026-04-29 02:00:00,432.7175
2026-04-29 03:00:00,436.7825
2026-04-29 04:00:00,446.7625
2026-04-29 05:00:00,473.9425
2026-04-29 06:00:00,553.2975
2026-04-29 07:00:00,545.135
2026-04-29 08:00:00,496.3375
2026-04-29 09:00:00,268.0575
2026-04-29 10:00:00,39.845
2026-04-29 11:00:00,0.007499999999999396
2026-04-29 12:00:00,0.0
2026-04-29 13:00:00,0.052500000000000005
2026-04-29 14:00:00,22.89
2026-04-29 15:00:00,14.087499999999999
2026-04-29 16:00:00,171.5575
2026-04-29 17:00:00,439.2875
2026-04-29 18:00:00,461.02000000000004
2026-04-29 19:00:00,535.05
2026-04-29 20:00:00,685.3075
2026-04-29 21:00:00,528.21
2026-04-29 22:00:00,503.5675
2026-04-29 23:00:00,461.0625
2026-04-30 00:00:00,484.06
2026-04-30 01:00:00,452.945
2026-04-30 02:00:00,439.6825
2026-04-30 03:00:00,445.4575
2026-04-30 04:00:00,464.855
2026-04-30 05:00:00,508.8075
2026-04-30 06:00:00,573.015
2026-04-30 07:00:00,517.96
2026-04-30 08:00:00,427.5625
2026-04-30 09:00:00,200.89
2026-04-30 10:00:00,0.9025000000000003
2026-04-30 11:00:00,-10.2075
2026-04-30 12:00:00,0.01
2026-04-30 13:00:00,0.0
2026-04-30 14:00:00,0.009999999999999787
2026-04-30 15:00:00,-29.68
2026-04-30 16:00:00,353.335
2026-04-30 17:00:00,433.8225
2026-04-30 18:00:00,510.145
2026-04-30 19:00:00,664.47
2026-04-30 20:00:00,799.7049999999999
2026-04-30 21:00:00,583.5025
2026-04-30 22:00:00,513.8375
2026-04-30 23:00:00,473.96000000000004
2026-05-01 00:00:00,475.84749999999997
2026-05-01 01:00:00,455.4275
2026-05-01 02:00:00,451.1575
2026-05-01 03:00:00,442.4125
2026-05-01 04:00:00,437.41
2026-05-01 05:00:00,433.13
2026-05-01 06:00:00,424.2925
2026-05-01 07:00:00,359.46
2026-05-01 08:00:00,154.68249999999998
2026-05-01 09:00:00,-0.12749999999999995
2026-05-01 10:00:00,-90.7975
2026-05-01 11:00:00,-465.955
2026-05-01 12:00:00,-1354.725
2026-05-01 13:00:00,-1998.415
2026-05-01 14:00:00,-1699.4725
2026-05-01 15:00:00,-557.49
2026-05-01 16:00:00,15.482500000000002
2026-05-01 17:00:00,225.46750000000003
2026-05-01 18:00:00,542.3175
2026-05-01 19:00:00,614.23
2026-05-01 20:00:00,748.385
2026-05-01 21:00:00,618.775
2026-05-01 22:00:00,552.9625000000001
2026-05-01 23:00:00,468.1075
2026-05-02 00:00:00,507.27750000000003
2026-05-02 01:00:00,450.6575
2026-05-02 02:00:00,436.825
2026-05-02 03:00:00,413.25
2026-05-02 04:00:00,412.41
2026-05-02 05:00:00,413.56
2026-05-02 06:00:00,405.33
2026-05-02 07:00:00,383.865
2026-05-02 08:00:00,88.7675
2026-05-02 09:00:00,6.3675
2026-05-02 10:00:00,-9.8475
2026-05-02 11:00:00,-91.41499999999999
2026-05-02 12:00:00,-345.1825
2026-05-02 13:00:00,-547.3025
2026-05-02 14:00:00,-365.475
2026-05-02 15:00:00,-59.4525
2026-05-02 16:00:00,0.1175
2026-05-02 17:00:00,243.875
2026-05-02 18:00:00,662.1425
2026-05-02 19:00:00,705.37
2026-05-02 20:00:00,786.0125
2026-05-02 21:00:00,653.4325
2026-05-02 22:00:00,596.8
2026-05-02 23:00:00,531.5975
2026-05-03 00:00:00,518.7249999999999
2026-05-03 01:00:00,498.14250000000004
2026-05-03 02:00:00,471.3025
2026-05-03 03:00:00,465.455
2026-05-03 04:00:00,457.9375
2026-05-03 05:00:00,449.88750000000005
2026-05-03 06:00:00,414.425
2026-05-03 07:00:00,252.19
2026-05-03 08:00:00,-52.64
2026-05-03 09:00:00,0.0
2026-05-03 10:00:00,-1.5425
2026-05-03 11:00:00,-6.25
2026-05-03 12:00:00,-27.405
2026-05-03 13:00:00,-57.835
2026-05-03 14:00:00,-42.1725
2026-05-03 15:00:00,-16.3125
2026-05-03 16:00:00,33.6875
2026-05-03 17:00:00,315.17
2026-05-03 18:00:00,530.415
2026-05-03 19:00:00,563.23
2026-05-03 20:00:00,592.1275
2026-05-03 21:00:00,586.3675
2026-05-03 22:00:00,556.585
2026-05-03 23:00:00,517.605
2026-05-04 00:00:00,499.655
2026-05-04 01:00:00,460.7575
2026-05-04 02:00:00,471.77
2026-05-04 03:00:00,453.72249999999997
2026-05-04 04:00:00,470.3925
2026-05-04 05:00:00,539.1975
2026-05-04 06:00:00,625.8775
2026-05-04 07:00:00,637.57
2026-05-04 08:00:00,564.7825
2026-05-04 09:00:00,349.7825
2026-05-04 10:00:00,220.525
2026-05-04 11:00:00,192.0
2026-05-04 12:00:00,119.495
2026-05-04 13:00:00,118.5675
2026-05-04 14:00:00,142.7675
2026-05-04 15:00:00,249.925
2026-05-04 16:00:00,448.4625
2026-05-04 17:00:00,561.365
2026-05-04 18:00:00,736.76
2026-05-04 19:00:00,999.3499999999999
2026-05-04 20:00:00,1090.6075
2026-05-04 21:00:00,805.8575000000001
2026-05-04 22:00:00,652.74
2026-05-04 23:00:00,583.725
2026-05-05 00:00:00,560.015
2026-05-05 01:00:00,540.02
2026-05-05 02:00:00,526.48
2026-05-05 03:00:00,526.79
2026-05-05 04:00:00,534.4375
2026-05-05 05:00:00,577.4375
2026-05-05 06:00:00,659.985
2026-05-05 07:00:00,659.985
2026-05-05 08:00:00,580.65
2026-05-05 09:00:00,458.95500000000004
2026-05-05 10:00:00,397.8175
2026-05-05 11:00:00,317.665
2026-05-05 12:00:00,305.98
2026-05-05 13:00:00,303.6875
2026-05-05 14:00:00,309.05
2026-05-05 15:00:00,376.545
2026-05-05 16:00:00,457.06
2026-05-05 17:00:00,569.41
2026-05-05 18:00:00,638.575
2026-05-05 19:00:00,752.9449999999999
2026-05-05 20:00:00,773.0575
2026-05-05 21:00:00,650.255
2026-05-05 22:00:00,568.9275
2026-05-05 23:00:00,489.395
2026-05-06 00:00:00,506.79249999999996
2026-05-06 01:00:00,483.4
2026-05-06 02:00:00,480.2725
2026-05-06 03:00:00,478.9225
2026-05-06 04:00:00,479.6125
2026-05-06 05:00:00,493.87
2026-05-06 06:00:00,547.6525
2026-05-06 07:00:00,569.3425
2026-05-06 08:00:00,540.0375
2026-05-06 09:00:00,481.1225
2026-05-06 10:00:00,350.4825
2026-05-06 11:00:00,346.45
2026-05-06 12:00:00,332.005
2026-05-06 13:00:00,296.7075
2026-05-06 14:00:00,367.6725
2026-05-06 15:00:00,432.85249999999996
2026-05-06 16:00:00,480.3775
2026-05-06 17:00:00,541.4525
2026-05-06 18:00:00,561.6949999999999
2026-05-06 19:00:00,617.03
2026-05-06 20:00:00,658.52
2026-05-06 21:00:00,657.35
2026-05-06 22:00:00,606.725
2026-05-06 23:00:00,540.315
2026-05-07 00:00:00,529.8
2026-05-07 01:00:00,492.7225
2026-05-07 02:00:00,488.465
2026-05-07 03:00:00,495.2525
2026-05-07 04:00:00,505.565
2026-05-07 05:00:00,537.32
2026-05-07 06:00:00,644.625
2026-05-07 07:00:00,627.845
2026-05-07 08:00:00,585.3325
2026-05-07 09:00:00,583.1925
2026-05-07 10:00:00,512.4475
2026-05-07 11:00:00,481.5825
2026-05-07 12:00:00,456.28
2026-05-07 13:00:00,459.6375
2026-05-07 14:00:00,478.925
2026-05-07 15:00:00,473.7825
2026-05-07 16:00:00,518.1949999999999
2026-05-07 17:00:00,579.0325
2026-05-07 18:00:00,638.8
2026-05-07 19:00:00,790.7775
2026-05-07 20:00:00,904.8075
2026-05-07 21:00:00,759.5975
2026-05-07 22:00:00,655.6575
2026-05-07 23:00:00,607.25
2026-05-08 00:00:00,554.37
2026-05-08 01:00:00,513.4649999999999
2026-05-08 02:00:00,504.395
2026-05-08 03:00:00,504.505
2026-05-08 04:00:00,512.9725
2026-05-08 05:00:00,542.3375
2026-05-08 06:00:00,614.7525
2026-05-08 07:00:00,634.2375
2026-05-08 08:00:00,595.0575
2026-05-08 09:00:00,498.415
2026-05-08 10:00:00,462.6
2026-05-08 11:00:00,471.36
2026-05-08 12:00:00,457.855
2026-05-08 13:00:00,430.885
2026-05-08 14:00:00,413.9375
2026-05-08 15:00:00,414.445
2026-05-08 16:00:00,424.9625
2026-05-08 17:00:00,480.985
2026-05-08 18:00:00,550.6075
2026-05-08 19:00:00,607.49
2026-05-08 20:00:00,625.7475
2026-05-08 21:00:00,584.31
2026-05-08 22:00:00,525.21
2026-05-08 23:00:00,488.9425
2026-05-09 00:00:00,544.27
2026-05-09 01:00:00,535.7175
2026-05-09 02:00:00,538.475
2026-05-09 03:00:00,548.115
2026-05-09 04:00:00,547.4725
2026-05-09 05:00:00,547.2
2026-05-09 06:00:00,551.6925
2026-05-09 07:00:00,513.8774999999999
2026-05-09 08:00:00,483.0625
2026-05-09 09:00:00,463.94
2026-05-09 10:00:00,426.6875
2026-05-09 11:00:00,366.23249999999996
2026-05-09 12:00:00,291.93
2026-05-09 13:00:00,200.6375
2026-05-09 14:00:00,200.41750000000002
2026-05-09 15:00:00,317.1425
2026-05-09 16:00:00,403.4
2026-05-09 17:00:00,491.89
2026-05-09 18:00:00,534.8475
2026-05-09 19:00:00,591.955
2026-05-09 20:00:00,619.5775
2026-05-09 21:00:00,610.6975
2026-05-09 22:00:00,581.975
2026-05-09 23:00:00,539.735
2026-05-10 00:00:00,553.2325
2026-05-10 01:00:00,544.005
2026-05-10 02:00:00,549.5975
2026-05-10 03:00:00,541.31
2026-05-10 04:00:00,549.0675
2026-05-10 05:00:00,546.2675
2026-05-10 06:00:00,504.4675
2026-05-10 07:00:00,441.17
2026-05-10 08:00:00,294.485
2026-05-10 09:00:00,47.27
2026-05-10 10:00:00,0.012499999999999997
2026-05-10 11:00:00,-2.6
2026-05-10 12:00:00,-7.3375
2026-05-10 13:00:00,-8.182500000000001
2026-05-10 14:00:00,-5.5525
2026-05-10 15:00:00,-1.07
2026-05-10 16:00:00,5.32
2026-05-10 17:00:00,318.895
2026-05-10 18:00:00,487.6
2026-05-10 19:00:00,523.9625
2026-05-10 20:00:00,543.0
2026-05-10 21:00:00,545.9
2026-05-10 22:00:00,527.58
2026-05-10 23:00:00,514.385
2026-05-11 00:00:00,518.285
2026-05-11 01:00:00,490.5675
2026-05-11 02:00:00,482.71500000000003
2026-05-11 03:00:00,491.33
2026-05-11 04:00:00,489.2475
2026-05-11 05:00:00,522.7475000000001
2026-05-11 06:00:00,577.4925000000001
2026-05-11 07:00:00,646.8299999999999
2026-05-11 08:00:00,612.025
2026-05-11 09:00:00,545.485
2026-05-11 10:00:00,440.2825
2026-05-11 11:00:00,450.10249999999996
2026-05-11 12:00:00,462.0075
2026-05-11 13:00:00,438.0625
2026-05-11 14:00:00,426.9975
2026-05-11 15:00:00,431.3075
2026-05-11 16:00:00,467.175
2026-05-11 17:00:00,519.2875
2026-05-11 18:00:00,530.5799999999999
2026-05-11 19:00:00,553.5075
2026-05-11 20:00:00,542.1875
2026-05-11 21:00:00,540.22
2026-05-11 22:00:00,509.1625
2026-05-11 23:00:00,447.8925
2026-05-12 00:00:00,416.655
2026-05-12 01:00:00,403.725
2026-05-12 02:00:00,392.98
2026-05-12 03:00:00,382.045
2026-05-12 04:00:00,383.1675
2026-05-12 05:00:00,397.795
2026-05-12 06:00:00,470.9525
2026-05-12 07:00:00,518.53
2026-05-12 08:00:00,475.3375
2026-05-12 09:00:00,410.6375
2026-05-12 10:00:00,377.3725
2026-05-12 11:00:00,385.965
2026-05-12 12:00:00,385.7125
2026-05-12 13:00:00,350.945
2026-05-12 14:00:00,264.015
2026-05-12 15:00:00,295.8025
2026-05-12 16:00:00,400.45
2026-05-12 17:00:00,431.385
2026-05-12 18:00:00,486.4875
2026-05-12 19:00:00,575.4549999999999
2026-05-12 20:00:00,594.0275
2026-05-12 21:00:00,599.6575
2026-05-12 22:00:00,551.2950000000001
2026-05-12 23:00:00,494.985
2026-05-13 00:00:00,488.91
2026-05-13 01:00:00,454.65
2026-05-13 02:00:00,451.445
2026-05-13 03:00:00,467.4275
2026-05-13 04:00:00,472.0475
2026-05-13 05:00:00,506.3675
2026-05-13 06:00:00,593.5649999999999
2026-05-13 07:00:00,609.0825
2026-05-13 08:00:00,546.28
2026-05-13 09:00:00,450.8075
2026-05-13 10:00:00,375.5075
2026-05-13 11:00:00,368.58000000000004
2026-05-13 12:00:00,325.88
2026-05-13 13:00:00,316.865
2026-05-13 14:00:00,310.695
2026-05-13 15:00:00,362.5825
2026-05-13 16:00:00,407.15
2026-05-13 17:00:00,502.76
2026-05-13 18:00:00,576.4375
2026-05-13 19:00:00,645.4825
2026-05-13 20:00:00,720.2225000000001
2026-05-13 21:00:00,680.1475
2026-05-13 22:00:00,608.54
2026-05-13 23:00:00,517.9025
2026-05-14 00:00:00,568.28
2026-05-14 01:00:00,544.37
2026-05-14 02:00:00,531.53
2026-05-14 03:00:00,519.9525
2026-05-14 04:00:00,500.52750000000003
2026-05-14 05:00:00,496.19
2026-05-14 06:00:00,501.7925
2026-05-14 07:00:00,494.6825
2026-05-14 08:00:00,448.4575
2026-05-14 09:00:00,374.5525
2026-05-14 10:00:00,261.0775
2026-05-14 11:00:00,156.575
2026-05-14 12:00:00,65.4125
2026-05-14 13:00:00,33.5625
2026-05-14 14:00:00,29.47
2026-05-14 15:00:00,100.835
2026-05-14 16:00:00,329.0075
2026-05-14 17:00:00,477.81
2026-05-14 18:00:00,553.1424999999999
2026-05-14 19:00:00,655.785
2026-05-14 20:00:00,899.6275
2026-05-14 21:00:00,709.025
2026-05-14 22:00:00,649.84
2026-05-14 23:00:00,581.0575
2026-05-15 00:00:00,595.29
2026-05-15 01:00:00,570.8225
2026-05-15 02:00:00,550.26
2026-05-15 03:00:00,534.1875
2026-05-15 04:00:00,544.23
2026-05-15 05:00:00,556.8525
2026-05-15 06:00:00,590.49
2026-05-15 07:00:00,575.465
2026-05-15 08:00:00,538.62
2026-05-15 09:00:00,464.355
2026-05-15 10:00:00,434.47249999999997
2026-05-15 11:00:00,429.13
2026-05-15 12:00:00,438.53
2026-05-15 13:00:00,431.675
2026-05-15 14:00:00,449.98
2026-05-15 15:00:00,485.33000000000004
2026-05-15 16:00:00,486.1275
2026-05-15 17:00:00,499.2175
2026-05-15 18:00:00,568.775
2026-05-15 19:00:00,652.955
2026-05-15 20:00:00,728.7775
2026-05-15 21:00:00,650.03
2026-05-15 22:00:00,621.2375
2026-05-15 23:00:00,583.4075
2026-05-16 00:00:00,558.7
2026-05-16 01:00:00,526.67
2026-05-16 02:00:00,511.10249999999996
2026-05-16 03:00:00,505.48249999999996
2026-05-16 04:00:00,494.9
2026-05-16 05:00:00,474.45500000000004
2026-05-16 06:00:00,457.775
2026-05-16 07:00:00,434.505
2026-05-16 08:00:00,407.14
2026-05-16 09:00:00,390.71
2026-05-16 10:00:00,356.96
2026-05-16 11:00:00,402.4575
2026-05-16 12:00:00,418.6425
2026-05-16 13:00:00,417.1775
2026-05-16 14:00:00,420.64250000000004
2026-05-16 15:00:00,416.3075
2026-05-16 16:00:00,390.02
2026-05-16 17:00:00,407.1625
2026-05-16 18:00:00,448.6425
2026-05-16 19:00:00,546.8875
2026-05-16 20:00:00,598.4575
2026-05-16 21:00:00,599.51
2026-05-16 22:00:00,579.9325
2026-05-16 23:00:00,546.8975
2026-05-17 00:00:00,548.075
2026-05-17 01:00:00,509.7375
2026-05-17 02:00:00,495.7
2026-05-17 03:00:00,491.29
2026-05-17 04:00:00,468.3875
2026-05-17 05:00:00,453.1125
2026-05-17 06:00:00,424.635
2026-05-17 07:00:00,406.355
2026-05-17 08:00:00,287.6825
2026-05-17 09:00:00,80.72999999999999
2026-05-17 10:00:00,14.87
2026-05-17 11:00:00,3.4400000000000004
2026-05-17 12:00:00,44.8375
2026-05-17 13:00:00,245.3225
2026-05-17 14:00:00,281.3075
2026-05-17 15:00:00,354.615
2026-05-17 16:00:00,434.64
2026-05-17 17:00:00,451.08500000000004
2026-05-17 18:00:00,549.595
2026-05-17 19:00:00,611.5425
2026-05-17 20:00:00,670.37
2026-05-17 21:00:00,671.6475
2026-05-17 22:00:00,646.385
2026-05-17 23:00:00,605.8075
2026-05-18 00:00:00,580.36
2026-05-18 01:00:00,542.1999999999999
2026-05-18 02:00:00,542.69
2026-05-18 03:00:00,545.2175
2026-05-18 04:00:00,557.8075
2026-05-18 05:00:00,589.8225
2026-05-18 06:00:00,656.0375
2026-05-18 07:00:00,682.0125
2026-05-18 08:00:00,633.0875
2026-05-18 09:00:00,526.48
2026-05-18 10:00:00,455.98249999999996
2026-05-18 11:00:00,437.615
2026-05-18 12:00:00,435.1875
2026-05-18 13:00:00,434.2
2026-05-18 14:00:00,438.02250000000004
2026-05-18 15:00:00,454.59
2026-05-18 16:00:00,497.325
2026-05-18 17:00:00,583.735
2026-05-18 18:00:00,657.8175
2026-05-18 19:00:00,827.23
2026-05-18 20:00:00,1087.6225
2026-05-18 21:00:00,923.52
2026-05-18 22:00:00,689.1075000000001
2026-05-18 23:00:00,641.785
2026-05-19 00:00:00,639.49
2026-05-19 01:00:00,616.865
2026-05-19 02:00:00,606.4575
2026-05-19 03:00:00,603.7925
2026-05-19 04:00:00,619.1
2026-05-19 05:00:00,641.1875
2026-05-19 06:00:00,714.915
2026-05-19 07:00:00,665.8975
2026-05-19 08:00:00,571.425
2026-05-19 09:00:00,466.9525
2026-05-19 10:00:00,411.28
2026-05-19 11:00:00,359.6825
2026-05-19 12:00:00,322.2
2026-05-19 13:00:00,324.355
2026-05-19 14:00:00,355.5875
2026-05-19 15:00:00,394.435
2026-05-19 16:00:00,453.0775
2026-05-19 17:00:00,560.595
2026-05-19 18:00:00,633.995
2026-05-19 19:00:00,751.75
2026-05-19 20:00:00,1019.35
2026-05-19 21:00:00,726.8725
2026-05-19 22:00:00,626.5475
2026-05-19 23:00:00,569.095
2026-05-20 00:00:00,575.6725
2026-05-20 01:00:00,493.1
2026-05-20 02:00:00,479.09
2026-05-20 03:00:00,485.65999999999997
2026-05-20 04:00:00,488.885
2026-05-20 05:00:00,523.27
2026-05-20 06:00:00,586.6324999999999
2026-05-20 07:00:00,592.83
2026-05-20 08:00:00,519.7225000000001
2026-05-20 09:00:00,394.205
2026-05-20 10:00:00,316.785
2026-05-20 11:00:00,284.11
2026-05-20 12:00:00,249.22500000000002
2026-05-20 13:00:00,186.0675
2026-05-20 14:00:00,150.0475
2026-05-20 15:00:00,202.9275
2026-05-20 16:00:00,364.155
2026-05-20 17:00:00,455.425
2026-05-20 18:00:00,573.225
2026-05-20 19:00:00,645.595
2026-05-20 20:00:00,716.4575
2026-05-20 21:00:00,706.0625
2026-05-20 22:00:00,640.4449999999999
2026-05-20 23:00:00,593.105
2026-05-21 00:00:00,570.105
2026-05-21 01:00:00,521.7525
2026-05-21 02:00:00,498.085
2026-05-21 03:00:00,487.2075
2026-05-21 04:00:00,498.605
2026-05-21 05:00:00,552.8
2026-05-21 06:00:00,614.35
2026-05-21 07:00:00,617.0875
2026-05-21 08:00:00,510.33750000000003
2026-05-21 09:00:00,357.0375
2026-05-21 10:00:00,218.16500000000002
2026-05-21 11:00:00,164.77
2026-05-21 12:00:00,53.88249999999999
2026-05-21 13:00:00,32.8875
2026-05-21 14:00:00,39.3675
2026-05-21 15:00:00,155.6025
2026-05-21 16:00:00,316.6375
2026-05-21 17:00:00,448.9475
2026-05-21 18:00:00,585.325
2026-05-21 19:00:00,703.7750000000001
2026-05-21 20:00:00,883.7
2026-05-21 21:00:00,809.16
2026-05-21 22:00:00,630.4375
2026-05-21 23:00:00,622.95
2026-05-22 00:00:00,612.5699999999999
2026-05-22 01:00:00,588.96
2026-05-22 02:00:00,568.2525
2026-05-22 03:00:00,556.5875
2026-05-22 04:00:00,570.6075000000001
2026-05-22 05:00:00,584.1424999999999
2026-05-22 06:00:00,614.1625
2026-05-22 07:00:00,542.8525
2026-05-22 08:00:00,519.0625
2026-05-22 09:00:00,354.7
2026-05-22 10:00:00,182.1225
2026-05-22 11:00:00,17.3975
2026-05-22 12:00:00,0.02
2026-05-22 13:00:00,0.0
2026-05-22 14:00:00,4.447500000000001
2026-05-22 15:00:00,103.39
2026-05-22 16:00:00,319.35249999999996
2026-05-22 17:00:00,479.6375
2026-05-22 18:00:00,588.455
2026-05-22 19:00:00,682.8875
2026-05-22 20:00:00,899.505
2026-05-22 21:00:00,799.765
2026-05-22 22:00:00,660.8675000000001
2026-05-22 23:00:00,599.7049999999999
2026-05-23 00:00:00,587.6775
2026-05-23 01:00:00,561.8775
2026-05-23 02:00:00,547.1475
2026-05-23 03:00:00,547.9725
2026-05-23 04:00:00,531.0649999999999
2026-05-23 05:00:00,521.3974999999999
2026-05-23 06:00:00,505.2225
2026-05-23 07:00:00,493.07000000000005
2026-05-23 08:00:00,343.19
2026-05-23 09:00:00,6.7925
2026-05-23 10:00:00,-1.4100000000000001
2026-05-23 11:00:00,15.4825
2026-05-23 12:00:00,68.56
2026-05-23 13:00:00,74.98249999999999
2026-05-23 14:00:00,112.58500000000001
2026-05-23 15:00:00,109.6375
2026-05-23 16:00:00,188.0875
2026-05-23 17:00:00,485.1
2026-05-23 18:00:00,625.5575
2026-05-23 19:00:00,650.635
2026-05-23 20:00:00,762.5074999999999
2026-05-23 21:00:00,711.215
2026-05-23 22:00:00,671.9375
2026-05-23 23:00:00,623.3924999999999
2026-05-24 00:00:00,621.13
2026-05-24 01:00:00,574.6325
2026-05-24 02:00:00,597.6825
2026-05-24 03:00:00,542.2125
2026-05-24 04:00:00,530.535
2026-05-24 05:00:00,507.24
2026-05-24 06:00:00,462.74
2026-05-24 07:00:00,369.7975
2026-05-24 08:00:00,52.6625
2026-05-24 09:00:00,-0.1175
2026-05-24 10:00:00,-10.625
2026-05-24 11:00:00,-58.042500000000004
2026-05-24 12:00:00,-157.065
2026-05-24 13:00:00,-316.6775
2026-05-24 14:00:00,-257.4775
2026-05-24 15:00:00,-98.0775
2026-05-24 16:00:00,-8.31
2026-05-24 17:00:00,63.627500000000005
2026-05-24 18:00:00,463.1
2026-05-24 19:00:00,575.0074999999999
2026-05-24 20:00:00,621.385
2026-05-24 21:00:00,648.1625
2026-05-24 22:00:00,621.3625
2026-05-24 23:00:00,565.8
2026-05-25 00:00:00,566.535
2026-05-25 01:00:00,551.5074999999999
2026-05-25 02:00:00,549.5550000000001
2026-05-25 03:00:00,553.1825
2026-05-25 04:00:00,567.45
2026-05-25 05:00:00,576.2675
2026-05-25 06:00:00,568.1375
2026-05-25 07:00:00,492.8925
2026-05-25 08:00:00,389.7275
2026-05-25 09:00:00,21.2275
2026-05-25 10:00:00,-0.4775
2026-05-25 11:00:00,-6.92
2026-05-25 12:00:00,-21.439999999999998
2026-05-25 13:00:00,-2.2175
2026-05-25 14:00:00,-4.99
2026-05-25 15:00:00,0.022499999999999964
2026-05-25 16:00:00,32.435
2026-05-25 17:00:00,307.0075
2026-05-25 18:00:00,544.6925
2026-05-25 19:00:00,654.1575
2026-05-25 20:00:00,741.6325
2026-05-25 21:00:00,717.36
2026-05-25 22:00:00,673.7175
2026-05-25 23:00:00,605.6675
2026-05-26 00:00:00,585.01
2026-05-26 01:00:00,539.025
2026-05-26 02:00:00,519.3625
2026-05-26 03:00:00,522.2825
2026-05-26 04:00:00,513.5175
2026-05-26 05:00:00,553.255
2026-05-26 06:00:00,611.8275
2026-05-26 07:00:00,604.0675
2026-05-26 08:00:00,480.16499999999996
2026-05-26 09:00:00,120.8075
2026-05-26 10:00:00,27.9875
2026-05-26 11:00:00,-0.02
2026-05-26 12:00:00,-4.385
2026-05-26 13:00:00,-4.775
2026-05-26 14:00:00,-1.44
2026-05-26 15:00:00,-0.0225
2026-05-26 16:00:00,15.502500000000001
2026-05-26 17:00:00,352.57250000000005
2026-05-26 18:00:00,562.4225
2026-05-26 19:00:00,749.6175000000001
2026-05-26 20:00:00,817.3725
2026-05-26 21:00:00,734.4675
2026-05-26 22:00:00,629.3925
2026-05-26 23:00:00,483.0775
2026-05-27 00:00:00,537.13
2026-05-27 01:00:00,464.52750000000003
2026-05-27 02:00:00,451.2825
2026-05-27 03:00:00,462.7075
2026-05-27 04:00:00,461.755
2026-05-27 05:00:00,474.15250000000003
2026-05-27 06:00:00,539.8625
2026-05-27 07:00:00,546.1800000000001
2026-05-27 08:00:00,445.065
2026-05-27 09:00:00,100.84
2026-05-27 10:00:00,0.012500000000001066
2026-05-27 11:00:00,0.0
2026-05-27 12:00:00,-1.2625
2026-05-27 13:00:00,-2.7225
2026-05-27 14:00:00,-1.4300000000000002
2026-05-27 15:00:00,0.9
2026-05-27 16:00:00,-54.9825
2026-05-27 17:00:00,151.64249999999998
2026-05-27 18:00:00,456.735
2026-05-27 19:00:00,600.1475
2026-05-27 20:00:00,685.68
2026-05-27 21:00:00,675.885
2026-05-27 22:00:00,609.655
2026-05-27 23:00:00,561.3025
2026-05-28 00:00:00,568.48
2026-05-28 01:00:00,554.27
2026-05-28 02:00:00,547.0275
2026-05-28 03:00:00,549.84
2026-05-28 04:00:00,558.4525
2026-05-28 05:00:00,579.5225
2026-05-28 06:00:00,633.465
2026-05-28 07:00:00,588.16
2026-05-28 08:00:00,518.7625
2026-05-28 09:00:00,290.14
2026-05-28 10:00:00,63.410000000000004
2026-05-28 11:00:00,2.4050000000000002
2026-05-28 12:00:00,0.0325
2026-05-28 13:00:00,0.01
2026-05-28 14:00:00,0.02
2026-05-28 15:00:00,5.5
2026-05-28 16:00:00,171.03500000000003
2026-05-28 17:00:00,436.58
2026-05-28 18:00:00,589.73
2026-05-28 19:00:00,897.3325
2026-05-28 20:00:00,1545.5875
2026-05-28 21:00:00,1474.395
2026-05-28 22:00:00,890.2525
2026-05-28 23:00:00,681.35
2026-05-29 00:00:00,613.7675
2026-05-29 01:00:00,568.625
2026-05-29 02:00:00,543.4375
2026-05-29 03:00:00,536.51
2026-05-29 04:00:00,533.2925
2026-05-29 05:00:00,532.995
2026-05-29 06:00:00,559.585
2026-05-29 07:00:00,533.65
2026-05-29 08:00:00,467.33500000000004
2026-05-29 09:00:00,273.645
2026-05-29 10:00:00,41.1275
2026-05-29 11:00:00,2.1275
2026-05-29 12:00:00,0.04
2026-05-29 13:00:00,-0.04
2026-05-29 14:00:00,0.39
2026-05-29 15:00:00,35.474999999999994
2026-05-29 16:00:00,204.15
2026-05-29 17:00:00,457.4775
2026-05-29 18:00:00,586.9775
2026-05-29 19:00:00,747.8199999999999
2026-05-29 20:00:00,997.22
2026-05-29 21:00:00,833.76
2026-05-29 22:00:00,679.8925
2026-05-29 23:00:00,584.8375
2026-05-30 00:00:00,562.28
2026-05-30 01:00:00,536.505
2026-05-30 02:00:00,517.7874999999999
2026-05-30 03:00:00,508.32
2026-05-30 04:00:00,537.925
2026-05-30 05:00:00,535.8725
2026-05-30 06:00:00,508.40250000000003
2026-05-30 07:00:00,488.61
2026-05-30 08:00:00,488.97
2026-05-30 09:00:00,476.4625
2026-05-30 10:00:00,339.135
2026-05-30 11:00:00,170.27
2026-05-30 12:00:00,69.9375
2026-05-30 13:00:00,65.3775
2026-05-30 14:00:00,-0.18
2026-05-30 15:00:00,15.4925
2026-05-30 16:00:00,32.260000000000005
2026-05-30 17:00:00,339.635
2026-05-30 18:00:00,521.355
2026-05-30 19:00:00,589.9275
2026-05-30 20:00:00,682.635
2026-05-30 21:00:00,704.27
2026-05-30 22:00:00,669.685
2026-05-30 23:00:00,611.52
2026-05-31 00:00:00,584.0875
2026-05-31 01:00:00,553.4625
2026-05-31 02:00:00,545.035
2026-05-31 03:00:00,547.6575
2026-05-31 04:00:00,556.915
2026-05-31 05:00:00,540.2075
2026-05-31 06:00:00,498.77750000000003
2026-05-31 07:00:00,433.3875
2026-05-31 08:00:00,341.835
2026-05-31 09:00:00,155.32
2026-05-31 10:00:00,22.7675
2026-05-31 11:00:00,0.0
2026-05-31 12:00:00,-0.02
2026-05-31 13:00:00,-0.04
2026-05-31 14:00:00,-0.04
2026-05-31 15:00:00,0.0
2026-05-31 16:00:00,216.9325
2026-05-31 17:00:00,453.425
2026-05-31 18:00:00,588.3075
2026-05-31 19:00:00,621.0
2026-05-31 20:00:00,663.4075
2026-05-31 21:00:00,669.5649999999999
2026-05-31 22:00:00,657.7375
2026-05-31 23:00:00,625.7625
2026-06-01 00:00:00,585.6
2026-06-01 01:00:00,555.455
2026-06-01 02:00:00,535.5325
2026-06-01 03:00:00,524.8575
2026-06-01 04:00:00,528.6325
2026-06-01 05:00:00,573.0825
2026-06-01 06:00:00,655.77
2026-06-01 07:00:00,661.43
2026-06-01 08:00:00,651.5799999999999
2026-06-01 09:00:00,582.0450000000001
2026-06-01 10:00:00,512.7625
2026-06-01 11:00:00,482.925
2026-06-01 12:00:00,474.18
2026-06-01 13:00:00,476.2625
2026-06-01 14:00:00,475.3425
2026-06-01 15:00:00,496.8375
2026-06-01 16:00:00,491.73
2026-06-01 17:00:00,549.2225
2026-06-01 18:00:00,617.9625
2026-06-01 19:00:00,933.6875
2026-06-01 20:00:00,1441.6225
2026-06-01 21:00:00,1406.2975000000001
2026-06-01 22:00:00,920.0925
2026-06-01 23:00:00,668.265
2026-06-02 00:00:00,599.94
2026-06-02 01:00:00,571.455
2026-06-02 02:00:00,549.2674999999999
2026-06-02 03:00:00,532.905
2026-06-02 04:00:00,532.0025
2026-06-02 05:00:00,547.225
2026-06-02 06:00:00,574.5575
2026-06-02 07:00:00,560.4025
2026-06-02 08:00:00,503.52000000000004
2026-06-02 09:00:00,420.455
2026-06-02 10:00:00,342.0925
2026-06-02 11:00:00,335.03249999999997
2026-06-02 12:00:00,308.2725
2026-06-02 13:00:00,359.9425
2026-06-02 14:00:00,381.03499999999997
2026-06-02 15:00:00,424.66999999999996
2026-06-02 16:00:00,488.88
2026-06-02 17:00:00,563.6525
2026-06-02 18:00:00,626.1175000000001
2026-06-02 19:00:00,699.59
2026-06-02 20:00:00,699.05
2026-06-02 21:00:00,637.2524999999999
2026-06-02 22:00:00,594.49
2026-06-02 23:00:00,549.085
2026-06-03 00:00:00,513.9575
2026-06-03 01:00:00,486.15250000000003
2026-06-03 02:00:00,474.2575
2026-06-03 03:00:00,469.7375
2026-06-03 04:00:00,470.8925
2026-06-03 05:00:00,496.77
2026-06-03 06:00:00,570.9925000000001
2026-06-03 07:00:00,593.385
2026-06-03 08:00:00,567.835
2026-06-03 09:00:00,499.9325
2026-06-03 10:00:00,420.40749999999997
2026-06-03 11:00:00,339.0525
2026-06-03 12:00:00,320.075
2026-06-03 13:00:00,301.4075
2026-06-03 14:00:00,403.55
2026-06-03 15:00:00,466.88
2026-06-03 16:00:00,509.85749999999996
2026-06-03 17:00:00,488.185
2026-06-03 18:00:00,545.7375
2026-06-03 19:00:00,613.675
2026-06-03 20:00:00,638.8425
2026-06-03 21:00:00,592.1775
2026-06-03 22:00:00,535.685
2026-06-03 23:00:00,437.40500000000003
2026-06-04 00:00:00,451.115
2026-06-04 01:00:00,423.5875
2026-06-04 02:00:00,413.60749999999996
2026-06-04 03:00:00,403.1775
2026-06-04 04:00:00,418.76
2026-06-04 05:00:00,406.1475
2026-06-04 06:00:00,420.085
2026-06-04 07:00:00,470.1275
2026-06-04 08:00:00,369.1875
2026-06-04 09:00:00,144.92000000000002
2026-06-04 10:00:00,21.165
2026-06-04 11:00:00,-0.7
2026-06-04 12:00:00,-0.8275
2026-06-04 13:00:00,4.2425
2026-06-04 14:00:00,-1.4325
2026-06-04 15:00:00,6.9575000000000005
2026-06-04 16:00:00,129.97250000000003
2026-06-04 17:00:00,392.06
2026-06-04 18:00:00,489.5275
2026-06-04 19:00:00,503.28499999999997
2026-06-04 20:00:00,511.16999999999996
2026-06-04 21:00:00,497.43
2026-06-04 22:00:00,480.72249999999997
2026-06-04 23:00:00,421.19
2026-06-05 00:00:00,468.185
2026-06-05 01:00:00,460.85249999999996
2026-06-05 02:00:00,457.8525
2026-06-05 03:00:00,450.15999999999997
2026-06-05 04:00:00,432.7
2026-06-05 05:00:00,491.65999999999997
2026-06-05 06:00:00,529.7950000000001
2026-06-05 07:00:00,518.7625
2026-06-05 08:00:00,485.4975
2026-06-05 09:00:00,469.34
2026-06-05 10:00:00,465.83
2026-06-05 11:00:00,475.97
2026-06-05 12:00:00,473.1275
2026-06-05 13:00:00,468.3325
2026-06-05 14:00:00,468.03499999999997
2026-06-05 15:00:00,468.8425
2026-06-05 16:00:00,462.52
2026-06-05 17:00:00,490.12249999999995
2026-06-05 18:00:00,572.1125
2026-06-05 19:00:00,649.1275
2026-06-05 20:00:00,744.3175
2026-06-05 21:00:00,776.0999999999999
2026-06-05 22:00:00,702.1175000000001
2026-06-05 23:00:00,633.175
2026-06-06 00:00:00,614.7975
2026-06-06 01:00:00,577.0975
2026-06-06 02:00:00,574.5250000000001
2026-06-06 03:00:00,494.9325
2026-06-06 04:00:00,573.985
2026-06-06 05:00:00,542.245
2026-06-06 06:00:00,474.84000000000003
2026-06-06 07:00:00,405.3325
2026-06-06 08:00:00,311.2575
2026-06-06 09:00:00,126.94
2026-06-06 10:00:00,37.87
2026-06-06 11:00:00,0.0725
2026-06-06 12:00:00,-0.15
2026-06-06 13:00:00,-0.11500000000000002
2026-06-06 14:00:00,0.032499999999999994
2026-06-06 15:00:00,35.6575
2026-06-06 16:00:00,203.8325
2026-06-06 17:00:00,434.9475
2026-06-06 18:00:00,504.13
2026-06-06 19:00:00,561.3225
2026-06-06 20:00:00,599.395
2026-06-06 21:00:00,588.9649999999999
2026-06-06 22:00:00,556.21
2026-06-06 23:00:00,539.525
2026-06-07 00:00:00,496.9425
2026-06-07 01:00:00,445.5875
2026-06-07 02:00:00,415.4775
2026-06-07 03:00:00,389.0
2026-06-07 04:00:00,393.02
2026-06-07 05:00:00,395.1175
2026-06-07 06:00:00,392.60749999999996
2026-06-07 07:00:00,175.7975
2026-06-07 08:00:00,7.9075
2026-06-07 09:00:00,-21.512500000000003
2026-06-07 10:00:00,-5.2825
2026-06-07 11:00:00,-14.98
2026-06-07 12:00:00,-1.6949999999999998
2026-06-07 13:00:00,0.0
2026-06-07 14:00:00,0.01
2026-06-07 15:00:00,0.012500000000000178
2026-06-07 16:00:00,-2.8800000000000026
2026-06-07 17:00:00,308.0925
2026-06-07 18:00:00,464.095
2026-06-07 19:00:00,476.67
2026-06-07 20:00:00,522.8375
2026-06-07 21:00:00,560.0625
2026-06-07 22:00:00,587.4175
2026-06-07 23:00:00,575.9225
2026-06-08 00:00:00,585.185
2026-06-08 01:00:00,557.6825
2026-06-08 02:00:00,533.215
2026-06-08 03:00:00,514.04
2026-06-08 04:00:00,515.7774999999999
2026-06-08 05:00:00,527.01
2026-06-08 06:00:00,578.6425
2026-06-08 07:00:00,575.245
2026-06-08 08:00:00,505.2875
2026-06-08 09:00:00,388.2875
2026-06-08 10:00:00,289.4775
2026-06-08 11:00:00,217.92249999999999
2026-06-08 12:00:00,212.64000000000001
2026-06-08 13:00:00,212.8925
2026-06-08 14:00:00,264.535
2026-06-08 15:00:00,338.0125
2026-06-08 16:00:00,425.2875
2026-06-08 17:00:00,531.3625
2026-06-08 18:00:00,637.705
2026-06-08 19:00:00,797.3075
2026-06-08 20:00:00,849.0125
2026-06-08 21:00:00,735.6075
2026-06-08 22:00:00,603.6800000000001
2026-06-08 23:00:00,552.3775
2026-06-09 00:00:00,570.8375
2026-06-09 01:00:00,536.7925
2026-06-09 02:00:00,512.9425
2026-06-09 03:00:00,494.8825
2026-06-09 04:00:00,487.91999999999996
2026-06-09 05:00:00,482.115
2026-06-09 06:00:00,571.3050000000001
2026-06-09 07:00:00,587.3775
2026-06-09 08:00:00,547.1525
2026-06-09 09:00:00,479.0775
2026-06-09 10:00:00,362.40250000000003
2026-06-09 11:00:00,277.7425
2026-06-09 12:00:00,175.42000000000002
2026-06-09 13:00:00,372.8075
2026-06-09 14:00:00,437.415
2026-06-09 15:00:00,467.10499999999996
2026-06-09 16:00:00,510.575
2026-06-09 17:00:00,549.61
2026-06-09 18:00:00,573.4475
2026-06-09 19:00:00,644.605
2026-06-09 20:00:00,705.975
2026-06-09 21:00:00,667.4200000000001
2026-06-09 22:00:00,617.28
2026-06-09 23:00:00,571.475
2026-06-10 00:00:00,544.145
2026-06-10 01:00:00,507.81
2026-06-10 02:00:00,487.28
2026-06-10 03:00:00,494.48
2026-06-10 04:00:00,503.6825
2026-06-10 05:00:00,522.415
2026-06-10 06:00:00,574.375
2026-06-10 07:00:00,593.6725
2026-06-10 08:00:00,553.6125
2026-06-10 09:00:00,467.88750000000005
2026-06-10 10:00:00,448.8275
2026-06-10 11:00:00,465.82
2026-06-10 12:00:00,487.6575
2026-06-10 13:00:00,503.2125
2026-06-10 14:00:00,532.5925
2026-06-10 15:00:00,560.58
2026-06-10 16:00:00,533.07
2026-06-10 17:00:00,559.9325
2026-06-10 18:00:00,618.39
2026-06-10 19:00:00,727.05
2026-06-10 20:00:00,878.4625
2026-06-10 21:00:00,827.335
2026-06-10 22:00:00,683.165
2026-06-10 23:00:00,619.8075
2026-06-11 00:00:00,559.1324999999999
2026-06-11 01:00:00,538.2025
2026-06-11 02:00:00,516.0775
2026-06-11 03:00:00,519.1925
2026-06-11 04:00:00,521.475
2026-06-11 05:00:00,517.7475
2026-06-11 06:00:00,553.0699999999999
2026-06-11 07:00:00,547.41
2026-06-11 08:00:00,550.575
2026-06-11 09:00:00,515.23
2026-06-11 10:00:00,430.0675
2026-06-11 11:00:00,416.3175
2026-06-11 12:00:00,423.1425
2026-06-11 13:00:00,373.25
2026-06-11 14:00:00,376.385
2026-06-11 15:00:00,411.9
2026-06-11 16:00:00,402.4325
2026-06-11 17:00:00,479.0575
2026-06-11 18:00:00,530.47
2026-06-11 19:00:00,622.24
2026-06-11 20:00:00,710.6025
2026-06-11 21:00:00,675.365
2026-06-11 22:00:00,563.49
2026-06-11 23:00:00,495.7
2026-06-12 00:00:00,544.1825
2026-06-12 01:00:00,478.5775
2026-06-12 02:00:00,448.0425
2026-06-12 03:00:00,436.3075
2026-06-12 04:00:00,426.0
2026-06-12 05:00:00,461.215
2026-06-12 06:00:00,536.175
2026-06-12 07:00:00,537.6975
2026-06-12 08:00:00,530.1125
2026-06-12 09:00:00,473.4125
2026-06-12 10:00:00,420.8225
2026-06-12 11:00:00,405.13
2026-06-12 12:00:00,365.35249999999996
2026-06-12 13:00:00,319.4325
2026-06-12 14:00:00,282.24
2026-06-12 15:00:00,379.3675
2026-06-12 16:00:00,476.5075
2026-06-12 17:00:00,608.1375
2026-06-12 18:00:00,496.335
2026-06-12 19:00:00,533.2625
2026-06-12 20:00:00,619.8875
2026-06-12 21:00:00,613.9
2026-06-12 22:00:00,527.1274999999999
2026-06-12 23:00:00,433.0425
2026-06-13 00:00:00,431.02250000000004
2026-06-13 01:00:00,394.52750000000003
2026-06-13 02:00:00,326.53
2026-06-13 03:00:00,380.4975
2026-06-13 04:00:00,331.735
2026-06-13 05:00:00,288.1575
2026-06-13 06:00:00,258.97249999999997
2026-06-13 07:00:00,379.8175
2026-06-13 08:00:00,452.9025
2026-06-13 09:00:00,291.94
2026-06-13 10:00:00,27.314999999999998
2026-06-13 11:00:00,-0.0024999999999999554
2026-06-13 12:00:00,0.0
2026-06-13 13:00:00,0.01
2026-06-13 14:00:00,0.01
2026-06-13 15:00:00,0.01
2026-06-13 16:00:00,29.09
2026-06-13 17:00:00,304.8125
2026-06-13 18:00:00,475.875
2026-06-13 19:00:00,538.5799999999999
2026-06-13 20:00:00,540.8325
2026-06-13 21:00:00,515.16
2026-06-13 22:00:00,449.64750000000004
2026-06-13 23:00:00,391.1175
2026-06-14 00:00:00,330.1
2026-06-14 01:00:00,319.8075
2026-06-14 02:00:00,263.6675
2026-06-14 03:00:00,187.68
2026-06-14 04:00:00,102.015
2026-06-14 05:00:00,88.24
2026-06-14 06:00:00,39.1475
2026-06-14 07:00:00,1.955
2026-06-14 08:00:00,-1.475
2026-06-14 09:00:00,-12.035
2026-06-14 10:00:00,-2.5575
2026-06-14 11:00:00,-0.35
2026-06-14 12:00:00,-29.98
2026-06-14 13:00:00,-93.7825
2026-06-14 14:00:00,-54.8025
2026-06-14 15:00:00,-50.3325
2026-06-14 16:00:00,-5.83
2026-06-14 17:00:00,-13.7225
2026-06-14 18:00:00,308.32000000000005
2026-06-14 19:00:00,375.23
2026-06-14 20:00:00,466.515
2026-06-14 21:00:00,484.0725
2026-06-14 22:00:00,484.84499999999997
2026-06-14 23:00:00,467.305
2026-06-15 00:00:00,438.635
2026-06-15 01:00:00,402.0575
2026-06-15 02:00:00,374.8175
2026-06-15 03:00:00,342.795
2026-06-15 04:00:00,351.855
2026-06-15 05:00:00,426.9
2026-06-15 06:00:00,464.4975
2026-06-15 07:00:00,465.01750000000004
2026-06-15 08:00:00,402.9075
2026-06-15 09:00:00,282.095
2026-06-15 10:00:00,93.625
2026-06-15 11:00:00,13.645
2026-06-15 12:00:00,9.0075
2026-06-15 13:00:00,3.665
2026-06-15 14:00:00,1.37
2026-06-15 15:00:00,12.9175
2026-06-15 16:00:00,52.212500000000006
2026-06-15 17:00:00,289.56
2026-06-15 18:00:00,442.6
2026-06-15 19:00:00,542.85
2026-06-15 20:00:00,638.29
2026-06-15 21:00:00,667.465
2026-06-15 22:00:00,653.37
2026-06-15 23:00:00,569.5925
2026-06-16 00:00:00,518.8050000000001
2026-06-16 01:00:00,486.5725
2026-06-16 02:00:00,477.9125
2026-06-16 03:00:00,473.73
2026-06-16 04:00:00,467.0775
2026-06-16 05:00:00,491.22749999999996
2026-06-16 06:00:00,543.29
2026-06-16 07:00:00,559.005
2026-06-16 08:00:00,459.5225
2026-06-16 09:00:00,355.59000000000003
2026-06-16 10:00:00,175.635
2026-06-16 11:00:00,209.0925
2026-06-16 12:00:00,218.1025
2026-06-16 13:00:00,173.7575
2026-06-16 14:00:00,185.515
2026-06-16 15:00:00,242.585
2026-06-16 16:00:00,299.1475
2026-06-16 17:00:00,444.6225
2026-06-16 18:00:00,547.8425
2026-06-16 19:00:00,639.655
2026-06-16 20:00:00,736.1675
2026-06-16 21:00:00,781.7875
2026-06-16 22:00:00,702.1999999999999
2026-06-16 23:00:00,609.825
2026-06-17 00:00:00,604.3
2026-06-17 01:00:00,576.23
2026-06-17 02:00:00,550.3725
2026-06-17 03:00:00,543.15
2026-06-17 04:00:00,543.225
2026-06-17 05:00:00,545.4675
2026-06-17 06:00:00,600.72
2026-06-17 07:00:00,584.4775
2026-06-17 08:00:00,513.5875
2026-06-17 09:00:00,429.7825
2026-06-17 10:00:00,327.0425
2026-06-17 11:00:00,319.185
2026-06-17 12:00:00,293.2525
2026-06-17 13:00:00,241.9275
2026-06-17 14:00:00,272.47499999999997
2026-06-17 15:00:00,320.845
2026-06-17 16:00:00,379.6
2026-06-17 17:00:00,446.7225
2026-06-17 18:00:00,526.2425000000001
2026-06-17 19:00:00,614.8725
2026-06-17 20:00:00,697.1325
2026-06-17 21:00:00,704.3924999999999
2026-06-17 22:00:00,675.38
2026-06-17 23:00:00,607.3125
2026-06-18 00:00:00,576.5425
2026-06-18 01:00:00,535.0475
2026-06-18 02:00:00,518.3675000000001
2026-06-18 03:00:00,510.3325
2026-06-18 04:00:00,508.66499999999996
2026-06-18 05:00:00,529.07
2026-06-18 06:00:00,566.9725000000001
2026-06-18 07:00:00,570.025
2026-06-18 08:00:00,502.52750000000003
2026-06-18 09:00:00,421.575
2026-06-18 10:00:00,312.14
2026-06-18 11:00:00,280.40749999999997
2026-06-18 12:00:00,280.40500000000003
2026-06-18 13:00:00,319.79499999999996
2026-06-18 14:00:00,319.7925
2026-06-18 15:00:00,429.75
2026-06-18 16:00:00,445.55
2026-06-18 17:00:00,477.76
2026-06-18 18:00:00,578.28
2026-06-18 19:00:00,1019.74
2026-06-18 20:00:00,1716.5375
2026-06-18 21:00:00,1676.4524999999999
2026-06-18 22:00:00,1010.0125
2026-06-18 23:00:00,676.2825
2026-06-19 00:00:00,614.915
2026-06-19 01:00:00,558.2675
2026-06-19 02:00:00,534.175
2026-06-19 03:00:00,515.085
2026-06-19 04:00:00,509.175
2026-06-19 05:00:00,516.1275
2026-06-19 06:00:00,575.3375
2026-06-19 07:00:00,540.2725
2026-06-19 08:00:00,474.27
2026-06-19 09:00:00,398.865
2026-06-19 10:00:00,285.03499999999997
2026-06-19 11:00:00,134.29
2026-06-19 12:00:00,63.855000000000004
2026-06-19 13:00:00,74.1225
2026-06-19 14:00:00,180.23250000000002
2026-06-19 15:00:00,271.785
2026-06-19 16:00:00,437.345
2026-06-19 17:00:00,469.9525
2026-06-19 18:00:00,566.5799999999999
2026-06-19 19:00:00,802.885
2026-06-19 20:00:00,923.3625
2026-06-19 21:00:00,831.715
2026-06-19 22:00:00,668.7125
2026-06-19 23:00:00,585.6825
2026-06-20 00:00:00,556.45
2026-06-20 01:00:00,516.0525
2026-06-20 02:00:00,505.28
2026-06-20 03:00:00,498.595
2026-06-20 04:00:00,490.135
2026-06-20 05:00:00,490.725
2026-06-20 06:00:00,468.5575
2026-06-20 07:00:00,470.37
2026-06-20 08:00:00,375.64
2026-06-20 09:00:00,169.33
2026-06-20 10:00:00,17.572499999999998
2026-06-20 11:00:00,-0.01
2026-06-20 12:00:00,-0.0525
2026-06-20 13:00:00,-0.0775
2026-06-20 14:00:00,-0.0525
2026-06-20 15:00:00,86.33749999999999
2026-06-20 16:00:00,465.02
2026-06-20 17:00:00,655.73
2026-06-20 18:00:00,662.375
2026-06-20 19:00:00,739.54
2026-06-20 20:00:00,782.6875
2026-06-20 21:00:00,806.45
2026-06-20 22:00:00,720.5274999999999
2026-06-20 23:00:00,626.9725
2026-06-21 00:00:00,587.8475
2026-06-21 01:00:00,550.1475
2026-06-21 02:00:00,541.7625
2026-06-21 03:00:00,535.065
2026-06-21 04:00:00,528.4525
2026-06-21 05:00:00,518.6925
2026-06-21 06:00:00,475.90999999999997
2026-06-21 07:00:00,430.8225
2026-06-21 08:00:00,280.3125
2026-06-21 09:00:00,52.52
2026-06-21 10:00:00,5.805
2026-06-21 11:00:00,-0.01
2026-06-21 12:00:00,-0.03
2026-06-21 13:00:00,-0.04
2026-06-21 14:00:00,-0.02
2026-06-21 15:00:00,0.0325
2026-06-21 16:00:00,102.14250000000001
2026-06-21 17:00:00,443.4325
2026-06-21 18:00:00,503.9075
2026-06-21 19:00:00,597.2325
2026-06-21 20:00:00,656.1775
2026-06-21 21:00:00,661.5975
2026-06-21 22:00:00,632.3275
2026-06-21 23:00:00,572.28
2026-06-22 00:00:00,549.73
2026-06-22 01:00:00,512.88
2026-06-22 02:00:00,494.8225
2026-06-22 03:00:00,498.14750000000004
2026-06-22 04:00:00,505.8575
2026-06-22 05:00:00,532.9024999999999
2026-06-22 06:00:00,602.9225
2026-06-22 07:00:00,625.0225
2026-06-22 08:00:00,552.9475
2026-06-22 09:00:00,459.89
2026-06-22 10:00:00,357.72749999999996
2026-06-22 11:00:00,244.1325
2026-06-22 12:00:00,168.36
2026-06-22 13:00:00,137.79
2026-06-22 14:00:00,180.735
2026-06-22 15:00:00,270.8325
2026-06-22 16:00:00,365.4275
2026-06-22 17:00:00,444.6125
2026-06-22 18:00:00,635.9275
2026-06-22 19:00:00,849.7825
2026-06-22 20:00:00,1164.7825
2026-06-22 21:00:00,1036.0675
2026-06-22 22:00:00,800.0475
2026-06-22 23:00:00,658.53
2026-06-23 00:00:00,624.535
2026-06-23 01:00:00,596.3925
2026-06-23 02:00:00,578.63
2026-06-23 03:00:00,583.485
2026-06-23 04:00:00,592.835
2026-06-23 05:00:00,610.905
2026-06-23 06:00:00,686.12
2026-06-23 07:00:00,630.17
2026-06-23 08:00:00,505.87
2026-06-23 09:00:00,466.89
2026-06-23 10:00:00,404.11
2026-06-23 11:00:00,320.52750000000003
2026-06-23 12:00:00,289.425
2026-06-23 13:00:00,262.27250000000004
2026-06-23 14:00:00,295.52250000000004
2026-06-23 15:00:00,312.28999999999996
2026-06-23 16:00:00,330.6975
2026-06-23 17:00:00,448.395
2026-06-23 18:00:00,704.86
2026-06-23 19:00:00,1465.085
2026-06-23 20:00:00,2217.3775
2026-06-23 21:00:00,2134.66
2026-06-23 22:00:00,1380.5
2026-06-23 23:00:00,840.6375
2026-06-24 00:00:00,756.9525
2026-06-24 01:00:00,688.7475
2026-06-24 02:00:00,628.5025
2026-06-24 03:00:00,609.7775
2026-06-24 04:00:00,608.9549999999999
2026-06-24 05:00:00,639.8125
2026-06-24 06:00:00,724.63
2026-06-24 07:00:00,607.4449999999999
2026-06-24 08:00:00,545.24
2026-06-24 09:00:00,469.7625
2026-06-24 10:00:00,377.6075
2026-06-24 11:00:00,307.575
2026-06-24 12:00:00,184.9275
2026-06-24 13:00:00,93.3625
2026-06-24 14:00:00,108.8425
2026-06-24 15:00:00,307.615
2026-06-24 16:00:00,366.64
2026-06-24 17:00:00,459.5425
2026-06-24 18:00:00,750.56
2026-06-24 19:00:00,1600.545
2026-06-24 20:00:00,2698.69
2026-06-24 21:00:00,2503.785
2026-06-24 22:00:00,1499.2675
2026-06-24 23:00:00,643.7225
2026-06-25 00:00:00,727.39
2026-06-25 01:00:00,668.8725
2026-06-25 02:00:00,630.185
2026-06-25 03:00:00,619.685
2026-06-25 04:00:00,614.9175
2026-06-25 05:00:00,625.1700000000001
2026-06-25 06:00:00,574.73
2026-06-25 07:00:00,513.5975
2026-06-25 08:00:00,472.0925
2026-06-25 09:00:00,450.105
2026-06-25 10:00:00,362.3175
2026-06-25 11:00:00,292.3225
2026-06-25 12:00:00,190.1025
2026-06-25 13:00:00,149.32750000000001
2026-06-25 14:00:00,168.7225
2026-06-25 15:00:00,314.61
2026-06-25 16:00:00,405.9
2026-06-25 17:00:00,447.9475
2026-06-25 18:00:00,727.96
2026-06-25 19:00:00,1156.75
2026-06-25 20:00:00,1407.77
2026-06-25 21:00:00,1299.4325
2026-06-25 22:00:00,871.0375
2026-06-25 23:00:00,663.8325
2026-06-26 00:00:00,625.9024999999999
2026-06-26 01:00:00,563.0325
2026-06-26 02:00:00,528.73
2026-06-26 03:00:00,514.61
2026-06-26 04:00:00,518.255
2026-06-26 05:00:00,548.215
2026-06-26 06:00:00,590.0975
2026-06-26 07:00:00,516.35
2026-06-26 08:00:00,514.235
2026-06-26 09:00:00,464.9925
2026-06-26 10:00:00,399.7825
2026-06-26 11:00:00,278.32
2026-06-26 12:00:00,173.25
2026-06-26 13:00:00,124.0025
2026-06-26 14:00:00,157.9075
2026-06-26 15:00:00,217.82
2026-06-26 16:00:00,344.48
2026-06-26 17:00:00,425.1475
2026-06-26 18:00:00,694.795
2026-06-26 19:00:00,1243.495
2026-06-26 20:00:00,1631.0275
2026-06-26 21:00:00,1241.33
2026-06-26 22:00:00,894.5525
2026-06-26 23:00:00,634.7875
2026-06-27 00:00:00,523.6875
2026-06-27 01:00:00,525.5725
2026-06-27 02:00:00,498.2575
2026-06-27 03:00:00,496.55
2026-06-27 04:00:00,494.3875
2026-06-27 05:00:00,488.705
2026-06-27 06:00:00,483.2425
2026-06-27 07:00:00,468.44
2026-06-27 08:00:00,437.0925
2026-06-27 09:00:00,311.69
2026-06-27 10:00:00,154.4375
2026-06-27 11:00:00,36.16
2026-06-27 12:00:00,7.297499999999999
2026-06-27 13:00:00,0.235
2026-06-27 14:00:00,14.5425
2026-06-27 15:00:00,54.7325
2026-06-27 16:00:00,220.7325
2026-06-27 17:00:00,494.365
2026-06-27 18:00:00,627.8925
2026-06-27 19:00:00,868.9025
2026-06-27 20:00:00,1109.6325000000002
2026-06-27 21:00:00,1037.3475
2026-06-27 22:00:00,781.2975
2026-06-27 23:00:00,616.005
2026-06-28 00:00:00,580.9625
2026-06-28 01:00:00,538.4775
2026-06-28 02:00:00,513.0675
2026-06-28 03:00:00,495.9375
2026-06-28 04:00:00,491.85749999999996
2026-06-28 05:00:00,493.5175
2026-06-28 06:00:00,480.4
2026-06-28 07:00:00,447.68
2026-06-28 08:00:00,328.74
2026-06-28 09:00:00,140.665
2026-06-28 10:00:00,22.11
2026-06-28 11:00:00,0.5875
2026-06-28 12:00:00,-0.075
2026-06-28 13:00:00,-3.1625
2026-06-28 14:00:00,-0.095
2026-06-28 15:00:00,6.9425
2026-06-28 16:00:00,199.82500000000002
2026-06-28 17:00:00,449.6975
2026-06-28 18:00:00,499.705
2026-06-28 19:00:00,690.3499999999999
2026-06-28 20:00:00,757.1324999999999
2026-06-28 21:00:00,699.0775
2026-06-28 22:00:00,669.3050000000001
2026-06-28 23:00:00,611.2925
2026-06-29 00:00:00,527.795
2026-06-29 01:00:00,487.2725
2026-06-29 02:00:00,484.645
2026-06-29 03:00:00,470.9375
2026-06-29 04:00:00,495.0075
2026-06-29 05:00:00,549.71
2026-06-29 06:00:00,631.7175
2026-06-29 07:00:00,648.2325000000001
2026-06-29 08:00:00,614.89
2026-06-29 09:00:00,518.49
2026-06-29 10:00:00,458.3775
2026-06-29 11:00:00,424.8325
2026-06-29 12:00:00,383.71
2026-06-29 13:00:00,351.645
2026-06-29 14:00:00,370.325
2026-06-29 15:00:00,407.3225
2026-06-29 16:00:00,402.09
2026-06-29 17:00:00,423.77250000000004
2026-06-29 18:00:00,646.1725
2026-06-29 19:00:00,1286.8825000000002
2026-06-29 20:00:00,1589.84
2026-06-29 21:00:00,1393.6825
2026-06-29 22:00:00,865.6975
2026-06-29 23:00:00,623.1324999999999
2026-06-30 00:00:00,526.935
2026-06-30 01:00:00,474.935
2026-06-30 02:00:00,483.94
2026-06-30 03:00:00,478.91
2026-06-30 04:00:00,490.39250000000004
2026-06-30 05:00:00,557.355
2026-06-30 06:00:00,720.4875
2026-06-30 07:00:00,636.1225
2026-06-30 08:00:00,501.4175
2026-06-30 09:00:00,495.5075
2026-06-30 10:00:00,452.95
2026-06-30 11:00:00,421.94
2026-06-30 12:00:00,417.7275
2026-06-30 13:00:00,423.11
2026-06-30 14:00:00,376.295
2026-06-30 15:00:00,416.21500000000003
2026-06-30 16:00:00,415.23
2026-06-30 17:00:00,498.94
2026-06-30 18:00:00,936.405
2026-06-30 19:00:00,1645.8725
2026-06-30 20:00:00,2199.84
2026-06-30 21:00:00,1529.75
2026-06-30 22:00:00,852.4399999999999
2026-06-30 23:00:00,646.65
2026-07-01 00:00:00,631.655
2026-07-01 01:00:00,573.5875000000001
2026-07-01 02:00:00,560.3025
2026-07-01 03:00:00,560.3425
2026-07-01 04:00:00,543.1375
2026-07-01 05:00:00,583.2125
2026-07-01 06:00:00,610.095
2026-07-01 07:00:00,633.005
2026-07-01 08:00:00,461.4325
2026-07-01 09:00:00,452.9575
2026-07-01 10:00:00,503.525
2026-07-01 11:00:00,464.4075
2026-07-01 12:00:00,429.3175
2026-07-01 13:00:00,452.98
2026-07-01 14:00:00,472.055
2026-07-01 15:00:00,495.075
2026-07-01 16:00:00,531.2275
2026-07-01 17:00:00,568.7425000000001
2026-07-01 18:00:00,814.87
2026-07-01 19:00:00,1013.9025
2026-07-01 20:00:00,1205.2925
2026-07-01 21:00:00,1036.4075
2026-07-01 22:00:00,605.165
2026-07-01 23:00:00,584.2
2026-07-02 00:00:00,646.37
2026-07-02 01:00:00,568.5525
2026-07-02 02:00:00,508.65250000000003
2026-07-02 03:00:00,513.0475
2026-07-02 04:00:00,488.4975
2026-07-02 05:00:00,473.6575
2026-07-02 06:00:00,488.65749999999997
2026-07-02 07:00:00,493.6225
2026-07-02 08:00:00,459.6475
2026-07-02 09:00:00,398.98
2026-07-02 10:00:00,20.005000000000003
2026-07-02 11:00:00,-185.6
2026-07-02 12:00:00,-218.105
2026-07-02 13:00:00,-218.11249999999998
2026-07-02 14:00:00,-218.10500000000002
2026-07-02 15:00:00,-53.90249999999999
2026-07-02 16:00:00,177.6925
2026-07-02 17:00:00,320.22249999999997
2026-07-02 18:00:00,460.035
2026-07-02 19:00:00,769.6025
2026-07-02 20:00:00,984.32
2026-07-02 21:00:00,770.0425
2026-07-02 22:00:00,509.5025
2026-07-02 23:00:00,454.2575
2026-07-03 00:00:00,461.9675
2026-07-03 01:00:00,433.5875
2026-07-03 02:00:00,320.0075
2026-07-03 03:00:00,301.235
2026-07-03 04:00:00,288.6975
2026-07-03 05:00:00,311.73749999999995
2026-07-03 06:00:00,447.7975
2026-07-03 07:00:00,434.1425
2026-07-03 08:00:00,266.9775
2026-07-03 09:00:00,-22.3975
2026-07-03 10:00:00,-25.5275
2026-07-03 11:00:00,0.01
2026-07-03 12:00:00,0.29000000000000004
2026-07-03 13:00:00,0.01
2026-07-03 14:00:00,0.0975
2026-07-03 15:00:00,0.32
2026-07-03 16:00:00,0.48
2026-07-03 17:00:00,-42.8975
2026-07-03 18:00:00,380.045
2026-07-03 19:00:00,429.10249999999996
2026-07-03 20:00:00,436.355
2026-07-03 21:00:00,480.5575
2026-07-03 22:00:00,499.53249999999997
2026-07-03 23:00:00,467.85749999999996
2026-07-04 00:00:00,522.9725
2026-07-04 01:00:00,493.90749999999997
2026-07-04 02:00:00,470.1
2026-07-04 03:00:00,484.28
2026-07-04 04:00:00,466.9725
2026-07-04 05:00:00,434.6225
2026-07-04 06:00:00,402.0525
2026-07-04 07:00:00,319.7675
2026-07-04 08:00:00,125.59
2026-07-04 09:00:00,4.405
2026-07-04 10:00:00,-0.0325
2026-07-04 11:00:00,-1.49
2026-07-04 12:00:00,-5.7425
2026-07-04 13:00:00,-15.685
2026-07-04 14:00:00,-20.97
2026-07-04 15:00:00,-8.2375
2026-07-04 16:00:00,0.0
2026-07-04 17:00:00,67.48750000000001
2026-07-04 18:00:00,429.6375
2026-07-04 19:00:00,542.495
2026-07-04 20:00:00,546.67
2026-07-04 21:00:00,598.81
2026-07-04 22:00:00,595.8625
2026-07-04 23:00:00,547.51
2026-07-05 00:00:00,521.8925
2026-07-05 01:00:00,533.515
2026-07-05 02:00:00,478.005
2026-07-05 03:00:00,468.415
2026-07-05 04:00:00,456.73
2026-07-05 05:00:00,436.68
2026-07-05 06:00:00,444.9
2026-07-05 07:00:00,435.815
2026-07-05 08:00:00,430.83000000000004
2026-07-05 09:00:00,167.57
2026-07-05 10:00:00,26.4525
2026-07-05 11:00:00,11.0025
2026-07-05 12:00:00,-0.13999999999999999
2026-07-05 13:00:00,-2.4325
2026-07-05 14:00:00,-10.575
2026-07-05 15:00:00,-8.7975
2026-07-05 16:00:00,-11.53
2026-07-05 17:00:00,-245.185
2026-07-05 18:00:00,169.575
2026-07-05 19:00:00,459.075
2026-07-05 20:00:00,489.395
2026-07-05 21:00:00,578.4075
2026-07-05 22:00:00,593.635
2026-07-05 23:00:00,498.695
2026-07-06 00:00:00,567.085
2026-07-06 01:00:00,488.1225
2026-07-06 02:00:00,480.8025
2026-07-06 03:00:00,469.34749999999997
2026-07-06 04:00:00,474.07500000000005
2026-07-06 05:00:00,470.75
2026-07-06 06:00:00,584.055
2026-07-06 07:00:00,577.325
2026-07-06 08:00:00,549.855
2026-07-06 09:00:00,454.905
2026-07-06 10:00:00,347.4875
2026-07-06 11:00:00,294.555
2026-07-06 12:00:00,185.0575
2026-07-06 13:00:00,127.32000000000001
2026-07-06 14:00:00,295.275
2026-07-06 15:00:00,424.02
2026-07-06 16:00:00,514.2850000000001
2026-07-06 17:00:00,697.1125
2026-07-06 18:00:00,659.27
2026-07-06 19:00:00,774.575
2026-07-06 20:00:00,693.7925
2026-07-06 21:00:00,651.81
2026-07-06 22:00:00,646.69
2026-07-06 23:00:00,552.8975
2026-07-07 00:00:00,472.545
2026-07-07 01:00:00,468.945
2026-07-07 02:00:00,456.8025
2026-07-07 03:00:00,439.665
2026-07-07 04:00:00,441.78499999999997
2026-07-07 05:00:00,472.1825
2026-07-07 06:00:00,543.0275
2026-07-07 07:00:00,531.2375
2026-07-07 08:00:00,490.2825
2026-07-07 09:00:00,471.56
2026-07-07 10:00:00,427.91499999999996
2026-07-07 11:00:00,449.8975
2026-07-07 12:00:00,442.4825
2026-07-07 13:00:00,485.2675
2026-07-07 14:00:00,475.2675
2026-07-07 15:00:00,463.05
2026-07-07 16:00:00,456.5025
2026-07-07 17:00:00,472.8225
2026-07-07 18:00:00,565.8125
2026-07-07 19:00:00,675.4175
2026-07-07 20:00:00,590.1125
2026-07-07 21:00:00,524.3675
2026-07-07 22:00:00,480.295
2026-07-07 23:00:00,454.9925
2026-07-08 00:00:00,426.1075
2026-07-08 01:00:00,394.43
2026-07-08 02:00:00,380.6775
2026-07-08 03:00:00,363.0625
2026-07-08 04:00:00,403.35
2026-07-08 05:00:00,444.3775
2026-07-08 06:00:00,467.155
2026-07-08 07:00:00,490.19
2026-07-08 08:00:00,319.8875
2026-07-08 09:00:00,68.71
2026-07-08 10:00:00,-38.625
2026-07-08 11:00:00,-10.81
2026-07-08 12:00:00,-29.97
2026-07-08 13:00:00,0.17250000000000001
2026-07-08 14:00:00,-18.11
2026-07-08 15:00:00,43.754999999999995
2026-07-08 16:00:00,139.3875
2026-07-08 17:00:00,319.1125
2026-07-08 18:00:00,499.73249999999996
2026-07-08 19:00:00,586.0899999999999
2026-07-08 20:00:00,655.255
2026-07-08 21:00:00,688.4125
2026-07-08 22:00:00,683.6175
2026-07-08 23:00:00,623.1600000000001
2026-07-09 00:00:00,580.7725
2026-07-09 01:00:00,558.3275
2026-07-09 02:00:00,538.38
2026-07-09 03:00:00,538.335
2026-07-09 04:00:00,538.2625
2026-07-09 05:00:00,574.9125
2026-07-09 06:00:00,636.55
2026-07-09 07:00:00,634.1675
2026-07-09 08:00:00,595.065
2026-07-09 09:00:00,493.8825
2026-07-09 10:00:00,401.3225
2026-07-09 11:00:00,354.1275
2026-07-09 12:00:00,272.61
2026-07-09 13:00:00,178.19
2026-07-09 14:00:00,160.3125
2026-07-09 15:00:00,227.7425
2026-07-09 16:00:00,346.44
2026-07-09 17:00:00,465.5225
2026-07-09 18:00:00,576.065
2026-07-09 19:00:00,715.0725
2026-07-09 20:00:00,892.6850000000001
2026-07-09 21:00:00,902.02
2026-07-09 22:00:00,748.6775
2026-07-09 23:00:00,698.5625
2026-07-10 00:00:00,658.8375
2026-07-10 01:00:00,616.9325
2026-07-10 02:00:00,600.2825
2026-07-10 03:00:00,593.62
2026-07-10 04:00:00,597.29
2026-07-10 05:00:00,606.4625
2026-07-10 06:00:00,649.0074999999999
2026-07-10 07:00:00,633.965
2026-07-10 08:00:00,548.8824999999999
2026-07-10 09:00:00,511.0675
2026-07-10 10:00:00,427.2875
2026-07-10 11:00:00,337.7675
2026-07-10 12:00:00,232.1125
2026-07-10 13:00:00,207.85
2026-07-10 14:00:00,249.8125
2026-07-10 15:00:00,314.60749999999996
2026-07-10 16:00:00,448.8625
2026-07-10 17:00:00,510.1525
2026-07-10 18:00:00,588.14
2026-07-10 19:00:00,709.3975
2026-07-10 20:00:00,794.6125
2026-07-10 21:00:00,758.735
2026-07-10 22:00:00,723.56
2026-07-10 23:00:00,665.255
2026-07-11 00:00:00,650.3025
2026-07-11 01:00:00,623.7774999999999
2026-07-11 02:00:00,607.9575
2026-07-11 03:00:00,602.5450000000001
2026-07-11 04:00:00,601.2075
2026-07-11 05:00:00,590.2125
2026-07-11 06:00:00,583.7275
2026-07-11 07:00:00,522.6875
2026-07-11 08:00:00,501.75
2026-07-11 09:00:00,321.24
2026-07-11 10:00:00,69.9225
2026-07-11 11:00:00,1.4349999999999998
2026-07-11 12:00:00,0.01
2026-07-11 13:00:00,0.01
2026-07-11 14:00:00,0.345
2026-07-11 15:00:00,77.7625
2026-07-11 16:00:00,373.985
2026-07-11 17:00:00,477.56
2026-07-11 18:00:00,554.2875
2026-07-11 19:00:00,635.0699999999999
2026-07-11 20:00:00,667.9925
2026-07-11 21:00:00,679.5425
2026-07-11 22:00:00,673.2149999999999
2026-07-11 23:00:00,635.7925
2026-07-12 00:00:00,597.395
2026-07-12 01:00:00,573.24
2026-07-12 02:00:00,545.7875
2026-07-12 03:00:00,543.7475
2026-07-12 04:00:00,534.11
2026-07-12 05:00:00,520.7674999999999
2026-07-12 06:00:00,485.125
2026-07-12 07:00:00,472.70500000000004
2026-07-12 08:00:00,454.905
2026-07-12 09:00:00,402.55
2026-07-12 10:00:00,257.14
2026-07-12 11:00:00,195.5925
2026-07-12 12:00:00,83.01
2026-07-12 13:00:00,86.92
2026-07-12 14:00:00,71.195
2026-07-12 15:00:00,69.555
2026-07-12 16:00:00,171.0025
2026-07-12 17:00:00,395.52
2026-07-12 18:00:00,523.4925000000001
2026-07-12 19:00:00,584.615
2026-07-12 20:00:00,611.13
2026-07-12 21:00:00,628.0125
2026-07-12 22:00:00,629.9375
2026-07-12 23:00:00,605.5425
2026-07-13 00:00:00,563.8725
2026-07-13 01:00:00,540.9325
2026-07-13 02:00:00,525.8175
2026-07-13 03:00:00,529.8824999999999
2026-07-13 04:00:00,537.3775
2026-07-13 05:00:00,586.9175
2026-07-13 06:00:00,650.7475
2026-07-13 07:00:00,672.14
2026-07-13 08:00:00,613.5525
2026-07-13 09:00:00,528.165
2026-07-13 10:00:00,461.0025
2026-07-13 11:00:00,431.0875
2026-07-13 12:00:00,424.59999999999997
2026-07-13 13:00:00,426.905
2026-07-13 14:00:00,421.5225
2026-07-13 15:00:00,423.09999999999997
2026-07-13 16:00:00,450.59000000000003
2026-07-13 17:00:00,551.6025
2026-07-13 18:00:00,643.5
2026-07-13 19:00:00,741.155
2026-07-13 20:00:00,791.64
2026-07-13 21:00:00,733.245
2026-07-13 22:00:00,691.41
2026-07-13 23:00:00,636.1975
2026-07-14 00:00:00,611.215
2026-07-14 01:00:00,579.4775
2026-07-14 02:00:00,551.1825
2026-07-14 03:00:00,550.61
2026-07-14 04:00:00,552.4825000000001
2026-07-14 05:00:00,584.38
2026-07-14 06:00:00,641.295
2026-07-14 07:00:00,635.9175
2026-07-14 08:00:00,549.5475
2026-07-14 09:00:00,528.68
2026-07-14 10:00:00,468.40749999999997
2026-07-14 11:00:00,410.8125
2026-07-14 12:00:00,317.90999999999997
2026-07-14 13:00:00,299.4175
2026-07-14 14:00:00,326.9675
2026-07-14 15:00:00,401.26
2026-07-14 16:00:00,476.0725
2026-07-14 17:00:00,547.3425
2026-07-14 18:00:00,665.25
2026-07-14 19:00:00,750.155
2026-07-14 20:00:00,787.885
2026-07-14 21:00:00,758.4449999999999
2026-07-14 22:00:00,730.4325
2026-07-14 23:00:00,655.795
2026-07-15 00:00:00,665.9075
2026-07-15 01:00:00,627.005
2026-07-15 02:00:00,603.335
2026-07-15 03:00:00,591.05
2026-07-15 04:00:00,608.7624999999999
2026-07-15 05:00:00,637.4100000000001
2026-07-15 06:00:00,723.0725
2026-07-15 07:00:00,719.5025
2026-07-15 08:00:00,608.6949999999999
2026-07-15 09:00:00,545.15
2026-07-15 10:00:00,485.4975
2026-07-15 11:00:00,429.555
2026-07-15 12:00:00,374.1025
2026-07-15 13:00:00,350.8275
2026-07-15 14:00:00,377.09749999999997
2026-07-15 15:00:00,411.2925
2026-07-15 16:00:00,487.33
2026-07-15 17:00:00,570.0425
2026-07-15 18:00:00,700.645
2026-07-15 19:00:00,925.3825
2026-07-15 20:00:00,933.8475
2026-07-15 21:00:00,875.9
2026-07-15 22:00:00,817.7025
2026-07-15 23:00:00,744.06
2026-07-16 00:00:00,718.5074999999999
2026-07-16 01:00:00,688.9375
2026-07-16 02:00:00,661.6075000000001
2026-07-16 03:00:00,644.5925
2026-07-16 04:00:00,656.9675
2026-07-16 05:00:00,689.855
2026-07-16 06:00:00,756.6424999999999
2026-07-16 07:00:00,731.1725
2026-07-16 08:00:00,533.28
2026-07-16 09:00:00,550.275
2026-07-16 10:00:00,495.0575
2026-07-16 11:00:00,464.515
2026-07-16 12:00:00,421.64750000000004
2026-07-16 13:00:00,398.01
2026-07-16 14:00:00,429.56
2026-07-16 15:00:00,476.55499999999995
2026-07-16 16:00:00,521.5699999999999
2026-07-16 17:00:00,610.2725
2026-07-16 18:00:00,811.2750000000001
2026-07-16 19:00:00,1080.0675
2026-07-16 20:00:00,1330.6275
2026-07-16 21:00:00,1129.5425
2026-07-16 22:00:00,895.1
2026-07-16 23:00:00,780.3050000000001
2026-07-17 00:00:00,737.8975
2026-07-17 01:00:00,643.5575
2026-07-17 02:00:00,587.02
2026-07-17 03:00:00,545.8025
2026-07-17 04:00:00,552.2925
2026-07-17 05:00:00,540.2425000000001
2026-07-17 06:00:00,688.0699999999999
2026-07-17 07:00:00,608.04
2026-07-17 08:00:00,457.8075
2026-07-17 09:00:00,436.6975
2026-07-17 10:00:00,449.3525
2026-07-17 11:00:00,466.635
2026-07-17 12:00:00,440.905
2026-07-17 13:00:00,424.8325
2026-07-17 14:00:00,428.175
2026-07-17 15:00:00,472.51750000000004
2026-07-17 16:00:00,514.0175
2026-07-17 17:00:00,617.7475
2026-07-17 18:00:00,794.4325
2026-07-17 19:00:00,1009.91
2026-07-17 20:00:00,1030.4925
2026-07-17 21:00:00,865.5525
2026-07-17 22:00:00,764.9275
2026-07-17 23:00:00,686.71
2026-07-18 00:00:00,678.1225
2026-07-18 01:00:00,630.5675
2026-07-18 02:00:00,616.565
2026-07-18 03:00:00,587.4749999999999
2026-07-18 04:00:00,581.98
2026-07-18 05:00:00,576.1075
2026-07-18 06:00:00,550.8924999999999
2026-07-18 07:00:00,527.555
2026-07-18 08:00:00,530.5175
2026-07-18 09:00:00,467.025
2026-07-18 10:00:00,264.9825
2026-07-18 11:00:00,67.9075
2026-07-18 12:00:00,5.32
2026-07-18 13:00:00,5.2875
2026-07-18 14:00:00,15.49
2026-07-18 15:00:00,32.37
2026-07-18 16:00:00,141.66
2026-07-18 17:00:00,478.545
2026-07-18 18:00:00,574.2625
2026-07-18 19:00:00,682.9525
2026-07-18 20:00:00,849.165
2026-07-18 21:00:00,758.3425
2026-07-18 22:00:00,689.5525
2026-07-18 23:00:00,643.5375
2026-07-19 00:00:00,602.2249999999999
2026-07-19 01:00:00,567.6825
2026-07-19 02:00:00,529.3325
2026-07-19 03:00:00,516.8525
2026-07-19 04:00:00,506.0175
2026-07-19 05:00:00,484.1075
2026-07-19 06:00:00,463.7475
2026-07-19 07:00:00,430.28
2026-07-19 08:00:00,199.8425
2026-07-19 09:00:00,19.44
2026-07-19 10:00:00,0.075
2026-07-19 11:00:00,0.075
2026-07-19 12:00:00,6.8175
2026-07-19 13:00:00,2.0275
2026-07-19 14:00:00,87.87
2026-07-19 15:00:00,282.2375
2026-07-19 16:00:00,448.46250000000003
2026-07-19 17:00:00,507.36
2026-07-19 18:00:00,504.365
2026-07-19 19:00:00,562.9849999999999
2026-07-19 20:00:00,629.8625
2026-07-19 21:00:00,650.77
2026-07-19 22:00:00,650.865
2026-07-19 23:00:00,600.4100000000001
2026-07-20 00:00:00,640.24
2026-07-20 01:00:00,601.29
2026-07-20 02:00:00,523.6025
2026-07-20 03:00:00,484.435
2026-07-20 04:00:00,482.0925
2026-07-20 05:00:00,505.42
2026-07-20 06:00:00,653.895
2026-07-20 07:00:00,653.0875
2026-07-20 08:00:00,568.7925
2026-07-20 09:00:00,402.5775
2026-07-20 10:00:00,259.835
2026-07-20 11:00:00,134.0275
2026-07-20 12:00:00,170.9325
2026-07-20 13:00:00,99.6175
2026-07-20 14:00:00,167.775
2026-07-20 15:00:00,287.29
2026-07-20 16:00:00,367.5525
2026-07-20 17:00:00,499.495
2026-07-20 18:00:00,630.46
2026-07-20 19:00:00,730.8125
2026-07-20 20:00:00,788.7
2026-07-20 21:00:00,797.2125
2026-07-20 22:00:00,759.0475
2026-07-20 23:00:00,664.4475
2026-07-21 00:00:00,603.6625
2026-07-21 01:00:00,584.4775
2026-07-21 02:00:00,535.9575
2026-07-21 03:00:00,546.7025
2026-07-21 04:00:00,560.21
2026-07-21 05:00:00,579.645
2026-07-21 06:00:00,677.6800000000001
2026-07-21 07:00:00,669.585
2026-07-21 08:00:00,630.3425
2026-07-21 09:00:00,499.2375
2026-07-21 10:00:00,374.435
2026-07-21 11:00:00,288.1925
2026-07-21 12:00:00,198.54
2026-07-21 13:00:00,151.85500000000002
2026-07-21 14:00:00,146.7925
2026-07-21 15:00:00,220.72250000000003
2026-07-21 16:00:00,335.6225
2026-07-21 17:00:00,490.575
2026-07-21 18:00:00,644.88
2026-07-21 19:00:00,707.2175
2026-07-21 20:00:00,737.06
2026-07-21 21:00:00,755.9
2026-07-21 22:00:00,728.095
2026-07-21 23:00:00,671.4025
2026-07-22 00:00:00,650.76
2026-07-22 01:00:00,638.4300000000001
2026-07-22 02:00:00,575.53
2026-07-22 03:00:00,580.3875
2026-07-22 04:00:00,567.7950000000001
2026-07-22 05:00:00,554.0575
2026-07-22 06:00:00,630.5999999999999
2026-07-22 07:00:00,623.8475
2026-07-22 08:00:00,563.3075
2026-07-22 09:00:00,417.86
2026-07-22 10:00:00,302.705
2026-07-22 11:00:00,138.76
2026-07-22 12:00:00,115.7525
2026-07-22 13:00:00,95.4925
2026-07-22 14:00:00,117.74000000000001
2026-07-22 15:00:00,280.725
2026-07-22 16:00:00,401.905
2026-07-22 17:00:00,462.5025
2026-07-22 18:00:00,555.335
2026-07-22 19:00:00,686.24
2026-07-22 20:00:00,687.1925
2026-07-22 21:00:00,698.605
2026-07-22 22:00:00,657.7950000000001
2026-07-22 23:00:00,602.475
2026-07-23 00:00:00,593.9225
2026-07-23 01:00:00,573.9725
2026-07-23 02:00:00,557.065
2026-07-23 03:00:00,553.5275
2026-07-23 04:00:00,566.33
2026-07-23 05:00:00,592.385
2026-07-23 06:00:00,677.9675
2026-07-23 07:00:00,723.0074999999999
2026-07-23 08:00:00,693.965
2026-07-23 09:00:00,582.31
2026-07-23 10:00:00,458.2675
2026-07-23 11:00:00,408.055
2026-07-23 12:00:00,405.395
2026-07-23 13:00:00,398.715
2026-07-23 14:00:00,358.7425
2026-07-23 15:00:00,379.75
2026-07-23 16:00:00,419.735
2026-07-23 17:00:00,472.9325
2026-07-23 18:00:00,616.3475
2026-07-23 19:00:00,626.22
2026-07-23 20:00:00,732.9075
2026-07-23 21:00:00,708.4375
2026-07-23 22:00:00,594.9075
2026-07-23 23:00:00,682.5475
2026-07-24 00:00:00,697.1075000000001
2026-07-24 01:00:00,680.4925000000001
2026-07-24 02:00:00,660.77
2026-07-24 03:00:00,655.4649999999999
2026-07-24 04:00:00,655.01
2026-07-24 05:00:00,698.2
2026-07-24 06:00:00,695.5725
2026-07-24 07:00:00,672.8325
2026-07-24 08:00:00,568.005
2026-07-24 09:00:00,503.2625
2026-07-24 10:00:00,431.16
2026-07-24 11:00:00,319.4825
2026-07-24 12:00:00,200.0675
2026-07-24 13:00:00,153.6975
2026-07-24 14:00:00,169.945
2026-07-24 15:00:00,292.23
2026-07-24 16:00:00,387.995
2026-07-24 17:00:00,539.6750000000001
2026-07-24 18:00:00,676.4225
2026-07-24 19:00:00,780.9549999999999
2026-07-24 20:00:00,861.4125
2026-07-24 21:00:00,874.9675
2026-07-24 22:00:00,840.4875
2026-07-24 23:00:00,779.8625
2026-07-25 00:00:00,725.3125
2026-07-25 01:00:00,684.6725
2026-07-25 02:00:00,698.005
2026-07-25 03:00:00,681.7925
2026-07-25 04:00:00,666.7125
2026-07-25 05:00:00,628.46
2026-07-25 06:00:00,589.41
2026-07-25 07:00:00,504.55
2026-07-25 08:00:00,474.3125
2026-07-25 09:00:00,103.1225
2026-07-25 10:00:00,-0.5075
2026-07-25 11:00:00,-11.280000000000001
2026-07-25 12:00:00,-20.3525
2026-07-25 13:00:00,-19.65
2026-07-25 14:00:00,-16.427500000000002
2026-07-25 15:00:00,-1.125
2026-07-25 16:00:00,136.745
2026-07-25 17:00:00,496.5875
2026-07-25 18:00:00,564.8925
2026-07-25 19:00:00,697.0975
2026-07-25 20:00:00,744.9475
2026-07-25 21:00:00,729.0325
2026-07-25 22:00:00,715.8275
2026-07-25 23:00:00,692.1125
2026-07-26 00:00:00,640.5725
2026-07-26 01:00:00,610.5525
2026-07-26 02:00:00,624.9775
2026-07-26 03:00:00,679.7275
2026-07-26 04:00:00,646.9075
2026-07-26 05:00:00,592.21
2026-07-26 06:00:00,557.3375
2026-07-26 07:00:00,480.955
2026-07-26 08:00:00,212.7925
2026-07-26 09:00:00,-59.06
2026-07-26 10:00:00,-16.73
2026-07-26 11:00:00,-0.01
2026-07-26 12:00:00,-0.1625
2026-07-26 13:00:00,-0.6675
2026-07-26 14:00:00,-1.2225
2026-07-26 15:00:00,-1.1975
2026-07-26 16:00:00,56.5375
2026-07-26 17:00:00,521.56
2026-07-26 18:00:00,613.8075
2026-07-26 19:00:00,666.5025
2026-07-26 20:00:00,671.4775
2026-07-26 21:00:00,642.1475
2026-07-26 22:00:00,638.4549999999999
2026-07-26 23:00:00,591.735
2026-07-27 00:00:00,448.0475
2026-07-27 01:00:00,439.655
2026-07-27 02:00:00,449.15999999999997
2026-07-27 03:00:00,440.65999999999997
2026-07-27 04:00:00,438.20500000000004
2026-07-27 05:00:00,438.6275
2026-07-27 06:00:00,502.0425
2026-07-27 07:00:00,558.0725
2026-07-27 08:00:00,522.39
2026-07-27 09:00:00,378.91999999999996
2026-07-27 10:00:00,190.1775
2026-07-27 11:00:00,186.975
2026-07-27 12:00:00,73.535
2026-07-27 13:00:00,48.3725
2026-07-27 14:00:00,23.724999999999998
2026-07-27 15:00:00,18.905
2026-07-27 16:00:00,85.4125
2026-07-27 17:00:00,190.29000000000002
2026-07-27 18:00:00,499.18500000000006
2026-07-27 19:00:00,638.6025
2026-07-27 20:00:00,749.8175
2026-07-27 21:00:00,774.9399999999999
2026-07-27 22:00:00,741.87
2026-07-27 23:00:00,675.2125
2026-07-28 00:00:00,690.375
2026-07-28 01:00:00,612.2
2026-07-28 02:00:00,578.59
2026-07-28 03:00:00,588.4475
2026-07-28 04:00:00,608.8125
2026-07-28 05:00:00,624.0375
2026-07-28 06:00:00,723.9925000000001
2026-07-28 07:00:00,698.505
2026-07-28 08:00:00,457.7825
2026-07-28 09:00:00,325.0725
2026-07-28 10:00:00,32.245000000000005
2026-07-28 11:00:00,-11.682500000000001
2026-07-28 12:00:00,-3.3324999999999996
2026-07-28 13:00:00,0.0425
2026-07-28 14:00:00,-18.465
2026-07-28 15:00:00,2.2
2026-07-28 16:00:00,228.6575
2026-07-28 17:00:00,472.58000000000004
2026-07-28 18:00:00,684.975
2026-07-28 19:00:00,876.0450000000001
2026-07-28 20:00:00,937.7475
2026-07-28 21:00:00,905.605
2026-07-28 22:00:00,836.715
2026-07-28 23:00:00,746.8975
2026-07-29 00:00:00,681.84
2026-07-29 01:00:00,645.495
2026-07-29 02:00:00,594.9975
2026-07-29 03:00:00,583.78
2026-07-29 04:00:00,608.045
2026-07-29 05:00:00,601.5525
2026-07-29 06:00:00,541.6375
2026-07-29 07:00:00,570.19
2026-07-29 08:00:00,464.6475
2026-07-29 09:00:00,406.1725
2026-07-29 10:00:00,332.4225
2026-07-29 11:00:00,125.55
2026-07-29 12:00:00,49.965
2026-07-29 13:00:00,109.4025
2026-07-29 14:00:00,217.1175
2026-07-29 15:00:00,401.08
2026-07-29 16:00:00,467.0475
2026-07-29 17:00:00,577.725
2026-07-29 18:00:00,729.1675
2026-07-29 19:00:00,1091.3825
2026-07-29 20:00:00,1148.8225
2026-07-29 21:00:00,973.1725
2026-07-29 22:00:00,826.1275
2026-07-29 23:00:00,551.6475
2026-07-30 00:00:00,607.5975000000001
2026-07-30 01:00:00,613.945
2026-07-30 02:00:00,605.6725
2026-07-30 03:00:00,589.5675
2026-07-30 04:00:00,576.425
2026-07-30 05:00:00,576.2
2026-07-30 06:00:00,590.1975
2026-07-30 07:00:00,560.5175
2026-07-30 08:00:00,526.295
2026-07-30 09:00:00,454.565
2026-07-30 10:00:00,338.445
2026-07-30 11:00:00,106.8925
2026-07-30 12:00:00,25.6875
2026-07-30 13:00:00,58.915
2026-07-30 14:00:00,118.57249999999999
2026-07-30 15:00:00,271.065
2026-07-30 16:00:00,478.685
2026-07-30 17:00:00,587.0575
2026-07-30 18:00:00,867.745
2026-07-30 19:00:00,1161.97
2026-07-30 20:00:00,1226.2025
2026-07-30 21:00:00,905.3975
2026-07-30 22:00:00,728.3075
2026-07-30 23:00:00,571.85
2026-07-31 00:00:00,705.0025
2026-07-31 01:00:00,704.3125
2026-07-31 02:00:00,671.5475
2026-07-31 03:00:00,667.95
2026-07-31 04:00:00,646.54
2026-07-31 05:00:00,615.3375
2026-07-31 06:00:00,599.1475
2026-07-31 07:00:00,578.0375
2026-07-31 08:00:00,504.7625
2026-07-31 09:00:00,474.295
2026-07-31 10:00:00,449.62
2026-07-31 11:00:00,428.7625
2026-07-31 12:00:00,404.94
2026-07-31 13:00:00,358.8575
2026-07-31 14:00:00,371.86
2026-07-31 15:00:00,452.45000000000005
2026-07-31 16:00:00,531.4525
2026-07-31 17:00:00,660.3525
2026-07-31 18:00:00,831.7275
2026-07-31 19:00:00,1314.9975
2026-07-31 20:00:00,1318.77
2026-07-31 21:00:00,1018.3275
2026-07-31 22:00:00,818.9625
2026-07-31 23:00:00,709.5925
2026-08-01 00:00:00,732.7574999999999
2026-08-01 01:00:00,704.0875
2026-08-01 02:00:00,679.7325
2026-08-01 03:00:00,669.83
2026-08-01 04:00:00,670.8025
2026-08-01 05:00:00,668.4225
2026-08-01 06:00:00,662.61
2026-08-01 07:00:00,631.49
2026-08-01 08:00:00,609.26
2026-08-01 09:00:00,544.8675
2026-08-01 10:00:00,478.85249999999996
2026-08-01 11:00:00,466.2
2026-08-01 12:00:00,468.1975
2026-08-01 13:00:00,469.6975
2026-08-01 14:00:00,468.21
2026-08-01 15:00:00,478.97
2026-08-01 16:00:00,466.9925
2026-08-01 17:00:00,530.4425
2026-08-01 18:00:00,628.43
2026-08-01 19:00:00,762.525
2026-08-01 20:00:00,785.2
2026-08-01 21:00:00,772.7025
2026-08-01 22:00:00,770.0375
2026-08-01 23:00:00,733.175
2026-08-02 00:00:00,733.4024999999999
2026-08-02 01:00:00,689.975
2026-08-02 02:00:00,676.8175
2026-08-02 03:00:00,668.045
2026-08-02 04:00:00,665.0125
2026-08-02 05:00:00,691.1675
2026-08-02 06:00:00,655.48
2026-08-02 07:00:00,598.36
2026-08-02 08:00:00,526.94
2026-08-02 09:00:00,272.5375
2026-08-02 10:00:00,16.3475
2026-08-02 11:00:00,2.62
2026-08-02 12:00:00,5.335
2026-08-02 13:00:00,0.010000000000000009
2026-08-02 14:00:00,6.1775
2026-08-02 15:00:00,15.149999999999999
2026-08-02 16:00:00,206.7325
2026-08-02 17:00:00,454.03
2026-08-02 18:00:00,575.91
2026-08-02 19:00:00,775.9575
2026-08-02 20:00:00,808.25
2026-08-02 21:00:00,748.7475
2026-08-02 22:00:00,701.565
2026-08-02 23:00:00,583.1775
2026-08-03 00:00:00,535.91
2026-08-03 01:00:00,541.27
2026-08-03 02:00:00,513.8275
2026-08-03 03:00:00,516.9875
2026-08-03 04:00:00,520.6324999999999
2026-08-03 05:00:00,561.6875
2026-08-03 06:00:00,719.5075
2026-08-03 07:00:00,691.6875
2026-08-03 08:00:00,531.615
2026-08-03 09:00:00,520.46
2026-08-03 10:00:00,407.2675
2026-08-03 11:00:00,274.4225
2026-08-03 12:00:00,106.31
2026-08-03 13:00:00,112.7175
2026-08-03 14:00:00,256.60249999999996
2026-08-03 15:00:00,362.275
2026-08-03 16:00:00,431.6375
2026-08-03 17:00:00,531.3924999999999
2026-08-03 18:00:00,948.2675
2026-08-03 19:00:00,1616.74
2026-08-03 20:00:00,1299.4925
2026-08-03 21:00:00,991.9775
2026-08-03 22:00:00,687.8675000000001
2026-08-03 23:00:00,616.74
2026-08-04 00:00:00,559.0425
2026-08-04 01:00:00,558.095
2026-08-04 02:00:00,538.48
2026-08-04 03:00:00,540.0699999999999
2026-08-04 04:00:00,559.05
2026-08-04 05:00:00,559.0475
2026-08-04 06:00:00,604.84
2026-08-04 07:00:00,554.33
2026-08-04 08:00:00,417.355
2026-08-04 09:00:00,413.33500000000004
2026-08-04 10:00:00,451.09000000000003
2026-08-04 11:00:00,442.165
2026-08-04 12:00:00,375.555
2026-08-04 13:00:00,328.9
2026-08-04 14:00:00,361.5775
2026-08-04 15:00:00,422.6575
2026-08-04 16:00:00,492.49
2026-08-04 17:00:00,710.6800000000001
2026-08-04 18:00:00,1141.6725000000001
2026-08-04 19:00:00,1656.0025
2026-08-04 20:00:00,1477.4025000000001
2026-08-04 21:00:00,1045.305
2026-08-04 22:00:00,738.8975
2026-08-04 23:00:00,557.89
2026-08-05 00:00:00,618.7975
2026-08-05 01:00:00,606.6175000000001
2026-08-05 02:00:00,603.49
2026-08-05 03:00:00,592.7775
2026-08-05 04:00:00,577.2950000000001
2026-08-05 05:00:00,633.8025
2026-08-05 06:00:00,728.4025
2026-08-05 07:00:00,652.59
2026-08-05 08:00:00,594.545
2026-08-05 09:00:00,483.0825
2026-08-05 10:00:00,300.1125
2026-08-05 11:00:00,120.99000000000001
2026-08-05 12:00:00,17.44
2026-08-05 13:00:00,38.2675
2026-08-05 14:00:00,249.79250000000002
2026-08-05 15:00:00,446.1625
2026-08-05 16:00:00,547.1375
2026-08-05 17:00:00,669.2674999999999
2026-08-05 18:00:00,1199.025
2026-08-05 19:00:00,1988.3625000000002
2026-08-05 20:00:00,1883.0825
2026-08-05 21:00:00,1462.475
2026-08-05 22:00:00,1014.535
2026-08-05 23:00:00,776.115
2026-08-06 00:00:00,771.675
2026-08-06 01:00:00,708.225
2026-08-06 02:00:00,666.4575
2026-08-06 03:00:00,627.2075
2026-08-06 04:00:00,625.4425
2026-08-06 05:00:00,646.2875
2026-08-06 06:00:00,763.1675
2026-08-06 07:00:00,703.9875
2026-08-06 08:00:00,585.2325
2026-08-06 09:00:00,498.455
2026-08-06 10:00:00,468.59000000000003
2026-08-06 11:00:00,422.805
2026-08-06 12:00:00,429.9075
2026-08-06 13:00:00,453.1325
2026-08-06 14:00:00,516.62
2026-08-06 15:00:00,583.015
2026-08-06 16:00:00,732.175
2026-08-06 17:00:00,817.94
2026-08-06 18:00:00,1472.31
2026-08-06 19:00:00,1748.66
2026-08-06 20:00:00,1820.4425
2026-08-06 21:00:00,1489.54
2026-08-06 22:00:00,751.565
2026-08-06 23:00:00,592.5174999999999
2026-08-07 00:00:00,607.2
2026-08-07 01:00:00,589.165
2026-08-07 02:00:00,554.0375
2026-08-07 03:00:00,552.5525
2026-08-07 04:00:00,563.4925000000001
2026-08-07 05:00:00,597.365
2026-08-07 06:00:00,630.2624999999999
2026-08-07 07:00:00,586.2524999999999
2026-08-07 08:00:00,567.6525
2026-08-07 09:00:00,542.745
2026-08-07 10:00:00,443.875
2026-08-07 11:00:00,358.87
2026-08-07 12:00:00,223.775
2026-08-07 13:00:00,138.6925
2026-08-07 14:00:00,128.95749999999998
2026-08-07 15:00:00,279.5025
2026-08-07 16:00:00,386.4625
2026-08-07 17:00:00,413.3275
2026-08-07 18:00:00,609.8199999999999
2026-08-07 19:00:00,881.8499999999999
2026-08-07 20:00:00,1192.7625
2026-08-07 21:00:00,1063.3725
2026-08-07 22:00:00,795.4024999999999
2026-08-07 23:00:00,714.735
2026-08-08 00:00:00,670.1375
2026-08-08 01:00:00,642.0
2026-08-08 02:00:00,626.6575
2026-08-08 03:00:00,631.86
2026-08-08 04:00:00,623.0125
2026-08-08 05:00:00,629.1925
2026-08-08 06:00:00,629.515
2026-08-08 07:00:00,592.235
2026-08-08 08:00:00,494.755
2026-08-08 09:00:00,271.76
2026-08-08 10:00:00,26.3025
2026-08-08 11:00:00,15.29
2026-08-08 12:00:00,13.795
2026-08-08 13:00:00,20.7625
2026-08-08 14:00:00,37.6
2026-08-08 15:00:00,135.0625
2026-08-08 16:00:00,407.8425
2026-08-08 17:00:00,538.075
2026-08-08 18:00:00,655.99
2026-08-08 19:00:00,755.9225
2026-08-08 20:00:00,841.0799999999999
2026-08-08 21:00:00,785.0825
2026-08-08 22:00:00,734.825
2026-08-08 23:00:00,664.1625
2026-08-09 00:00:00,624.83
2026-08-09 01:00:00,599.325
2026-08-09 02:00:00,586.84
2026-08-09 03:00:00,576.12
2026-08-09 04:00:00,576.4525
2026-08-09 05:00:00,580.635
2026-08-09 06:00:00,566.86
2026-08-09 07:00:00,500.055
2026-08-09 08:00:00,374.045
2026-08-09 09:00:00,12.0425
2026-08-09 10:00:00,0.9349999999999999
2026-08-09 11:00:00,-0.355
2026-08-09 12:00:00,-6.915
2026-08-09 13:00:00,-13.1725
2026-08-09 14:00:00,-5.365
2026-08-09 15:00:00,-0.012499999999999997
2026-08-09 16:00:00,8.9675
2026-08-09 17:00:00,382.6725
2026-08-09 18:00:00,663.89
2026-08-09 19:00:00,748.4475
2026-08-09 20:00:00,770.48
2026-08-09 21:00:00,712.4175
2026-08-09 22:00:00,731.1700000000001
2026-08-09 23:00:00,663.88
2026-08-10 00:00:00,619.1075
2026-08-10 01:00:00,552.8075
2026-08-10 02:00:00,529.9475
2026-08-10 03:00:00,524.9024999999999
2026-08-10 04:00:00,543.605
2026-08-10 05:00:00,615.365
2026-08-10 06:00:00,705.6225
2026-08-10 07:00:00,710.3525
2026-08-10 08:00:00,691.9675
2026-08-10 09:00:00,597.3325
2026-08-10 10:00:00,486.53999999999996
2026-08-10 11:00:00,364.4
2026-08-10 12:00:00,298.19
2026-08-10 13:00:00,257.4275
2026-08-10 14:00:00,365.585
2026-08-10 15:00:00,452.09000000000003
2026-08-10 16:00:00,560.2925
2026-08-10 17:00:00,738.31
2026-08-10 18:00:00,1015.155
2026-08-10 19:00:00,1433.8025
2026-08-10 20:00:00,1363.3525
2026-08-10 21:00:00,890.8050000000001
2026-08-10 22:00:00,674.5675
2026-08-10 23:00:00,560.3025
2026-08-11 00:00:00,552.2925
2026-08-11 01:00:00,589.63
2026-08-11 02:00:00,584.67
2026-08-11 03:00:00,552.8225
2026-08-11 04:00:00,558.3725
2026-08-11 05:00:00,609.6524999999999
2026-08-11 06:00:00,684.7725
2026-08-11 07:00:00,682.3824999999999
2026-08-11 08:00:00,587.9275
2026-08-11 09:00:00,384.1275
2026-08-11 10:00:00,119.2225
2026-08-11 11:00:00,-47.2125
2026-08-11 12:00:00,-24.9925
2026-08-11 13:00:00,-12.63
2026-08-11 14:00:00,-40.3475
2026-08-11 15:00:00,-38.8525
2026-08-11 16:00:00,61.0125
2026-08-11 17:00:00,441.935
2026-08-11 18:00:00,666.935
2026-08-11 19:00:00,944.145
2026-08-11 20:00:00,1243.6399999999999
2026-08-11 21:00:00,1010.0975
2026-08-11 22:00:00,773.44
2026-08-11 23:00:00,660.5550000000001
2026-08-12 00:00:00,667.8875
2026-08-12 01:00:00,642.81
2026-08-12 02:00:00,616.1325
2026-08-12 03:00:00,600.88
2026-08-12 04:00:00,601.515
2026-08-12 05:00:00,659.9875
2026-08-12 06:00:00,736.565
2026-08-12 07:00:00,720.3675000000001
2026-08-12 08:00:00,668.8025
2026-08-12 09:00:00,548.91
2026-08-12 10:00:00,368.6575
2026-08-12 11:00:00,174.95000000000002
2026-08-12 12:00:00,107.6075
2026-08-12 13:00:00,97.0725
2026-08-12 14:00:00,147.315
2026-08-12 15:00:00,322.425
2026-08-12 16:00:00,459.51
2026-08-12 17:00:00,604.47
2026-08-12 18:00:00,799.96
2026-08-12 19:00:00,1289.8825
2026-08-12 20:00:00,1287.215
2026-08-12 21:00:00,987.275
2026-08-12 22:00:00,819.7725
2026-08-12 23:00:00,739.96
2026-08-13 00:00:00,663.1475
2026-08-13 01:00:00,635.1324999999999
2026-08-13 02:00:00,617.19
2026-08-13 03:00:00,614.1775
2026-08-13 04:00:00,623.635
2026-08-13 05:00:00,677.33
2026-08-13 06:00:00,749.775
2026-08-13 07:00:00,736.2825
2026-08-13 08:00:00,674.76
2026-08-13 09:00:00,573.61
2026-08-13 10:00:00,465.1975
2026-08-13 11:00:00,292.8175
2026-08-13 12:00:00,239.015
2026-08-13 13:00:00,225.365
2026-08-13 14:00:00,226.765
2026-08-13 15:00:00,313.7875
2026-08-13 16:00:00,493.88
2026-08-13 17:00:00,646.3025
2026-08-13 18:00:00,877.8625
2026-08-13 19:00:00,1405.455
2026-08-13 20:00:00,1458.2275
2026-08-13 21:00:00,1161.9325
2026-08-13 22:00:00,714.4975
2026-08-13 23:00:00,695.7475
2026-08-14 00:00:00,680.3925
2026-08-14 01:00:00,655.6975
2026-08-14 02:00:00,627.4825
2026-08-14 03:00:00,611.6424999999999
2026-08-14 04:00:00,619.635
2026-08-14 05:00:00,666.095
2026-08-14 06:00:00,740.425
2026-08-14 07:00:00,732.34
2026-08-14 08:00:00,655.2774999999999
2026-08-14 09:00:00,560.4975000000001
2026-08-14 10:00:00,442.625
2026-08-14 11:00:00,246.0875
2026-08-14 12:00:00,56.792500000000004
2026-08-14 13:00:00,53.887499999999996
2026-08-14 14:00:00,137.785
2026-08-14 15:00:00,305.4625
2026-08-14 16:00:00,500.84749999999997
2026-08-14 17:00:00,618.55
2026-08-14 18:00:00,776.12
2026-08-14 19:00:00,1059.9775
2026-08-14 20:00:00,1130.93
2026-08-14 21:00:00,921.495
2026-08-14 22:00:00,806.6400000000001
2026-08-14 23:00:00,764.3575
2026-08-15 00:00:00,730.32
2026-08-15 01:00:00,699.9325
2026-08-15 02:00:00,676.2525
2026-08-15 03:00:00,676.4
2026-08-15 04:00:00,665.9575
2026-08-15 05:00:00,663.06
2026-08-15 06:00:00,676.5925
2026-08-15 07:00:00,605.0375
2026-08-15 08:00:00,394.8375
2026-08-15 09:00:00,161.3975
2026-08-15 10:00:00,0.012500000000000622
2026-08-15 11:00:00,7.7875
2026-08-15 12:00:00,0.010000000000000009
2026-08-15 13:00:00,0.0
2026-08-15 14:00:00,14.072500000000002
2026-08-15 15:00:00,65.0675
2026-08-15 16:00:00,295.6125
2026-08-15 17:00:00,562.4025
2026-08-15 18:00:00,709.5775
2026-08-15 19:00:00,775.6375
2026-08-15 20:00:00,797.3075
2026-08-15 21:00:00,790.2049999999999
2026-08-15 22:00:00,774.0425
2026-08-15 23:00:00,749.8975
2026-08-16 00:00:00,751.2875
2026-08-16 01:00:00,726.61
2026-08-16 02:00:00,712.5725
2026-08-16 03:00:00,678.9775
2026-08-16 04:00:00,676.24
2026-08-16 05:00:00,676.4325
2026-08-16 06:00:00,674.9449999999999
2026-08-16 07:00:00,648.095
2026-08-16 08:00:00,603.24
2026-08-16 09:00:00,518.9975
2026-08-16 10:00:00,417.64
2026-08-16 11:00:00,263.9
2026-08-16 12:00:00,187.6175
2026-08-16 13:00:00,117.825
2026-08-16 14:00:00,157.565
2026-08-16 15:00:00,291.7975
2026-08-16 16:00:00,500.53999999999996
2026-08-16 17:00:00,626.3525
2026-08-16 18:00:00,730.88
2026-08-16 19:00:00,810.15
2026-08-16 20:00:00,862.0775
2026-08-16 21:00:00,886.46
2026-08-16 22:00:00,890.1650000000001
2026-08-16 23:00:00,830.31
2026-08-17 00:00:00,828.0699999999999
2026-08-17 01:00:00,770.6725
2026-08-17 02:00:00,706.41
2026-08-17 03:00:00,690.8075
2026-08-17 04:00:00,685.5925
2026-08-17 05:00:00,749.725
2026-08-17 06:00:00,850.7950000000001
2026-08-17 07:00:00,884.1975
2026-08-17 08:00:00,733.8399999999999
2026-08-17 09:00:00,470.4475
2026-08-17 10:00:00,449.945
2026-08-17 11:00:00,452.52
2026-08-17 12:00:00,511.3675
2026-08-17 13:00:00,559.7825
2026-08-17 14:00:00,575.9325
2026-08-17 15:00:00,631.23
2026-08-17 16:00:00,732.0625
2026-08-17 17:00:00,957.6949999999999
2026-08-17 18:00:00,1147.7649999999999
2026-08-17 19:00:00,1044.7775
2026-08-17 20:00:00,946.285
2026-08-17 21:00:00,905.1125
2026-08-17 22:00:00,843.8199999999999
2026-08-17 23:00:00,722.6700000000001
2026-08-18 00:00:00,677.355
2026-08-18 01:00:00,688.285
2026-08-18 02:00:00,649.5925
2026-08-18 03:00:00,639.2025
2026-08-18 04:00:00,642.765
2026-08-18 05:00:00,621.9725
2026-08-18 06:00:00,604.245
2026-08-18 07:00:00,574.75
2026-08-18 08:00:00,632.9775
2026-08-18 09:00:00,633.9449999999999
2026-08-18 10:00:00,637.4875
2026-08-18 11:00:00,607.3575000000001
2026-08-18 12:00:00,577.9075
2026-08-18 13:00:00,538.75
2026-08-18 14:00:00,524.0074999999999
2026-08-18 15:00:00,543.9625
2026-08-18 16:00:00,594.4025
2026-08-18 17:00:00,545.3625
2026-08-18 18:00:00,635.6675
2026-08-18 19:00:00,903.23
2026-08-18 20:00:00,929.8925
2026-08-18 21:00:00,892.1475
2026-08-18 22:00:00,767.0025
2026-08-18 23:00:00,663.0525
2026-08-19 00:00:00,665.2525
2026-08-19 01:00:00,672.605
2026-08-19 02:00:00,653.9375
2026-08-19 03:00:00,636.1725
2026-08-19 04:00:00,643.495
2026-08-19 05:00:00,612.7975
2026-08-19 06:00:00,719.4425
2026-08-19 07:00:00,745.4525
2026-08-19 08:00:00,572.8149999999999
2026-08-19 09:00:00,510.60249999999996
2026-08-19 10:00:00,612.2925
2026-08-19 11:00:00,617.4325
2026-08-19 12:00:00,587.725
2026-08-19 13:00:00,551.89
2026-08-19 14:00:00,551.395
2026-08-19 15:00:00,565.42
2026-08-19 16:00:00,605.1324999999999
2026-08-19 17:00:00,710.825
2026-08-19 18:00:00,802.9275
2026-08-19 19:00:00,905.0925
2026-08-19 20:00:00,901.4525
2026-08-19 21:00:00,849.29
2026-08-19 22:00:00,699.49
2026-08-19 23:00:00,805.6800000000001
2026-08-20 00:00:00,717.8775
2026-08-20 01:00:00,702.44
2026-08-20 02:00:00,665.1575
2026-08-20 03:00:00,640.0825
2026-08-20 04:00:00,642.5925
2026-08-20 05:00:00,602.6775
2026-08-20 06:00:00,760.03
2026-08-20 07:00:00,801.055
2026-08-20 08:00:00,655.345
2026-08-20 09:00:00,484.59000000000003
2026-08-20 10:00:00,473.7625
2026-08-20 11:00:00,399.28
2026-08-20 12:00:00,352.67
2026-08-20 13:00:00,315.935
2026-08-20 14:00:00,369.90999999999997
2026-08-20 15:00:00,449.0575
2026-08-20 16:00:00,481.21500000000003
2026-08-20 17:00:00,636.455
2026-08-20 18:00:00,878.1575
2026-08-20 19:00:00,980.235
2026-08-20 20:00:00,933.1700000000001
2026-08-20 21:00:00,846.38
2026-08-20 22:00:00,813.1075000000001
2026-08-20 23:00:00,733.9275
2026-08-21 00:00:00,687.435
2026-08-21 01:00:00,636.21
2026-08-21 02:00:00,647.7774999999999
2026-08-21 03:00:00,653.4
2026-08-21 04:00:00,649.7825
2026-08-21 05:00:00,606.695
2026-08-21 06:00:00,757.4175
2026-08-21 07:00:00,828.725
2026-08-21 08:00:00,627.23
2026-08-21 09:00:00,481.9375
2026-08-21 10:00:00,515.9525
2026-08-21 11:00:00,490.8175
2026-08-21 12:00:00,491.3025
2026-08-21 13:00:00,505.7975
2026-08-21 14:00:00,545.3675000000001
2026-08-21 15:00:00,598.3225
2026-08-21 16:00:00,632.1949999999999
2026-08-21 17:00:00,818.9575
2026-08-21 18:00:00,1029.3875
2026-08-21 19:00:00,1034.9475
2026-08-21 20:00:00,990.505
2026-08-21 21:00:00,858.6575
2026-08-21 22:00:00,817.05
2026-08-21 23:00:00,712.1775
2026-08-22 00:00:00,600.3
2026-08-22 01:00:00,603.9675
2026-08-22 02:00:00,631.8575
2026-08-22 03:00:00,641.61
2026-08-22 04:00:00,617.2175
2026-08-22 05:00:00,589.9300000000001
2026-08-22 06:00:00,589.9725
2026-08-22 07:00:00,566.2375
2026-08-22 08:00:00,499.95750000000004
2026-08-22 09:00:00,390.66499999999996
2026-08-22 10:00:00,223.82250000000002
2026-08-22 11:00:00,89.38
2026-08-22 12:00:00,4.3
2026-08-22 13:00:00,-0.02
2026-08-22 14:00:00,-0.04
2026-08-22 15:00:00,11.2975
2026-08-22 16:00:00,117.69
2026-08-22 17:00:00,387.59000000000003
2026-08-22 18:00:00,493.55499999999995
2026-08-22 19:00:00,589.37
2026-08-22 20:00:00,607.05
2026-08-22 21:00:00,563.6175000000001
2026-08-22 22:00:00,609.8525
2026-08-22 23:00:00,543.7775
2026-08-23 00:00:00,485.4475
2026-08-23 01:00:00,420.38250000000005
2026-08-23 02:00:00,351.21500000000003
2026-08-23 03:00:00,301.185
2026-08-23 04:00:00,330.47499999999997
2026-08-23 05:00:00,373.945
2026-08-23 06:00:00,438.105
2026-08-23 07:00:00,440.2425
2026-08-23 08:00:00,72.9625
2026-08-23 09:00:00,-10.5425
2026-08-23 10:00:00,-27.9775
2026-08-23 11:00:00,-45.095
2026-08-23 12:00:00,-65.0825
2026-08-23 13:00:00,-81.24
2026-08-23 14:00:00,-74.7625
2026-08-23 15:00:00,-42.14
2026-08-23 16:00:00,-107.805
2026-08-23 17:00:00,189.745
2026-08-23 18:00:00,559.4775
2026-08-23 19:00:00,733.74
2026-08-23 20:00:00,739.36
2026-08-23 21:00:00,750.6775
2026-08-23 22:00:00,726.625
2026-08-23 23:00:00,632.61
2026-08-24 00:00:00,633.1175000000001
2026-08-24 01:00:00,638.595
2026-08-24 02:00:00,606.4575
2026-08-24 03:00:00,622.335
2026-08-24 04:00:00,649.8824999999999
2026-08-24 05:00:00,639.715
2026-08-24 06:00:00,847.36
2026-08-24 07:00:00,878.6949999999999
2026-08-24 08:00:00,621.81
2026-08-24 09:00:00,449.8075
2026-08-24 10:00:00,394.6625
2026-08-24 11:00:00,383.81
2026-08-24 12:00:00,294.97749999999996
2026-08-24 13:00:00,250.7
2026-08-24 14:00:00,268.585
2026-08-24 15:00:00,376.885
2026-08-24 16:00:00,450.99
2026-08-24 17:00:00,657.515
2026-08-24 18:00:00,838.7025
2026-08-24 19:00:00,1071.8825
2026-08-24 20:00:00,1390.4125
2026-08-24 21:00:00,941.785
2026-08-24 22:00:00,795.87
2026-08-24 23:00:00,707.3525
2026-08-25 00:00:00,698.4125
2026-08-25 01:00:00,676.28
2026-08-25 02:00:00,658.2774999999999
2026-08-25 03:00:00,648.5525
2026-08-25 04:00:00,653.715
2026-08-25 05:00:00,685.8875
2026-08-25 06:00:00,812.595
2026-08-25 07:00:00,808.36
2026-08-25 08:00:00,604.0925
2026-08-25 09:00:00,472.0025
2026-08-25 10:00:00,344.95
2026-08-25 11:00:00,231.945
2026-08-25 12:00:00,223.5975
2026-08-25 13:00:00,302.59250000000003
2026-08-25 14:00:00,355.245
2026-08-25 15:00:00,419.175
2026-08-25 16:00:00,460.6075
2026-08-25 17:00:00,652.5975
2026-08-25 18:00:00,818.4475
2026-08-25 19:00:00,919.78
2026-08-25 20:00:00,902.1725
2026-08-25 21:00:00,810.9575
2026-08-25 22:00:00,635.2049999999999
2026-08-25 23:00:00,648.4225
2026-08-26 00:00:00,694.0825
2026-08-26 01:00:00,649.7475
2026-08-26 02:00:00,603.655
2026-08-26 03:00:00,585.9225
2026-08-26 04:00:00,607.7675
2026-08-26 05:00:00,667.3525
2026-08-26 06:00:00,811.99
2026-08-26 07:00:00,859.9300000000001
2026-08-26 08:00:00,795.1775
2026-08-26 09:00:00,589.765
2026-08-26 10:00:00,463.5525
2026-08-26 11:00:00,316.52750000000003
2026-08-26 12:00:00,129.1375
2026-08-26 13:00:00,170.03
2026-08-26 14:00:00,347.425
2026-08-26 15:00:00,439.24
2026-08-26 16:00:00,501.3575
2026-08-26 17:00:00,704.6949999999999
2026-08-26 18:00:00,882.7225000000001
2026-08-26 19:00:00,1024.58
2026-08-26 20:00:00,964.3475
2026-08-26 21:00:00,774.785
2026-08-26 22:00:00,728.1125
2026-08-26 23:00:00,659.765
2026-08-27 00:00:00,614.6925
2026-08-27 01:00:00,595.6025
2026-08-27 02:00:00,575.335
2026-08-27 03:00:00,566.475
2026-08-27 04:00:00,594.85
2026-08-27 05:00:00,653.1675
2026-08-27 06:00:00,774.65
2026-08-27 07:00:00,732.355
2026-08-27 08:00:00,630.7575
2026-08-27 09:00:00,485.83500000000004
2026-08-27 10:00:00,186.16500000000002
2026-08-27 11:00:00,-195.295
2026-08-27 12:00:00,-218.975
2026-08-27 13:00:00,-186.7225
2026-08-27 14:00:00,-112.19
2026-08-27 15:00:00,38.2625
2026-08-27 16:00:00,404.34
2026-08-27 17:00:00,611.98
2026-08-27 18:00:00,1078.5025
2026-08-27 19:00:00,1004.1725
2026-08-27 20:00:00,869.9475
2026-08-27 21:00:00,704.12
2026-08-27 22:00:00,602.605
2026-08-27 23:00:00,522.4475
2026-08-28 00:00:00,524.665
2026-08-28 01:00:00,494.0175
2026-08-28 02:00:00,498.885
2026-08-28 03:00:00,534.7725
2026-08-28 04:00:00,547.4475
2026-08-28 05:00:00,567.16
2026-08-28 06:00:00,743.3175
2026-08-28 07:00:00,773.955
2026-08-28 08:00:00,595.2225
2026-08-28 09:00:00,437.1425
2026-08-28 10:00:00,184.0775
2026-08-28 11:00:00,137.83
2026-08-28 12:00:00,157.865
2026-08-28 13:00:00,138.085
2026-08-28 14:00:00,175.16
2026-08-28 15:00:00,324.2975
2026-08-28 16:00:00,456.14
2026-08-28 17:00:00,626.64
2026-08-28 18:00:00,707.8525
2026-08-28 19:00:00,769.29
2026-08-28 20:00:00,787.1225000000001
2026-08-28 21:00:00,744.02
2026-08-28 22:00:00,729.8275
2026-08-28 23:00:00,622.3225
2026-08-29 00:00:00,484.9175
2026-08-29 01:00:00,505.7025
2026-08-29 02:00:00,483.7375
2026-08-29 03:00:00,471.505
2026-08-29 04:00:00,470.7825
2026-08-29 05:00:00,481.395
2026-08-29 06:00:00,514.66
2026-08-29 07:00:00,519.07
2026-08-29 08:00:00,631.895
2026-08-29 09:00:00,613.265
2026-08-29 10:00:00,497.6875
2026-08-29 11:00:00,303.27500000000003
2026-08-29 12:00:00,54.95
2026-08-29 13:00:00,22.7675
2026-08-29 14:00:00,18.747500000000002
2026-08-29 15:00:00,149.9275
2026-08-29 16:00:00,476.23
2026-08-29 17:00:00,664.76
2026-08-29 18:00:00,812.8525
2026-08-29 19:00:00,949.4575
2026-08-29 20:00:00,1038.865
2026-08-29 21:00:00,804.905
2026-08-29 22:00:00,761.0450000000001
2026-08-29 23:00:00,712.845
2026-08-30 00:00:00,602.3225
2026-08-30 01:00:00,538.415
2026-08-30 02:00:00,517.185
2026-08-30 03:00:00,476.09000000000003
2026-08-30 04:00:00,458.79999999999995
2026-08-30 05:00:00,490.6375
2026-08-30 06:00:00,496.205
2026-08-30 07:00:00,460.47749999999996
2026-08-30 08:00:00,252.155
2026-08-30 09:00:00,20.6025
2026-08-30 10:00:00,0.185
2026-08-30 11:00:00,-0.4575
2026-08-30 12:00:00,-4.17
2026-08-30 13:00:00,-4.995
2026-08-30 14:00:00,-4.9625
2026-08-30 15:00:00,-0.455
2026-08-30 16:00:00,110.98499999999999
2026-08-30 17:00:00,471.1275
2026-08-30 18:00:00,767.6324999999999
2026-08-30 19:00:00,826.05
2026-08-30 20:00:00,852.25
2026-08-30 21:00:00,842.405
2026-08-30 22:00:00,777.0025
2026-08-30 23:00:00,760.5450000000001
2026-08-31 00:00:00,729.63
2026-08-31 01:00:00,714.7049999999999
2026-08-31 02:00:00,686.1425
2026-08-31 03:00:00,673.5225
2026-08-31 04:00:00,656.9825
2026-08-31 05:00:00,714.6625
2026-08-31 06:00:00,803.3025
2026-08-31 07:00:00,906.95
2026-08-31 08:00:00,712.4300000000001
2026-08-31 09:00:00,574.5825
2026-08-31 10:00:00,460.945
2026-08-31 11:00:00,496.245
2026-08-31 12:00:00,519.2075
2026-08-31 13:00:00,523.5875
2026-08-31 14:00:00,549.1475
2026-08-31 15:00:00,573.5350000000001
2026-08-31 16:00:00,623.78
2026-08-31 17:00:00,965.5
2026-08-31 18:00:00,1100.2075
2026-08-31 19:00:00,1385.77
2026-08-31 20:00:00,1226.9525
2026-08-31 21:00:00,876.415
2026-08-31 22:00:00,795.005
2026-08-31 23:00:00,659.6225
