draw,capex_mult,delay_years,price_mult,gas_mult,eua_mult,cf_adj,wacc_adj,fom_mult,npv_S1a_smr_cfd,lcoe_S1a_smr_cfd,irr_S1a_smr_cfd,npv_S2_smr_dynamic,lcoe_S2_smr_dynamic,irr_S2_smr_dynamic,npv_S3a_gas_ccgt,lcoe_S3a_gas_ccgt,irr_S3a_gas_ccgt,npv_S3b_gas_ocgt,lcoe_S3b_gas_ocgt,irr_S3b_gas_ocgt
0,1.157243530831623,1.333283384609312,0.9332940144677414,0.9777674532765567,1.0358407681512025,0.004251438339915564,0.007753857465471236,0.9225428907420637,-2604.3981279493923,590.8962282204968,0.044041578440037685,-8318.448865705832,773.6403883045646,0.016804672448808056,-2024.08654117996,1297.6046327621978,,-1143.2678433598883,2394.883921004705,
1,0.9105772176656077,0.8278409572324643,1.0711463247230932,1.0718110774815508,1.116280317460016,-0.012130940739768857,-0.002725876241713482,0.8792151157862684,1784.7282523968065,450.75323468259114,0.056517403189709076,-4223.75140988918,587.3759297326011,0.03638343185660819,-1608.1499029636716,1010.7958331765274,,-932.8796428603082,1920.1303906536646,
2,1.3051025352271264,0.8378981923884682,0.8656760704607672,1.0605046409821517,1.0991787231916366,-0.007914406587504377,0.0060130275117066655,1.1352380698648021,-4477.147086703925,649.1833217116688,0.03429563029063608,-10617.527140790417,854.969805063615,0.0032907244182964696,-2402.1816383955024,2578.902760506088,,-1341.9872289372738,3735.824396573737,
3,0.9962637877778935,1.9849641501870847,1.0637882193321353,0.9273739950580521,1.1239956371202844,-0.008129424436182635,0.0056795337136899705,0.891019190484135,-949.8676367975778,536.7903439317959,0.050386634660129666,-5695.493302485467,704.7238269277788,0.03120296423632028,-1521.10960724298,878.446945817715,,-930.0036844158258,1720.3540172283047,
4,0.917311446565281,1.2044922604233348,0.8198088455932053,1.0980499061752278,1.1350099342797837,-0.013852844139923833,0.011154540383484422,1.260527932189914,-1627.3556557339796,561.2480629963737,0.05015384122210009,-7449.997685247421,719.9997683044201,0.008584551515733454,-2116.538961923318,3397.735942314707,,-1191.6880958317427,4491.430489544808,
5,1.0581059080953223,0.26682705721157984,0.8273324487933202,0.9305070458917097,0.8371720441629215,-0.0036307243888602236,0.00016374813147441644,0.9876542908738237,-392.8965768064256,506.3923144012236,0.048139995029933436,-8201.609155731028,659.247503384967,0.010086163601821395,-2041.3470746296703,1197.7380656723165,,-1137.0681248786714,2201.748441790169,
6,0.8161095015522841,1.622528843302388,0.91310004766708,1.1340706368383144,1.0949742675042782,-0.004449680835528824,-0.0006602567998480365,1.0095832727663319,1608.9916153127842,445.91794337317344,0.058873065370939226,-4936.224843628203,580.5196584420775,0.02622700537020279,-1930.3192187117272,1977.953645398223,,-1064.5418097879417,2995.2503479524385,
7,1.0641151013462564,1.5345345710556642,0.9967393596479277,1.3303964119655036,1.0630125873547334,-0.0055234888329863605,0.0036159953089975414,1.4499075585638934,-2340.431601309659,583.5443777458003,0.041067566944269135,-7493.571453627842,760.7837281683882,0.01653244963832738,-2223.177887851819,2154.1890032271726,,-1245.025966901939,3311.5085183173505,
8,0.9148023578233644,0.683816028169642,0.9207445672093316,1.1252568286294617,0.9462098762628557,-0.03549253251476141,0.0062199256009265996,1.0516506309118685,-740.4809056178159,526.1976506692323,0.051640055970565875,-6401.381183400239,679.8285621559987,0.020285870289409362,-1923.7757396337795,1524.221371080821,,-1074.4573650977688,2541.628226001624,
9,1.2984487516466559,1.157923917215478,1.110180988664173,0.9046520333184348,1.0490678001876066,-0.023644460870168978,-0.001915535430420643,1.07182203472615,-2929.3235066433544,589.85195816921,0.035993415235853844,-8247.62654333664,781.3808114197318,0.021002951345448606,-1444.0451731311896,747.6368871427898,,-986.8576982376447,1417.8461962408844,
10,0.9900785905238847,1.387995622309018,1.122202807413953,1.0048336061454757,0.9438638264759291,0.010477383022714913,0.004070127272328727,1.00812704640783,-270.2562630739818,514.2715901933769,0.05261314014936584,-5098.046126509434,666.3748669219337,0.03615878348602538,-1134.6945979375166,721.3024476878139,,-812.5535821047323,1347.7311653217425,
11,1.0842384614994833,1.0188917787627962,0.8385821566788668,1.1760370797794986,1.0086571810905776,0.006075512929349769,0.0071480764052860735,1.2381924133901054,-2429.527666047706,582.1814216436202,0.04344383650018922,-8743.256988178913,756.4045308145264,0.00648920273976047,-2264.3157322402644,3065.271735356201,,-1267.1271369020342,4114.215626974801,
12,1.1226982176731362,0.19046823166698418,1.0088851282886224,1.1364855984544469,1.0040603288823238,-0.008956569462748934,-0.0025517463034608733,0.9721111693537303,-343.69392347522256,510.61936119325003,0.04587480404191346,-7057.580759720003,666.7861188320477,0.022698491169270193,-1978.5437858541347,1207.7339265469523,,-1113.0868788635364,2247.339221147797,
13,1.075078075235666,1.3608281928547206,1.0069025727853982,1.0739235368962863,1.162838605044225,-0.018912831904786608,0.0006488133163456405,0.9060301041535112,-788.5336896120211,525.4778894921584,0.04674183221756411,-6731.246441967951,690.1047738946061,0.023959349572080443,-1968.3581104841448,1410.3706789046819,,-1101.7401324593202,2455.8673317352122,
14,1.3281040796745818,2.5773081644434703,1.1306185019582984,1.091585916064482,0.9651672753222194,0.02424725175135043,0.004788553992521847,1.0419776581239066,-4042.3886372047464,648.3646200059868,0.036729987321275026,-8220.517912448933,869.9290718440844,0.023472122984404938,-1637.5714195307328,837.5215759221325,,-1047.9633651894508,1638.9531932802101,
15,1.1163609963610837,2.192182422228059,1.016982009553368,1.2542447150010931,1.0666858134353365,0.01470910768262436,0.005834949458132222,1.1647036413723295,-2379.934599060362,586.4532056802784,0.043375831378306806,-7399.572506566847,769.6749211644324,0.021397575936843088,-2110.0283775492135,1720.2800267806288,,-1183.7734232992625,2842.682655840924,
16,1.0874556905301842,1.5416031991319203,1.0715187782341542,0.8942721205845421,1.0346624021355955,0.012732336667676484,0.008485397221366108,0.9520720558446928,-2115.2695687847827,582.2997613743056,0.04695526536526881,-6585.676564281719,764.3928642545951,0.02867135525147165,-1398.5345687132308,764.8943049439853,,-917.5114989140327,1474.1962059839059,
17,0.8778466649101688,1.5542094019595627,1.2261161707763426,0.8776951077749411,1.1122617235326557,-0.020017928215649235,-0.003318349100199628,1.1018485809360279,1500.832379656963,464.3911594072963,0.054413623416640584,-3092.2721249645792,604.0585414124689,0.0441254412189678,-499.7465468261719,658.1102694880723,0.035302837830322,-559.0498946973532,1104.1636481455155,-0.008773292642289045
18,1.0525931197658975,1.262629805849263,1.0486898704559413,1.0168037961909753,1.1110245812495003,0.0048681973275959585,-5.226153199736766e-05,0.9317466573818011,-94.71916453577322,504.99544652240087,0.04948328371617092,-5978.385103103558,661.3683479885432,0.02895571142750058,-1747.0331800612214,1015.8956432774056,,-1016.5882205969438,1957.081988346959,
19,0.9406708991954483,0.9448963651941882,1.0490992575460085,0.7539248714947088,0.8892099128599588,-0.009899837998611424,0.0029998483471971524,1.1705168369534629,-258.7912419580668,512.440023285416,0.05154132809851096,-5528.526528327767,660.8607966556837,0.0295462059081423,-756.8734730671189,578.8519240178695,0.022473811586453635,-677.270061762934,967.8375735042486,
20,0.9876113147269389,0.2843331778543632,0.8777685627670493,1.243910010007175,1.0265731040749828,0.005590297585609177,-0.0007621559545570138,1.3884839884095388,-206.8744632019005,504.367711980522,0.048127318193667556,-7600.213151016813,646.8240956043134,0.011244635876537052,-2261.3047019973937,2828.234349959433,,-1257.1530506986278,3847.2025998316303,
21,1.2869908209166325,1.10283711376837,1.0164412493329613,1.2695736961311757,1.0189641736177755,-0.021996164404736673,0.00370498641998623,1.0274394892777423,-3785.8277451302815,626.2513912979686,0.03630401405151098,-9122.61544288311,825.749386210417,0.015844734528212917,-2219.9939131417023,1682.0192467743846,,-1241.2833203725022,2803.9976678166513,
22,1.3597102907698757,1.5247697007701355,0.9645630676224146,0.9006276224691723,1.0273316796602168,-0.010978986272863575,0.005587395992164979,0.9472722809241834,-4723.476590948718,666.81528342401,0.033936247160890595,-9947.418029264236,890.9865342950063,0.01159838793620252,-2048.7914639113874,1012.2266677158818,,-1190.336464702208,2018.8782937103583,
23,0.8339595894633717,2.4161052793875615,0.8811844403184534,1.0161369339244675,1.0204438138642404,-0.023229013160564787,0.00654515646697439,1.0726107568954857,-162.82934019525032,504.50504316618765,0.05546313262933254,-5805.971759065097,654.4362611875882,0.02025269201817149,-1892.5676680178442,1621.7338478865004,,-1056.107530834204,2642.461183807449,
24,1.180758593204751,0.8149209294904945,0.9942940983511487,1.0386310880174872,1.0228490569875932,-0.02426042481496718,0.0024034557672121537,1.024821301217612,-2519.5117989231594,582.5027036497451,0.04027672869168201,-8201.473114378603,765.8160380007421,0.01744742363734816,-1987.4832027242837,1119.6936579546891,,-1135.6033458304755,2163.9070570582458,
25,0.9780933449600501,1.2242859121941294,0.9628397210889159,1.261319002781899,0.8022514701656915,-0.0017008884027126941,0.0005171798151615212,0.9883754236590355,226.07063954565677,492.42542880791865,0.051717487121077675,-6132.086711420622,641.6984868695569,0.0243999758186855,-1914.353209886902,1275.3192627610397,,-1066.3896293658331,2283.6672639198778,
26,1.1677825137860713,0.3154249570663986,1.043839874051097,1.2673013334474907,1.0260152737924362,-0.013599745755343617,0.00440533989600384,0.8706181986440626,-1965.6120254559228,565.5816883660568,0.044795771895482644,-7505.106494850222,736.190088564232,0.024600584531527716,-2015.3891007032141,1461.6153971514495,,-1129.3897103149213,2559.2256202446256,
27,1.0709143240682066,0.9602232713653314,1.1142670757404347,1.0397251818368283,1.089454108489524,-0.033345584197109264,-0.008578041602665103,1.0920638837264356,732.5917476578979,485.5119341706978,0.04453090822123191,-5527.442308041478,638.9220030014413,0.0282280769509402,-1573.1540410164603,867.6418427887178,,-973.0017180456241,1683.2829424606716,
28,1.2892523686943809,1.3501742778243027,0.9086353651519409,1.0315604607337558,0.7781387785072098,0.014820141581917079,0.01008482347622023,1.0862661218990952,-4461.266828105945,660.1391980578451,0.03740571077263486,-10023.770104077832,864.1432057084066,0.009349852357714013,-2085.6602436824587,1029.405005266486,,-1201.1603310859937,2074.0163791058076,
29,1.0289173037787578,1.5585219546715894,0.9623315936652995,1.0418243326195815,0.8805810497642171,0.0018270092077189992,0.002929182415621805,1.1484288522198653,-1244.272293827133,542.0412228260661,0.04625401733943028,-6918.904555751747,711.0029400144772,0.019786457836195745,-1843.3004599441404,975.8896333570593,,-1066.9985864628836,1928.5582359821672,
30,0.9000957368454747,1.5840001797289356,0.9719390792839471,0.993366649756381,1.2080181573313906,-0.03424376727069593,0.0007638786361576638,1.1326588498522343,-65.71391629854219,502.33536391328346,0.05038760383405265,-5722.897761467488,655.3476184732704,0.02348459836495547,-1916.360731416203,1453.1230438190023,,-1073.8883466929358,2488.238403920329,
31,1.2587617188979248,2.463775163174834,0.9062472720316511,0.9809388644239065,1.1179861690206405,-0.02450422507985994,-0.007312041090852641,1.0127967604296664,-1753.018878431464,541.1779503167866,0.03561191825525951,-9173.59633766513,730.1888859431765,0.008454483998061408,-2312.3768867134113,1658.699463115399,,-1275.0999023348857,2735.89407534402,
32,0.9063727597169347,1.0570500153819347,1.1520605009946907,1.3204613216321448,1.123233125435192,-0.028019154081003916,-0.004928106779210492,1.2329380700734853,1350.7520182294047,469.48559296443176,0.051871009578241756,-4021.1988784887367,606.0349180061656,0.03657491130249719,-1777.3473245650632,1216.7799710223032,,-1013.5679578188194,2237.6357088005134,
33,0.8332091793210286,1.1665264533617292,1.034442821652757,1.0550845344246647,0.901534497425319,-0.004808967601968063,0.006813126095716401,1.0107301351834237,524.8966854986239,484.9669810978971,0.06019633718080064,-4520.520600986471,621.4279107590195,0.036205903278694454,-1419.3968004582814,828.8594081374445,,-871.9827344237344,1631.6689472465023,
34,0.9130327947871644,0.9279874866358805,1.2094936393095814,0.9465068425238297,0.9682199011533226,-0.01435869900929327,0.013137047530106704,1.0833105937927878,-1317.065809427997,561.9647284581504,0.054564773392194,-4568.835414330992,716.7972660461811,0.04313993923608397,-638.9054036439799,657.5133258461648,0.03931032587423655,-601.1728176523869,1090.09731993411,-0.004050521026548437
35,1.1297533590496895,1.2202768035740714,0.9499357742500107,1.1907562679484704,1.2196602468025366,0.000716443084421637,-0.00030748730662910617,0.9534594755852164,-1030.972784742945,529.4656745498561,0.044794329451334464,-7649.238955638067,697.4993386724735,0.01834881077385104,-2210.057445803047,2506.2595235503695,,-1223.1317866442198,3584.1481469702794,
36,1.2102381428562023,0.3178586677949938,0.9547975372696211,1.0239330278822432,1.1830396555116527,-0.0002867585208961923,0.005731709111720626,1.2490094961440377,-3320.8972858120965,607.8308115461493,0.03913585978070434,-9254.49963024295,785.7956800387527,0.01240756090862719,-2243.492398482334,1759.2364161490714,,-1262.2241321142517,2939.835474200815,
37,1.1164791776266054,1.9244255017262488,0.9275416216663566,1.1426888718823476,1.1061321649515683,0.0008542358971398295,0.0087992445555722,1.158849047426307,-3032.081836738178,615.1979625005367,0.04187532539961669,-8199.861520047627,807.0928394440073,0.013852097570033079,-2184.1597296355353,2208.6109646551076,,-1224.1355502197696,3368.232974966583,
38,0.8872196941357656,0.9516049651802644,1.0669240113414744,0.8907632435864075,0.9310411142176501,0.01678052342445844,-0.0021760181640865014,1.1160050715454235,1811.1809151686527,452.1042742428584,0.05747353115613772,-4220.147880173804,583.229714374088,0.03602973676820949,-1026.683526553414,660.8300696481757,,-770.1367544416747,1216.934221747726,
39,1.2173512729313152,0.7634026446213056,1.0032348326322689,1.0831616259821257,0.7353316004762983,-0.0038679333936881694,-0.0014920535259847593,1.1892689766931506,-2244.0503382056054,566.3700755061747,0.03854457352869877,-8419.337351634016,745.3802931284738,0.01607941458821389,-1732.2108344249398,772.9268356970699,,-1074.7650773049795,1560.7949308955874,
40,0.9563672612093869,2.263141965521688,0.8092842499525573,0.909852900583122,1.0397071972431857,-0.03372051655785831,0.011112229123078427,1.09443144823739,-2153.626245730421,586.1780318979048,0.04689967587207118,-7603.66335342565,764.9298697942878,0.007555573382579147,-2043.40242773174,2012.9409249070056,,-1144.814608282481,3124.7585632590535,
41,1.0948625698277403,0.34384869406270985,1.1760702539556243,1.2920489155614865,1.0330726029145816,-0.0237170669440308,0.00338565392706288,0.9977337664766855,-1323.7844142918389,550.207672434768,0.04681269388195798,-5870.857264166443,711.0845803602601,0.034014008508693704,-1666.4331368812605,1031.632787158731,,-993.8901829872473,1994.845694399275,
42,1.0143308978826981,2.6516437591983153,0.8987824843971484,1.122220320128057,1.0777652447886734,-0.012817966825212482,-0.004577803984172908,0.917420860616256,255.72689346283028,486.01081532368124,0.04665590339948771,-6664.969744052575,652.5234266390827,0.01722170315876823,-2110.5469444205632,2062.339690375386,,-1157.7657390274717,3092.8029043104457,
43,0.7734566612131991,2.105624668727619,0.9480992579589361,0.9530073673586488,0.9612509419733368,0.0031084979586896294,0.005048418498743944,1.2836382871689003,623.1273383319541,478.958627028744,0.05925425307027816,-4844.880473374313,613.8865333396883,0.027563616497530974,-1664.3639613144019,956.1544786100405,,-968.9536483319029,1875.87558045115,
44,0.964625416428899,0.15800834003348027,0.9329024450609548,0.974230911782569,0.8532439708168822,-0.027634622819674732,0.003921659447314535,0.920916210129516,-220.69777197040898,506.69574770179327,0.05266268863011968,-6519.0469165521345,653.6202758581993,0.02237838122421135,-1693.252487670428,887.3924054844524,,-986.4682714371312,1767.288025142439,
45,1.1633309257670448,1.846510189034597,1.1366152244547427,1.0795097406121217,1.1942780999298184,0.021736243914760665,0.0004915712382726079,1.0319302586523753,-1446.7507466653813,550.4170985763748,0.04391864295865275,-6412.793796045908,728.8798957293307,0.02972023338298422,-1765.1972331613197,1031.9647843312857,,-1049.2549421261483,1990.2592470227778,
46,1.0850108093085455,1.6202944425444377,0.9586162267315503,1.0182957959073398,0.8549588395727427,0.013766308786266536,0.00492337685641284,1.2634309991372936,-2175.1921800479136,576.3011802453809,0.0432887497348437,-7640.693337212866,754.8227535083681,0.016683447472696084,-1875.2370441416695,932.0014894439912,,-1100.0134226163266,1874.9495480735834,
47,1.0663097492110603,0.9137479082537583,1.1667142305577818,0.9671890088210799,1.1009414224004983,-0.01951838823474813,-0.007878674686755495,1.3006406980978302,403.6473905339961,497.59420321174366,0.04384846447406827,-5284.72105580934,649.515161316937,0.030289655261114365,-1234.425768020736,756.2845091749647,,-886.6108774015022,1417.3467268828774,
48,0.981362656516625,0.992647654235391,1.0201515251626065,1.0108220223957893,1.153380123169684,0.01405984447440256,-0.004425334148732155,1.364017247785779,671.7377407532038,484.2065208174375,0.04887095428639673,-5872.357314458506,626.2362487302231,0.024569741546478122,-1949.0033370231963,1160.1950012871866,,-1111.329133909286,2192.4925560425127,
49,0.9978624724796735,1.1959175015575723,0.9822347569734554,1.1235728752579102,1.1781233616007831,0.008243927322098107,0.010539134633907904,1.195266099724833,-1855.2206024192321,571.6242512580807,0.04924134837593135,-6846.198856286151,734.9454662129185,0.02285709018639597,-2023.5060537370034,1837.410542536219,,-1140.672967178406,2985.8069948223265,
50,1.2657558526885713,1.2857267244884651,0.9007643831838346,1.1458756128205403,1.0453336841199259,-0.007883562624407488,0.001189887036042588,1.410906728476463,-3888.545231160563,617.9734461131151,0.03305215889023348,-10260.099183260216,810.8982779540496,0.003143723140319931,-2452.3987454890776,2319.985466532957,,-1368.4775895359444,3499.4035986686304,
51,0.9502137489179723,0.901100457070861,0.9113065470236288,1.1002926027931792,0.9245654967065416,0.008564796928772472,-0.004184438149355367,1.2450997424149677,974.6683900657184,470.4959726526386,0.050817673998085094,-6428.912952692759,610.3426358361734,0.01796875359120474,-2053.0962129389454,1416.922867387947,,-1138.87825748026,2418.666380060477,
52,1.3717260702950838,1.4422126202845666,1.0311938725823455,1.305937082651297,0.8651332189954772,-0.016487648386874457,-0.0011524633819703888,0.887141687514029,-3402.0341452797757,600.5093048620623,0.03510460889668686,-9348.975276002257,801.6223647590766,0.01640435769752865,-2169.634401980747,1280.7294452227786,,-1216.9651839533524,2379.111282327907,
53,1.0805190071183661,0.80026026998099,1.1789313629285962,0.7874622470341488,1.0505360410990785,-0.0062618852517191195,-0.0038579895294322437,1.130407137230002,-17.672619434344423,508.5791949787301,0.04606299671885564,-5244.179135395751,664.9751670169126,0.03347778580787132,-530.4340271218491,617.6298356204626,0.03643561962826858,-603.0340452532892,1007.4069995191434,-0.007615260643571252
54,1.0169977696775732,2.2442472799539575,0.9634636529399957,0.8815746187981126,0.9841272746748649,0.01812361236329496,0.00212799806987719,1.268152662410254,-1010.5368629758277,533.4315318448691,0.0467303655678568,-6833.483854640065,697.1554471493943,0.019683232650149023,-1764.1635000572878,870.5062423102598,,-1051.8580207434786,1747.8287800656046,
55,1.047106850625572,0.6227182598476838,1.0561615854835495,1.0095794590870233,0.7841504292048245,0.0010926596516377535,-0.003927540783877809,1.0041923747221153,578.9355031497437,486.09422994761724,0.04875833508335219,-5736.592132172728,637.4349188218812,0.028545561140597656,-1159.6701002369082,664.2792737432163,,-839.0114505347475,1245.1743828587903,
56,1.398220351911032,1.2806568361904809,0.9779332884755936,1.0820833431396826,0.9594391065656229,-0.019817906331957458,-0.00434622754015128,1.2154410134183775,-3957.5546576775814,607.2976054177337,0.030181725097690237,-10495.322905894198,808.9339306643034,0.007869911845675039,-2302.1421661234426,1194.7956180324486,,-1301.7604552396065,2291.0749427245555,
57,1.0825952645501176,0.21456740982785952,1.0235510883317467,0.9441921737148662,0.8775388050748577,0.025304932724658485,0.0015601499358031956,1.11913120632017,-557.907730482088,519.2810224996508,0.04879123480307609,-6742.5143639227135,670.3804268428456,0.025567576167269585,-1464.6147417994307,727.1846794404321,,-955.0005190156326,1419.914641470182,
58,1.1344557719022372,2.0368700752844098,1.1705218683362968,1.1881497187107393,0.9862370114184004,0.015657645677301137,-0.0014381850493139624,1.327891221980994,-1448.391993151301,551.5940294526235,0.04202142224113256,-6214.4992336191835,724.8163400597614,0.029225910178173463,-1579.359049817128,872.1674888262098,,-1007.2570872897893,1704.5471352226773,
59,1.267097429294977,1.610183182160193,1.1412149611167337,1.104631122660472,0.9753060061473695,0.003229329743012089,-0.001311915694014681,0.883152716605329,-2076.6662152915046,567.3473153972185,0.04006299464832566,-7176.0664029649115,759.9654786331995,0.02697955530316362,-1513.6478544373176,818.287161299897,,-978.3714992224457,1584.1564418521918,
60,1.174487252315083,1.4880944329950065,0.9829502023027248,1.0898400666514947,0.9529594213206395,-0.017843586286572996,0.00596039080187738,1.207006827674354,-3312.559813252786,616.3207186191057,0.03895075412634359,-8593.387720794037,803.6575957666837,0.014797098917011168,-2046.9604221386385,1170.2771245262293,,-1170.6948766433688,2254.1623087091575,
61,1.0558613270580397,1.2977128744320567,0.9526003223335018,1.0003777020863704,0.893052741077119,-0.015261708608302595,-0.00251031493469842,1.1241646992010534,-465.56025224537586,512.7148215264206,0.04522025212990335,-7168.855456337213,671.2463187168136,0.01773740983536841,-1864.2024221003005,938.6961639531808,,-1077.277338506001,1859.0165787606702,
62,0.7991037134727746,0.4866932795650981,0.8682029465112304,0.99052249772952,0.9480884004268726,0.002602474722370008,0.002066150068141268,1.4277553876386173,1089.5198141318513,467.20599500837847,0.059136516651268116,-5931.500054893121,589.2701121251323,0.01703187962491888,-1958.2306891401456,1413.3760155544223,,-1097.1261475004349,2423.5287448581794,
63,1.2762003848213772,0.7908345790003964,0.9019215045902789,1.0701417924121996,1.0292218537985465,0.011170966774710911,-0.005319057143705215,1.1005433695066211,-1760.2256721670115,541.3079030971619,0.037458938271856715,-9492.959857460606,720.0677671626037,0.008764455197812392,-2363.4426255290937,1780.599967491703,,-1305.037829130882,2886.6568876703436,
64,1.009194437941103,1.5735861320075948,0.9874960560099613,0.9891140316832616,0.8528480541331274,-0.012349486635716916,-0.003691682980622009,1.0807738276891468,151.75957662959584,494.8670563519794,0.047047781321475045,-6213.770280106721,652.9049508237906,0.022503488406255615,-1597.1194371604952,782.2538603958311,,-975.6742078339968,1559.4175189077357,
65,0.8209246327898657,1.3109934072337794,0.9415010937624749,0.9726549103720196,1.1479644619063665,-0.035226606430220936,-0.004852441342537157,1.1418253783589125,2020.5064353588564,441.152065286349,0.05648848742172843,-4948.440454560106,568.795205308269,0.024875133234313836,-1883.7490162448635,1367.8585257674592,,-1047.2758387598478,2347.1830630124437,
66,1.0271482588666205,2.048096432071321,1.0289884230550692,0.934630578071074,0.9893894370087808,-0.007695049353740602,-0.00015577863823505386,1.0649963587946873,-577.2718155794016,519.9892523093496,0.04693066491908076,-6183.200255497314,684.6730248088608,0.025378107019892994,-1548.180064610475,802.139625875863,,-961.8950234572317,1580.5827535841127,
67,1.063679176722688,0.9983915667692632,1.014600136613206,0.8827050275727338,0.75519138964128,-0.01146973203067956,0.002720906650905972,0.9147827403162656,-964.776315640731,532.6783544245807,0.047767039549527185,-6627.939585719692,697.2318909454391,0.025300527500399406,-1018.806123008265,602.3176245593086,0.004981385831179789,-787.8324776133295,1065.5702161930735,
68,1.181322179627574,1.7888531210046041,0.9035514243237711,0.9702565664868252,0.9128531223438764,0.0034456447609174413,0.00660049613109177,1.3834676276799938,-3766.015692046522,635.1623564876763,0.03670603654930262,-9217.629331234422,834.1154094589999,0.00677855111223947,-2150.907463556972,1173.6264864962307,,-1228.0807894791003,2281.1451396830166,
69,1.2050663350410307,1.7027873120566623,1.1509285836898833,1.1621368308922604,0.9177681667165161,0.01081129680408903,-0.006606837649807233,1.2038707109848694,-872.2202236105321,529.0437394085204,0.039928353128970216,-6522.835683359515,703.6620081750085,0.02661879484262907,-1506.4133997465801,804.2566599071417,,-991.3513485429405,1556.4837758039305,
70,1.123582988454322,0.9746021096912811,1.082901780507082,1.0641311772086335,1.007832609393865,-0.0026421341423638334,0.012219697133971523,0.9130427937165146,-2885.9735637992108,615.7386607361018,0.04605766943633213,-7112.110014610615,799.2730789743262,0.028319574891474082,-1635.509882449909,918.5619969030816,,-995.1763578125774,1819.543549897313,
71,1.1723732219626752,0.7182089141104002,1.0536423746537986,1.2523310246069645,0.9191933253201994,-0.021927116489931953,0.000609537795694429,0.9057209751358164,-1760.3611854853493,557.2077184001361,0.04246669113784509,-7335.128320445962,735.1603874992151,0.023524192988004552,-1921.8173914110935,1134.5884881278298,,-1093.338063524562,2160.738293550655,
72,1.103018049525749,1.4213908166847375,0.9377255903142551,0.9222667734249401,1.2512966776673429,-0.001956436039744665,0.0015317801315274746,1.0070148053254,-1272.1213033504735,538.6081684061554,0.04517658327708687,-7672.129404931295,706.5175053730504,0.01742306935751996,-2098.444925189349,1628.839291353871,,-1171.9011329732687,2734.7818653675886,
73,1.1847000444810447,1.3762331003952073,0.995257449476325,1.1145918104109032,1.0054373496001485,-0.005080217510002531,-0.002344849529755371,1.3080837686890057,-2043.368175893364,559.693681201655,0.03845568979278927,-8323.13785785554,733.8803757727134,0.014859734662104834,-2154.1801118078506,1261.2670114627992,,-1217.0578673304635,2359.927128637739,
74,1.0440442831331045,2.2843483916216147,1.1487532851658933,0.80927780496697,0.9231340455310917,-0.01473417637519761,-0.0029109192577712944,1.4008810832142118,-891.5057777643044,534.5268929639343,0.042856254322695325,-5784.039845591757,698.9079553351962,0.028309542397277808,-488.81793405887413,587.4385105161693,0.0394604396193335,-592.8976257900429,938.7141190337787,-0.007574796291304537
75,1.0046977934649413,0.657605306427417,0.8927307641534741,1.2358847003665643,1.0142040346420242,0.017938732328868646,0.010485590012386456,1.3573275253891253,-2141.770956210472,579.3238528818672,0.04725436065649655,-7730.218816886703,743.9579296758875,0.013108312138225983,-2172.4697265938044,2723.245140410521,,-1221.5168309949297,3776.637020136386,
76,1.2055119708304627,1.7729839618172907,1.105217509264272,1.3518017923283547,1.085262728551814,0.001517970101176002,0.0007257541030220409,1.0356889025063656,-2240.0340956337554,575.4551913831863,0.04063466190590925,-7241.387649057184,764.3404498832024,0.025063063439247885,-2082.9165609518286,1512.5067683271627,,-1168.8085683002134,2625.368503715069,
77,0.9270785299053939,0.09260236466945608,0.980167012853393,0.9711784467677276,1.0647821241476199,-0.02613023720679809,0.008882482138212326,0.9829608763596477,-705.9006075303765,527.3389334460865,0.05446742435291983,-6065.883199725006,673.7378469105412,0.02706242394635063,-1736.1817077477237,1077.3290156271642,,-999.5620627000055,2074.528620196582,
78,1.37973246715626,1.7660668312534653,0.9809847762637445,1.1128846143509745,0.9743909169851137,-0.001977119012782698,0.004186231083382785,1.1502557240644977,-4978.991202359713,669.9769647111451,0.03196930119641685,-10202.728838955049,892.8256175397928,0.010227470711161759,-2265.250519950314,1326.8727266292437,,-1282.568988404571,2496.599679538971,
79,0.9738692346022186,0.6908382113100683,0.9388185581288835,0.9168450780723263,1.1035625337571058,0.008715469677823919,-0.008281160837566609,1.301238629734071,1560.2541881851243,458.29488555453156,0.049071124357248266,-6287.903965096861,595.7702723623328,0.01860759422657961,-2020.1143377487977,1172.4415605380675,,-1134.4263804995937,2176.696497304909,
80,1.249481704331942,1.7449483627901814,0.9700273441346393,1.205299277078806,1.1331858610062697,0.004430499258854442,-0.0029702078087103225,1.3704415046882177,-2834.485516802095,581.9321413609073,0.03475467672183711,-9079.726319065607,772.5027203864968,0.010476920515773135,-2416.9039017983127,2139.553477671593,,-1344.3344450426368,3318.3532168417996,
81,0.9338964460386548,1.0001854420052834,1.0277555396673999,1.118852161970542,1.0242492351268382,0.012963877585888548,0.0072969741827587,1.1276159650029074,-538.9085369364857,522.2363729284443,0.05405786487719969,-5626.933258661026,671.2059086678382,0.0303733126970398,-1778.0812985055331,1136.7927908011052,,-1022.0131908288104,2161.8931546181057,
82,1.3356738187985933,1.0801666396645764,0.9445972083634944,1.1553231758057838,0.8639155168134407,-0.01317086411173976,-0.0009710174582386027,1.306591339386348,-4065.285752732386,618.511824725265,0.03158085050645522,-10392.091789755175,817.2283603754134,0.00615412220957866,-2337.3018954550794,1351.4657041323162,,-1312.3315537849733,2483.777982518637,
83,0.8720448946969909,0.3575696277496478,1.0527640019122861,1.0253897259892233,0.9103240575401821,-0.018077645928655066,-0.008064956000682147,1.3813086918577162,2376.2879104995363,444.6078472453173,0.05394388831858264,-4452.704173051339,566.5320470149867,0.03017306187512108,-1434.6219368165061,763.7304654515588,,-919.4422335262464,1495.7057820694527,
84,0.9973401637629509,2.0525320115391708,1.0188554413052575,1.2007581153749747,1.234885113477297,-0.0015018643845051555,-0.000551248404960002,0.9796163573328533,38.51193143089513,499.35726872408577,0.04964487346518825,-5784.674779437651,657.9470024872638,0.027306925373461605,-2017.9774281942653,1878.6039037443818,,-1119.0444250835053,2958.3394092578505,
85,0.8579968915426065,0.7776778246517064,0.9894447111302278,0.8597572043234734,0.8730782152724955,-0.004285658933207828,0.007857465192128727,0.9609789026430156,183.46577674576702,495.40335045261304,0.05904097520529707,-5078.068413112754,636.5904236236615,0.03209659745004682,-1207.787354180314,672.5996515505806,,-813.4087278342402,1293.4296100159477,
86,1.3108029891212951,1.5035471364050408,1.1021150481003175,1.0668791623887421,0.8420023925839437,-0.001031081090358231,0.0009874211930763054,0.9651312563795906,-3246.0899343382725,607.0409608240291,0.03715434898654219,-8213.358802046987,811.5490953587365,0.022171392015031183,-1434.461498038432,737.5229633627206,,-976.6535168887355,1411.4078405822454,
87,0.917412905388541,0.7029978124128383,1.0195272945545744,0.8260462646460172,0.9574049849669346,-0.02237205388587889,-0.007688666484355802,1.1063801646640692,2081.0633633323196,445.80936424890166,0.05243236215671264,-4864.777043309447,579.9329645607369,0.02833600160854101,-1184.6777650040733,662.9148344369418,,-830.8891337720733,1253.1837627285136,
88,1.1591770397398453,2.3043255925870056,1.0382371081956565,1.344995657133616,1.0933612782669255,-0.011118841898448292,0.0003023402992842327,0.9739835981054259,-1812.5152875949407,559.7711804976815,0.04185472774338323,-7300.167682182099,744.1474902563108,0.02220338238995368,-2144.900022145539,1901.5784626293873,,-1189.5412503679797,3009.3887089670193,
89,1.1077688016052307,1.0623019475016586,1.0818449180114724,1.0025489043806142,0.790424729767901,-0.01664168240030424,-0.005229138824524875,1.2431231726578247,-569.1198334131797,519.7376410046861,0.04225411615766302,-6577.461043472781,680.7243204834556,0.023871651889668128,-1121.1506859912083,655.351358216869,,-861.0493659734028,1193.4570855126522,
90,1.275179016457571,1.2517558157211288,0.8832036182250115,1.0787195610320328,0.8266897325072049,-0.03255434387908551,0.008305864958326395,1.0817951157894565,-4694.292545019539,669.3236349822416,0.03436918757624976,-10293.284881662983,879.3701553214198,0.004867188063492678,-2220.6043221990435,1406.0214242863656,,-1248.5374984513833,2541.488841173344,
91,1.17880544356128,2.523923967963843,0.9686483074806429,1.17297519589414,0.9510917078352621,-0.017559320443132985,-0.004612613428339578,0.9708002332218608,-1445.6012434262987,540.5475962322761,0.03913124753718322,-7780.163350512304,731.0638604988279,0.016002471151138932,-2125.9699809946405,1394.2444506071104,,-1178.7804128382334,2431.381898004919,
92,0.8938551809797676,0.7089040747308891,1.0774047154049238,1.3109925929042179,1.2488906356615244,0.018692624312151573,0.005398520807543654,1.0558126501499727,431.7982827656437,490.5140742232893,0.0579652178670347,-4601.464508494724,630.3709336522398,0.037444370529371426,-1895.1148577119025,1874.8029011146689,,-1059.8917261903578,2979.084480253144,
93,1.1498356789393833,1.429580142356946,0.9098434388362209,0.9918534870846798,0.961681558210719,-0.029396540848296137,-0.0035099916920737374,1.3447409212595305,-2040.1215875626533,555.9857015446886,0.03699316890086528,-8917.635712377423,729.6107552579169,0.006857068656144767,-2203.3191945400013,1259.9111060027703,,-1236.9444048617327,2332.0823598349675,
94,0.8833681974279874,1.0091941442342631,1.0788212354219917,0.9858761197546277,0.8448052656010456,0.012514796022439989,0.005908100788595154,0.8954799877455696,661.4407491519585,481.4483561343382,0.0598832668399192,-4332.424989724583,620.6953208390049,0.039797612697966014,-993.2557996334779,669.0184571062944,0.00016429060909894735,-736.5401313099576,1232.8044206284426,
95,1.0124221950032088,1.588710998776647,1.089983345947251,0.9645304131866849,0.9172586796955785,-0.02683542379814376,0.002239913883513694,1.3312635985558219,-1586.2354994176999,559.9139925555914,0.04377256193838295,-6223.42973142937,730.0650052476856,0.02555252440985735,-1252.6310761788088,709.473594546038,,-887.2121415004872,1336.8209528377815,
96,1.2146434128827253,0.7719670894277532,1.1372716914458438,1.0593207871934527,1.0724339265555967,0.0021811626909982243,-0.0016960409534001776,1.0453982212247555,-1590.4606966317008,551.4617882293086,0.041501307499077475,-6917.038294640287,726.9521172879548,0.027347237071764247,-1608.556533099078,868.1842235949804,,-1012.0138912975161,1692.161761028185,
97,1.0988450839111361,1.9743053823968773,1.192113502571678,1.1068678660003963,0.7705165398669285,-0.024045029892746827,0.006475644504009502,0.8837422209994863,-2144.9382094056277,587.0474818253294,0.04533982560757015,-5916.53373434451,773.1966101646188,0.03428138589181348,-728.8088431392235,654.0918447162345,0.0326714284605839,-665.5828230192477,1100.7266424759746,-0.007676946532400816
98,0.8975154278261539,0.3856311881090045,1.1202322910659839,0.9790978480832317,1.2113682024281358,-0.019303974414819194,0.00820496880432096,1.136858344588425,-406.12137624283935,521.4673397704022,0.055679799447284684,-4821.153986888003,661.5938732206756,0.0377073192407181,-1490.002229500559,937.5419325545231,,-915.9091088223197,1815.8369709514982,
99,1.0907450520825994,1.4663011274784405,1.0422738717342108,1.2766058638803905,1.1813607382292397,-0.015855988235879102,0.01151123167488158,1.0891573022675856,-2954.936579918854,618.2853716135262,0.04449260064537843,-7364.153657019045,799.6457523163864,0.023721677939968957,-2063.762604034504,1971.9000025154912,,-1161.9268622845657,3153.7720410591996,
100,0.784180168669773,1.3680890400292431,1.0675039157076727,0.9563225419065013,0.9023116790681244,0.01169332817275735,0.003989096416053016,1.3249465353505072,1122.56263713296,469.1113546648425,0.061223766755447086,-3963.9540720982445,594.666039415893,0.03817900920633196,-1117.9383352604111,693.7525507016968,,-794.4756167878292,1311.291935100668,
101,1.1522155390478037,0.8310067432123311,1.0801334291495681,0.8000635596195195,1.0207794318595234,0.019643981013814715,0.000885523119019991,1.0221059504159749,-1220.4559866438613,540.5625395347687,0.045218532352130816,-6787.440534469282,708.9668543068602,0.02718623278840906,-1150.2910946042125,668.7441002266429,-0.006030176136191017,-856.673409114874,1210.0311890150651,
102,0.8919217851466119,1.0845460148769943,1.1269358109658647,1.0586666877166544,1.1655236430154123,-0.003246894883505727,-0.004736445524860399,1.1934189885073696,1914.3098793505374,453.3408293392113,0.0549861894721253,-3822.4810281918335,584.7727675005902,0.03782751998691497,-1537.9990716094044,944.824871478398,,-931.2286077514478,1809.3519822140925,
103,0.8475947255509114,2.2151135693344846,0.9566236513150319,0.9982405546988657,0.9735566757004315,0.01757295691126754,0.012560560792454439,1.050255763219487,-605.500106321693,525.5264195636962,0.05832445780861359,-5369.16610201444,677.4383880159025,0.029268334085758504,-1686.5470697718736,1056.472100679704,,-973.3896662571226,2047.6428484052128,
104,1.0029660546378794,1.9642751179010327,1.0476513801924663,1.0274964463747922,0.8076184001789861,-0.018537100225186176,0.004375949183401319,1.3486437490345136,-1789.278897181365,568.1241314677504,0.04437776649785154,-6504.129538588122,738.9414067334653,0.023197915549607546,-1395.2543473022351,721.7216715520647,,-934.0240308287194,1407.0279112740022,
105,1.2815191987308725,0.8977509733741337,1.0427158125035318,0.8634139834022869,0.9976425222626242,-0.03020422589332456,0.002520521953802658,1.0302342187922682,-3634.6300948958697,620.0881136691542,0.03609385252812466,-8872.462699240317,818.3664063242941,0.017231009083165272,-1579.0874290726833,750.0441182223066,,-1026.96921804657,1458.8127064191872,
106,1.3439721216824414,2.4329016086113997,0.9990203069984512,1.2971633316187727,0.8115700278497704,-0.021527861699856057,-0.002811554349717851,0.9428271299057576,-3237.6960953801145,595.2756814507655,0.03408590988480669,-9282.069808447013,802.5505432947883,0.01378288408397167,-2196.8804423734646,1283.778857240934,,-1226.7944909189898,2369.1805891428653,
107,1.2707360691934564,2.3837105525413627,1.0623000387695545,1.1536194612964543,0.9418414554180173,0.004764896722801986,0.008704923048369303,1.2197169986112546,-4508.416028658771,672.8164192841879,0.03624059680223275,-8783.084236375953,885.5551496012802,0.01829050230840627,-1965.2810721286055,1042.0524086025098,,-1158.0222737664521,2070.436103275902,
108,0.9709269562036822,1.6508944888140986,0.9081176627088849,1.2035055991992396,0.9373909596830452,0.0035875058032650772,6.96085150028447e-05,1.2758373734653516,-468.917508328869,512.8967543062979,0.04752630432269752,-6853.523383071133,670.3287426827694,0.0156679644517742,-2128.8599856511887,1899.1123252574127,,-1181.1551873462922,2947.91320435175,
109,1.2096202944673005,1.8174018395971252,1.1971965603763162,1.0227588306323285,1.0603647123631215,-0.010001574254524866,0.007995981756194714,1.2951727364039851,-4029.6924234183016,660.3732449122145,0.037745674896344665,-7446.513436544713,864.3121609243661,0.026971165300650128,-1327.6719740182914,785.4040469107822,,-941.3889421459075,1465.0796133728604,
110,1.3292002703580377,1.69129128336054,1.0756155080310656,1.1095825233692675,0.9959446577823383,-0.013342884456899684,-0.006975851927619807,1.1633787623671639,-2504.3910751212466,568.933574817335,0.033559828634334425,-8548.382261329061,764.351164707362,0.017027554790212944,-1979.189057312156,968.6856603642005,,-1167.2085651869372,1913.5077090931811,
111,1.0431648057650014,2.8516461767086576,1.001890324345451,1.1435191360251225,0.8827531902481638,-0.0028595003455315626,-0.003173979897382862,1.2791789889021616,-804.0313149550543,525.4525641753495,0.04294269424212817,-6655.187899411142,697.0035739998683,0.019747710844948002,-1918.9990860797495,1025.1761995227882,,-1102.055928544923,1999.724565814534,
112,1.2537598509415582,2.099476454495939,1.0295306884945057,1.0357377365138087,0.9554286913404639,-0.007508219071741394,0.002602811208865588,1.2517662648515353,-3693.882668554897,625.62483237485,0.03545145456027579,-8761.825778146898,828.1019007366061,0.015448687203465311,-1929.470699439944,936.854191567108,,-1148.666570085765,1885.6694949576931,
113,0.9196847359786492,1.2765220130281687,1.0622350550121866,0.8120553142103579,0.9003993202153282,-0.02473581746184212,0.00169149370992191,1.143703071426228,40.931097731950715,502.9142911647115,0.051921341713429596,-5212.002371078142,649.0254559200808,0.030807164410406516,-834.8721270290517,605.8702358226137,0.01396892644922061,-707.0434205288939,1045.1152407108748,
114,1.1013226732391952,1.0534522655722003,0.8452424940371318,0.8513535625061392,1.0909286538855434,-0.004243790579941592,0.006108702604176378,1.0681314755828915,-2249.0913988182288,574.2629664303456,0.04382379475178437,-8648.305663782812,750.5276768993689,0.008696382891090827,-2131.8182016065693,1616.6767908038626,,-1193.2995293989525,2728.315313916823,
115,1.1981614456386578,1.4487982480671624,0.9795785446507029,1.0218372320140106,0.9766484616231846,-0.028151904726371163,-0.009510491056925563,0.8341389321665948,179.21658237835132,491.7702039170773,0.041193948330724865,-7538.617369840565,658.9544803500013,0.018075784027371797,-1946.9568214208412,1006.4142840937551,,-1103.1698438470582,1943.904879188796,
116,1.3130244720344955,0.5109143940927144,0.9711869513750244,1.0626925250878596,1.2762623036027614,0.007638605131290072,0.00427057110523095,1.1104872282972624,-3940.225172369937,627.6255293583372,0.0362061045565218,-9681.279361091849,826.3810869298414,0.012672824096286554,-2337.7094102669885,2101.517730262886,,-1308.580689382655,3320.3727933617915,
117,1.035042234919781,0.8911836868512136,1.0378198056722832,1.0328809166107156,0.8352683898706759,-0.028532315088894932,-0.006230747244535623,1.145119408764221,381.0948114729373,491.63485567509775,0.04552129616517139,-6109.176680187424,643.7241004889331,0.023907798667332014,-1456.0454492796914,735.6961776256849,,-941.2384424529164,1440.8261082048543,
118,0.7975440377019763,0.4565991600725879,1.0009461740362786,1.0645557826676937,0.9140694944239369,0.01843113484289857,-0.005133110026445008,1.0478808419316188,3820.518576387428,402.06406141258805,0.06600081414752525,-3477.3668701273664,512.6233180730867,0.03755685303782264,-1556.4712456320192,892.774004018092,,-909.1774493121382,1727.7814860535357,
119,1.261562600049194,1.2335684503380149,0.9734660045156724,1.2087712687199206,0.8285198238097912,-0.031733503603742025,-0.00019094958119098351,1.1089759935443366,-3227.2920063940064,598.560011187684,0.03538408870646765,-9247.583798277406,791.1664649953407,0.011914978609160127,-2157.6883213406336,1227.1814610266756,,-1214.7556142246815,2307.6207072730235,
120,1.2245000691322876,2.372939124074354,0.9318445599646774,1.2380772821282706,0.9297585652750389,-0.017246388138356362,0.00023596102098163638,0.9938167811591436,-2699.054110151117,583.8795365452991,0.03783837654181947,-8831.209739983096,780.197706643684,0.012053629102063014,-2251.068515735133,1876.2404373428383,,-1245.423239689394,2954.123399548689,
121,0.8748095690405656,0.8564064046131725,1.0412779184937946,0.8404188226369533,0.9272090471942674,-0.01041767964646114,0.002035365888024219,1.2470120829825906,395.26008268658836,491.50094169031723,0.054352455328801993,-5006.8213861422455,630.2266751653184,0.03083934671446074,-1079.5751096259162,651.3378856853336,,-797.5502925627727,1199.1139076153838,
122,1.1287456931223232,2.074763752543093,1.0157827069717837,0.8882389925803601,1.1719359269541396,-0.03476959255141512,-0.006827969662593643,0.9348133837327981,-333.6091851768222,508.4729770280789,0.04174824265133832,-6896.318072427939,680.9622525614265,0.020728103205652965,-1830.3163636538773,979.0050525046144,,-1062.2575109407717,1890.6974831196817,
123,1.2259517521625645,0.4632294726257945,1.164752417269485,0.8390801182123379,0.9855842306326572,-0.01698654389443615,-0.007204637325974088,1.263116368331114,-1058.4685862125282,533.7509151866124,0.038638194215368286,-6852.3327614944055,697.5363275794126,0.02566400691482886,-717.468098471514,626.4271924273563,0.024522448849191046,-723.2436547910252,1038.3920197051316,
124,1.0254380166484691,1.178120457663914,0.9149163485711913,1.1962746725242295,1.2158336972859334,-0.011908522967501417,0.011843626298720798,1.0119052239543356,-2259.0666745124754,587.651057406996,0.04796973409550452,-7507.917157674702,760.4193549877509,0.01764202341904238,-2104.478919553136,3036.0757507332078,,-1181.1525932168356,4142.186072214491,
125,1.201378797676011,2.3235700528764562,0.9229366808776721,1.1690920836466354,1.1264481198263718,-0.025374665720198846,-0.0003516244845447776,1.2890967184696154,-3117.28011067183,597.554832070723,0.03495702317496192,-9151.102106489965,792.5090903744895,0.007368548026408871,-2374.7553858237657,2453.08824981196,,-1321.0437929238522,3584.311121582786,
126,0.9081409344379796,1.5113686086668623,1.0388225834339588,0.9486575472321417,1.275343223560384,-0.014459156398081846,0.0016707821407605551,0.9569882403898325,374.96594015887683,489.21060485436476,0.053776822392055744,-4954.382845610769,640.0727306876557,0.03202901736063866,-1727.4816878657527,1154.9872872209053,,-987.458879684269,2164.2145270439437,
127,1.095652016734418,1.8561268066527337,0.8726032455986523,0.9617710079579329,0.7860304988505741,0.009352576873812489,0.0030417838454802285,1.0373547258279001,-1678.0838301933147,552.4286869263724,0.044322279509058767,-8041.534570276027,730.823801102356,0.012307508433368839,-1948.8597540497176,963.4643540134965,,-1112.3884410532764,1926.2967388692814,
128,1.069474513733987,1.4621680475388226,1.0906434822169921,1.0068908723685637,0.9980995541964391,0.00952678247211711,0.005157162392313104,1.0614150582295152,-1386.9382781252111,551.0239493062631,0.04789546027343638,-6284.569178957219,715.9028661256968,0.029897991057147594,-1477.9150584348388,810.4413943267965,,-944.9966795358534,1581.72786466191,
129,1.1699885735482334,2.0090977965394705,0.9981387121251486,0.8514725903785704,0.9803257691273037,-0.045240268807679306,0.0018205228495039357,1.0943922785368083,-2953.309058747327,601.9511755649029,0.03745063525274255,-8189.42895238295,798.4295320775373,0.01543209595806344,-1648.5237063474465,771.0149295564204,,-1032.3243386855238,1529.9727527088685,
130,0.9288552055984656,1.101509208403941,1.118537470970119,0.8446186429594378,0.9775689774520475,-0.00010922884917403258,-0.00025785143738526334,0.9403147194599242,1170.6842716164358,469.49590096034484,0.05590818839918098,-4188.526313720664,609.624035837767,0.03891782008760217,-728.1956435704499,628.5491707948388,0.021980263286859605,-649.1711965270454,1081.3859769384553,
131,1.4209363637740018,0.7445663173848684,1.0103614110990449,1.1991609521641409,0.9870928171100377,-0.001204958220490819,0.004700493738315239,0.9853410697793039,-4959.350660481745,663.1396957694684,0.03329588296867692,-10325.69699190316,878.3167534693678,0.01347498995788491,-2268.445467617617,1444.2554526033775,,-1277.1882371294575,2622.816835392975,
132,1.1366528579578281,0.5280706073881009,1.032143782393451,0.9182057489394286,1.0812792762604633,-0.014084725781353051,0.008018608106001274,1.025827116790229,-2791.786418837223,603.6784009469292,0.043181552120136656,-7647.070049367926,786.4964755981265,0.022273604971430456,-1730.3138193365678,914.3939808405503,,-1041.6889019715657,1818.2490002425493,
133,1.1252771334775868,1.1110060427533315,1.1161446788192348,0.8587267464612309,1.0800368748004068,0.0005084636576464727,0.002828499475202771,1.268658841803372,-2061.4008095740683,572.3651192351726,0.0427075766114951,-6871.070045725743,743.8654203693314,0.026417065790234225,-1289.6613143084671,728.2558026913844,,-916.216390539281,1355.9788301442043,
134,0.9909563494598645,1.6698504388712312,1.018198889430649,1.0844104108994224,1.2435220230493536,0.017132903583906716,-0.0030723592842848086,1.179701189272156,459.51055978751367,487.6290521561007,0.04919067390178559,-5751.8306972924975,639.457442751359,0.026093106796268237,-2023.3829337289487,1551.2336887706888,,-1130.1096903087002,2606.53172220168,
135,0.9687777190878659,2.682823858623764,1.153186002549744,0.9085265265339785,0.9244007306488884,-0.008446344856930542,0.0045089638297883036,1.1859293453400828,-1197.6322513234263,550.8399369627912,0.04782142292112105,-5159.01470590037,723.5435703026628,0.03388761617365798,-722.5743097185151,635.9129917765039,0.027334872164372487,-665.6468056977021,1070.3872077417534,
136,1.0932862110688726,1.7804267931880038,0.9964906867132286,1.1947637530066655,1.036383958779473,-0.04475473118113968,0.00330978731571277,1.2110398442657322,-2641.9375456798894,595.6083122706599,0.039446182694191485,-7681.214673759443,783.4239719304016,0.016237322181551033,-2097.7114085458984,1560.8116426532667,,-1176.9557465836263,2665.4665386277416,
137,1.0979968833546179,0.8753732716340988,1.060302177308951,1.1854392236589615,1.1492621591458485,-0.009445921733534687,-0.006876686285494753,1.3600910256488743,-304.24084608761467,511.44263018117385,0.04179480221059133,-6711.4322060298355,668.1808671211522,0.02162634989532296,-2127.0679350814016,1404.5796691858104,,-1193.6898018234594,2486.806122261053,
138,1.1128001402182006,2.084633242265323,0.9437886374262061,0.8969769100747977,1.0146055233391669,0.024747055452366273,0.001300206965994791,1.021183048490063,-1239.506605324744,537.6079037382315,0.04521534953196691,-7480.187182485064,711.6874515724274,0.018543095641822743,-1902.3866171326256,991.0697701248412,,-1096.727008184699,1949.904351996684,
139,0.8816311817587351,1.169430059880443,1.0114546317337354,1.0985436558223944,0.8008196404453924,-0.006732206708719185,-0.005716666585464481,1.1974501192620215,2012.4422353959103,446.74712161854325,0.05467588827236312,-4748.41510668796,576.9442277741058,0.02910644936461965,-1534.2710042528493,798.990070178891,,-934.5645061653192,1582.0671958077683,
140,1.0508032505397416,1.6801722789540356,0.9750369893385564,1.0932355206527296,1.002119221983592,-0.020968320271685586,0.006947885388427407,1.464878612480922,-2921.296542076542,612.2911587992052,0.04016023700977691,-7731.466070314307,796.0421466934963,0.013982875454361658,-2062.761749126956,1327.2893357166913,,-1175.515732517003,2450.8202241186577,
141,1.020463854474282,1.8407159027397852,0.8769432056608477,1.2461121236237418,1.0034282737837712,0.0052407009926951215,-0.001629986188072672,0.9907722850693822,-57.67737480359968,496.5061703811935,0.048078293681531166,-7086.016593964816,657.3868571342814,0.01564104624624959,-2170.411097135061,2670.7377750313126,,-1196.0552532366332,3613.6897014059373,
142,1.2973464366481307,1.1541289182800294,0.993014501911095,1.1077502422453742,1.2035261985760282,-0.009628423513047754,0.006150207683370707,0.9641078932318409,-3996.7852575393817,637.5701977213016,0.03726674129802145,-9326.995208643608,839.818824044183,0.015465565792691377,-2233.836979367095,1841.5803243982327,,-1251.285041316005,3022.9946333870553,
143,0.9618156008291332,0.8633521485719676,0.8550994562653947,1.0862298257486445,1.2018573821492435,-0.025900228783337427,0.00780758975692372,0.9248794152766225,-1129.137260735458,538.2924788101267,0.050887833300156025,-7160.103166408236,699.6404844366433,0.01535227220952416,-2065.9708882334653,2992.3604663964675,,-1152.3429053459129,4054.5197273666417,
144,1.2435623990969527,2.265815663101556,1.0841633780042719,0.9384912418998284,0.8855583241285984,-0.0212218579754354,-0.0009495001956040215,0.9788302364308096,-2543.028118597575,582.35952470026,0.038037775852262236,-7768.923275615536,778.232548198552,0.021770629840236453,-1235.2659408545994,678.7927866738864,,-901.473705408504,1246.8413026717335,
145,1.18712114130142,1.4348462945054545,0.9897654951002887,0.9073646915048938,0.9948280259090484,0.022085254320657513,-0.0039651911804768954,1.0574822463423459,-714.4317915481452,518.8790668043397,0.04296669012077215,-7682.876319836999,685.2579873614599,0.019343099780503296,-1815.822130083308,857.6377875446325,,-1083.159590420602,1715.1999043033557,
146,1.2925519924892328,0.9873755146226565,0.9864775870294391,0.7756400553077111,1.1215635837916367,-0.0064822107089888975,0.0015893244673305142,1.033788177586778,-3302.8087029435574,602.6640426402599,0.03690309902248425,-9226.965878308229,796.6787438824214,0.014472400421151513,-1874.1709219411853,870.3386794442506,,-1126.720938400776,1741.4267929957564,
147,0.9840058647469495,1.887474274898676,1.0699168415361546,1.0577892112438572,0.8740714987868381,0.0023961134220450327,0.002183612277887598,1.059076407347039,-402.89567020694085,516.5488649807006,0.050034813386334066,-5502.990129259808,676.470252481964,0.03071283215928831,-1374.5545942048511,760.7533261881325,,-893.8681971639583,1482.0088600749039,
148,1.0129517955409761,2.8734354053454254,0.9457796190503418,0.9652319132472635,0.9492084332436359,-0.025775902569223193,0.004155249089875725,0.9374589942440391,-1489.1130106263113,553.8534537384845,0.04588702087416346,-6731.329119664142,737.3389937024295,0.019822079077257235,-1792.3763869721554,986.2081854398826,,-1031.2847718097225,1936.038473726491,
149,0.920928703057079,1.48079725351969,1.135008069022497,1.0448261331680455,0.8166531052627759,-0.005717133355783062,-0.005825154570612037,1.1057820071887867,2053.4026707051817,450.4013798567877,0.05415078348973951,-3816.49486093377,584.1850043800704,0.03794748751215146,-776.8708124140865,645.8887919629349,0.013956096377940172,-686.0673328560406,1138.8466493821354,
150,1.0678507300539046,1.0266176792083825,0.978919136599844,0.9964157904520433,1.1452867851284187,-0.04029528407035031,0.006764700331323176,1.295059115308629,-2815.664789644184,604.4042941412177,0.04093456166878569,-7874.086501870053,782.2946291466465,0.01524341958416704,-2039.8848777392805,1368.7642355617593,,-1159.9483019928985,2494.9285269773623,
151,1.2390332118828637,1.2395309543103472,1.1617594015090593,1.1114662840683158,1.0104804957440148,0.0158813418391706,0.009413440239487024,1.030778673297803,-3565.328531801484,634.228972797435,0.04176640165678102,-7551.557330313205,826.3486382083994,0.02903455998370306,-1545.293666350504,856.3840833533526,,-996.1159950222032,1665.4561863819547,
152,1.0879141742620686,0.9173783183458178,0.914422456990311,0.9755283084359042,1.155651537935618,-0.008549131624354049,-0.0018546638486596576,1.0901280379390195,-786.419286488154,520.5253099614127,0.04433586519723186,-7749.819478225194,683.470354691098,0.014476911070711716,-2152.3429928511882,1684.6321404968098,,-1195.2182657230485,2768.0409216651838,
153,1.221882103285636,1.80399214018839,1.0725726769062687,0.8296626948558281,1.2116843244080422,-0.04358333400057743,0.009369291340208048,0.8413999366324194,-4022.047929856379,663.7405250063023,0.03863456806570926,-8096.584969076773,879.4958687694801,0.02196606212181811,-1644.8293941944867,878.4753917419221,,-1017.0294642249947,1720.2650210926813,
154,1.0187426620516717,1.2116172662720033,1.1567547388803194,1.0954657411093125,1.0576489200536243,-0.01377811253422647,-0.0065445512415416175,1.045919979874173,1283.1857728898065,472.1814389214006,0.049184306079182144,-4507.710591711994,618.1944036930641,0.035115711801591634,-1376.1821002973995,829.2125958760502,,-892.0590919480808,1591.5827172753404,
155,1.0776496345037443,1.0145939710067835,0.8857324263536626,0.914487411832468,0.9041994295833492,0.009655695896577447,-0.003027279891649401,0.9863121871875548,28.290598479742282,494.4701699629074,0.04710741967977667,-7556.445591571909,651.3896692610382,0.015107184978311719,-1957.6043793996485,1008.590456560952,,-1106.173412141947,1961.7715363028976,
156,0.9520056022313728,1.044307514552721,1.2170369826900915,1.3402215944700606,0.9329808270550293,0.005825625400149751,-0.0012888578346978864,0.9397137683014494,1363.7316576211354,468.7749164232998,0.055524992462372545,-3437.187106266637,608.8404332426084,0.044830611395259984,-1295.7469133424627,874.0908151963886,,-834.5817927627073,1674.5746620573511,
157,1.0743265740057308,1.9459906913013585,0.9344782677227834,0.9839705393875083,0.8181447503492755,0.016333290558164792,0.001441085053983153,0.8116852164524304,-601.1552619029526,516.0852089754607,0.04842978861564783,-6934.402233221115,685.7578834466399,0.021467801029110674,-1727.3912953284598,851.4968062436751,,-1010.3459831238431,1713.6407816410238,
158,1.2119429987684718,1.5998784620825839,0.8967863426346359,1.2134006350844324,1.0180851685345444,-0.028872651743974086,-0.005492083466277569,1.0873001983345454,-1915.4214654117816,549.0177087903139,0.036271227502227256,-9017.602527882947,736.3853044692811,0.0076967194789376425,-2370.980571100685,2438.9177560611984,,-1304.6250833396302,3471.3198478794116,
159,0.9664463338480529,1.3975494552457306,1.0260733763094703,0.9522717327902783,1.0379926108034123,-0.02914035897290322,0.010323809497219899,0.9197307325870182,-1452.5638927613918,558.6421090214374,0.051373069298485737,-6083.1185955492565,721.9693984224592,0.028823658569610274,-1566.2407078641577,896.054871282425,,-943.2519353818761,1769.8194413861304,
160,1.3194082492675678,0.5643716270708943,0.984575005387174,1.225107195295697,0.8590529317187253,0.0011766908000684015,-0.006387968792994249,1.2718428923622473,-2471.9811011578668,562.5426098324509,0.033926424159505045,-9468.59512203752,746.3628768710842,0.011000556449077686,-2301.266418057696,1279.1103456219262,,-1288.3313178369733,2376.980364715271,
161,0.9292772443677718,1.0487995391190408,1.0993082006262092,0.8676565867889217,0.9209294929683183,-0.008360238693186833,-0.0023699401316995498,0.9908301692943895,1356.6249081616568,464.58523760535434,0.05458850368909348,-4344.215043552932,603.8052360856888,0.03630147421572562,-757.6761911580958,620.4887890457624,0.018099630548541315,-668.0594193596515,1075.183768909132,
162,1.1934868030846455,0.41477860948199025,1.0219908539575049,0.8310570475688278,0.9408407290267539,-0.003769857978544733,0.004615870701424989,0.900146359345731,-2210.180152329836,572.2026758071253,0.04392138199842867,-7939.490427863183,744.9879701606925,0.022400460632543723,-1387.9177256802507,692.3423911911888,,-937.2960597027234,1317.4425304556291,
163,1.0072635490662027,2.710133675912875,0.8915513635900101,1.048215754999728,1.015596470176616,-0.012702218986491043,0.010768949359805755,1.2232307787346528,-2703.553522084448,613.9943742906377,0.04375810738459792,-7455.679156946487,807.6640043864383,0.012367993638664853,-2067.9836551923327,1775.7419592688611,,-1163.2728015724388,2888.800394311084,
164,1.2373075591286342,1.1907874108959122,1.2353005287068672,1.07534390952806,0.9934822131580223,0.007157030259795243,-0.003274791031168866,1.0176016666433947,-1212.7774303458632,543.3453714427499,0.04183964116786609,-6044.147687361824,717.0603827492845,0.03308970071226228,-981.9328263081879,727.0653325496968,0.009865789892697487,-805.3494298720059,1291.482120538831,
165,0.9819810230191557,0.8224099945141485,0.8545313049720769,1.0890817954572312,1.0412073091920395,0.011255021555698037,0.009095790194219886,1.0678734668190235,-1321.3652622873583,545.4406487724098,0.051004886950006476,-7397.998706165759,705.6442033574267,0.014627407574318865,-2082.3216566237006,2436.6773838157615,,-1163.102915169736,3479.195111734353,
166,1.3870680335073322,1.920543073576095,1.1597977306718537,1.0079172480552574,0.9319628267349584,0.0016467590947625878,-0.0024463326323280257,1.2544185869185647,-3908.3682810653722,620.8431609616263,0.03238412112617892,-8695.840808272518,829.2642168221602,0.02047114764851051,-1295.0895078736125,716.659397109895,,-971.3854726685686,1300.4208350552078,
167,1.1060962669275314,1.452884907297634,1.0357710831619886,0.9922287636968942,1.0312859653917952,-0.0008210794814625944,-0.002013528781280402,1.1392277750091149,-788.0184493750785,525.2844066395768,0.0443159184108022,-6878.389544148677,687.8814304309623,0.023019309930613303,-1776.5915760963371,921.1525522584601,,-1056.482873494318,1819.4734653004614,
168,1.1927677798269913,0.9083017867292875,0.9197247243325589,0.9666010577316569,1.1449378754857042,0.002773997560514479,-0.0019840534785137837,1.1995885653546396,-1912.6485470866942,552.5373289446707,0.039326665146761905,-8852.387153719144,727.4592540797076,0.010700504960144545,-2262.4651565233876,1629.7674943290638,,-1261.1717618485043,2746.4617421435614,
169,1.1441236832045618,2.5391254445229627,1.1454885715905514,1.0530522539631564,0.8404511513310031,-0.007005716734087432,0.008153955540814033,0.94632723381918,-2976.341209837028,623.7578802694942,0.04256083797074825,-6691.060750587568,829.5692345183928,0.029398175168163992,-1061.4286412707804,692.608835258275,0.008186590408765654,-811.4084285715846,1238.4638811612047,
170,0.931835265849569,1.209607422558312,1.1577097640421556,0.8709646032856104,0.9564805988393539,-0.0025013290684139586,-0.002049126935749551,1.028467145670044,1338.412791326605,467.65023023937573,0.05476307032054493,-3896.219426863383,606.4252333462421,0.040217570609993286,-529.3503621973065,614.9986272450811,0.03563283721875695,-574.1399692286017,1021.3954725272873,-0.007378688025067589
171,1.0111328801194222,2.0695357744282186,0.9607901953099782,1.159486177409108,0.9062028172446819,-0.001323161865176059,-0.001140894744272659,1.3362181220440528,-779.7907642675196,524.3869979294351,0.04484267732758927,-6896.83936014337,686.0268291418527,0.017418854898478164,-2048.863789374444,1292.3920423580973,,-1150.8481548516177,2345.0144352293987,
172,0.9796227060568463,0.6334690301855512,0.8693161852863588,0.9597988033183925,0.8980231316779527,-0.03219409801548977,0.007065075250680449,1.0198325148732676,-1437.3962505062873,549.9349923599857,0.048419556384790674,-7378.543353075129,714.275928845388,0.013999075177389525,-1925.665367702419,1213.9393469919294,,-1084.3286950999586,2248.111830902725,
173,0.946323540534141,0.8814655572790085,1.0125169408162134,0.9460772509859676,1.2366120185918532,0.020859509758290318,0.0026611522078839028,1.1684290963537096,135.9373029993917,498.20048829358745,0.05341775670536478,-5638.082410391995,642.6155531515232,0.028602088726144607,-1854.4992725223458,1211.4156211044492,,-1058.6940195131328,2266.9895066768063,
174,0.8852104769994872,2.2040968322121315,1.1466843596053413,1.0966353267392819,0.8579818361055639,0.0009146025767711521,-0.001018035924234443,0.9780205443040764,1418.1461532947062,461.6014103456883,0.05655680147541325,-3628.615759083667,602.6094924645251,0.041487295186093634,-915.1108557309369,693.7543771369027,0.0036954974223907533,-712.8390851400516,1271.6690188472064,
175,1.0016297048664689,1.144012277162804,0.9286850211731656,1.1133382715430098,1.222752551924301,-0.003501220427192829,-2.701331237938559e-05,1.4084309336068719,-859.2875354085837,526.3944493119312,0.04538958544136347,-7314.995006976717,680.5438322732934,0.01418419941739809,-2228.7972526773483,2403.846560682654,,-1243.3309874290912,3528.4071832987415,
176,1.3021346666501254,1.4720726825375963,1.1080314296411513,1.0303094412487135,0.8493384949737457,0.015222221157780453,0.004295301809011425,0.9286801995326143,-3228.2582457191183,608.0617252139442,0.03991977041536785,-8143.963153823431,801.6271616503637,0.024747848329231707,-1328.4640899833123,714.6247920152722,,-937.7753123833836,1336.21597471305,
177,0.8770285706938978,1.0747631864864806,1.0026474166664625,1.0293798027384828,1.0595395448335445,-0.020205485140255323,-0.0010954912128019988,0.8584405198968599,1620.187999878327,451.312449505764,0.05786702450603541,-4624.021501268532,586.9310949522587,0.03260447193496393,-1669.5408439472487,1048.3133592492582,,-950.0391863844534,1982.0369727221514,
178,1.109097872245792,0.6481971455720339,0.8879468725760866,0.929512924259258,0.7484199214234645,-0.004891655056921622,0.010132974270004171,1.0156445103527574,-2786.3480071038434,602.4611215813834,0.04427132395200579,-8432.320781978418,784.539976117149,0.012918187315795335,-1803.670197530858,824.2258335414892,,-1067.086189586151,1710.8973139885056,
179,0.8892527499881093,1.5449025176527391,1.0330533364645245,0.8919552542570833,1.1048984177755643,-0.03701454884026999,0.003088570046827126,1.141446609507401,-350.32390698911877,515.22457662011,0.05101137948195342,-5306.083895579156,669.7125631056068,0.028372658459660065,-1528.5262536716234,862.2677168078451,,-932.4498954315609,1693.1177905750199,
180,0.9427536414899085,0.6759779863224842,1.1858076853228474,1.0426619602082088,0.9916550682418448,-0.007251084554548773,-0.0034259717022479177,1.1212387276105291,1285.3333121426633,471.7500103846511,0.05291766365867346,-3832.4540114893807,611.044071475538,0.040108404862983255,-937.5122580964719,716.587154366264,0.001703993161757117,-743.1697066917528,1305.4106020959273,
181,0.9855891233236611,1.3528991617279456,1.0851957889881427,1.1396714737207614,1.187466796516349,0.00516394953253272,-0.0060576172512904715,1.1560402061597275,1440.8042325288777,465.59291410331883,0.0506640064827572,-4906.703164349834,606.1560120663744,0.031498442217844466,-1877.5115930648735,1220.3029619830172,,-1063.7040018357395,2250.4118290176275,
182,0.9009784832446974,2.3591220489179263,1.0950920061944247,0.8646786186742768,0.833836554272648,-0.00040881359480472723,0.0035895130184942243,1.312794935052084,-344.1972864403894,517.3975999328762,0.05158211592841042,-4974.902945721192,668.5568166647172,0.032701205172550894,-673.1741557169587,591.4962545175911,0.028761225254844078,-644.8930406655998,980.3276743801852,
183,1.022634844042125,2.346733530464676,1.0307487862019604,1.0126738418829215,1.2601090932725763,-0.0006659210466328294,0.0028030907636496464,1.2127700487599802,-1256.2292755786389,545.2542471210097,0.04610806720429234,-6438.183045107186,713.0693616362577,0.02421276277241679,-1967.9913034533429,1364.6903511319504,,-1116.953062754197,2466.164961430975,
184,1.1387613242980796,0.5934597038518203,1.0587979415257558,0.9397407712783341,1.129488068617675,-0.0207142769507481,0.0007701877571628622,1.0052635199086257,-1636.7923431516476,554.3577820063297,0.04300077391747162,-7113.523841162265,728.1027746648156,0.023898123370976767,-1725.805825896034,925.6728893168734,,-1035.2327208473564,1818.8983491111119,
185,1.3701717033191676,0.8093528142021452,1.1047834105242975,1.2495936201967388,1.0739090773082398,0.005958683176273828,0.009527371749746105,1.1262322350081089,-5263.474070974265,693.5436185103028,0.03486802477588729,-9461.724259277269,907.5159316657742,0.01972788680687191,-2137.8386945526786,1322.1328786822746,,-1227.8712366327877,2508.3229952061424,
186,1.0613541230146726,0.7829506858656281,0.9926273702315543,0.9019204326532697,1.1277664118228483,0.026783284391264945,0.005354959659389464,1.053644702871066,-1207.8172853030471,541.3434809912595,0.04890120357804033,-6868.611776611809,703.5939723831397,0.024252710838436314,-1830.196468312955,1034.648601198129,,-1063.8114420352101,2016.9342524380074,
187,0.9446085977917489,0.6302652233723218,0.9692816947957348,1.23171632653046,0.8755347343126844,0.010874104346586463,0.0035378196825682304,0.8676928010748389,424.0406195642963,486.0405396487075,0.05592727916347117,-5637.775695574654,631.9948804028973,0.02879900011088905,-1849.2977664776479,1336.3371327813943,,-1030.1603784473318,2340.397422788705,
188,1.0487838123169153,2.7438091451569493,1.0859623621783843,1.0802174560368876,0.8303461975478474,-0.009673506880909268,0.009720606760478971,0.8492468674145436,-2221.7767240398293,594.6843528441507,0.04698844833949918,-6168.3127679493955,788.6070368871476,0.030187527087091968,-1292.5982361065944,742.6728540739022,,-864.8398402276569,1432.0771739527654,
189,0.9916142965317813,1.7069809575217956,1.1398600506001126,0.9991973332630744,1.069391969829564,-0.020530058393588676,0.004551266143360898,1.01431579419281,-1036.911991470576,542.773297687786,0.04887522342701666,-5300.054588911622,710.432893157202,0.03416719064304764,-1280.7217966332428,791.2871999885502,,-857.8939640496015,1504.7683701632295,
190,0.9401710779059859,1.31989601007876,1.051709315774618,1.2292917497180482,1.0612650373796544,-0.041891947863046175,-0.003766088463207652,1.2293310864604208,420.9650673832375,491.3470562279286,0.048396119662512914,-5447.180208352316,636.5958289328197,0.02668077133991877,-1921.5255472773158,1321.4643593576095,,-1078.7205552361393,2363.890603906057,
191,1.1483474404501168,1.9131083703802656,1.0093746896110325,1.0508783188292448,1.0841003644445815,0.013159170750641602,-0.007448557203041387,1.0734320118647667,54.789195694700126,497.66066434257067,0.04277829457758923,-6960.542707697586,663.737872601509,0.0208164221018165,-2029.2143802289734,1159.7705409740204,,-1144.2057236621836,2186.190351737842,
192,0.8594434762332052,2.4956718633088686,1.1842310084243415,0.8707530173753226,1.1021565876711468,0.0019909978245490137,-0.0004340350561295465,1.3354798353927158,863.4426728199321,481.834753529123,0.0543538755873155,-3649.4156076856907,620.8279521113602,0.040995151027853415,-767.8923355636188,677.9704463865904,0.015297106485923032,-681.7983918265863,1179.0412104295535,
193,0.8541217143691436,1.416827883399466,1.0230397448029493,1.1256985194845204,1.0070617540095743,-0.037946450293489836,0.0018752236679846507,1.0979764195003399,533.916071880581,485.4083307543205,0.055066279980793664,-4912.971973888035,624.7379278905512,0.030568343453299156,-1715.6521483956212,1096.4250624225476,,-980.544771132673,2072.135992383156,
194,1.0592176642799647,1.8751238532680514,1.0038732642098946,0.9801376105687156,1.0652341242273466,-0.039559080305786073,-0.0026019062637164117,0.9511794743178291,-661.0842403294444,520.4362615784285,0.04422414881531335,-6619.912227962276,691.3471674929733,0.02183396905348535,-1809.2080446361824,1006.5284154197117,,-1042.4483279738897,1946.5901308630825,
195,1.2188462608074946,0.9679944638505286,0.8400366996227959,0.9685028583121138,0.8664961947178162,0.006358933860108957,-0.002840457094063052,0.9689386377579188,-1519.4133450140923,535.8281899462345,0.040421671614131266,-9391.986508263652,712.5621663217554,0.006872463045423253,-2217.546458931601,1350.4048665116231,,-1227.815550417754,2385.8754126680865,
196,0.8068418182192632,1.8840804892523841,1.051114700274509,1.1790384463379269,1.0968737139309377,0.012149126889795091,-0.0033630558807573015,0.8937546487352042,2893.870029718374,415.55394531627314,0.06253788659821673,-3255.3273984277585,541.6236415228137,0.040645088505632435,-1674.9375833912381,1220.0556863478207,,-937.6738628345852,2182.2264918943606,
197,1.356176525454173,0.8457937906365302,1.0058512327224165,0.9242553206630727,0.9349888841083368,0.022662558793478484,0.005209875693046567,0.9988478919399637,-4069.988212759535,633.1281730076762,0.03702028301550954,-9602.626321665235,835.2369440637386,0.016118714035873963,-1823.1073738105129,819.8671819284384,,-1119.0595900466303,1656.3231525576996,
198,0.9773747673090915,1.999973167294056,0.8463693156120864,1.0091386344706614,1.1930066887492907,0.002097943997828977,-0.0016495094947756271,1.2338334169952048,-220.39759186877535,501.69688646193543,0.04717904406640425,-7307.532722656008,658.5044030097072,0.010386631794415142,-2212.8464527343353,2636.3660536145076,,-1227.5162082265153,3693.8330137559287,
199,1.1211292168531015,1.2724004312123862,0.9460515635593199,1.286535353655098,1.0435289123817113,-0.0040375442915844065,0.001342464647178689,1.0600898420596532,-1554.151675514443,547.7732291129241,0.043674785680961996,-7871.207164449614,718.3388859376757,0.016593030940919868,-2213.6096346546724,2356.4223342804703,,-1226.8637018225413,3427.8815993325143,
200,1.1642575328073108,0.42996589797207707,1.0973226216425986,1.0526475459824758,1.1313952073205864,0.00015625698749304612,0.013043901826410867,0.9951333502063595,-3297.5744587789995,627.1148715787796,0.044961099570475414,-7591.8349493545375,805.0211829461902,0.027716025988580445,-1772.5641654484457,1042.0109004354144,,-1054.6998591288875,2043.2462761014326,
201,1.2315482819038335,0.4088143852342174,0.8329349226726395,0.8767673541464618,1.0873357073065881,-0.006890686384955262,0.0002734368106855449,1.3542930303303398,-3119.754305952396,586.0011895872512,0.0354947256197763,-10606.504170884657,763.3379535847791,-0.0012912005742154778,-2398.217722826161,1875.4082363129153,,-1338.3507121735793,3030.261689008933,
202,1.2283357885471928,1.2364060189414914,1.1253128443454135,1.0009784086498765,0.9900839830594201,0.01986133756351029,0.008403481349784872,0.9924087477897293,-3205.434789879431,617.4829072460146,0.04261794468635496,-7580.525806736874,806.1986996276887,0.027806763950743833,-1428.8886499995338,779.0702937241057,,-957.4868868354728,1492.0417800733878,
203,1.256332279894204,1.66465639725391,0.93671219419012,0.8851992431547343,0.8909065178269249,-0.030719658288368926,0.011760225890149079,1.2061351944165462,-5217.712071909144,715.6464157016179,0.03343970730016522,-9734.175715650847,941.729622658813,0.007776857347712892,-1927.6758967523117,870.9081382135959,,-1153.3900393031186,1795.2336838136903,
204,1.0002335844993138,0.5500172481506562,1.0044580869174897,1.1814174136476006,0.963088099365101,0.015347138644771802,0.005576892123627851,1.0663423813880222,-784.362830720698,528.3423740230689,0.05119006643691799,-6269.160667775872,684.0459251749068,0.026749679339598816,-1892.1813910080223,1265.9031750007248,,-1070.4227146145943,2327.448298782383,
205,1.0731297775168729,1.3298982990343653,1.1335330006196593,0.9957127951990137,0.7969207354196426,-0.023081632159511176,-0.0022826669414250517,1.4185505415727122,-1264.1929528435546,544.7397003088911,0.0417291026313351,-6322.820187143941,706.7424728745241,0.026068630320939323,-846.057884694675,631.9159958852746,0.015818510456377898,-761.9474740372063,1079.0678016760087,
206,1.1051686526693656,1.1850230368882217,1.033723582729895,1.1506828555607884,1.1149565725363273,-0.029982058159343607,0.003190212541570911,0.9029866549475885,-1673.9598742355818,557.8995425386205,0.044746166957223193,-7026.865960594888,731.9816799337474,0.02408021523084722,-1959.6369321463808,1381.834940612411,,-1101.568150706942,2464.638214475516,
207,1.0605698479085486,1.4092919717716652,0.9836972212621513,1.0563700187577698,1.0685718716894892,-0.0073172303194462066,-0.0026845440345005835,1.0852586934103405,-230.9503920521596,506.7561481940017,0.04620856995067345,-6806.890216015901,663.8190151511864,0.021081517470844614,-1995.5271296438725,1260.624287024785,,-1120.7574133329058,2300.858851054369,
208,1.0413552118582894,1.1374629675880685,1.0924388659096305,0.9433087598046505,0.812311094635569,-0.01619540869034425,-0.003645047634650939,1.1477436070179472,21.43040050589419,504.0021997067622,0.04645570041024461,-5761.582203911763,658.0867236423795,0.028355066143642516,-866.8261369406764,620.4977312328355,0.012244842950329175,-745.9713100579654,1077.3235762846373,
209,0.8464478066454872,1.9332208855643938,0.9766898490960184,1.067993611977192,0.8707313732913147,-0.015624357605414967,-0.004238577793664215,1.1729853152012213,1610.527432562777,452.12018110021114,0.05455854141328446,-4855.748943660571,587.949484221193,0.026913045759240962,-1677.9710531721903,913.3658166968025,,-972.9646101025189,1785.6392722362687,
210,0.9649662817691675,2.228511853395066,0.9356371055915794,1.1644541976149254,0.7637357164556388,-0.01161851160305101,-0.001569047137422343,0.9490626343993486,385.943927145813,484.9588590575356,0.05044234310486207,-6109.005727237932,639.9443376917055,0.022095078700640394,-1844.0830221016215,1064.2884326842197,,-1034.866110144691,2025.642855271929,
211,0.9363811355646298,0.9228178631612047,0.9272514672106169,0.9591160307771986,0.86919231337453,-0.04105035019054476,-0.004464322994576925,1.0442351132181324,883.3368418415329,471.80799424877307,0.05010872822276314,-6142.391527512404,615.9545014031761,0.01968002706286358,-1735.2537982177053,879.3783136751224,,-1003.4556578121734,1734.2745303224135,
212,0.9379904143290925,1.0887201729529596,0.9747969530463283,0.9544386590302067,1.0535900290588502,0.003968591391529684,0.0023923729430031723,1.0380887393741374,263.6472331735279,492.13242844880006,0.05387198677976852,-5770.573553979221,637.4929811845659,0.026681616716546567,-1761.6588529893716,1029.1841102608012,,-1013.2021064393314,1989.160600122282,
213,1.2006781468374954,0.6022345150570911,0.8885911496094464,1.222740434506739,1.0767161097770204,0.009102891824908057,-0.000712868267626612,0.9761901931372243,-1668.2004056993187,544.8813135544951,0.04165244037493759,-8849.615148183366,721.2514090218099,0.0115102419276713,-2322.725147920035,2861.5402352122915,,-1284.1852379985291,3877.7833130629865,
214,1.03027342099711,0.7248233602242423,0.9243016113263097,0.9265013650426597,1.0460851464031506,0.003708445771602252,-0.0059339724792384415,0.9553346551392741,1181.387861811944,464.42898039713697,0.049560729548797054,-6557.815868541887,611.5700320751326,0.020051425815135214,-1947.006043663797,1135.7902002916214,,-1088.9999118571764,2115.267523073848,
215,0.9041497537668193,1.56997776006706,0.9914814679771401,1.069396260137648,0.9089898270117981,-0.0005397686634959833,0.0025846596169321247,1.1116957508304033,88.60531980531994,498.0166597958226,0.053096717272121445,-5449.420558910685,648.3456794643957,0.027428046046991353,-1694.5585688073184,956.4988069315241,,-986.0742012228384,1873.489947464011,
216,1.0500099349065821,0.36739595444949297,1.1234975270385619,0.815942245153358,0.9338555466793859,0.013646408981380358,0.0054834593312755725,1.2411853966982722,-1257.4772595409513,547.4753830378362,0.04879759709353414,-6066.88161974706,700.2406477135407,0.03187203364688371,-750.9039208039829,612.7858654792469,0.028110288903925258,-689.830912308041,1010.9991388411405,
217,1.1421836905165,1.7197518566121381,1.1320985691305676,0.8228399172758911,0.9828476821921516,-0.03662817011845168,-0.00039438737313803214,0.8531923037420249,-1526.6109969128795,554.0026261209404,0.04260112988724642,-6382.093999470617,738.4972557810862,0.028592005852712182,-760.489887478476,625.8784893210042,0.02542660895912456,-688.7943387089473,1053.9564493388045,
218,1.1470479779142098,1.7542371527142286,0.9951222491072637,1.1013830151087871,0.9161901890658531,0.016615218568232747,0.001919213793490318,1.0158142646205794,-1735.3173384964903,556.5621516835728,0.043553911752401045,-7472.802271892016,737.2162679679903,0.020774130821856272,-1922.9583420136432,1045.163313391919,,-1103.8197581875622,2041.654118647788,
219,1.245307121689472,2.6043336470559346,1.060032929715042,1.3022199398311842,0.9587062316072934,-0.04110294399679313,-0.001434591575406468,1.0639080157996346,-3165.3041287471974,606.2550282131327,0.03471022512322384,-8153.799432216067,817.700678097867,0.01753033151601191,-2108.1183148806426,1324.0190132217451,,-1185.9067530097761,2423.2565798487276,
220,1.0283464044668515,1.6057023825476189,1.1076794670539545,0.8553786792990732,0.9999239405532617,-0.027167257182122578,0.0046506263521295145,1.1130051668905867,-1698.5995993466042,566.476361952205,0.04545621377000447,-6067.725786561835,741.6856219034333,0.02887235077224213,-1035.7119421775153,672.5978494248682,0.001464048826576851,-796.1804996832319,1205.1478195785817,
221,1.1134979312426945,2.0121046853407796,1.0550707425506969,1.0051992936360432,1.165993885662952,-0.0065826289351760894,0.001382374335323502,0.875142485835178,-1283.884331145095,543.9322664685865,0.045181627041942715,-6611.170351994032,722.1348565225079,0.026373073749106107,-1806.2856361743131,1068.653360405153,,-1045.1092725328238,2054.9433898565458,
222,0.9535927173767904,1.7971094487705637,1.0111855124350249,1.2623333660653844,1.0786431026054566,0.004195814630297091,0.004964629602414755,0.9444166759337174,-406.83849410263286,515.314383634721,0.05263913587230227,-5625.804042436501,674.4656898710113,0.029372287601316074,-1923.8541478425336,1718.2594424608453,,-1071.4536995928531,2769.432087041379,
223,0.952189202102251,1.732387167025405,1.0448815055764666,1.1206481645832875,1.083192458035585,-0.037883590927222606,0.007565423705135657,0.9269628924385956,-1259.366882530879,551.3575288326288,0.05000968824107857,-5739.905077406518,720.9183994273452,0.029355009551258016,-1744.8262099234403,1175.5857468315326,,-997.8018590732729,2203.4831382008592,
224,0.9592038984774109,1.8685698061638834,0.8641208316564867,1.3733224274956288,0.7770880080603638,-0.02265730959997613,0.0010431666630251399,1.4394451190952553,-1241.722370295137,539.1455094854033,0.04394567351402947,-7504.344676496336,702.1249783102044,0.007443668845009393,-2230.1359996141628,2656.2172170080444,,-1238.9603203788151,3578.2101477633273,
225,0.9758047789669404,0.7512955593433607,0.8741073002079756,1.128094510964598,1.0749877941834725,-0.017389327111501075,-0.0012104180747329225,1.1382380844633433,-67.37369261624825,498.4502319659317,0.0484297747729761,-7135.902847026355,649.5000299284122,0.013624205763255064,-2156.7730237362894,2423.3026473859004,,-1192.745617086245,3428.0865727758196,
226,1.1549582687876863,0.8838131920992826,1.0133356676153693,1.1650515186238841,1.1582461100839878,-0.035990851906273075,-0.002219126238706879,1.160206903683153,-1880.271571440654,557.2518587160938,0.039156854286663545,-7868.360624683681,732.676941884531,0.017114676937112928,-2178.923981381525,1662.0087572725029,,-1214.5326914436846,2763.4600231007835,
227,1.1860709668610965,1.4928260456223887,1.1422762169560297,1.2579040886536625,0.8868545851202783,-0.014807970748953132,-0.0005896037330169399,0.9105601453335154,-1473.8173349724234,549.8701146514542,0.04289537336405001,-6603.825545893737,725.832475652879,0.029101205579371674,-1594.9188786883526,885.7185897167419,,-984.9549482337195,1735.5056624605563,
228,1.4060760202358558,0.2241639352452498,0.9725882915448223,1.012813245410715,0.9926311466661792,0.010297906532134998,0.014482706336733727,1.0773920845696505,-6089.453257581819,726.2256539823757,0.03423469399873482,-11055.949505824648,938.9458351143167,0.011120893861609313,-2176.335372686691,1198.977414438435,,-1254.43827461615,2364.675745245588,
229,1.241407375077158,0.3909004941011609,1.0075295531943367,1.1383105084295382,0.8784227243230658,0.0038852940344099238,0.0014772321520231824,1.208501891400861,-2739.412988443348,582.5614699701397,0.03899194663338496,-8837.70224425732,757.4725893010605,0.01630019033725253,-2034.675022891446,1041.046915522824,,-1175.9928525032478,2059.356706657598,
230,1.0214688744094589,0.9341496835818623,1.1153715994737747,0.9035663602076832,0.9961405695801574,-0.030457672790577518,0.003125378637285318,1.0750541081116927,-1107.0896796512054,542.8209467917482,0.047273820403400946,-5824.074955887271,705.1562513123783,0.030695570931250023,-1079.3571239291687,692.9670394780234,-0.004293969633354936,-807.4277734901376,1262.9379635164205,
231,0.9746699987095938,1.7359070046260994,0.960264294444532,1.0187084318477266,1.0423493658185043,0.008960750837329636,-0.000233210351367032,1.1914436088439742,-151.5689755461929,504.2210023827415,0.04896451472850726,-6297.275857188063,659.8158046229754,0.021535583582396732,-1943.8227802105118,1216.0291876917622,,-1097.0512378369458,2254.8747652685574,
232,0.8418523355407013,1.5227680001038681,0.9997562635380122,1.2138878725622082,1.0305144072724552,0.007919369609649344,-0.005393074854632171,1.0025263940786378,2676.03625076694,423.96181238855473,0.058670369845517295,-4093.5504031805604,553.5143874067026,0.033078706555862675,-1846.1294285381807,1425.355244404825,,-1019.2969330977712,2383.6092577424683,
233,0.8270584283701824,0.5793706491666905,0.9851649070432118,1.2165599274720034,1.1191054899036719,-0.005137196594215028,0.00899765974673113,0.9620990914486123,282.7856827449831,491.35836571563067,0.06090033597872405,-4866.759115854848,629.4979511506963,0.033233537167320526,-1831.7242559056267,1844.0299077579132,,-1022.9483506888635,2892.984864244704,
234,1.1658246166231727,1.1170760127346633,0.8496432130397128,0.8734317407242888,1.1742501265963472,-0.0150543637458736,-0.001355829877338217,1.0354141462846362,-1730.196062320322,545.9033449046649,0.040482895527284624,-9065.360751363336,721.9613413690624,0.006936089376900034,-2259.142544948295,1938.5487352087432,,-1251.857665873155,3051.882738293218,
235,0.9458696629224143,0.535429394559785,1.1129210029698198,1.047017259043265,1.032313295865948,0.0024946239021023248,-0.006267776200930211,1.3751518000770324,1360.2972447536056,470.14413941579625,0.050266863185365676,-4632.092084342485,606.5011571680739,0.03221939583200884,-1478.633733692351,824.6244600371066,,-944.1073032774292,1604.1093905737398,
236,1.0340780683210482,1.4033170761269853,1.0253364832509184,0.9627699416138298,1.0233518101922545,-0.016913720524162887,-0.004032546726176983,0.9997275755041659,419.60411251457055,489.2068387021781,0.04795091875766025,-6014.26653451983,641.8198546880701,0.02575023949523545,-1649.6011065125278,869.3298772830784,,-987.3568644338086,1709.735733253954,
237,1.2510739146995216,0.6157370421783125,1.0683801969913098,1.130991468459856,1.0007556143681555,0.007772012095981971,-0.005798371437180287,1.290471029012135,-1677.8625943728402,546.7292553158611,0.037460353854256404,-7990.941774945651,721.0066548649471,0.019097123486527798,-2013.6326222299103,1023.1341530601455,,-1174.415735088819,2005.1362172628667,
238,1.0532482250679014,0.8538799055288452,0.9761866069068773,1.037356228868846,0.9815136037919392,-0.027384797674123103,0.002875525174290995,1.1577725911787824,-1636.201041850337,555.4613950631623,0.0441946569305693,-7325.115384206139,722.9984205952981,0.018406379487344447,-1921.3985110631559,1094.0687873687334,,-1099.6193713749858,2114.0641486142795,
239,0.9483260635459063,1.09445652425794,1.0927919074263117,0.9942887366346036,1.0481224160544071,0.020233205297428784,0.013845572369588804,1.023312239991754,-1329.1712646364253,557.1166592582985,0.055292260742406625,-5422.340031558168,713.4615960511004,0.03646893595984548,-1419.333048063317,844.9289030905808,,-897.4079504919179,1652.665595064792,
240,0.7799369941653305,0.5678749440012563,0.9516942541712539,1.0145067750165677,1.0386673490864937,6.204012180224122e-05,0.0034733392440537605,0.8978368599373451,1804.71092090503,439.5248296227013,0.06509130716704786,-4266.1387295084905,564.7194380072855,0.03425447966290005,-1681.577711797232,1181.4868676940232,,-945.2810039182361,2144.6894546476547,
241,1.0377572592859003,1.373531228737418,0.9589121696997713,1.2813467017562437,1.1896283978193607,-0.019135525943507866,-0.0017666281311529766,1.0694653537060668,-358.9993264845268,509.99424264965893,0.04644715036266322,-6906.198186418371,667.4820596153321,0.019430475057183486,-2182.60731840496,2653.106641480095,,-1207.5229046962236,3696.9584534821206,
242,1.1752757010684358,1.2607463569095956,1.0759896531448625,1.1745737505262588,0.9690135942294645,-0.010297110410026657,-0.0021417516462122095,1.3177207444542662,-1990.4417733842688,561.9629747354279,0.0389565877563862,-7585.5455838492735,735.4801362605622,0.02056643733815001,-1942.1145866769064,1026.4953997989444,,-1136.4212300536526,2013.430680047551,
243,1.080660169204279,1.8157059422933128,1.1010459080525234,1.132177345483389,0.8059087767296067,-0.047648733249746944,-0.0006234810611286373,1.315599847217745,-2042.0787123973523,572.1604967580081,0.039367685906793334,-6787.2361969099475,751.6292999843453,0.022549200541946975,-1408.4900535371924,748.1050693087049,,-948.376304234869,1453.744491016904,
244,0.9930226951642176,1.146670927542117,1.0985752619838953,1.1297683670945138,1.1514054145924306,0.006691249558681056,0.0019678239478798046,1.0032584452090911,27.743765133288644,503.58719037722074,0.05211301594601049,-5199.065036707924,654.2937335573374,0.034187193496763066,-1738.0499857526281,1114.586531637611,,-1004.6622398759912,2116.708822189696,
245,1.090089226037644,1.3062157639732994,0.9258851994938594,0.8981204668811702,1.1769612560152876,-0.003118866572528009,0.000841053055504833,0.8300582238510712,-674.5843942524243,518.0834253361272,0.04749844132983645,-7342.803505516679,682.9126649159795,0.01933279473100924,-2002.5767728782068,1396.6196039993436,,-1117.2474268990659,2438.916325373996,
246,1.0331740508968217,0.49298948635075124,1.0453801636156839,0.9827661233605679,1.137730234670529,0.01007338428148331,0.003769593581909302,1.1526022628098391,-731.1001073484207,526.9735414076437,0.04988959952374745,-6348.054517787114,676.5581225549472,0.027728647146050518,-1785.4318572037173,1030.7322103507424,,-1046.8778194403762,2001.368240504639,
247,0.8638009523734583,1.0338642998728491,0.9656562378802998,1.2717454916710815,0.7929554741997293,0.021279086608178756,0.0032320717842957234,1.11764185613753,921.95389189359,471.77326448093845,0.058771430852817476,-5159.488385143951,605.9856812803721,0.029276494364311303,-1835.8039741737916,1260.720485687364,,-1028.2400941978,2270.511938188993,
248,1.131138594022183,0.1407641380066256,0.8944908625104385,1.183312173282431,0.9702694761466675,0.00720604790894307,-0.0007815355145914856,1.1041693932216805,-986.339418967332,525.2833547682028,0.04448976673195949,-8426.254454954013,683.9575075541508,0.012516421016901045,-2248.7758275479546,2110.0420394758844,,-1243.433266198877,3187.2866085896676,
249,1.0062060046597576,0.9813098926221322,1.0268628919953744,1.0729951353975478,0.8620737353628378,-0.011330865465534724,-0.008749031099011508,1.1722665836305612,1474.5947840959855,463.5776546421459,0.04786259132259527,-5639.569930146392,606.0365970877974,0.02501533726905591,-1623.41176478309,814.0208616722911,,-987.1894579916686,1608.6019861592015,
250,1.0198335685427884,0.7969153852009915,1.0460311065028676,0.9865132944971906,1.0116627262988063,0.014374067944580127,0.009792623333558001,1.1876472969190024,-1834.2965198545078,571.1657338832049,0.049044597218185645,-6515.991217171146,734.9726034229171,0.027408511101831574,-1633.23798074856,885.4103294877118,,-997.2758117844216,1764.4588239526906,
251,1.0553442931948376,1.1286757091720647,0.9184893387365878,0.8465713878929888,0.9263168752793037,0.007408465728085116,0.006408980635846634,1.3401533349745542,-2150.2964205191065,574.3885984900866,0.04430903771928091,-7963.938730143817,742.2939347835434,0.013216018400356216,-1845.7580873403795,868.0983164176763,,-1096.22560884256,1772.529601694,
252,1.037081891618281,1.1295659998905123,1.1281478577840958,0.7932458732739007,0.9879394965413262,0.009875302469598723,-0.004809830752628058,1.0191841637840577,1088.3985935582652,475.5313396818281,0.05011812216618043,-4849.268458846101,622.6535426010641,0.03433094152009848,-615.2183103308884,605.186824990206,0.029395581900914156,-629.237593250831,1006.7148933529196,
253,1.0157366238410197,0.44320988885528545,1.202267983473677,0.8874270286289802,1.107937823818482,-0.018644512388019514,-0.003154400614922519,0.9818686725120024,964.5918103142251,482.49824775049086,0.05137857689217369,-4187.844467679008,624.5810174506959,0.0397853663016571,-738.0777170202051,679.9659068344404,0.021195646711076953,-669.863172419289,1173.218682685034,
254,1.19689032047661,0.9539550322292343,0.9220905745914181,0.9369015708107182,1.013074873399666,-0.02639457654399603,0.000405381836158375,1.2208558934003695,-2874.8416224408957,587.6811162027074,0.036751944153201516,-9190.231080813277,772.4390163714411,0.008591299312708335,-2146.444444733794,1187.585356372244,,-1215.6639145353142,2274.213669211524,
255,1.2846490020561856,2.7617856460617074,0.9905332511235275,0.9232929710015096,1.1096949638989146,0.005466930759051504,0.00011783991633192853,1.1771833982763473,-3476.0159619318565,613.1660534950081,0.03478787311076131,-8942.261971828,824.6235726039367,0.013249908027565226,-2094.5286376606523,1080.3563906671668,,-1208.0276098129557,2119.443319333577,
256,0.9941035299117429,0.5915804622672034,1.0362951989889662,1.3239839458818108,1.0574893618360257,-0.006040859552484679,-0.005596881996357872,1.471975614332009,237.7180290484867,497.2359768935614,0.04554837599633334,-6132.675156780502,642.6582779901009,0.02239130338898559,-2157.7063327163282,1700.3539956197872,,-1200.477022669902,2765.622403423753,
257,0.8700019275046206,2.164999520118038,0.9887775221672424,1.036539794486644,0.8957830365127928,-0.012520351192872446,0.007492751544463247,1.114803865155554,-525.81501749099,521.7918403081325,0.05411317773773936,-5431.44400022441,675.4465943705395,0.027882061488395244,-1608.3830474761824,904.2390152254825,,-952.2664195533266,1794.456268804272,
258,1.1263417422814177,2.181461806546465,1.119144352974309,1.0244522763203738,1.051879201722373,-0.00872010333658689,0.009913437458816026,1.396872599017631,-3679.427499439118,650.9618590194433,0.03955993760811046,-7390.66866909018,846.6639371385455,0.02379664575019088,-1624.039738182542,867.606860939753,,-1031.1151180376132,1708.3998712945931,
259,0.9350926150631031,2.565301550990841,1.1915370597601191,1.0773673008457605,0.9785832694140046,-0.016086769050308966,0.0011088746473587128,0.9963451075813432,-10.540759914120489,507.0914278721447,0.05105265390783874,-4178.019102725333,669.2883295680357,0.03950871071764724,-954.0646866179018,730.0136036526221,0.003193041444387003,-734.1175753786008,1337.4398055110423,
260,1.3516741079311694,2.4799686970296353,0.9985595362846424,1.2093630178122867,0.8468865275351669,-0.00601647656876924,-0.0008708638447472872,1.2260097361543545,-4071.368339553016,625.1022538297492,0.032040020769822715,-9767.323914525707,834.9905316536966,0.01100574586554476,-2227.2586954671633,1175.1405244102127,,-1264.4725942101632,2263.919557715478,
261,0.9623125338521121,1.6522252068880288,1.1108268256848843,1.1479741071912932,0.9709727957505778,-0.02288958595915718,0.002345601185602555,1.131362912651234,-657.2712039936329,527.7125720125217,0.04876188942182028,-5282.555106499852,688.9820371812789,0.03188071321339382,-1522.9376581208467,888.4138925697408,,-936.8475831844476,1741.1080521789213,
262,0.813797519646384,1.245890766327708,0.9867256087876803,1.0038856698152525,0.9452600930030638,-0.013066105368522651,0.0038686113137088134,0.9090332735431981,1253.46163811539,458.671919753057,0.06176083916286418,-4447.159878837189,590.4488437783853,0.03429107176737264,-1522.0165213038065,898.680564945233,,-893.8703229833891,1751.4736151202485,
263,1.1330239318281243,1.3426799616425789,0.8956495191328366,0.9112855749781735,0.8209073649220702,0.02799601732642798,0.00487169822715172,1.053187548652665,-1915.379776838884,560.4524275403485,0.044987978139932806,-8339.856392264699,733.1707696545368,0.014055997965791142,-1880.8850299063608,872.4989920666178,,-1099.018563606355,1784.7102072535822,
264,1.189053054120039,0.5409011130998971,0.9531322028386668,0.920108407578483,0.8839956367622434,-0.0027461574681020007,0.009219095912003393,0.9668709134332583,-3295.5843932277194,620.1487224724982,0.041829211256520095,-8634.426912467281,810.7625468330282,0.016263538070064205,-1791.2439795289365,847.568489199548,,-1072.6259302130238,1726.8851211797742,
265,0.8510458056006843,1.9002748724163707,1.1686174835941634,0.976586008329337,0.967179631396847,-0.011718335178783297,-0.00047718713852542595,1.2357398021706896,948.797798896531,477.69666864949914,0.054831386306024466,-3653.8250116804043,617.269896904192,0.040613855433828616,-783.791609131131,673.5932120444909,0.014163363180226984,-679.8935524182426,1185.1576238014352,
266,0.9845176149976,0.471699363926647,0.9675312846435207,0.9883680605410563,1.0015386726570186,-0.009316340195141104,0.0005730653403715879,1.0007634397651857,317.3269875774628,491.00815665961267,0.0522581001265897,-6249.846303813522,634.0138645816022,0.024462521252293187,-1807.0708932485695,1030.5629925964838,,-1033.6936286826738,1987.0846498117821,
267,1.3407164097978967,2.1497049135410213,1.039976225812304,1.171045170604228,1.071073427220552,-0.0009094061389239086,0.001229742588576931,1.1206968273870892,-3980.391815717273,629.2271128367413,0.03414264526896107,-9228.072193673417,839.5977790724005,0.01564784522064546,-2216.0525370183923,1381.8696869884761,,-1252.0832313669482,2530.780113142483,
268,0.9719174460678247,1.5016025795320131,0.8816944093161916,1.3148044017625617,1.0886067731891167,-0.0016854168742917175,-0.005060227895061903,0.9300886051886583,1171.947101920461,460.14953981780667,0.05071850356222068,-6375.370799919161,610.0207154899773,0.018293697497426476,-2160.5909627901983,3131.958073371624,,-1186.8970628562988,4125.891345056012,
269,1.1004913320867098,1.712829945687422,1.2143677192240363,1.140019491000233,1.0952134288143534,-0.01830544203701353,-0.004142772550540696,0.9356936981808981,-134.01689154599217,512.1712156650618,0.04527517731191241,-4992.629119373135,680.4084188680728,0.03533465745577692,-1310.9255827694428,839.6618442379048,,-875.5823796042611,1592.261718192274,
270,1.068332945260678,2.3199297932971965,1.0208805560196932,0.9504783086772712,1.161127881025449,0.011616830656558604,0.00761970765556614,1.256641807286668,-2380.949551524605,590.9174813055025,0.044362078828301156,-7124.6446261092005,770.7140176266794,0.021999738025734857,-1894.3354968152541,1107.7120559133873,,-1102.6250935046476,2153.393392141942,
271,1.0043473365806521,1.0202998324910073,0.9574681478857869,1.2258478311235579,1.2275324109343946,0.02337548683245769,0.011400920169624478,1.0787567172887378,-1675.5697094283234,563.6370645963952,0.05117512957382787,-6872.6049959161055,726.2329383080884,0.02324845396439104,-2077.378382620922,2721.096840932858,,-1166.4859603061711,3811.384139415699,
272,1.1458745398645682,1.1204816932284603,0.942013885688395,1.3593403990654291,0.9116152319883009,0.008285925262220054,-0.001799231495745483,0.9674158138608566,-823.5426606124175,521.5732221937783,0.0444145507966205,-7775.174509877437,688.4399057323263,0.01747975962742943,-2216.8235478215165,2176.873022872626,,-1220.0405295962437,3213.8129479892527,
273,1.077824265741298,2.028866653590035,1.2031193242495597,1.0495576144428267,0.9719899581993281,-0.038948853683034794,0.0010117610073101004,1.0994696482533115,-1617.867251128607,563.3225487592161,0.043118872732290384,-5699.918683959636,741.2211839885097,0.03237384137550259,-965.1080701551832,715.4056405777002,0.008331833888441914,-775.1879429194202,1279.6321790816032,
274,0.9558378793580056,0.7289358669713976,0.8602467470961366,1.1039046232139935,1.1360997208619898,0.019313368604378416,0.007239212564515128,1.1828826560515255,-898.1360133081175,529.171742422729,0.05177218051926711,-7168.580362441585,682.5266017105041,0.014791670668815747,-2121.631030337516,2821.3958134083273,,-1186.9938969012646,3874.7548451255793,
275,0.8957700416870806,1.3858143218066121,1.0877013414922234,0.950074939336961,1.198044974506383,-0.03130030080421113,-8.459105935207031e-05,1.0411284453811416,756.7961997042686,480.69360700133,0.05409265831996661,-4546.302170234139,621.8403770623905,0.034779505911132144,-1514.4520954708846,925.7692225386662,,-915.6414470477445,1781.2605137944972,
276,1.041915515451132,1.3263834417470646,0.940398747583932,1.192028176573299,0.8959678490309331,-0.021446029424234587,0.010942645856217669,0.9590913579197742,-2303.2862025204013,589.1439433592649,0.047177073604995755,-7446.472386993577,764.3372399691689,0.01924824593641528,-1976.506655364915,1537.507542959405,,-1108.5362358853004,2615.224921313003,
277,0.9234079823058952,2.4491707280803303,1.181587049102969,0.8024414568931942,1.1683704000048045,-0.002165777240552051,0.0004628341742777282,1.276279984178123,122.43796149099434,504.49994191379494,0.0511194973370193,-4295.601605788145,654.0358240680586,0.038102641750932975,-803.4812010892492,679.8264262911192,0.01498169138286666,-700.6667748803952,1176.544341646839,
278,0.9986791778403568,1.6397691793470222,0.9507727296826922,1.1671811424512204,0.9501644176713875,0.013391036819058236,-0.0008873964691281655,0.874056514383672,443.0938990041441,483.52568012606935,0.05136044794638074,-6067.7645172271195,639.6542138391301,0.02454782661321964,-1949.2239967898893,1436.848099438235,,-1078.4979738973452,2433.961800688856,
279,0.8625173983933235,1.6358165761978425,1.0660281194946821,0.9569228225648022,0.8248805087456267,-0.009130690959377526,0.0022628048103526324,1.1543525471098954,424.9027630634201,489.6240891783313,0.054762317582373314,-4590.586600975405,634.4142155570414,0.03388329526123871,-975.8343287377585,646.5144282750354,-0.0020111351756585253,-750.5037134137966,1176.1902754582532,
280,1.0317596351076062,1.6868291618653835,1.0576448156159504,0.9351573953375534,0.9067831206355437,0.006592013878943814,0.006862861688717928,0.9743436819208395,-1454.3560900409723,555.8124751640428,0.048803759674280876,-6149.25598542808,728.4920867842762,0.02923484711432476,-1264.2373693306786,707.4972791050185,,-865.6677674383648,1345.1567346707968,
281,0.8241579362040791,0.7570841256563714,1.0797706110112884,1.043137079227582,1.1419269620214019,0.006184891509192443,0.006686710605609535,1.0481746892699988,734.9261717425251,479.2670952798272,0.06140573687000745,-4058.610752757094,612.6309970832713,0.04050420293524487,-1538.0329848291801,1005.6110622638906,,-909.73965163452,1928.5004965000899,
282,1.1546007512665308,1.0377036457998803,1.0249079584788858,0.9825163756303644,0.9427787255455728,-0.002259883400640761,0.012406086375438795,1.321888803869226,-3964.368786583379,657.3475513352691,0.040009351952431715,-8362.587471258315,847.8021804936565,0.018034499905615384,-1766.8946929112487,874.5354998538942,,-1082.6527532157286,1766.7431493604008,
283,0.8375823898660325,0.8713072047367788,0.9476449353431645,1.1163181160662707,1.0554347769068508,0.01195487253452297,0.001724496792697856,1.2288407772211718,1087.228535738099,467.0791696385634,0.05831600498824815,-5206.109751619638,598.0500658956885,0.026610960940095952,-1927.4398181665895,1575.3365063272836,,-1075.468547086314,2601.918983455474,
284,1.0457129001118541,0.9394415492489612,1.0052438657949938,1.219208724581733,0.7543752931658205,0.007007142246970011,9.469572715515434e-06,1.1660133752326538,-554.1293633221696,518.4965116168277,0.047227472163408855,-6638.570975883987,674.989897433112,0.023136166267371257,-1823.3598567555634,954.3156714462381,,-1058.7824294461357,1891.7799080588368,
285,0.8676723138027732,2.1396594814408525,1.1736780061489305,1.2412180721786858,0.9378044804873314,0.0029680600896533176,-0.003597362430918535,0.8644624489045518,2457.6886247831335,433.54850361486876,0.05899330777885811,-2833.1262915525217,567.8932920632814,0.04568294359481743,-1198.3337817004128,823.7552082201369,,-781.6562895337531,1572.2643791496344,
286,1.1109296903580472,0.7409469280560591,0.9042395892288845,0.9324280931019515,1.0547637617658983,-0.03209761767340355,0.001786276311997896,1.1844701824521517,-2235.479047387914,570.6369931453291,0.04033686864342783,-8501.823208356267,746.7783535042025,0.009915594691122739,-2118.8580881872876,1360.7245860082535,,-1190.5057890540172,2435.7902457868663,
287,1.0239740629669658,1.294831490446913,1.1025943543326995,1.1871052678130276,0.9638359021973015,0.00046189132024309146,0.0039470269385095316,1.179053533401365,-1071.2795106362723,540.9899516898973,0.048240209110802665,-5913.117999698726,699.9943893717632,0.03050224206283726,-1674.8925239515895,962.6128593944065,,-1003.0315169217577,1894.289160713796,
288,0.9251267838300772,0.6431470636830955,1.057276918139761,1.149812601616931,0.8927111566341182,-0.033163391303567616,0.008653618978929991,1.1250581541325424,-1205.4304075816158,549.8754769983268,0.051145043686004185,-5695.023403734621,706.3486613319407,0.02984715579357929,-1584.2552316565698,915.731246538954,,-951.7760814229752,1819.3993054390207,
289,0.9682697883585395,1.070046027626065,0.9296898093927377,1.1581188406162037,0.7144816395906561,-0.0053837672275991455,0.006280685859670227,1.0799122046343343,-937.1107926859088,532.4171744048363,0.050755550414528054,-6720.440265090147,688.8433983264958,0.02047305220181934,-1829.068173242032,1013.8395245078488,,-1044.3665170031081,1993.5585314005868,
290,1.0400213121755637,0.6966545359699476,0.8595734685942821,1.0467045037732978,0.8471332369659224,-0.0030427976180952276,0.0003621054819908671,1.2180558224216413,-972.1969862357699,526.4671772474115,0.045256531643225524,-7992.9502447160985,686.4775998355369,0.009659806076232347,-2121.3876232960497,1418.5489093043775,,-1181.1184087261918,2451.9872111895675,
291,1.139598145892591,0.25430286576820765,1.0744569553188688,0.914599319850897,1.1394681065147156,-0.005867946812670326,0.00017490939176410293,1.0565812573222924,-1146.1841659263387,537.7257450201312,0.04482003228825265,-6925.557640799406,698.6636853596027,0.025913162636374693,-1653.028043442293,873.035671361129,,-1016.6055474203017,1712.772974681461,
292,1.3232503526592465,1.9545172571476688,0.9668969606105328,1.087588032165307,0.9399174015255918,0.00033337426812237586,0.0037241676468747,1.2015598956780726,-4420.171144304497,649.2249896204885,0.03346556167543372,-9811.672950876948,862.8271806584869,0.010192983349979194,-2215.3502986758467,1237.1709660393713,,-1258.4003300785866,2366.2618194266297,
293,0.988243440492196,2.1193190492768266,1.0498419652478324,0.9410491013168187,1.0092973299697654,-0.010614532254199366,0.005257869814654533,1.2842540273164125,-1561.024327540713,560.3460170395932,0.046383375924664814,-6244.720867288933,728.5518510468964,0.0253345686068026,-1535.8783782131216,810.8223844156288,,-968.3775473328227,1601.6690920228111,
294,1.0104030870398037,0.9784291104794532,1.088690329505771,0.8362944116560648,0.954349887382642,-0.010820664187095944,0.005124208797255539,0.8474179880812054,-657.1901705311653,526.0519205090285,0.051553869626830395,-5555.181316756555,685.3523975757012,0.03353450692268485,-907.921999504374,639.8166078369685,0.013719954147250442,-724.4179411984809,1118.084162661532,
295,1.1183401513479376,1.8318963157197912,1.094768294422333,1.0335233402822703,0.765896955532952,-0.004605237471004726,0.00249319176432837,1.0401298505612606,-1794.4188843490558,564.2281822578718,0.04370224830789274,-6640.575364173618,744.9039877028797,0.026964955286856003,-1076.6873581600248,660.1073915167694,0.0019564204574885084,-825.5256171042031,1188.7282898187127,
296,1.2326748490744894,0.664897901606024,1.014360010662833,1.1559796517194412,1.047362674194212,0.0013336567267202212,0.0011573374076154948,0.9844069494012317,-2353.7089702537755,573.2986539042349,0.040516878335385975,-8247.397032851244,756.5080530241572,0.01928949543890551,-2106.852358869697,1373.8720775298332,,-1183.4838851530692,2478.6167446354493,
297,1.1619536758080726,1.1762912198860629,0.9550544961256248,1.0277468602347068,0.7281086577488899,-0.015503214903542402,0.0074010996918591095,0.9582235054341657,-2901.231549673046,603.4567212241755,0.04218914584731616,-8359.40368315562,790.0154266764779,0.016614479175066615,-1713.1949885608433,788.902190712405,,-1039.566767806699,1615.569423310003,
298,0.9579073045147679,2.1516335677782084,1.064821314466231,1.019816915142689,0.9804281226265236,0.004544626930803881,0.003365151689265754,1.1747876349068207,-557.0335408974196,522.70297204666,0.050265938570311,-5505.318191097779,680.674382934574,0.030113269337539654,-1510.922401485962,834.6530040766381,,-941.3139489533397,1641.362282961042,
299,0.9094966412763404,0.5053208525781879,0.9168820962191865,1.284928804925495,1.0174908160711034,-0.025171664443958373,0.0009156129204825666,1.0960849553661847,227.96428838087752,491.26805017294953,0.05222292230156576,-6181.52700526247,636.347567941303,0.02017774682305683,-2060.5793287487786,2428.6884135016203,,-1140.0910285742764,3413.5110326418767,
